venture_id,venture_name,prefix,shared_services,infrastructure_repos,service_count
FIN-001-GenixBank-Lite,Genixbank Lite,FIN,shared-kernels|genixbank-financial-system|iza-os-financial-core|iza-os-analytics,deployment-orchestrator|iza-os-api-gateway|iza-os-cybersecurity-monitoring-bot,4
FIN-002-Credit-Repair-Automation,Credit Repair Automation,FIN,shared-kernels|genixbank-financial-system|iza-os-financial-core|iza-os-analytics,deployment-orchestrator|iza-os-api-gateway|iza-os-cybersecurity-monitoring-bot,4
FIN-003-AI-Boss-Hub-Lite,Ai Boss Hub Lite,FIN,shared-kernels|genixbank-financial-system|iza-os-financial-core|iza-os-analytics,deployment-orchestrator|iza-os-api-gateway|iza-os-cybersecurity-monitoring-bot,4
FIN-004-GenixBanks-AI-Treasurer,Genixbanks Ai Treasurer,FIN,shared-kernels|genixbank-financial-system|iza-os-financial-core|iza-os-analytics,deployment-orchestrator|iza-os-api-gateway|iza-os-cybersecurity-monitoring-bot,4
FIN-005-U-Haul-Rental-Affiliate,U Haul Rental Affiliate,FIN,shared-kernels|genixbank-financial-system|iza-os-financial-core|iza-os-analytics,deployment-orchestrator|iza-os-api-gateway|iza-os-cybersecurity-monitoring-bot,4
FIN-006-Tax-Prep-Filing-Services,Tax Prep Filing Services,FIN,shared-kernels|genixbank-financial-system|iza-os-financial-core|iza-os-analytics,deployment-orchestrator|iza-os-api-gateway|iza-os-cybersecurity-monitoring-bot,4
FIN-007-Business-Credit-Building,Business Credit Building,FIN,shared-kernels|genixbank-financial-system|iza-os-financial-core|iza-os-analytics,deployment-orchestrator|iza-os-api-gateway|iza-os-cybersecurity-monitoring-bot,4
FIN-008-Business-Formation-Services,Business Formation Services,FIN,shared-kernels|genixbank-financial-system|iza-os-financial-core|iza-os-analytics,deployment-orchestrator|iza-os-api-gateway|iza-os-cybersecurity-monitoring-bot,4
FIN-009-Crypto-Tax-Optimizer,Crypto Tax Optimizer,FIN,shared-kernels|genixbank-financial-system|iza-os-financial-core|iza-os-analytics,deployment-orchestrator|iza-os-api-gateway|iza-os-cybersecurity-monitoring-bot,4
FIN-010-AI-Powered-Garbage-Collection,Ai Powered Garbage Collection,FIN,shared-kernels|genixbank-financial-system|iza-os-financial-core|iza-os-analytics,deployment-orchestrator|iza-os-api-gateway|iza-os-cybersecurity-monitoring-bot,4
FIN-011-Automated-Bookkeeping,Automated Bookkeeping,FIN,shared-kernels|genixbank-financial-system|iza-os-financial-core|iza-os-analytics,deployment-orchestrator|iza-os-api-gateway|iza-os-cybersecurity-monitoring-bot,4
FIN-012-Invoice-Factoring-AI,Invoice Factoring Ai,FIN,shared-kernels|genixbank-financial-system|iza-os-financial-core|iza-os-analytics,deployment-orchestrator|iza-os-api-gateway|iza-os-cybersecurity-monitoring-bot,4
FIN-013-Charity-Donation-AI,Charity Donation Ai,FIN,shared-kernels|genixbank-financial-system|iza-os-financial-core|iza-os-analytics,deployment-orchestrator|iza-os-api-gateway|iza-os-cybersecurity-monitoring-bot,4
FIN-014-Expense-Tracker-AI,Expense Tracker Ai,FIN,shared-kernels|genixbank-financial-system|iza-os-financial-core|iza-os-analytics,deployment-orchestrator|iza-os-api-gateway|iza-os-cybersecurity-monitoring-bot,4
FIN-015-Financial-Wellness-Coach,Financial Wellness Coach,FIN,shared-kernels|genixbank-financial-system|iza-os-financial-core|iza-os-analytics,deployment-orchestrator|iza-os-api-gateway|iza-os-cybersecurity-monitoring-bot,4
FIN-016-Trade-Finance-AI,Trade Finance Ai,FIN,shared-kernels|genixbank-financial-system|iza-os-financial-core|iza-os-analytics,deployment-orchestrator|iza-os-api-gateway|iza-os-cybersecurity-monitoring-bot,4
FIN-017-Remittance-AI,Remittance Ai,FIN,shared-kernels|genixbank-financial-system|iza-os-financial-core|iza-os-analytics,deployment-orchestrator|iza-os-api-gateway|iza-os-cybersecurity-monitoring-bot,4
FIN-018-Wealth-Transfer-AI,Wealth Transfer Ai,FIN,shared-kernels|genixbank-financial-system|iza-os-financial-core|iza-os-analytics,deployment-orchestrator|iza-os-api-gateway|iza-os-cybersecurity-monitoring-bot,4
FIN-019-Payment-Gateway-AI,Payment Gateway Ai,FIN,shared-kernels|genixbank-financial-system|iza-os-financial-core|iza-os-analytics,deployment-orchestrator|iza-os-api-gateway|iza-os-cybersecurity-monitoring-bot,4
FIN-020-Debt-Consolidation-AI,Debt Consolidation Ai,FIN,shared-kernels|genixbank-financial-system|iza-os-financial-core|iza-os-analytics,deployment-orchestrator|iza-os-api-gateway|iza-os-cybersecurity-monitoring-bot,4
FIN-021-Tax-Deduction-Finder,Tax Deduction Finder,FIN,shared-kernels|genixbank-financial-system|iza-os-financial-core|iza-os-analytics,deployment-orchestrator|iza-os-api-gateway|iza-os-cybersecurity-monitoring-bot,4
FIN-022-Budget-Forecasting-AI,Budget Forecasting Ai,FIN,shared-kernels|genixbank-financial-system|iza-os-financial-core|iza-os-analytics,deployment-orchestrator|iza-os-api-gateway|iza-os-cybersecurity-monitoring-bot,4
FIN-023-Investment-Portfolio-AI,Investment Portfolio Ai,FIN,shared-kernels|genixbank-financial-system|iza-os-financial-core|iza-os-analytics,deployment-orchestrator|iza-os-api-gateway|iza-os-cybersecurity-monitoring-bot,4
FIN-024-Crowdfunding-AI,Crowdfunding Ai,FIN,shared-kernels|genixbank-financial-system|iza-os-financial-core|iza-os-analytics,deployment-orchestrator|iza-os-api-gateway|iza-os-cybersecurity-monitoring-bot,4
FIN-025-Escrow-Automation,Escrow Automation,FIN,shared-kernels|genixbank-financial-system|iza-os-financial-core|iza-os-analytics,deployment-orchestrator|iza-os-api-gateway|iza-os-cybersecurity-monitoring-bot,4
FIN-026-Financial-Compliance-Scanner,Financial Compliance Scanner,FIN,shared-kernels|genixbank-financial-system|iza-os-financial-core|iza-os-analytics,deployment-orchestrator|iza-os-api-gateway|iza-os-cybersecurity-monitoring-bot,4
FIN-027-Patent-Writer-AI,Patent Writer Ai,FIN,shared-kernels|genixbank-financial-system|iza-os-financial-core|iza-os-analytics,deployment-orchestrator|iza-os-api-gateway|iza-os-cybersecurity-monitoring-bot,4
FIN-028-Legal-Analyzer-AI,Legal Analyzer Ai,FIN,shared-kernels|genixbank-financial-system|iza-os-financial-core|iza-os-analytics,deployment-orchestrator|iza-os-api-gateway|iza-os-cybersecurity-monitoring-bot,4
FIN-029-Compliance-Wallet-SaaS,Compliance Wallet Saas,FIN,shared-kernels|genixbank-financial-system|iza-os-financial-core|iza-os-analytics,deployment-orchestrator|iza-os-api-gateway|iza-os-cybersecurity-monitoring-bot,4
FIN-030-Local-SEO-Ranker-AI,Local Seo Ranker Ai,FIN,shared-kernels|genixbank-financial-system|iza-os-financial-core|iza-os-analytics,deployment-orchestrator|iza-os-api-gateway|iza-os-cybersecurity-monitoring-bot,4
FIN-031-Investor-Dashboard-Builder,Investor Dashboard Builder,FIN,shared-kernels|genixbank-financial-system|iza-os-financial-core|iza-os-analytics,deployment-orchestrator|iza-os-api-gateway|iza-os-cybersecurity-monitoring-bot,4
FIN-032-Legal-Toolkit-AI,Legal Toolkit Ai,FIN,shared-kernels|genixbank-financial-system|iza-os-financial-core|iza-os-analytics,deployment-orchestrator|iza-os-api-gateway|iza-os-cybersecurity-monitoring-bot,4
FIN-033-AI-Tax-Preparation-Service,Ai Tax Preparation Service,FIN,shared-kernels|genixbank-financial-system|iza-os-financial-core|iza-os-analytics,deployment-orchestrator|iza-os-api-gateway|iza-os-cybersecurity-monitoring-bot,4
FIN-034-Payroll-Automation,Payroll Automation,FIN,shared-kernels|genixbank-financial-system|iza-os-financial-core|iza-os-analytics,deployment-orchestrator|iza-os-api-gateway|iza-os-cybersecurity-monitoring-bot,4
FIN-035-Insurance-Underwriting-AI,Insurance Underwriting Ai,FIN,shared-kernels|genixbank-financial-system|iza-os-financial-core|iza-os-analytics,deployment-orchestrator|iza-os-api-gateway|iza-os-cybersecurity-monitoring-bot,4
FIN-036-Arbitrage-Nexus-Platform,Arbitrage Nexus Platform,FIN,shared-kernels|genixbank-financial-system|iza-os-financial-core|iza-os-analytics,deployment-orchestrator|iza-os-api-gateway|iza-os-cybersecurity-monitoring-bot,4
BW-001-Lash-Extension-Studio,Lash Extension Studio,BW,shared-kernels|genixbank-financial-system|iza-os-financial-core|iza-os-analytics|iza-os-hr-core,deployment-orchestrator|iza-os-api-gateway|iza-os-cybersecurity-monitoring-bot,5
BW-002-Mobile-Lash-Service,Mobile Lash Service,BW,shared-kernels|genixbank-financial-system|iza-os-financial-core|iza-os-analytics|iza-os-hr-core,deployment-orchestrator|iza-os-api-gateway|iza-os-cybersecurity-monitoring-bot,5
BW-003-Luxury-Lash-Bar,Luxury Lash Bar,BW,shared-kernels|genixbank-financial-system|iza-os-financial-core|iza-os-analytics|iza-os-hr-core,deployment-orchestrator|iza-os-api-gateway|iza-os-cybersecurity-monitoring-bot,5
BW-004-Lash-Training-Academy,Lash Training Academy,BW,shared-kernels|genixbank-financial-system|iza-os-financial-core|iza-os-analytics|iza-os-hr-core,deployment-orchestrator|iza-os-api-gateway|iza-os-cybersecurity-monitoring-bot,5
BW-005-Lash-Supply-Company,Lash Supply Company,BW,shared-kernels|genixbank-financial-system|iza-os-financial-core|iza-os-analytics|iza-os-hr-core,deployment-orchestrator|iza-os-api-gateway|iza-os-cybersecurity-monitoring-bot,5
BW-006-Lash-Glue-Brand,Lash Glue Brand,BW,shared-kernels|genixbank-financial-system|iza-os-financial-core|iza-os-analytics|iza-os-hr-core,deployment-orchestrator|iza-os-api-gateway|iza-os-cybersecurity-monitoring-bot,5
BW-007-Lash-Kits-&-Tools,Lash Kits & Tools,BW,shared-kernels|genixbank-financial-system|iza-os-financial-core|iza-os-analytics|iza-os-hr-core,deployment-orchestrator|iza-os-api-gateway|iza-os-cybersecurity-monitoring-bot,5
BW-008-Private-Label-Lashes,Private Label Lashes,BW,shared-kernels|genixbank-financial-system|iza-os-financial-core|iza-os-analytics|iza-os-hr-core,deployment-orchestrator|iza-os-api-gateway|iza-os-cybersecurity-monitoring-bot,5
BW-009-Franchise-Lash-Salons,Franchise Lash Salons,BW,shared-kernels|genixbank-financial-system|iza-os-financial-core|iza-os-analytics|iza-os-hr-core,deployment-orchestrator|iza-os-api-gateway|iza-os-cybersecurity-monitoring-bot,5
BW-010-Online-Lash-Education,Online Lash Education,BW,shared-kernels|genixbank-financial-system|iza-os-financial-core|iza-os-analytics|iza-os-hr-core,deployment-orchestrator|iza-os-api-gateway|iza-os-cybersecurity-monitoring-bot,5
BW-011-Nail-Salon,Nail Salon,BW,shared-kernels|genixbank-financial-system|iza-os-financial-core|iza-os-analytics|iza-os-hr-core,deployment-orchestrator|iza-os-api-gateway|iza-os-cybersecurity-monitoring-bot,5
BW-012-Mobile-Nail-Tech,Mobile Nail Tech,BW,shared-kernels|genixbank-financial-system|iza-os-financial-core|iza-os-analytics|iza-os-hr-core,deployment-orchestrator|iza-os-api-gateway|iza-os-cybersecurity-monitoring-bot,5
BW-013-Luxury-Nail-Spa,Luxury Nail Spa,BW,shared-kernels|genixbank-financial-system|iza-os-financial-core|iza-os-analytics|iza-os-hr-core,deployment-orchestrator|iza-os-api-gateway|iza-os-cybersecurity-monitoring-bot,5
BW-014-Press-On-Nail-Brand,Press On Nail Brand,BW,shared-kernels|genixbank-financial-system|iza-os-financial-core|iza-os-analytics|iza-os-hr-core,deployment-orchestrator|iza-os-api-gateway|iza-os-cybersecurity-monitoring-bot,5
BW-015-Nail-Art-Studio,Nail Art Studio,BW,shared-kernels|genixbank-financial-system|iza-os-financial-core|iza-os-analytics|iza-os-hr-core,deployment-orchestrator|iza-os-api-gateway|iza-os-cybersecurity-monitoring-bot,5
BW-016-Nail-Polish-Brand,Nail Polish Brand,BW,shared-kernels|genixbank-financial-system|iza-os-financial-core|iza-os-analytics|iza-os-hr-core,deployment-orchestrator|iza-os-api-gateway|iza-os-cybersecurity-monitoring-bot,5
BW-017-Nail-Care-Products,Nail Care Products,BW,shared-kernels|genixbank-financial-system|iza-os-financial-core|iza-os-analytics|iza-os-hr-core,deployment-orchestrator|iza-os-api-gateway|iza-os-cybersecurity-monitoring-bot,5
BW-018-Nail-Booking-Marketplace,Nail Booking Marketplace,BW,shared-kernels|genixbank-financial-system|iza-os-financial-core|iza-os-analytics|iza-os-hr-core,deployment-orchestrator|iza-os-api-gateway|iza-os-cybersecurity-monitoring-bot,5
BW-019-Salon-Management-Software,Salon Management Software,BW,shared-kernels|genixbank-financial-system|iza-os-financial-core|iza-os-analytics|iza-os-hr-core,deployment-orchestrator|iza-os-api-gateway|iza-os-cybersecurity-monitoring-bot,5
BW-020-AI-Nail-Design-Generator,Ai Nail Design Generator,BW,shared-kernels|genixbank-financial-system|iza-os-financial-core|iza-os-analytics|iza-os-hr-core,deployment-orchestrator|iza-os-api-gateway|iza-os-cybersecurity-monitoring-bot,5
BW-021-Hair-Salon,Hair Salon,BW,shared-kernels|genixbank-financial-system|iza-os-financial-core|iza-os-analytics|iza-os-hr-core,deployment-orchestrator|iza-os-api-gateway|iza-os-cybersecurity-monitoring-bot,5
BW-022-Barbershop,Barbershop,BW,shared-kernels|genixbank-financial-system|iza-os-financial-core|iza-os-analytics|iza-os-hr-core,deployment-orchestrator|iza-os-api-gateway|iza-os-cybersecurity-monitoring-bot,5
BW-023-Mobile-Hairstyling,Mobile Hairstyling,BW,shared-kernels|genixbank-financial-system|iza-os-financial-core|iza-os-analytics|iza-os-hr-core,deployment-orchestrator|iza-os-api-gateway|iza-os-cybersecurity-monitoring-bot,5
BW-024-Hair-Braiding-Studio,Hair Braiding Studio,BW,shared-kernels|genixbank-financial-system|iza-os-financial-core|iza-os-analytics|iza-os-hr-core,deployment-orchestrator|iza-os-api-gateway|iza-os-cybersecurity-monitoring-bot,5
BW-025-Wig-Installation-Studio,Wig Installation Studio,BW,shared-kernels|genixbank-financial-system|iza-os-financial-core|iza-os-analytics|iza-os-hr-core,deployment-orchestrator|iza-os-api-gateway|iza-os-cybersecurity-monitoring-bot,5
BW-026-Hair-Extension-Salon,Hair Extension Salon,BW,shared-kernels|genixbank-financial-system|iza-os-financial-core|iza-os-analytics|iza-os-hr-core,deployment-orchestrator|iza-os-api-gateway|iza-os-cybersecurity-monitoring-bot,5
BW-027-Hair-Care-Line,Hair Care Line,BW,shared-kernels|genixbank-financial-system|iza-os-financial-core|iza-os-analytics|iza-os-hr-core,deployment-orchestrator|iza-os-api-gateway|iza-os-cybersecurity-monitoring-bot,5
BW-028-Wig-Brand,Wig Brand,BW,shared-kernels|genixbank-financial-system|iza-os-financial-core|iza-os-analytics|iza-os-hr-core,deployment-orchestrator|iza-os-api-gateway|iza-os-cybersecurity-monitoring-bot,5
BW-029-Hair-Extensions-Brand,Hair Extensions Brand,BW,shared-kernels|genixbank-financial-system|iza-os-financial-core|iza-os-analytics|iza-os-hr-core,deployment-orchestrator|iza-os-api-gateway|iza-os-cybersecurity-monitoring-bot,5
BW-030-Scalp-Treatment-Products,Scalp Treatment Products,BW,shared-kernels|genixbank-financial-system|iza-os-financial-core|iza-os-analytics|iza-os-hr-core,deployment-orchestrator|iza-os-api-gateway|iza-os-cybersecurity-monitoring-bot,5
BW-031-Hair-Marketplace,Hair Marketplace,BW,shared-kernels|genixbank-financial-system|iza-os-financial-core|iza-os-analytics|iza-os-hr-core,deployment-orchestrator|iza-os-api-gateway|iza-os-cybersecurity-monitoring-bot,5
BW-032-Stylist-Booking-Platform,Stylist Booking Platform,BW,shared-kernels|genixbank-financial-system|iza-os-financial-core|iza-os-analytics|iza-os-hr-core,deployment-orchestrator|iza-os-api-gateway|iza-os-cybersecurity-monitoring-bot,5
BW-033-AI-Hairstyle-Simulator,Ai Hairstyle Simulator,BW,shared-kernels|genixbank-financial-system|iza-os-financial-core|iza-os-analytics|iza-os-hr-core,deployment-orchestrator|iza-os-api-gateway|iza-os-cybersecurity-monitoring-bot,5
BW-034-Salon-Franchise-Chain,Salon Franchise Chain,BW,shared-kernels|genixbank-financial-system|iza-os-financial-core|iza-os-analytics|iza-os-hr-core,deployment-orchestrator|iza-os-api-gateway|iza-os-cybersecurity-monitoring-bot,5
BW-035-Makeup-Studio,Makeup Studio,BW,shared-kernels|genixbank-financial-system|iza-os-financial-core|iza-os-analytics|iza-os-hr-core,deployment-orchestrator|iza-os-api-gateway|iza-os-cybersecurity-monitoring-bot,5
BW-036-Bridal-Makeup-Service,Bridal Makeup Service,BW,shared-kernels|genixbank-financial-system|iza-os-financial-core|iza-os-analytics|iza-os-hr-core,deployment-orchestrator|iza-os-api-gateway|iza-os-cybersecurity-monitoring-bot,5
BW-037-Mobile-Makeup-Artist,Mobile Makeup Artist,BW,shared-kernels|genixbank-financial-system|iza-os-financial-core|iza-os-analytics|iza-os-hr-core,deployment-orchestrator|iza-os-api-gateway|iza-os-cybersecurity-monitoring-bot,5
BW-038-Photoshoot-Makeup-Team,Photoshoot Makeup Team,BW,shared-kernels|genixbank-financial-system|iza-os-financial-core|iza-os-analytics|iza-os-hr-core,deployment-orchestrator|iza-os-api-gateway|iza-os-cybersecurity-monitoring-bot,5
BW-039-Cosmetics-Brand,Cosmetics Brand,BW,shared-kernels|genixbank-financial-system|iza-os-financial-core|iza-os-analytics|iza-os-hr-core,deployment-orchestrator|iza-os-api-gateway|iza-os-cybersecurity-monitoring-bot,5
BW-040-Beauty-Tools-Brand,Beauty Tools Brand,BW,shared-kernels|genixbank-financial-system|iza-os-financial-core|iza-os-analytics|iza-os-hr-core,deployment-orchestrator|iza-os-api-gateway|iza-os-cybersecurity-monitoring-bot,5
FH-001-Personal-Chef-Service,Personal Chef Service,FH,shared-kernels|genixbank-financial-system|iza-os-financial-core|iza-os-analytics|iza-os-hr-core,deployment-orchestrator|iza-os-api-gateway|iza-os-cybersecurity-monitoring-bot,5
FH-002-Meal-Prep-Delivery,Meal Prep Delivery,FH,shared-kernels|genixbank-financial-system|iza-os-financial-core|iza-os-analytics|iza-os-hr-core,deployment-orchestrator|iza-os-api-gateway|iza-os-cybersecurity-monitoring-bot,5
FH-003-Private-Dinner-Experiences,Private Dinner Experiences,FH,shared-kernels|genixbank-financial-system|iza-os-financial-core|iza-os-analytics|iza-os-hr-core,deployment-orchestrator|iza-os-api-gateway|iza-os-cybersecurity-monitoring-bot,5
FH-004-Catering-Company,Catering Company,FH,shared-kernels|genixbank-financial-system|iza-os-financial-core|iza-os-analytics|iza-os-hr-core,deployment-orchestrator|iza-os-api-gateway|iza-os-cybersecurity-monitoring-bot,5
FH-005-Corporate-Lunch-Service,Corporate Lunch Service,FH,shared-kernels|genixbank-financial-system|iza-os-financial-core|iza-os-analytics|iza-os-hr-core,deployment-orchestrator|iza-os-api-gateway|iza-os-cybersecurity-monitoring-bot,5
FH-006-Healthy-Meal-Prep-for-Gyms,Healthy Meal Prep For Gyms,FH,shared-kernels|genixbank-financial-system|iza-os-financial-core|iza-os-analytics|iza-os-hr-core,deployment-orchestrator|iza-os-api-gateway|iza-os-cybersecurity-monitoring-bot,5
FH-007-Elderly-Meal-Service,Elderly Meal Service,FH,shared-kernels|genixbank-financial-system|iza-os-financial-core|iza-os-analytics|iza-os-hr-core,deployment-orchestrator|iza-os-api-gateway|iza-os-cybersecurity-monitoring-bot,5
FH-008-Athlete-Nutrition-Service,Athlete Nutrition Service,FH,shared-kernels|genixbank-financial-system|iza-os-financial-core|iza-os-analytics|iza-os-hr-core,deployment-orchestrator|iza-os-api-gateway|iza-os-cybersecurity-monitoring-bot,5
FH-009-Packaged-Food-Brand,Packaged Food Brand,FH,shared-kernels|genixbank-financial-system|iza-os-financial-core|iza-os-analytics|iza-os-hr-core,deployment-orchestrator|iza-os-api-gateway|iza-os-cybersecurity-monitoring-bot,5
FH-010-Frozen-Meals-Company,Frozen Meals Company,FH,shared-kernels|genixbank-financial-system|iza-os-financial-core|iza-os-analytics|iza-os-hr-core,deployment-orchestrator|iza-os-api-gateway|iza-os-cybersecurity-monitoring-bot,5
FH-011-Sauce-or-Seasoning-Brand,Sauce Or Seasoning Brand,FH,shared-kernels|genixbank-financial-system|iza-os-financial-core|iza-os-analytics|iza-os-hr-core,deployment-orchestrator|iza-os-api-gateway|iza-os-cybersecurity-monitoring-bot,5
FH-012-Protein-Snacks-Brand,Protein Snacks Brand,FH,shared-kernels|genixbank-financial-system|iza-os-financial-core|iza-os-analytics|iza-os-hr-core,deployment-orchestrator|iza-os-api-gateway|iza-os-cybersecurity-monitoring-bot,5
FH-013-Meal-Kit-Company,Meal Kit Company,FH,shared-kernels|genixbank-financial-system|iza-os-financial-core|iza-os-analytics|iza-os-hr-core,deployment-orchestrator|iza-os-api-gateway|iza-os-cybersecurity-monitoring-bot,5
FH-014-Cloud-Kitchen-,Cloud Kitchen ,FH,shared-kernels|genixbank-financial-system|iza-os-financial-core|iza-os-analytics|iza-os-hr-core,deployment-orchestrator|iza-os-api-gateway|iza-os-cybersecurity-monitoring-bot,5
FH-015-AI-Nutrition-Planner,Ai Nutrition Planner,FH,shared-kernels|genixbank-financial-system|iza-os-financial-core|iza-os-analytics|iza-os-hr-core,deployment-orchestrator|iza-os-api-gateway|iza-os-cybersecurity-monitoring-bot,5
FH-016-Recipe-App,Recipe App,FH,shared-kernels|genixbank-financial-system|iza-os-financial-core|iza-os-analytics|iza-os-hr-core,deployment-orchestrator|iza-os-api-gateway|iza-os-cybersecurity-monitoring-bot,5
FH-017-Cooking-Content-Brand,Cooking Content Brand,FH,shared-kernels|genixbank-financial-system|iza-os-financial-core|iza-os-analytics|iza-os-hr-core,deployment-orchestrator|iza-os-api-gateway|iza-os-cybersecurity-monitoring-bot,5
FH-018-Food-Influencer-Brand,Food Influencer Brand,FH,shared-kernels|genixbank-financial-system|iza-os-financial-core|iza-os-analytics|iza-os-hr-core,deployment-orchestrator|iza-os-api-gateway|iza-os-cybersecurity-monitoring-bot,5
FH-019-Cooking-Course-Platform,Cooking Course Platform,FH,shared-kernels|genixbank-financial-system|iza-os-financial-core|iza-os-analytics|iza-os-hr-core,deployment-orchestrator|iza-os-api-gateway|iza-os-cybersecurity-monitoring-bot,5
FH-020-Restaurant-POS-System,Restaurant Pos System,FH,shared-kernels|genixbank-financial-system|iza-os-financial-core|iza-os-analytics|iza-os-hr-core,deployment-orchestrator|iza-os-api-gateway|iza-os-cybersecurity-monitoring-bot,5
FH-021-Food-Truck-Business,Food Truck Business,FH,shared-kernels|genixbank-financial-system|iza-os-financial-core|iza-os-analytics|iza-os-hr-core,deployment-orchestrator|iza-os-api-gateway|iza-os-cybersecurity-monitoring-bot,5
FH-022-Specialty-Coffee-Shop,Specialty Coffee Shop,FH,shared-kernels|genixbank-financial-system|iza-os-financial-core|iza-os-analytics|iza-os-hr-core,deployment-orchestrator|iza-os-api-gateway|iza-os-cybersecurity-monitoring-bot,5
FH-023-Bakery-&-Pastry-Shop,Bakery & Pastry Shop,FH,shared-kernels|genixbank-financial-system|iza-os-financial-core|iza-os-analytics|iza-os-hr-core,deployment-orchestrator|iza-os-api-gateway|iza-os-cybersecurity-monitoring-bot,5
FH-024-Juice-Bar,Juice Bar,FH,shared-kernels|genixbank-financial-system|iza-os-financial-core|iza-os-analytics|iza-os-hr-core,deployment-orchestrator|iza-os-api-gateway|iza-os-cybersecurity-monitoring-bot,5
FH-025-Ice-Cream-Shop,Ice Cream Shop,FH,shared-kernels|genixbank-financial-system|iza-os-financial-core|iza-os-analytics|iza-os-hr-core,deployment-orchestrator|iza-os-api-gateway|iza-os-cybersecurity-monitoring-bot,5
FH-026-Gourmet-Food-Market,Gourmet Food Market,FH,shared-kernels|genixbank-financial-system|iza-os-financial-core|iza-os-analytics|iza-os-hr-core,deployment-orchestrator|iza-os-api-gateway|iza-os-cybersecurity-monitoring-bot,5
FH-027-Food-Delivery-Platform,Food Delivery Platform,FH,shared-kernels|genixbank-financial-system|iza-os-financial-core|iza-os-analytics|iza-os-hr-core,deployment-orchestrator|iza-os-api-gateway|iza-os-cybersecurity-monitoring-bot,5
FH-028-Restaurant-Management-SaaS,Restaurant Management Saas,FH,shared-kernels|genixbank-financial-system|iza-os-financial-core|iza-os-analytics|iza-os-hr-core,deployment-orchestrator|iza-os-api-gateway|iza-os-cybersecurity-monitoring-bot,5
FH-029-Food-Quality-Testing-Lab,Food Quality Testing Lab,FH,shared-kernels|genixbank-financial-system|iza-os-financial-core|iza-os-analytics|iza-os-hr-core,deployment-orchestrator|iza-os-api-gateway|iza-os-cybersecurity-monitoring-bot,5
FH-030-Organic-Food-Brand,Organic Food Brand,FH,shared-kernels|genixbank-financial-system|iza-os-financial-core|iza-os-analytics|iza-os-hr-core,deployment-orchestrator|iza-os-api-gateway|iza-os-cybersecurity-monitoring-bot,5
FH-031-Vegan-Food-Company,Vegan Food Company,FH,shared-kernels|genixbank-financial-system|iza-os-financial-core|iza-os-analytics|iza-os-hr-core,deployment-orchestrator|iza-os-api-gateway|iza-os-cybersecurity-monitoring-bot,5
FH-032-Keto-Meal-Service,Keto Meal Service,FH,shared-kernels|genixbank-financial-system|iza-os-financial-core|iza-os-analytics|iza-os-hr-core,deployment-orchestrator|iza-os-api-gateway|iza-os-cybersecurity-monitoring-bot,5
FH-033-Food-Photography-Service,Food Photography Service,FH,shared-kernels|genixbank-financial-system|iza-os-financial-core|iza-os-analytics|iza-os-hr-core,deployment-orchestrator|iza-os-api-gateway|iza-os-cybersecurity-monitoring-bot,5
FH-034-Restaurant-Consulting,Restaurant Consulting,FH,shared-kernels|genixbank-financial-system|iza-os-financial-core|iza-os-analytics|iza-os-hr-core,deployment-orchestrator|iza-os-api-gateway|iza-os-cybersecurity-monitoring-bot,5
FH-035-Food-Safety-Training,Food Safety Training,FH,shared-kernels|genixbank-financial-system|iza-os-financial-core|iza-os-analytics|iza-os-hr-core,deployment-orchestrator|iza-os-api-gateway|iza-os-cybersecurity-monitoring-bot,5
FS-001-Gym,Gym,FS,shared-kernels|genixbank-financial-system|iza-os-financial-core|iza-os-analytics|iza-os-hr-core,deployment-orchestrator|iza-os-api-gateway|iza-os-cybersecurity-monitoring-bot,5
FS-002-Boutique-Fitness-Studio,Boutique Fitness Studio,FS,shared-kernels|genixbank-financial-system|iza-os-financial-core|iza-os-analytics|iza-os-hr-core,deployment-orchestrator|iza-os-api-gateway|iza-os-cybersecurity-monitoring-bot,5
FS-003-Personal-Training-Studio,Personal Training Studio,FS,shared-kernels|genixbank-financial-system|iza-os-financial-core|iza-os-analytics|iza-os-hr-core,deployment-orchestrator|iza-os-api-gateway|iza-os-cybersecurity-monitoring-bot,5
FS-004-Women-Only-Gym,Women Only Gym,FS,shared-kernels|genixbank-financial-system|iza-os-financial-core|iza-os-analytics|iza-os-hr-core,deployment-orchestrator|iza-os-api-gateway|iza-os-cybersecurity-monitoring-bot,5
FS-005-Boxing-Gym,Boxing Gym,FS,shared-kernels|genixbank-financial-system|iza-os-financial-core|iza-os-analytics|iza-os-hr-core,deployment-orchestrator|iza-os-api-gateway|iza-os-cybersecurity-monitoring-bot,5
FS-006-CrossFit-Gym,Crossfit Gym,FS,shared-kernels|genixbank-financial-system|iza-os-financial-core|iza-os-analytics|iza-os-hr-core,deployment-orchestrator|iza-os-api-gateway|iza-os-cybersecurity-monitoring-bot,5
FS-007-Luxury-Fitness-Club,Luxury Fitness Club,FS,shared-kernels|genixbank-financial-system|iza-os-financial-core|iza-os-analytics|iza-os-hr-core,deployment-orchestrator|iza-os-api-gateway|iza-os-cybersecurity-monitoring-bot,5
FS-008-Online-Coaching,Online Coaching,FS,shared-kernels|genixbank-financial-system|iza-os-financial-core|iza-os-analytics|iza-os-hr-core,deployment-orchestrator|iza-os-api-gateway|iza-os-cybersecurity-monitoring-bot,5
FS-009-Personal-Trainer-Business,Personal Trainer Business,FS,shared-kernels|genixbank-financial-system|iza-os-financial-core|iza-os-analytics|iza-os-hr-core,deployment-orchestrator|iza-os-api-gateway|iza-os-cybersecurity-monitoring-bot,5
FS-010-Transformation-Program,Transformation Program,FS,shared-kernels|genixbank-financial-system|iza-os-financial-core|iza-os-analytics|iza-os-hr-core,deployment-orchestrator|iza-os-api-gateway|iza-os-cybersecurity-monitoring-bot,5
FS-011-Athlete-Training-Company,Athlete Training Company,FS,shared-kernels|genixbank-financial-system|iza-os-financial-core|iza-os-analytics|iza-os-hr-core,deployment-orchestrator|iza-os-api-gateway|iza-os-cybersecurity-monitoring-bot,5
FS-012-Supplement-Brand,Supplement Brand,FS,shared-kernels|genixbank-financial-system|iza-os-financial-core|iza-os-analytics|iza-os-hr-core,deployment-orchestrator|iza-os-api-gateway|iza-os-cybersecurity-monitoring-bot,5
FS-013-Fitness-Apparel,Fitness Apparel,FS,shared-kernels|genixbank-financial-system|iza-os-financial-core|iza-os-analytics|iza-os-hr-core,deployment-orchestrator|iza-os-api-gateway|iza-os-cybersecurity-monitoring-bot,5
FS-014-Workout-Equipment-Brand,Workout Equipment Brand,FS,shared-kernels|genixbank-financial-system|iza-os-financial-core|iza-os-analytics|iza-os-hr-core,deployment-orchestrator|iza-os-api-gateway|iza-os-cybersecurity-monitoring-bot,5
FS-015-Recovery-Products,Recovery Products,FS,shared-kernels|genixbank-financial-system|iza-os-financial-core|iza-os-analytics|iza-os-hr-core,deployment-orchestrator|iza-os-api-gateway|iza-os-cybersecurity-monitoring-bot,5
FS-016-Fitness-App,Fitness App,FS,shared-kernels|genixbank-financial-system|iza-os-financial-core|iza-os-analytics|iza-os-hr-core,deployment-orchestrator|iza-os-api-gateway|iza-os-cybersecurity-monitoring-bot,5
FS-017-AI-Personal-Trainer,Ai Personal Trainer,FS,shared-kernels|genixbank-financial-system|iza-os-financial-core|iza-os-analytics|iza-os-hr-core,deployment-orchestrator|iza-os-api-gateway|iza-os-cybersecurity-monitoring-bot,5
FS-018-Gym-Management-Software,Gym Management Software,FS,shared-kernels|genixbank-financial-system|iza-os-financial-core|iza-os-analytics|iza-os-hr-core,deployment-orchestrator|iza-os-api-gateway|iza-os-cybersecurity-monitoring-bot,5
FS-019-Wearable-Analytics-Platform,Wearable Analytics Platform,FS,shared-kernels|genixbank-financial-system|iza-os-financial-core|iza-os-analytics|iza-os-hr-core,deployment-orchestrator|iza-os-api-gateway|iza-os-cybersecurity-monitoring-bot,5
FS-020-Yoga-Studio,Yoga Studio,FS,shared-kernels|genixbank-financial-system|iza-os-financial-core|iza-os-analytics|iza-os-hr-core,deployment-orchestrator|iza-os-api-gateway|iza-os-cybersecurity-monitoring-bot,5
FS-021-Pilates-Studio,Pilates Studio,FS,shared-kernels|genixbank-financial-system|iza-os-financial-core|iza-os-analytics|iza-os-hr-core,deployment-orchestrator|iza-os-api-gateway|iza-os-cybersecurity-monitoring-bot,5
FS-022-Dance-Studio,Dance Studio,FS,shared-kernels|genixbank-financial-system|iza-os-financial-core|iza-os-analytics|iza-os-hr-core,deployment-orchestrator|iza-os-api-gateway|iza-os-cybersecurity-monitoring-bot,5
FS-023-Martial-Arts-Dojo,Martial Arts Dojo,FS,shared-kernels|genixbank-financial-system|iza-os-financial-core|iza-os-analytics|iza-os-hr-core,deployment-orchestrator|iza-os-api-gateway|iza-os-cybersecurity-monitoring-bot,5
FS-024-Sports-Performance-Center,Sports Performance Center,FS,shared-kernels|genixbank-financial-system|iza-os-financial-core|iza-os-analytics|iza-os-hr-core,deployment-orchestrator|iza-os-api-gateway|iza-os-cybersecurity-monitoring-bot,5
FS-025-Corporate-Wellness-Program,Corporate Wellness Program,FS,shared-kernels|genixbank-financial-system|iza-os-financial-core|iza-os-analytics|iza-os-hr-core,deployment-orchestrator|iza-os-api-gateway|iza-os-cybersecurity-monitoring-bot,5
LT-001-Truck-Dispatch-Company,Truck Dispatch Company,LT,shared-kernels|genixbank-financial-system|iza-os-financial-core|iza-os-analytics|iza-os-hr-core,deployment-orchestrator|iza-os-api-gateway|iza-os-cybersecurity-monitoring-bot,5
LT-002-Freight-Brokerage,Freight Brokerage,LT,shared-kernels|genixbank-financial-system|iza-os-financial-core|iza-os-analytics|iza-os-hr-core,deployment-orchestrator|iza-os-api-gateway|iza-os-cybersecurity-monitoring-bot,5
LT-003-Logistics-Dispatch-Service,Logistics Dispatch Service,LT,shared-kernels|genixbank-financial-system|iza-os-financial-core|iza-os-analytics|iza-os-hr-core,deployment-orchestrator|iza-os-api-gateway|iza-os-cybersecurity-monitoring-bot,5
LT-004-Last-Mile-Delivery-Dispatch,Last Mile Delivery Dispatch,LT,shared-kernels|genixbank-financial-system|iza-os-financial-core|iza-os-analytics|iza-os-hr-core,deployment-orchestrator|iza-os-api-gateway|iza-os-cybersecurity-monitoring-bot,5
LT-005-Medical-Courier-Dispatch,Medical Courier Dispatch,LT,shared-kernels|genixbank-financial-system|iza-os-financial-core|iza-os-analytics|iza-os-hr-core,deployment-orchestrator|iza-os-api-gateway|iza-os-cybersecurity-monitoring-bot,5
LT-006-Amazon,Amazon,LT,shared-kernels|genixbank-financial-system|iza-os-financial-core|iza-os-analytics|iza-os-hr-core,deployment-orchestrator|iza-os-api-gateway|iza-os-cybersecurity-monitoring-bot,5
LT-007-Construction-Dispatch,Construction Dispatch,LT,shared-kernels|genixbank-financial-system|iza-os-financial-core|iza-os-analytics|iza-os-hr-core,deployment-orchestrator|iza-os-api-gateway|iza-os-cybersecurity-monitoring-bot,5
LT-008-Towing-Dispatch,Towing Dispatch,LT,shared-kernels|genixbank-financial-system|iza-os-financial-core|iza-os-analytics|iza-os-hr-core,deployment-orchestrator|iza-os-api-gateway|iza-os-cybersecurity-monitoring-bot,5
LT-009-HVAC-Technician-Dispatch,Hvac Technician Dispatch,LT,shared-kernels|genixbank-financial-system|iza-os-financial-core|iza-os-analytics|iza-os-hr-core,deployment-orchestrator|iza-os-api-gateway|iza-os-cybersecurity-monitoring-bot,5
LT-010-Field-Service-Dispatch,Field Service Dispatch,LT,shared-kernels|genixbank-financial-system|iza-os-financial-core|iza-os-analytics|iza-os-hr-core,deployment-orchestrator|iza-os-api-gateway|iza-os-cybersecurity-monitoring-bot,5
LT-011-Dispatch-Software,Dispatch Software,LT,shared-kernels|genixbank-financial-system|iza-os-financial-core|iza-os-analytics|iza-os-hr-core,deployment-orchestrator|iza-os-api-gateway|iza-os-cybersecurity-monitoring-bot,5
LT-012-Fleet-Tracking-Platform,Fleet Tracking Platform,LT,shared-kernels|genixbank-financial-system|iza-os-financial-core|iza-os-analytics|iza-os-hr-core,deployment-orchestrator|iza-os-api-gateway|iza-os-cybersecurity-monitoring-bot,5
LT-013-Logistics-Automation-System,Logistics Automation System,LT,shared-kernels|genixbank-financial-system|iza-os-financial-core|iza-os-analytics|iza-os-hr-core,deployment-orchestrator|iza-os-api-gateway|iza-os-cybersecurity-monitoring-bot,5
LT-014-AI-Route-Optimization,Ai Route Optimization,LT,shared-kernels|genixbank-financial-system|iza-os-financial-core|iza-os-analytics|iza-os-hr-core,deployment-orchestrator|iza-os-api-gateway|iza-os-cybersecurity-monitoring-bot,5
LT-015-Driver-Management-Platform,Driver Management Platform,LT,shared-kernels|genixbank-financial-system|iza-os-financial-core|iza-os-analytics|iza-os-hr-core,deployment-orchestrator|iza-os-api-gateway|iza-os-cybersecurity-monitoring-bot,5
LT-016-Trucking-Company,Trucking Company,LT,shared-kernels|genixbank-financial-system|iza-os-financial-core|iza-os-analytics|iza-os-hr-core,deployment-orchestrator|iza-os-api-gateway|iza-os-cybersecurity-monitoring-bot,5
LT-017-Courier-Service,Courier Service,LT,shared-kernels|genixbank-financial-system|iza-os-financial-core|iza-os-analytics|iza-os-hr-core,deployment-orchestrator|iza-os-api-gateway|iza-os-cybersecurity-monitoring-bot,5
LT-018-Local-Delivery-Company,Local Delivery Company,LT,shared-kernels|genixbank-financial-system|iza-os-financial-core|iza-os-analytics|iza-os-hr-core,deployment-orchestrator|iza-os-api-gateway|iza-os-cybersecurity-monitoring-bot,5
LT-019-Moving-Company,Moving Company,LT,shared-kernels|genixbank-financial-system|iza-os-financial-core|iza-os-analytics|iza-os-hr-core,deployment-orchestrator|iza-os-api-gateway|iza-os-cybersecurity-monitoring-bot,5
LT-020-Freight-Company,Freight Company,LT,shared-kernels|genixbank-financial-system|iza-os-financial-core|iza-os-analytics|iza-os-hr-core,deployment-orchestrator|iza-os-api-gateway|iza-os-cybersecurity-monitoring-bot,5
LT-021-Warehouse-Company,Warehouse Company,LT,shared-kernels|genixbank-financial-system|iza-os-financial-core|iza-os-analytics|iza-os-hr-core,deployment-orchestrator|iza-os-api-gateway|iza-os-cybersecurity-monitoring-bot,5
LT-022-Fulfillment-Center,Fulfillment Center,LT,shared-kernels|genixbank-financial-system|iza-os-financial-core|iza-os-analytics|iza-os-hr-core,deployment-orchestrator|iza-os-api-gateway|iza-os-cybersecurity-monitoring-bot,5
LT-023-Storage-Business,Storage Business,LT,shared-kernels|genixbank-financial-system|iza-os-financial-core|iza-os-analytics|iza-os-hr-core,deployment-orchestrator|iza-os-api-gateway|iza-os-cybersecurity-monitoring-bot,5
LT-024-Distribution-Company,Distribution Company,LT,shared-kernels|genixbank-financial-system|iza-os-financial-core|iza-os-analytics|iza-os-hr-core,deployment-orchestrator|iza-os-api-gateway|iza-os-cybersecurity-monitoring-bot,5
LT-025-Logistics-Marketplace,Logistics Marketplace,LT,shared-kernels|genixbank-financial-system|iza-os-financial-core|iza-os-analytics|iza-os-hr-core,deployment-orchestrator|iza-os-api-gateway|iza-os-cybersecurity-monitoring-bot,5
LT-026-Shipping-Platform,Shipping Platform,LT,shared-kernels|genixbank-financial-system|iza-os-financial-core|iza-os-analytics|iza-os-hr-core,deployment-orchestrator|iza-os-api-gateway|iza-os-cybersecurity-monitoring-bot,5
LT-027-Fleet-Management-SaaS,Fleet Management Saas,LT,shared-kernels|genixbank-financial-system|iza-os-financial-core|iza-os-analytics|iza-os-hr-core,deployment-orchestrator|iza-os-api-gateway|iza-os-cybersecurity-monitoring-bot,5
LT-028-Freight-AI-Optimization,Freight Ai Optimization,LT,shared-kernels|genixbank-financial-system|iza-os-financial-core|iza-os-analytics|iza-os-hr-core,deployment-orchestrator|iza-os-api-gateway|iza-os-cybersecurity-monitoring-bot,5
LT-029-Supply-Chain-Analytics,Supply Chain Analytics,LT,shared-kernels|genixbank-financial-system|iza-os-financial-core|iza-os-analytics|iza-os-hr-core,deployment-orchestrator|iza-os-api-gateway|iza-os-cybersecurity-monitoring-bot,5
LT-030-Cold-Chain-Logistics,Cold Chain Logistics,LT,shared-kernels|genixbank-financial-system|iza-os-financial-core|iza-os-analytics|iza-os-hr-core,deployment-orchestrator|iza-os-api-gateway|iza-os-cybersecurity-monitoring-bot,5
PS-001-Business-Consulting,Business Consulting,PS,shared-kernels|genixbank-financial-system|iza-os-financial-core|iza-os-analytics|iza-os-hr-core,deployment-orchestrator|iza-os-api-gateway|iza-os-cybersecurity-monitoring-bot,5
PS-002-Legal-Services,Legal Services,PS,shared-kernels|genixbank-financial-system|iza-os-financial-core|iza-os-analytics|iza-os-hr-core,deployment-orchestrator|iza-os-api-gateway|iza-os-cybersecurity-monitoring-bot,5
PS-003-Accounting-Services,Accounting Services,PS,shared-kernels|genixbank-financial-system|iza-os-financial-core|iza-os-analytics|iza-os-hr-core,deployment-orchestrator|iza-os-api-gateway|iza-os-cybersecurity-monitoring-bot,5
PS-004-HR-Consulting,Hr Consulting,PS,shared-kernels|genixbank-financial-system|iza-os-financial-core|iza-os-analytics|iza-os-hr-core,deployment-orchestrator|iza-os-api-gateway|iza-os-cybersecurity-monitoring-bot,5
PS-005-Marketing-Agency,Marketing Agency,PS,shared-kernels|genixbank-financial-system|iza-os-financial-core|iza-os-analytics|iza-os-hr-core,deployment-orchestrator|iza-os-api-gateway|iza-os-cybersecurity-monitoring-bot,5
PS-006-Web-Design-Agency,Web Design Agency,PS,shared-kernels|genixbank-financial-system|iza-os-financial-core|iza-os-analytics|iza-os-hr-core,deployment-orchestrator|iza-os-api-gateway|iza-os-cybersecurity-monitoring-bot,5
PS-007-IT-Support-Services,It Support Services,PS,shared-kernels|genixbank-financial-system|iza-os-financial-core|iza-os-analytics|iza-os-hr-core,deployment-orchestrator|iza-os-api-gateway|iza-os-cybersecurity-monitoring-bot,5
PS-008-Virtual-Assistant-Service,Virtual Assistant Service,PS,shared-kernels|genixbank-financial-system|iza-os-financial-core|iza-os-analytics|iza-os-hr-core,deployment-orchestrator|iza-os-api-gateway|iza-os-cybersecurity-monitoring-bot,5
PS-009-Bookkeeping-Service,Bookkeeping Service,PS,shared-kernels|genixbank-financial-system|iza-os-financial-core|iza-os-analytics|iza-os-hr-core,deployment-orchestrator|iza-os-api-gateway|iza-os-cybersecurity-monitoring-bot,5
PS-010-Tax-Preparation-Service,Tax Preparation Service,PS,shared-kernels|genixbank-financial-system|iza-os-financial-core|iza-os-analytics|iza-os-hr-core,deployment-orchestrator|iza-os-api-gateway|iza-os-cybersecurity-monitoring-bot,5
PS-011-Real-Estate-Agency,Real Estate Agency,PS,shared-kernels|genixbank-financial-system|iza-os-financial-core|iza-os-analytics|iza-os-hr-core,deployment-orchestrator|iza-os-api-gateway|iza-os-cybersecurity-monitoring-bot,5
PS-012-Insurance-Agency,Insurance Agency,PS,shared-kernels|genixbank-financial-system|iza-os-financial-core|iza-os-analytics|iza-os-hr-core,deployment-orchestrator|iza-os-api-gateway|iza-os-cybersecurity-monitoring-bot,5
PS-013-Financial-Planning,Financial Planning,PS,shared-kernels|genixbank-financial-system|iza-os-financial-core|iza-os-analytics|iza-os-hr-core,deployment-orchestrator|iza-os-api-gateway|iza-os-cybersecurity-monitoring-bot,5
PS-014-Event-Planning,Event Planning,PS,shared-kernels|genixbank-financial-system|iza-os-financial-core|iza-os-analytics|iza-os-hr-core,deployment-orchestrator|iza-os-api-gateway|iza-os-cybersecurity-monitoring-bot,5
PS-015-Interior-Design,Interior Design,PS,shared-kernels|genixbank-financial-system|iza-os-financial-core|iza-os-analytics|iza-os-hr-core,deployment-orchestrator|iza-os-api-gateway|iza-os-cybersecurity-monitoring-bot,5
PS-016-Photography-Service,Photography Service,PS,shared-kernels|genixbank-financial-system|iza-os-financial-core|iza-os-analytics|iza-os-hr-core,deployment-orchestrator|iza-os-api-gateway|iza-os-cybersecurity-monitoring-bot,5
PS-017-Videography-Service,Videography Service,PS,shared-kernels|genixbank-financial-system|iza-os-financial-core|iza-os-analytics|iza-os-hr-core,deployment-orchestrator|iza-os-api-gateway|iza-os-cybersecurity-monitoring-bot,5
PS-018-Translation-Services,Translation Services,PS,shared-kernels|genixbank-financial-system|iza-os-financial-core|iza-os-analytics|iza-os-hr-core,deployment-orchestrator|iza-os-api-gateway|iza-os-cybersecurity-monitoring-bot,5
PS-019-Copywriting-Service,Copywriting Service,PS,shared-kernels|genixbank-financial-system|iza-os-financial-core|iza-os-analytics|iza-os-hr-core,deployment-orchestrator|iza-os-api-gateway|iza-os-cybersecurity-monitoring-bot,5
PS-020-Social-Media-Management,Social Media Management,PS,shared-kernels|genixbank-financial-system|iza-os-financial-core|iza-os-analytics|iza-os-hr-core,deployment-orchestrator|iza-os-api-gateway|iza-os-cybersecurity-monitoring-bot,5
PS-021-SEO-Agency,Seo Agency,PS,shared-kernels|genixbank-financial-system|iza-os-financial-core|iza-os-analytics|iza-os-hr-core,deployment-orchestrator|iza-os-api-gateway|iza-os-cybersecurity-monitoring-bot,5
PS-022-PPC-Management,Ppc Management,PS,shared-kernels|genixbank-financial-system|iza-os-financial-core|iza-os-analytics|iza-os-hr-core,deployment-orchestrator|iza-os-api-gateway|iza-os-cybersecurity-monitoring-bot,5
PS-023-PR-Agency,Pr Agency,PS,shared-kernels|genixbank-financial-system|iza-os-financial-core|iza-os-analytics|iza-os-hr-core,deployment-orchestrator|iza-os-api-gateway|iza-os-cybersecurity-monitoring-bot,5
PS-024-Recruiting-Agency,Recruiting Agency,PS,shared-kernels|genixbank-financial-system|iza-os-financial-core|iza-os-analytics|iza-os-hr-core,deployment-orchestrator|iza-os-api-gateway|iza-os-cybersecurity-monitoring-bot,5
PS-025-Business-Brokerage,Business Brokerage,PS,shared-kernels|genixbank-financial-system|iza-os-financial-core|iza-os-analytics|iza-os-hr-core,deployment-orchestrator|iza-os-api-gateway|iza-os-cybersecurity-monitoring-bot,5
MC-001-YouTube-Channel-Network,Youtube Channel Network,MC,shared-kernels|genixbank-financial-system|iza-os-financial-core|iza-os-analytics|iza-os-hr-core,deployment-orchestrator|iza-os-api-gateway|iza-os-cybersecurity-monitoring-bot,5
MC-002-Podcast-Network,Podcast Network,MC,shared-kernels|genixbank-financial-system|iza-os-financial-core|iza-os-analytics|iza-os-hr-core,deployment-orchestrator|iza-os-api-gateway|iza-os-cybersecurity-monitoring-bot,5
MC-003-Blog-Network,Blog Network,MC,shared-kernels|genixbank-financial-system|iza-os-financial-core|iza-os-analytics|iza-os-hr-core,deployment-orchestrator|iza-os-api-gateway|iza-os-cybersecurity-monitoring-bot,5
MC-004-Influencer-Agency,Influencer Agency,MC,shared-kernels|genixbank-financial-system|iza-os-financial-core|iza-os-analytics|iza-os-hr-core,deployment-orchestrator|iza-os-api-gateway|iza-os-cybersecurity-monitoring-bot,5
MC-005-Content-Creation-Studio,Content Creation Studio,MC,shared-kernels|genixbank-financial-system|iza-os-financial-core|iza-os-analytics|iza-os-hr-core,deployment-orchestrator|iza-os-api-gateway|iza-os-cybersecurity-monitoring-bot,5
MC-006-Video-Production-Company,Video Production Company,MC,shared-kernels|genixbank-financial-system|iza-os-financial-core|iza-os-analytics|iza-os-hr-core,deployment-orchestrator|iza-os-api-gateway|iza-os-cybersecurity-monitoring-bot,5
MC-007-Animation-Studio,Animation Studio,MC,shared-kernels|genixbank-financial-system|iza-os-financial-core|iza-os-analytics|iza-os-hr-core,deployment-orchestrator|iza-os-api-gateway|iza-os-cybersecurity-monitoring-bot,5
MC-008-Music-Production,Music Production,MC,shared-kernels|genixbank-financial-system|iza-os-financial-core|iza-os-analytics|iza-os-hr-core,deployment-orchestrator|iza-os-api-gateway|iza-os-cybersecurity-monitoring-bot,5
MC-009-Stock-Photography,Stock Photography,MC,shared-kernels|genixbank-financial-system|iza-os-financial-core|iza-os-analytics|iza-os-hr-core,deployment-orchestrator|iza-os-api-gateway|iza-os-cybersecurity-monitoring-bot,5
MC-010-Stock-Video,Stock Video,MC,shared-kernels|genixbank-financial-system|iza-os-financial-core|iza-os-analytics|iza-os-hr-core,deployment-orchestrator|iza-os-api-gateway|iza-os-cybersecurity-monitoring-bot,5
MC-011-Online-Magazine,Online Magazine,MC,shared-kernels|genixbank-financial-system|iza-os-financial-core|iza-os-analytics|iza-os-hr-core,deployment-orchestrator|iza-os-api-gateway|iza-os-cybersecurity-monitoring-bot,5
MC-012-News-Website,News Website,MC,shared-kernels|genixbank-financial-system|iza-os-financial-core|iza-os-analytics|iza-os-hr-core,deployment-orchestrator|iza-os-api-gateway|iza-os-cybersecurity-monitoring-bot,5
MC-013-Streaming-Platform,Streaming Platform,MC,shared-kernels|genixbank-financial-system|iza-os-financial-core|iza-os-analytics|iza-os-hr-core,deployment-orchestrator|iza-os-api-gateway|iza-os-cybersecurity-monitoring-bot,5
MC-014-Gaming-Channel,Gaming Channel,MC,shared-kernels|genixbank-financial-system|iza-os-financial-core|iza-os-analytics|iza-os-hr-core,deployment-orchestrator|iza-os-api-gateway|iza-os-cybersecurity-monitoring-bot,5
MC-015-Esports-Team,Esports Team,MC,shared-kernels|genixbank-financial-system|iza-os-financial-core|iza-os-analytics|iza-os-hr-core,deployment-orchestrator|iza-os-api-gateway|iza-os-cybersecurity-monitoring-bot,5
MC-016-Virtual-Events-Platform,Virtual Events Platform,MC,shared-kernels|genixbank-financial-system|iza-os-financial-core|iza-os-analytics|iza-os-hr-core,deployment-orchestrator|iza-os-api-gateway|iza-os-cybersecurity-monitoring-bot,5
MC-017-Online-Course-Platform,Online Course Platform,MC,shared-kernels|genixbank-financial-system|iza-os-financial-core|iza-os-analytics|iza-os-hr-core,deployment-orchestrator|iza-os-api-gateway|iza-os-cybersecurity-monitoring-bot,5
MC-018-Membership-Site,Membership Site,MC,shared-kernels|genixbank-financial-system|iza-os-financial-core|iza-os-analytics|iza-os-hr-core,deployment-orchestrator|iza-os-api-gateway|iza-os-cybersecurity-monitoring-bot,5
MC-019-Digital-Download-Store,Digital Download Store,MC,shared-kernels|genixbank-financial-system|iza-os-financial-core|iza-os-analytics|iza-os-hr-core,deployment-orchestrator|iza-os-api-gateway|iza-os-cybersecurity-monitoring-bot,5
MC-020-NFT-Marketplace,Nft Marketplace,MC,shared-kernels|genixbank-financial-system|iza-os-financial-core|iza-os-analytics|iza-os-hr-core,deployment-orchestrator|iza-os-api-gateway|iza-os-cybersecurity-monitoring-bot,5
ET-001-Online-Tutoring-Platform,Online Tutoring Platform,ET,shared-kernels|genixbank-financial-system|iza-os-financial-core|iza-os-analytics|iza-os-hr-core,deployment-orchestrator|iza-os-api-gateway|iza-os-cybersecurity-monitoring-bot,5
ET-002-Language-Learning-App,Language Learning App,ET,shared-kernels|genixbank-financial-system|iza-os-financial-core|iza-os-analytics|iza-os-hr-core,deployment-orchestrator|iza-os-api-gateway|iza-os-cybersecurity-monitoring-bot,5
ET-003-Test-Prep-Service,Test Prep Service,ET,shared-kernels|genixbank-financial-system|iza-os-financial-core|iza-os-analytics|iza-os-hr-core,deployment-orchestrator|iza-os-api-gateway|iza-os-cybersecurity-monitoring-bot,5
ET-004-Coding-Bootcamp,Coding Bootcamp,ET,shared-kernels|genixbank-financial-system|iza-os-financial-core|iza-os-analytics|iza-os-hr-core,deployment-orchestrator|iza-os-api-gateway|iza-os-cybersecurity-monitoring-bot,5
ET-005-Professional-Certification,Professional Certification,ET,shared-kernels|genixbank-financial-system|iza-os-financial-core|iza-os-analytics|iza-os-hr-core,deployment-orchestrator|iza-os-api-gateway|iza-os-cybersecurity-monitoring-bot,5
ET-006-Corporate-Training,Corporate Training,ET,shared-kernels|genixbank-financial-system|iza-os-financial-core|iza-os-analytics|iza-os-hr-core,deployment-orchestrator|iza-os-api-gateway|iza-os-cybersecurity-monitoring-bot,5
ET-007-Skills-Assessment-Platform,Skills Assessment Platform,ET,shared-kernels|genixbank-financial-system|iza-os-financial-core|iza-os-analytics|iza-os-hr-core,deployment-orchestrator|iza-os-api-gateway|iza-os-cybersecurity-monitoring-bot,5
ET-008-Career-Coaching,Career Coaching,ET,shared-kernels|genixbank-financial-system|iza-os-financial-core|iza-os-analytics|iza-os-hr-core,deployment-orchestrator|iza-os-api-gateway|iza-os-cybersecurity-monitoring-bot,5
ET-009-Resume-Writing-Service,Resume Writing Service,ET,shared-kernels|genixbank-financial-system|iza-os-financial-core|iza-os-analytics|iza-os-hr-core,deployment-orchestrator|iza-os-api-gateway|iza-os-cybersecurity-monitoring-bot,5
ET-010-Interview-Prep-Platform,Interview Prep Platform,ET,shared-kernels|genixbank-financial-system|iza-os-financial-core|iza-os-analytics|iza-os-hr-core,deployment-orchestrator|iza-os-api-gateway|iza-os-cybersecurity-monitoring-bot,5
ET-011-Mentorship-Platform,Mentorship Platform,ET,shared-kernels|genixbank-financial-system|iza-os-financial-core|iza-os-analytics|iza-os-hr-core,deployment-orchestrator|iza-os-api-gateway|iza-os-cybersecurity-monitoring-bot,5
ET-012-Educational-Content-Library,Educational Content Library,ET,shared-kernels|genixbank-financial-system|iza-os-financial-core|iza-os-analytics|iza-os-hr-core,deployment-orchestrator|iza-os-api-gateway|iza-os-cybersecurity-monitoring-bot,5
ET-013-VR-Training-Simulations,Vr Training Simulations,ET,shared-kernels|genixbank-financial-system|iza-os-financial-core|iza-os-analytics|iza-os-hr-core,deployment-orchestrator|iza-os-api-gateway|iza-os-cybersecurity-monitoring-bot,5
ET-014-Gamified-Learning-App,Gamified Learning App,ET,shared-kernels|genixbank-financial-system|iza-os-financial-core|iza-os-analytics|iza-os-hr-core,deployment-orchestrator|iza-os-api-gateway|iza-os-cybersecurity-monitoring-bot,5
ET-015-Homeschool-Curriculum,Homeschool Curriculum,ET,shared-kernels|genixbank-financial-system|iza-os-financial-core|iza-os-analytics|iza-os-hr-core,deployment-orchestrator|iza-os-api-gateway|iza-os-cybersecurity-monitoring-bot,5
ST-001-SaaS-Platform,Saas Platform,ST,shared-kernels|genixbank-financial-system|iza-os-financial-core|iza-os-analytics|iza-os-hr-core,deployment-orchestrator|iza-os-api-gateway|iza-os-cybersecurity-monitoring-bot,5
ST-002-Mobile-App-Development,Mobile App Development,ST,shared-kernels|genixbank-financial-system|iza-os-financial-core|iza-os-analytics|iza-os-hr-core,deployment-orchestrator|iza-os-api-gateway|iza-os-cybersecurity-monitoring-bot,5
ST-003-Web-Development-Agency,Web Development Agency,ST,shared-kernels|genixbank-financial-system|iza-os-financial-core|iza-os-analytics|iza-os-hr-core,deployment-orchestrator|iza-os-api-gateway|iza-os-cybersecurity-monitoring-bot,5
ST-004-Custom-Software-Development,Custom Software Development,ST,shared-kernels|genixbank-financial-system|iza-os-financial-core|iza-os-analytics|iza-os-hr-core,deployment-orchestrator|iza-os-api-gateway|iza-os-cybersecurity-monitoring-bot,5
ST-005-API-Development,Api Development,ST,shared-kernels|genixbank-financial-system|iza-os-financial-core|iza-os-analytics|iza-os-hr-core,deployment-orchestrator|iza-os-api-gateway|iza-os-cybersecurity-monitoring-bot,5
ST-006-Cloud-Infrastructure,Cloud Infrastructure,ST,shared-kernels|genixbank-financial-system|iza-os-financial-core|iza-os-analytics|iza-os-hr-core,deployment-orchestrator|iza-os-api-gateway|iza-os-cybersecurity-monitoring-bot,5
ST-007-DevOps-Consulting,Devops Consulting,ST,shared-kernels|genixbank-financial-system|iza-os-financial-core|iza-os-analytics|iza-os-hr-core,deployment-orchestrator|iza-os-api-gateway|iza-os-cybersecurity-monitoring-bot,5
ST-008-Cybersecurity-Service,Cybersecurity Service,ST,shared-kernels|genixbank-financial-system|iza-os-financial-core|iza-os-analytics|iza-os-hr-core,deployment-orchestrator|iza-os-api-gateway|iza-os-cybersecurity-monitoring-bot,5
ST-009-Data-Analytics-Platform,Data Analytics Platform,ST,shared-kernels|genixbank-financial-system|iza-os-financial-core|iza-os-analytics|iza-os-hr-core,deployment-orchestrator|iza-os-api-gateway|iza-os-cybersecurity-monitoring-bot,5
ST-010-Business-Intelligence-Tool,Business Intelligence Tool,ST,shared-kernels|genixbank-financial-system|iza-os-financial-core|iza-os-analytics|iza-os-hr-core,deployment-orchestrator|iza-os-api-gateway|iza-os-cybersecurity-monitoring-bot,5
ST-011-CRM-Platform,Crm Platform,ST,shared-kernels|genixbank-financial-system|iza-os-financial-core|iza-os-analytics|iza-os-hr-core,deployment-orchestrator|iza-os-api-gateway|iza-os-cybersecurity-monitoring-bot,5
ST-012-Project-Management-Tool,Project Management Tool,ST,shared-kernels|genixbank-financial-system|iza-os-financial-core|iza-os-analytics|iza-os-hr-core,deployment-orchestrator|iza-os-api-gateway|iza-os-cybersecurity-monitoring-bot,5
ST-013-Communication-Platform,Communication Platform,ST,shared-kernels|genixbank-financial-system|iza-os-financial-core|iza-os-analytics|iza-os-hr-core,deployment-orchestrator|iza-os-api-gateway|iza-os-cybersecurity-monitoring-bot,5
ST-014-Collaboration-Software,Collaboration Software,ST,shared-kernels|genixbank-financial-system|iza-os-financial-core|iza-os-analytics|iza-os-hr-core,deployment-orchestrator|iza-os-api-gateway|iza-os-cybersecurity-monitoring-bot,5
ST-015-Automation-Platform,Automation Platform,ST,shared-kernels|genixbank-financial-system|iza-os-financial-core|iza-os-analytics|iza-os-hr-core,deployment-orchestrator|iza-os-api-gateway|iza-os-cybersecurity-monitoring-bot,5
ST-016-AI,Ai,ST,shared-kernels|genixbank-financial-system|iza-os-financial-core|iza-os-analytics|iza-os-hr-core,deployment-orchestrator|iza-os-api-gateway|iza-os-cybersecurity-monitoring-bot,5
ST-017-Chatbot-Builder,Chatbot Builder,ST,shared-kernels|genixbank-financial-system|iza-os-financial-core|iza-os-analytics|iza-os-hr-core,deployment-orchestrator|iza-os-api-gateway|iza-os-cybersecurity-monitoring-bot,5
ST-018-E-commerce-Platform,E Commerce Platform,ST,shared-kernels|genixbank-financial-system|iza-os-financial-core|iza-os-analytics|iza-os-hr-core,deployment-orchestrator|iza-os-api-gateway|iza-os-cybersecurity-monitoring-bot,5
ST-019-Payment-Processing,Payment Processing,ST,shared-kernels|genixbank-financial-system|iza-os-financial-core|iza-os-analytics|iza-os-hr-core,deployment-orchestrator|iza-os-api-gateway|iza-os-cybersecurity-monitoring-bot,5
ST-020-Blockchain-Platform,Blockchain Platform,ST,shared-kernels|genixbank-financial-system|iza-os-financial-core|iza-os-analytics|iza-os-hr-core,deployment-orchestrator|iza-os-api-gateway|iza-os-cybersecurity-monitoring-bot,5
ST-021-IoT-Platform,Iot Platform,ST,shared-kernels|genixbank-financial-system|iza-os-financial-core|iza-os-analytics|iza-os-hr-core,deployment-orchestrator|iza-os-api-gateway|iza-os-cybersecurity-monitoring-bot,5
ST-022-AR,Ar,ST,shared-kernels|genixbank-financial-system|iza-os-financial-core|iza-os-analytics|iza-os-hr-core,deployment-orchestrator|iza-os-api-gateway|iza-os-cybersecurity-monitoring-bot,5
ST-023-Game-Development,Game Development,ST,shared-kernels|genixbank-financial-system|iza-os-financial-core|iza-os-analytics|iza-os-hr-core,deployment-orchestrator|iza-os-api-gateway|iza-os-cybersecurity-monitoring-bot,5
ST-024-Marketing-Automation,Marketing Automation,ST,shared-kernels|genixbank-financial-system|iza-os-financial-core|iza-os-analytics|iza-os-hr-core,deployment-orchestrator|iza-os-api-gateway|iza-os-cybersecurity-monitoring-bot,5
ST-025-Sales-Automation,Sales Automation,ST,shared-kernels|genixbank-financial-system|iza-os-financial-core|iza-os-analytics|iza-os-hr-core,deployment-orchestrator|iza-os-api-gateway|iza-os-cybersecurity-monitoring-bot,5
ST-026-HR-Tech-Platform,Hr Tech Platform,ST,shared-kernels|genixbank-financial-system|iza-os-financial-core|iza-os-analytics|iza-os-hr-core,deployment-orchestrator|iza-os-api-gateway|iza-os-cybersecurity-monitoring-bot,5
ST-027-Legal-Tech-Platform,Legal Tech Platform,ST,shared-kernels|genixbank-financial-system|iza-os-financial-core|iza-os-analytics|iza-os-hr-core,deployment-orchestrator|iza-os-api-gateway|iza-os-cybersecurity-monitoring-bot,5
ST-028-Health-Tech-Platform,Health Tech Platform,ST,shared-kernels|genixbank-financial-system|iza-os-financial-core|iza-os-analytics|iza-os-hr-core,deployment-orchestrator|iza-os-api-gateway|iza-os-cybersecurity-monitoring-bot,5
ST-029-EdTech-Platform,Edtech Platform,ST,shared-kernels|genixbank-financial-system|iza-os-financial-core|iza-os-analytics|iza-os-hr-core,deployment-orchestrator|iza-os-api-gateway|iza-os-cybersecurity-monitoring-bot,5
ST-030-PropTech-Platform,Proptech Platform,ST,shared-kernels|genixbank-financial-system|iza-os-financial-core|iza-os-analytics|iza-os-hr-core,deployment-orchestrator|iza-os-api-gateway|iza-os-cybersecurity-monitoring-bot,5
EC-001-Angels-in-Daylight,Angels In Daylight,EC,shared-kernels|genixbank-financial-system|iza-os-financial-core|iza-os-analytics|iza-os-hr-core|iza-os-customer-service-chatbot-bot|iza-os-sales-core,deployment-orchestrator|iza-os-api-gateway|iza-os-cybersecurity-monitoring-bot,7
EC-002-New-World-Apparel,New World Apparel,EC,shared-kernels|genixbank-financial-system|iza-os-financial-core|iza-os-analytics|iza-os-hr-core|iza-os-customer-service-chatbot-bot|iza-os-sales-core,deployment-orchestrator|iza-os-api-gateway|iza-os-cybersecurity-monitoring-bot,7
EC-003-Shopify-Autopilot,Shopify Autopilot,EC,shared-kernels|genixbank-financial-system|iza-os-financial-core|iza-os-analytics|iza-os-hr-core|iza-os-customer-service-chatbot-bot|iza-os-sales-core,deployment-orchestrator|iza-os-api-gateway|iza-os-cybersecurity-monitoring-bot,7
EC-004-Shoe-Customizer,Shoe Customizer,EC,shared-kernels|genixbank-financial-system|iza-os-financial-core|iza-os-analytics|iza-os-hr-core|iza-os-customer-service-chatbot-bot|iza-os-sales-core,deployment-orchestrator|iza-os-api-gateway|iza-os-cybersecurity-monitoring-bot,7
EC-005-Sunglasses-AI,Sunglasses Ai,EC,shared-kernels|genixbank-financial-system|iza-os-financial-core|iza-os-analytics|iza-os-hr-core|iza-os-customer-service-chatbot-bot|iza-os-sales-core,deployment-orchestrator|iza-os-api-gateway|iza-os-cybersecurity-monitoring-bot,7
EC-006-Dropship-Hub,Dropship Hub,EC,shared-kernels|genixbank-financial-system|iza-os-financial-core|iza-os-analytics|iza-os-hr-core|iza-os-customer-service-chatbot-bot|iza-os-sales-core,deployment-orchestrator|iza-os-api-gateway|iza-os-cybersecurity-monitoring-bot,7
EC-007-Personal-Shopper-AI,Personal Shopper Ai,EC,shared-kernels|genixbank-financial-system|iza-os-financial-core|iza-os-analytics|iza-os-hr-core|iza-os-customer-service-chatbot-bot|iza-os-sales-core,deployment-orchestrator|iza-os-api-gateway|iza-os-cybersecurity-monitoring-bot,7
EC-008-Custom-Sneaker-AI,Custom Sneaker Ai,EC,shared-kernels|genixbank-financial-system|iza-os-financial-core|iza-os-analytics|iza-os-hr-core|iza-os-customer-service-chatbot-bot|iza-os-sales-core,deployment-orchestrator|iza-os-api-gateway|iza-os-cybersecurity-monitoring-bot,7
EC-009-Sustainable-Fashion-AI,Sustainable Fashion Ai,EC,shared-kernels|genixbank-financial-system|iza-os-financial-core|iza-os-analytics|iza-os-hr-core|iza-os-customer-service-chatbot-bot|iza-os-sales-core,deployment-orchestrator|iza-os-api-gateway|iza-os-cybersecurity-monitoring-bot,7
EC-010-Jewelry-Designer-AI,Jewelry Designer Ai,EC,shared-kernels|genixbank-financial-system|iza-os-financial-core|iza-os-analytics|iza-os-hr-core|iza-os-customer-service-chatbot-bot|iza-os-sales-core,deployment-orchestrator|iza-os-api-gateway|iza-os-cybersecurity-monitoring-bot,7
EC-011-Virtual-Try-On-AI,Virtual Try On Ai,EC,shared-kernels|genixbank-financial-system|iza-os-financial-core|iza-os-analytics|iza-os-hr-core|iza-os-customer-service-chatbot-bot|iza-os-sales-core,deployment-orchestrator|iza-os-api-gateway|iza-os-cybersecurity-monitoring-bot,7
EC-012-Fashion-Designer-AI,Fashion Designer Ai,EC,shared-kernels|genixbank-financial-system|iza-os-financial-core|iza-os-analytics|iza-os-hr-core|iza-os-customer-service-chatbot-bot|iza-os-sales-core,deployment-orchestrator|iza-os-api-gateway|iza-os-cybersecurity-monitoring-bot,7
EC-013-Merch-Licensing,Merch Licensing,EC,shared-kernels|genixbank-financial-system|iza-os-financial-core|iza-os-analytics|iza-os-hr-core|iza-os-customer-service-chatbot-bot|iza-os-sales-core,deployment-orchestrator|iza-os-api-gateway|iza-os-cybersecurity-monitoring-bot,7
EC-014-Subscription-Box-AI,Subscription Box Ai,EC,shared-kernels|genixbank-financial-system|iza-os-financial-core|iza-os-analytics|iza-os-hr-core|iza-os-customer-service-chatbot-bot|iza-os-sales-core,deployment-orchestrator|iza-os-api-gateway|iza-os-cybersecurity-monitoring-bot,7
EC-015-Surf-Gear-AI,Surf Gear Ai,EC,shared-kernels|genixbank-financial-system|iza-os-financial-core|iza-os-analytics|iza-os-hr-core|iza-os-customer-service-chatbot-bot|iza-os-sales-core,deployment-orchestrator|iza-os-api-gateway|iza-os-cybersecurity-monitoring-bot,7
EC-016-Ski-Gear-AI,Ski Gear Ai,EC,shared-kernels|genixbank-financial-system|iza-os-financial-core|iza-os-analytics|iza-os-hr-core|iza-os-customer-service-chatbot-bot|iza-os-sales-core,deployment-orchestrator|iza-os-api-gateway|iza-os-cybersecurity-monitoring-bot,7
EC-017-Golf-Gear-AI,Golf Gear Ai,EC,shared-kernels|genixbank-financial-system|iza-os-financial-core|iza-os-analytics|iza-os-hr-core|iza-os-customer-service-chatbot-bot|iza-os-sales-core,deployment-orchestrator|iza-os-api-gateway|iza-os-cybersecurity-monitoring-bot,7
EC-018-Fishing-Gear-AI,Fishing Gear Ai,EC,shared-kernels|genixbank-financial-system|iza-os-financial-core|iza-os-analytics|iza-os-hr-core|iza-os-customer-service-chatbot-bot|iza-os-sales-core,deployment-orchestrator|iza-os-api-gateway|iza-os-cybersecurity-monitoring-bot,7
EC-019-Yoga-Gear-AI,Yoga Gear Ai,EC,shared-kernels|genixbank-financial-system|iza-os-financial-core|iza-os-analytics|iza-os-hr-core|iza-os-customer-service-chatbot-bot|iza-os-sales-core,deployment-orchestrator|iza-os-api-gateway|iza-os-cybersecurity-monitoring-bot,7
EC-020-Costume-Shop-AI,Costume Shop Ai,EC,shared-kernels|genixbank-financial-system|iza-os-financial-core|iza-os-analytics|iza-os-hr-core|iza-os-customer-service-chatbot-bot|iza-os-sales-core,deployment-orchestrator|iza-os-api-gateway|iza-os-cybersecurity-monitoring-bot,7
EC-021-Luggage-AI,Luggage Ai,EC,shared-kernels|genixbank-financial-system|iza-os-financial-core|iza-os-analytics|iza-os-hr-core|iza-os-customer-service-chatbot-bot|iza-os-sales-core,deployment-orchestrator|iza-os-api-gateway|iza-os-cybersecurity-monitoring-bot,7
EC-022-Home-Appliance-AI,Home Appliance Ai,EC,shared-kernels|genixbank-financial-system|iza-os-financial-core|iza-os-analytics|iza-os-hr-core|iza-os-customer-service-chatbot-bot|iza-os-sales-core,deployment-orchestrator|iza-os-api-gateway|iza-os-cybersecurity-monitoring-bot,7
EC-023-Tool-Shop-AI,Tool Shop Ai,EC,shared-kernels|genixbank-financial-system|iza-os-financial-core|iza-os-analytics|iza-os-hr-core|iza-os-customer-service-chatbot-bot|iza-os-sales-core,deployment-orchestrator|iza-os-api-gateway|iza-os-cybersecurity-monitoring-bot,7
EC-024-Garden-Supply-AI,Garden Supply Ai,EC,shared-kernels|genixbank-financial-system|iza-os-financial-core|iza-os-analytics|iza-os-hr-core|iza-os-customer-service-chatbot-bot|iza-os-sales-core,deployment-orchestrator|iza-os-api-gateway|iza-os-cybersecurity-monitoring-bot,7
EC-025-Collectible-AI,Collectible Ai,EC,shared-kernels|genixbank-financial-system|iza-os-financial-core|iza-os-analytics|iza-os-hr-core|iza-os-customer-service-chatbot-bot|iza-os-sales-core,deployment-orchestrator|iza-os-api-gateway|iza-os-cybersecurity-monitoring-bot,7
EC-026-Hobby-Shop-AI,Hobby Shop Ai,EC,shared-kernels|genixbank-financial-system|iza-os-financial-core|iza-os-analytics|iza-os-hr-core|iza-os-customer-service-chatbot-bot|iza-os-sales-core,deployment-orchestrator|iza-os-api-gateway|iza-os-cybersecurity-monitoring-bot,7
EC-027-Kids-Toy-Line,Kids Toy Line,EC,shared-kernels|genixbank-financial-system|iza-os-financial-core|iza-os-analytics|iza-os-hr-core|iza-os-customer-service-chatbot-bot|iza-os-sales-core,deployment-orchestrator|iza-os-api-gateway|iza-os-cybersecurity-monitoring-bot,7
EC-028-NFT-Fashion-Licensing,Nft Fashion Licensing,EC,shared-kernels|genixbank-financial-system|iza-os-financial-core|iza-os-analytics|iza-os-hr-core|iza-os-customer-service-chatbot-bot|iza-os-sales-core,deployment-orchestrator|iza-os-api-gateway|iza-os-cybersecurity-monitoring-bot,7
EC-029-Instant-Brand-Generator,Instant Brand Generator,EC,shared-kernels|genixbank-financial-system|iza-os-financial-core|iza-os-analytics|iza-os-hr-core|iza-os-customer-service-chatbot-bot|iza-os-sales-core,deployment-orchestrator|iza-os-api-gateway|iza-os-cybersecurity-monitoring-bot,7
EC-030-AI-Product-Photographer,Ai Product Photographer,EC,shared-kernels|genixbank-financial-system|iza-os-financial-core|iza-os-analytics|iza-os-hr-core|iza-os-customer-service-chatbot-bot|iza-os-sales-core,deployment-orchestrator|iza-os-api-gateway|iza-os-cybersecurity-monitoring-bot,7
EC-031-Automated-Inventory-Forecaster,Automated Inventory Forecaster,EC,shared-kernels|genixbank-financial-system|iza-os-financial-core|iza-os-analytics|iza-os-hr-core|iza-os-customer-service-chatbot-bot|iza-os-sales-core,deployment-orchestrator|iza-os-api-gateway|iza-os-cybersecurity-monitoring-bot,7
EC-032-Dynamic-Pricing-Engine,Dynamic Pricing Engine,EC,shared-kernels|genixbank-financial-system|iza-os-financial-core|iza-os-analytics|iza-os-hr-core|iza-os-customer-service-chatbot-bot|iza-os-sales-core,deployment-orchestrator|iza-os-api-gateway|iza-os-cybersecurity-monitoring-bot,7
EC-033-Ad-Optimizer-AI,Ad Optimizer Ai,EC,shared-kernels|genixbank-financial-system|iza-os-financial-core|iza-os-analytics|iza-os-hr-core|iza-os-customer-service-chatbot-bot|iza-os-sales-core,deployment-orchestrator|iza-os-api-gateway|iza-os-cybersecurity-monitoring-bot,7
EC-034-Recommendation-Engine,Recommendation Engine,EC,shared-kernels|genixbank-financial-system|iza-os-financial-core|iza-os-analytics|iza-os-hr-core|iza-os-customer-service-chatbot-bot|iza-os-sales-core,deployment-orchestrator|iza-os-api-gateway|iza-os-cybersecurity-monitoring-bot,7
EC-035-Review-Aggregator-AI,Review Aggregator Ai,EC,shared-kernels|genixbank-financial-system|iza-os-financial-core|iza-os-analytics|iza-os-hr-core|iza-os-customer-service-chatbot-bot|iza-os-sales-core,deployment-orchestrator|iza-os-api-gateway|iza-os-cybersecurity-monitoring-bot,7
EC-036-Fulfillment-Network-AI,Fulfillment Network Ai,EC,shared-kernels|genixbank-financial-system|iza-os-financial-core|iza-os-analytics|iza-os-hr-core|iza-os-customer-service-chatbot-bot|iza-os-sales-core,deployment-orchestrator|iza-os-api-gateway|iza-os-cybersecurity-monitoring-bot,7
EC-037-Return-Optimization-AI,Return Optimization Ai,EC,shared-kernels|genixbank-financial-system|iza-os-financial-core|iza-os-analytics|iza-os-hr-core|iza-os-customer-service-chatbot-bot|iza-os-sales-core,deployment-orchestrator|iza-os-api-gateway|iza-os-cybersecurity-monitoring-bot,7
EC-038-Chatbot-Customer-Service,Chatbot Customer Service,EC,shared-kernels|genixbank-financial-system|iza-os-financial-core|iza-os-analytics|iza-os-hr-core|iza-os-customer-service-chatbot-bot|iza-os-sales-core,deployment-orchestrator|iza-os-api-gateway|iza-os-cybersecurity-monitoring-bot,7
EC-039-Visual-Search-AI,Visual Search Ai,EC,shared-kernels|genixbank-financial-system|iza-os-financial-core|iza-os-analytics|iza-os-hr-core|iza-os-customer-service-chatbot-bot|iza-os-sales-core,deployment-orchestrator|iza-os-api-gateway|iza-os-cybersecurity-monitoring-bot,7
EC-040-Abandoned-Cart-Recovery,Abandoned Cart Recovery,EC,shared-kernels|genixbank-financial-system|iza-os-financial-core|iza-os-analytics|iza-os-hr-core|iza-os-customer-service-chatbot-bot|iza-os-sales-core,deployment-orchestrator|iza-os-api-gateway|iza-os-cybersecurity-monitoring-bot,7
EC-041-Seasonal-Trend-Predictor,Seasonal Trend Predictor,EC,shared-kernels|genixbank-financial-system|iza-os-financial-core|iza-os-analytics|iza-os-hr-core|iza-os-customer-service-chatbot-bot|iza-os-sales-core,deployment-orchestrator|iza-os-api-gateway|iza-os-cybersecurity-monitoring-bot,7
EC-042-Influencer-Matchmaker,Influencer Matchmaker,EC,shared-kernels|genixbank-financial-system|iza-os-financial-core|iza-os-analytics|iza-os-hr-core|iza-os-customer-service-chatbot-bot|iza-os-sales-core,deployment-orchestrator|iza-os-api-gateway|iza-os-cybersecurity-monitoring-bot,7
EC-043-UGC-Content-Aggregator,Ugc Content Aggregator,EC,shared-kernels|genixbank-financial-system|iza-os-financial-core|iza-os-analytics|iza-os-hr-core|iza-os-customer-service-chatbot-bot|iza-os-sales-core,deployment-orchestrator|iza-os-api-gateway|iza-os-cybersecurity-monitoring-bot,7
EC-044-Live-Commerce-Platform,Live Commerce Platform,EC,shared-kernels|genixbank-financial-system|iza-os-financial-core|iza-os-analytics|iza-os-hr-core|iza-os-customer-service-chatbot-bot|iza-os-sales-core,deployment-orchestrator|iza-os-api-gateway|iza-os-cybersecurity-monitoring-bot,7
EC-045-AR-Virtual-Fitting-Room,Ar Virtual Fitting Room,EC,shared-kernels|genixbank-financial-system|iza-os-financial-core|iza-os-analytics|iza-os-hr-core|iza-os-customer-service-chatbot-bot|iza-os-sales-core,deployment-orchestrator|iza-os-api-gateway|iza-os-cybersecurity-monitoring-bot,7
EC-046-3D-Product-Viewer,3D Product Viewer,EC,shared-kernels|genixbank-financial-system|iza-os-financial-core|iza-os-analytics|iza-os-hr-core|iza-os-customer-service-chatbot-bot|iza-os-sales-core,deployment-orchestrator|iza-os-api-gateway|iza-os-cybersecurity-monitoring-bot,7
EC-047-Carbon-Footprint-Tracker,Carbon Footprint Tracker,EC,shared-kernels|genixbank-financial-system|iza-os-financial-core|iza-os-analytics|iza-os-hr-core|iza-os-customer-service-chatbot-bot|iza-os-sales-core,deployment-orchestrator|iza-os-api-gateway|iza-os-cybersecurity-monitoring-bot,7
EC-048-Wholesale-Marketplace-AI,Wholesale Marketplace Ai,EC,shared-kernels|genixbank-financial-system|iza-os-financial-core|iza-os-analytics|iza-os-hr-core|iza-os-customer-service-chatbot-bot|iza-os-sales-core,deployment-orchestrator|iza-os-api-gateway|iza-os-cybersecurity-monitoring-bot,7
EC-049-Rental-Marketplace,Rental Marketplace,EC,shared-kernels|genixbank-financial-system|iza-os-financial-core|iza-os-analytics|iza-os-hr-core|iza-os-customer-service-chatbot-bot|iza-os-sales-core,deployment-orchestrator|iza-os-api-gateway|iza-os-cybersecurity-monitoring-bot,7
EC-050-AI-Product-Descriptions,Ai Product Descriptions,EC,shared-kernels|genixbank-financial-system|iza-os-financial-core|iza-os-analytics|iza-os-hr-core|iza-os-customer-service-chatbot-bot|iza-os-sales-core,deployment-orchestrator|iza-os-api-gateway|iza-os-cybersecurity-monitoring-bot,7
EC-051-AI-Email-Marketing,Ai Email Marketing,EC,shared-kernels|genixbank-financial-system|iza-os-financial-core|iza-os-analytics|iza-os-hr-core|iza-os-customer-service-chatbot-bot|iza-os-sales-core,deployment-orchestrator|iza-os-api-gateway|iza-os-cybersecurity-monitoring-bot,7
EC-052-AI-Product-Bundler,Ai Product Bundler,EC,shared-kernels|genixbank-financial-system|iza-os-financial-core|iza-os-analytics|iza-os-hr-core|iza-os-customer-service-chatbot-bot|iza-os-sales-core,deployment-orchestrator|iza-os-api-gateway|iza-os-cybersecurity-monitoring-bot,7
EC-053-AI-Visual-Merchandiser,Ai Visual Merchandiser,EC,shared-kernels|genixbank-financial-system|iza-os-financial-core|iza-os-analytics|iza-os-hr-core|iza-os-customer-service-chatbot-bot|iza-os-sales-core,deployment-orchestrator|iza-os-api-gateway|iza-os-cybersecurity-monitoring-bot,7
EC-054-AI-Demand-Forecasting,Ai Demand Forecasting,EC,shared-kernels|genixbank-financial-system|iza-os-financial-core|iza-os-analytics|iza-os-hr-core|iza-os-customer-service-chatbot-bot|iza-os-sales-core,deployment-orchestrator|iza-os-api-gateway|iza-os-cybersecurity-monitoring-bot,7
EC-055-AI-Warehouse-Management,Ai Warehouse Management,EC,shared-kernels|genixbank-financial-system|iza-os-financial-core|iza-os-analytics|iza-os-hr-core|iza-os-customer-service-chatbot-bot|iza-os-sales-core,deployment-orchestrator|iza-os-api-gateway|iza-os-cybersecurity-monitoring-bot,7
EC-056-AI-Supplier-Matching,Ai Supplier Matching,EC,shared-kernels|genixbank-financial-system|iza-os-financial-core|iza-os-analytics|iza-os-hr-core|iza-os-customer-service-chatbot-bot|iza-os-sales-core,deployment-orchestrator|iza-os-api-gateway|iza-os-cybersecurity-monitoring-bot,7
EC-057-AI-Quality-Control,Ai Quality Control,EC,shared-kernels|genixbank-financial-system|iza-os-financial-core|iza-os-analytics|iza-os-hr-core|iza-os-customer-service-chatbot-bot|iza-os-sales-core,deployment-orchestrator|iza-os-api-gateway|iza-os-cybersecurity-monitoring-bot,7
EC-058-AI-Packaging-Designer,Ai Packaging Designer,EC,shared-kernels|genixbank-financial-system|iza-os-financial-core|iza-os-analytics|iza-os-hr-core|iza-os-customer-service-chatbot-bot|iza-os-sales-core,deployment-orchestrator|iza-os-api-gateway|iza-os-cybersecurity-monitoring-bot,7
EC-059-AI-Logistics-Planner,Ai Logistics Planner,EC,shared-kernels|genixbank-financial-system|iza-os-financial-core|iza-os-analytics|iza-os-hr-core|iza-os-customer-service-chatbot-bot|iza-os-sales-core,deployment-orchestrator|iza-os-api-gateway|iza-os-cybersecurity-monitoring-bot,7
EC-060-AI-Customer-Loyalty,Ai Customer Loyalty,EC,shared-kernels|genixbank-financial-system|iza-os-financial-core|iza-os-analytics|iza-os-hr-core|iza-os-customer-service-chatbot-bot|iza-os-sales-core,deployment-orchestrator|iza-os-api-gateway|iza-os-cybersecurity-monitoring-bot,7
EC-061-AI-Gift-Finder,Ai Gift Finder,EC,shared-kernels|genixbank-financial-system|iza-os-financial-core|iza-os-analytics|iza-os-hr-core|iza-os-customer-service-chatbot-bot|iza-os-sales-core,deployment-orchestrator|iza-os-api-gateway|iza-os-cybersecurity-monitoring-bot,7
EC-062-AI-Trend-Hunter,Ai Trend Hunter,EC,shared-kernels|genixbank-financial-system|iza-os-financial-core|iza-os-analytics|iza-os-hr-core|iza-os-customer-service-chatbot-bot|iza-os-sales-core,deployment-orchestrator|iza-os-api-gateway|iza-os-cybersecurity-monitoring-bot,7
EC-063-AI-Market-Research,Ai Market Research,EC,shared-kernels|genixbank-financial-system|iza-os-financial-core|iza-os-analytics|iza-os-hr-core|iza-os-customer-service-chatbot-bot|iza-os-sales-core,deployment-orchestrator|iza-os-api-gateway|iza-os-cybersecurity-monitoring-bot,7
EC-064-AI-Competitor-Watcher,Ai Competitor Watcher,EC,shared-kernels|genixbank-financial-system|iza-os-financial-core|iza-os-analytics|iza-os-hr-core|iza-os-customer-service-chatbot-bot|iza-os-sales-core,deployment-orchestrator|iza-os-api-gateway|iza-os-cybersecurity-monitoring-bot,7
EC-065-AI-Product-Development,Ai Product Development,EC,shared-kernels|genixbank-financial-system|iza-os-financial-core|iza-os-analytics|iza-os-hr-core|iza-os-customer-service-chatbot-bot|iza-os-sales-core,deployment-orchestrator|iza-os-api-gateway|iza-os-cybersecurity-monitoring-bot,7
EC-066-AI-Customer-Journey,Ai Customer Journey,EC,shared-kernels|genixbank-financial-system|iza-os-financial-core|iza-os-analytics|iza-os-hr-core|iza-os-customer-service-chatbot-bot|iza-os-sales-core,deployment-orchestrator|iza-os-api-gateway|iza-os-cybersecurity-monitoring-bot,7
EC-067-AI-Payment-Optimization,Ai Payment Optimization,EC,shared-kernels|genixbank-financial-system|iza-os-financial-core|iza-os-analytics|iza-os-hr-core|iza-os-customer-service-chatbot-bot|iza-os-sales-core,deployment-orchestrator|iza-os-api-gateway|iza-os-cybersecurity-monitoring-bot,7
EC-068-AI-Returns-Management,Ai Returns Management,EC,shared-kernels|genixbank-financial-system|iza-os-financial-core|iza-os-analytics|iza-os-hr-core|iza-os-customer-service-chatbot-bot|iza-os-sales-core,deployment-orchestrator|iza-os-api-gateway|iza-os-cybersecurity-monitoring-bot,7
EC-069-AI-Shipping-Labeler,Ai Shipping Labeler,EC,shared-kernels|genixbank-financial-system|iza-os-financial-core|iza-os-analytics|iza-os-hr-core|iza-os-customer-service-chatbot-bot|iza-os-sales-core,deployment-orchestrator|iza-os-api-gateway|iza-os-cybersecurity-monitoring-bot,7
EC-070-AI-Product-Launch-Coach,Ai Product Launch Coach,EC,shared-kernels|genixbank-financial-system|iza-os-financial-core|iza-os-analytics|iza-os-hr-core|iza-os-customer-service-chatbot-bot|iza-os-sales-core,deployment-orchestrator|iza-os-api-gateway|iza-os-cybersecurity-monitoring-bot,7
EC-071-AI-Vendor-Negotiator,Ai Vendor Negotiator,EC,shared-kernels|genixbank-financial-system|iza-os-financial-core|iza-os-analytics|iza-os-hr-core|iza-os-customer-service-chatbot-bot|iza-os-sales-core,deployment-orchestrator|iza-os-api-gateway|iza-os-cybersecurity-monitoring-bot,7
EC-072-AI-Product-Cataloger,Ai Product Cataloger,EC,shared-kernels|genixbank-financial-system|iza-os-financial-core|iza-os-analytics|iza-os-hr-core|iza-os-customer-service-chatbot-bot|iza-os-sales-core,deployment-orchestrator|iza-os-api-gateway|iza-os-cybersecurity-monitoring-bot,7
EC-073-AI-Order-Prioritizer,Ai Order Prioritizer,EC,shared-kernels|genixbank-financial-system|iza-os-financial-core|iza-os-analytics|iza-os-hr-core|iza-os-customer-service-chatbot-bot|iza-os-sales-core,deployment-orchestrator|iza-os-api-gateway|iza-os-cybersecurity-monitoring-bot,7
EC-074-AI-Customer-Segmentation,Ai Customer Segmentation,EC,shared-kernels|genixbank-financial-system|iza-os-financial-core|iza-os-analytics|iza-os-hr-core|iza-os-customer-service-chatbot-bot|iza-os-sales-core,deployment-orchestrator|iza-os-api-gateway|iza-os-cybersecurity-monitoring-bot,7
EC-075-AI-Pricing-Analyst,Ai Pricing Analyst,EC,shared-kernels|genixbank-financial-system|iza-os-financial-core|iza-os-analytics|iza-os-hr-core|iza-os-customer-service-chatbot-bot|iza-os-sales-core,deployment-orchestrator|iza-os-api-gateway|iza-os-cybersecurity-monitoring-bot,7
EC-076-AI-Sales-Forecasting,Ai Sales Forecasting,EC,shared-kernels|genixbank-financial-system|iza-os-financial-core|iza-os-analytics|iza-os-hr-core|iza-os-customer-service-chatbot-bot|iza-os-sales-core,deployment-orchestrator|iza-os-api-gateway|iza-os-cybersecurity-monitoring-bot,7
EC-077-AI-Inventory-Reordering,Ai Inventory Reordering,EC,shared-kernels|genixbank-financial-system|iza-os-financial-core|iza-os-analytics|iza-os-hr-core|iza-os-customer-service-chatbot-bot|iza-os-sales-core,deployment-orchestrator|iza-os-api-gateway|iza-os-cybersecurity-monitoring-bot,7
EC-078-AI-Product-Comparison,Ai Product Comparison,EC,shared-kernels|genixbank-financial-system|iza-os-financial-core|iza-os-analytics|iza-os-hr-core|iza-os-customer-service-chatbot-bot|iza-os-sales-core,deployment-orchestrator|iza-os-api-gateway|iza-os-cybersecurity-monitoring-bot,7
EC-079-AI-Customer-Feedback,Ai Customer Feedback,EC,shared-kernels|genixbank-financial-system|iza-os-financial-core|iza-os-analytics|iza-os-hr-core|iza-os-customer-service-chatbot-bot|iza-os-sales-core,deployment-orchestrator|iza-os-api-gateway|iza-os-cybersecurity-monitoring-bot,7
EC-080-AI-Product-Updates,Ai Product Updates,EC,shared-kernels|genixbank-financial-system|iza-os-financial-core|iza-os-analytics|iza-os-hr-core|iza-os-customer-service-chatbot-bot|iza-os-sales-core,deployment-orchestrator|iza-os-api-gateway|iza-os-cybersecurity-monitoring-bot,7
EC-081-AI-Cross-Selling,Ai Cross Selling,EC,shared-kernels|genixbank-financial-system|iza-os-financial-core|iza-os-analytics|iza-os-hr-core|iza-os-customer-service-chatbot-bot|iza-os-sales-core,deployment-orchestrator|iza-os-api-gateway|iza-os-cybersecurity-monitoring-bot,7
EC-082-AI-Up-Selling,Ai Up Selling,EC,shared-kernels|genixbank-financial-system|iza-os-financial-core|iza-os-analytics|iza-os-hr-core|iza-os-customer-service-chatbot-bot|iza-os-sales-core,deployment-orchestrator|iza-os-api-gateway|iza-os-cybersecurity-monitoring-bot,7
EC-083-AI-Product-Education,Ai Product Education,EC,shared-kernels|genixbank-financial-system|iza-os-financial-core|iza-os-analytics|iza-os-hr-core|iza-os-customer-service-chatbot-bot|iza-os-sales-core,deployment-orchestrator|iza-os-api-gateway|iza-os-cybersecurity-monitoring-bot,7
EC-084-AI-Purchase-Timing,Ai Purchase Timing,EC,shared-kernels|genixbank-financial-system|iza-os-financial-core|iza-os-analytics|iza-os-hr-core|iza-os-customer-service-chatbot-bot|iza-os-sales-core,deployment-orchestrator|iza-os-api-gateway|iza-os-cybersecurity-monitoring-bot,7
EC-085-AI-Customer-Support,Ai Customer Support,EC,shared-kernels|genixbank-financial-system|iza-os-financial-core|iza-os-analytics|iza-os-hr-core|iza-os-customer-service-chatbot-bot|iza-os-sales-core,deployment-orchestrator|iza-os-api-gateway|iza-os-cybersecurity-monitoring-bot,7
EC-086-AI-Order-Tracking,Ai Order Tracking,EC,shared-kernels|genixbank-financial-system|iza-os-financial-core|iza-os-analytics|iza-os-hr-core|iza-os-customer-service-chatbot-bot|iza-os-sales-core,deployment-orchestrator|iza-os-api-gateway|iza-os-cybersecurity-monitoring-bot,7
EC-087-AI-Product-Reviews,Ai Product Reviews,EC,shared-kernels|genixbank-financial-system|iza-os-financial-core|iza-os-analytics|iza-os-hr-core|iza-os-customer-service-chatbot-bot|iza-os-sales-core,deployment-orchestrator|iza-os-api-gateway|iza-os-cybersecurity-monitoring-bot,7
EC-088-AI-Customer-Community,Ai Customer Community,EC,shared-kernels|genixbank-financial-system|iza-os-financial-core|iza-os-analytics|iza-os-hr-core|iza-os-customer-service-chatbot-bot|iza-os-sales-core,deployment-orchestrator|iza-os-api-gateway|iza-os-cybersecurity-monitoring-bot,7
EC-089-AI-Product-Customization,Ai Product Customization,EC,shared-kernels|genixbank-financial-system|iza-os-financial-core|iza-os-analytics|iza-os-hr-core|iza-os-customer-service-chatbot-bot|iza-os-sales-core,deployment-orchestrator|iza-os-api-gateway|iza-os-cybersecurity-monitoring-bot,7
EC-090-AI-Gift-Registry,Ai Gift Registry,EC,shared-kernels|genixbank-financial-system|iza-os-financial-core|iza-os-analytics|iza-os-hr-core|iza-os-customer-service-chatbot-bot|iza-os-sales-core,deployment-orchestrator|iza-os-api-gateway|iza-os-cybersecurity-monitoring-bot,7
EC-091-AI-Wedding-Registry,Ai Wedding Registry,EC,shared-kernels|genixbank-financial-system|iza-os-financial-core|iza-os-analytics|iza-os-hr-core|iza-os-customer-service-chatbot-bot|iza-os-sales-core,deployment-orchestrator|iza-os-api-gateway|iza-os-cybersecurity-monitoring-bot,7
EC-092-AI-Baby-Registry,Ai Baby Registry,EC,shared-kernels|genixbank-financial-system|iza-os-financial-core|iza-os-analytics|iza-os-hr-core|iza-os-customer-service-chatbot-bot|iza-os-sales-core,deployment-orchestrator|iza-os-api-gateway|iza-os-cybersecurity-monitoring-bot,7
EC-093-AI-Holiday-Planner,Ai Holiday Planner,EC,shared-kernels|genixbank-financial-system|iza-os-financial-core|iza-os-analytics|iza-os-hr-core|iza-os-customer-service-chatbot-bot|iza-os-sales-core,deployment-orchestrator|iza-os-api-gateway|iza-os-cybersecurity-monitoring-bot,7
EC-094-AI-Personal-Shopper,Ai Personal Shopper,EC,shared-kernels|genixbank-financial-system|iza-os-financial-core|iza-os-analytics|iza-os-hr-core|iza-os-customer-service-chatbot-bot|iza-os-sales-core,deployment-orchestrator|iza-os-api-gateway|iza-os-cybersecurity-monitoring-bot,7
EC-095-AI-Color-Match,Ai Color Match,EC,shared-kernels|genixbank-financial-system|iza-os-financial-core|iza-os-analytics|iza-os-hr-core|iza-os-customer-service-chatbot-bot|iza-os-sales-core,deployment-orchestrator|iza-os-api-gateway|iza-os-cybersecurity-monitoring-bot,7
EC-096-AI-Fabric-Advisor,Ai Fabric Advisor,EC,shared-kernels|genixbank-financial-system|iza-os-financial-core|iza-os-analytics|iza-os-hr-core|iza-os-customer-service-chatbot-bot|iza-os-sales-core,deployment-orchestrator|iza-os-api-gateway|iza-os-cybersecurity-monitoring-bot,7
EC-097-AI-Fit-Recommendation,Ai Fit Recommendation,EC,shared-kernels|genixbank-financial-system|iza-os-financial-core|iza-os-analytics|iza-os-hr-core|iza-os-customer-service-chatbot-bot|iza-os-sales-core,deployment-orchestrator|iza-os-api-gateway|iza-os-cybersecurity-monitoring-bot,7
EC-098-AI-Outfit-Builder,Ai Outfit Builder,EC,shared-kernels|genixbank-financial-system|iza-os-financial-core|iza-os-analytics|iza-os-hr-core|iza-os-customer-service-chatbot-bot|iza-os-sales-core,deployment-orchestrator|iza-os-api-gateway|iza-os-cybersecurity-monitoring-bot,7
EC-099-AI-Seasonal-Forecast,Ai Seasonal Forecast,EC,shared-kernels|genixbank-financial-system|iza-os-financial-core|iza-os-analytics|iza-os-hr-core|iza-os-customer-service-chatbot-bot|iza-os-sales-core,deployment-orchestrator|iza-os-api-gateway|iza-os-cybersecurity-monitoring-bot,7
EC-100-AI-Wardrobe-Planner,Ai Wardrobe Planner,EC,shared-kernels|genixbank-financial-system|iza-os-financial-core|iza-os-analytics|iza-os-hr-core|iza-os-customer-service-chatbot-bot|iza-os-sales-core,deployment-orchestrator|iza-os-api-gateway|iza-os-cybersecurity-monitoring-bot,7
EC-101-AI-Accessory-Match,Ai Accessory Match,EC,shared-kernels|genixbank-financial-system|iza-os-financial-core|iza-os-analytics|iza-os-hr-core|iza-os-customer-service-chatbot-bot|iza-os-sales-core,deployment-orchestrator|iza-os-api-gateway|iza-os-cybersecurity-monitoring-bot,7
EC-102-AI-Shoe-Match,Ai Shoe Match,EC,shared-kernels|genixbank-financial-system|iza-os-financial-core|iza-os-analytics|iza-os-hr-core|iza-os-customer-service-chatbot-bot|iza-os-sales-core,deployment-orchestrator|iza-os-api-gateway|iza-os-cybersecurity-monitoring-bot,7
EC-103-AI-Jewelry-Match,Ai Jewelry Match,EC,shared-kernels|genixbank-financial-system|iza-os-financial-core|iza-os-analytics|iza-os-hr-core|iza-os-customer-service-chatbot-bot|iza-os-sales-core,deployment-orchestrator|iza-os-api-gateway|iza-os-cybersecurity-monitoring-bot,7
EC-104-AI-Bag-Match,Ai Bag Match,EC,shared-kernels|genixbank-financial-system|iza-os-financial-core|iza-os-analytics|iza-os-hr-core|iza-os-customer-service-chatbot-bot|iza-os-sales-core,deployment-orchestrator|iza-os-api-gateway|iza-os-cybersecurity-monitoring-bot,7
EC-105-AI-Color-Palette,Ai Color Palette,EC,shared-kernels|genixbank-financial-system|iza-os-financial-core|iza-os-analytics|iza-os-hr-core|iza-os-customer-service-chatbot-bot|iza-os-sales-core,deployment-orchestrator|iza-os-api-gateway|iza-os-cybersecurity-monitoring-bot,7
EC-106-AI-Outfit-Recycling,Ai Outfit Recycling,EC,shared-kernels|genixbank-financial-system|iza-os-financial-core|iza-os-analytics|iza-os-hr-core|iza-os-customer-service-chatbot-bot|iza-os-sales-core,deployment-orchestrator|iza-os-api-gateway|iza-os-cybersecurity-monitoring-bot,7
EC-107-AI-Style-Evolution,Ai Style Evolution,EC,shared-kernels|genixbank-financial-system|iza-os-financial-core|iza-os-analytics|iza-os-hr-core|iza-os-customer-service-chatbot-bot|iza-os-sales-core,deployment-orchestrator|iza-os-api-gateway|iza-os-cybersecurity-monitoring-bot,7
EC-108-AI-Budget-Stylist,Ai Budget Stylist,EC,shared-kernels|genixbank-financial-system|iza-os-financial-core|iza-os-analytics|iza-os-hr-core|iza-os-customer-service-chatbot-bot|iza-os-sales-core,deployment-orchestrator|iza-os-api-gateway|iza-os-cybersecurity-monitoring-bot,7
EC-109-AI-Trend-Archive,Ai Trend Archive,EC,shared-kernels|genixbank-financial-system|iza-os-financial-core|iza-os-analytics|iza-os-hr-core|iza-os-customer-service-chatbot-bot|iza-os-sales-core,deployment-orchestrator|iza-os-api-gateway|iza-os-cybersecurity-monitoring-bot,7
EC-110-AI-Vintage-Advisor,Ai Vintage Advisor,EC,shared-kernels|genixbank-financial-system|iza-os-financial-core|iza-os-analytics|iza-os-hr-core|iza-os-customer-service-chatbot-bot|iza-os-sales-core,deployment-orchestrator|iza-os-api-gateway|iza-os-cybersecurity-monitoring-bot,7
TECH-001-Quantum-Algorithm-AI,Quantum Algorithm Ai,TECH,shared-kernels|genixbank-financial-system|iza-os-financial-core|iza-os-analytics|iza-os-hr-core|iza-os-customer-service-chatbot-bot|iza-os-sales-core|iza-os-api-gateway-bot|iza-os-api-gateway,deployment-orchestrator|iza-os-api-gateway|iza-os-cybersecurity-monitoring-bot,9
TECH-002-AI-Compliance-Scanner,Ai Compliance Scanner,TECH,shared-kernels|genixbank-financial-system|iza-os-financial-core|iza-os-analytics|iza-os-hr-core|iza-os-customer-service-chatbot-bot|iza-os-sales-core|iza-os-api-gateway-bot|iza-os-api-gateway,deployment-orchestrator|iza-os-api-gateway|iza-os-cybersecurity-monitoring-bot,9
TECH-003-Cloud-Management-AI,Cloud Management Ai,TECH,shared-kernels|genixbank-financial-system|iza-os-financial-core|iza-os-analytics|iza-os-hr-core|iza-os-customer-service-chatbot-bot|iza-os-sales-core|iza-os-api-gateway-bot|iza-os-api-gateway,deployment-orchestrator|iza-os-api-gateway|iza-os-cybersecurity-monitoring-bot,9
TECH-004-Robotics-Training-AI,Robotics Training Ai,TECH,shared-kernels|genixbank-financial-system|iza-os-financial-core|iza-os-analytics|iza-os-hr-core|iza-os-customer-service-chatbot-bot|iza-os-sales-core|iza-os-api-gateway-bot|iza-os-api-gateway,deployment-orchestrator|iza-os-api-gateway|iza-os-cybersecurity-monitoring-bot,9
TECH-005-Customer-Insights-AI,Customer Insights Ai,TECH,shared-kernels|genixbank-financial-system|iza-os-financial-core|iza-os-analytics|iza-os-hr-core|iza-os-customer-service-chatbot-bot|iza-os-sales-core|iza-os-api-gateway-bot|iza-os-api-gateway,deployment-orchestrator|iza-os-api-gateway|iza-os-cybersecurity-monitoring-bot,9
TECH-006-Voice-Assistant-AI,Voice Assistant Ai,TECH,shared-kernels|genixbank-financial-system|iza-os-financial-core|iza-os-analytics|iza-os-hr-core|iza-os-customer-service-chatbot-bot|iza-os-sales-core|iza-os-api-gateway-bot|iza-os-api-gateway,deployment-orchestrator|iza-os-api-gateway|iza-os-cybersecurity-monitoring-bot,9
TECH-007-Blockchain-Verifier-AI,Blockchain Verifier Ai,TECH,shared-kernels|genixbank-financial-system|iza-os-financial-core|iza-os-analytics|iza-os-hr-core|iza-os-customer-service-chatbot-bot|iza-os-sales-core|iza-os-api-gateway-bot|iza-os-api-gateway,deployment-orchestrator|iza-os-api-gateway|iza-os-cybersecurity-monitoring-bot,9
TECH-008-Cybersecurity-Shield,Cybersecurity Shield,TECH,shared-kernels|genixbank-financial-system|iza-os-financial-core|iza-os-analytics|iza-os-hr-core|iza-os-customer-service-chatbot-bot|iza-os-sales-core|iza-os-api-gateway-bot|iza-os-api-gateway,deployment-orchestrator|iza-os-api-gateway|iza-os-cybersecurity-monitoring-bot,9
TECH-009-Content-Studio-AI,Content Studio Ai,TECH,shared-kernels|genixbank-financial-system|iza-os-financial-core|iza-os-analytics|iza-os-hr-core|iza-os-customer-service-chatbot-bot|iza-os-sales-core|iza-os-api-gateway-bot|iza-os-api-gateway,deployment-orchestrator|iza-os-api-gateway|iza-os-cybersecurity-monitoring-bot,9
TECH-010-Smart-Home-AI,Smart Home Ai,TECH,shared-kernels|genixbank-financial-system|iza-os-financial-core|iza-os-analytics|iza-os-hr-core|iza-os-customer-service-chatbot-bot|iza-os-sales-core|iza-os-api-gateway-bot|iza-os-api-gateway,deployment-orchestrator|iza-os-api-gateway|iza-os-cybersecurity-monitoring-bot,9
TECH-011-Supply-Chain-Optimizer,Supply Chain Optimizer,TECH,shared-kernels|genixbank-financial-system|iza-os-financial-core|iza-os-analytics|iza-os-hr-core|iza-os-customer-service-chatbot-bot|iza-os-sales-core|iza-os-api-gateway-bot|iza-os-api-gateway,deployment-orchestrator|iza-os-api-gateway|iza-os-cybersecurity-monitoring-bot,9
TECH-012-Data-Visualization-AI,Data Visualization Ai,TECH,shared-kernels|genixbank-financial-system|iza-os-financial-core|iza-os-analytics|iza-os-hr-core|iza-os-customer-service-chatbot-bot|iza-os-sales-core|iza-os-api-gateway-bot|iza-os-api-gateway,deployment-orchestrator|iza-os-api-gateway|iza-os-cybersecurity-monitoring-bot,9
TECH-013-Workflow-Automation,Workflow Automation,TECH,shared-kernels|genixbank-financial-system|iza-os-financial-core|iza-os-analytics|iza-os-hr-core|iza-os-customer-service-chatbot-bot|iza-os-sales-core|iza-os-api-gateway-bot|iza-os-api-gateway,deployment-orchestrator|iza-os-api-gateway|iza-os-cybersecurity-monitoring-bot,9
TECH-014-Sentiment-Analyzer,Sentiment Analyzer,TECH,shared-kernels|genixbank-financial-system|iza-os-financial-core|iza-os-analytics|iza-os-hr-core|iza-os-customer-service-chatbot-bot|iza-os-sales-core|iza-os-api-gateway-bot|iza-os-api-gateway,deployment-orchestrator|iza-os-api-gateway|iza-os-cybersecurity-monitoring-bot,9
TECH-015-Image-Recognition-AI,Image Recognition Ai,TECH,shared-kernels|genixbank-financial-system|iza-os-financial-core|iza-os-analytics|iza-os-hr-core|iza-os-customer-service-chatbot-bot|iza-os-sales-core|iza-os-api-gateway-bot|iza-os-api-gateway,deployment-orchestrator|iza-os-api-gateway|iza-os-cybersecurity-monitoring-bot,9
TECH-016-Video-Editor-AI,Video Editor Ai,TECH,shared-kernels|genixbank-financial-system|iza-os-financial-core|iza-os-analytics|iza-os-hr-core|iza-os-customer-service-chatbot-bot|iza-os-sales-core|iza-os-api-gateway-bot|iza-os-api-gateway,deployment-orchestrator|iza-os-api-gateway|iza-os-cybersecurity-monitoring-bot,9
TECH-017-Speech-to-Text-AI,Speech To Text Ai,TECH,shared-kernels|genixbank-financial-system|iza-os-financial-core|iza-os-analytics|iza-os-hr-core|iza-os-customer-service-chatbot-bot|iza-os-sales-core|iza-os-api-gateway-bot|iza-os-api-gateway,deployment-orchestrator|iza-os-api-gateway|iza-os-cybersecurity-monitoring-bot,9
TECH-018-Text-to-Speech-AI,Text To Speech Ai,TECH,shared-kernels|genixbank-financial-system|iza-os-financial-core|iza-os-analytics|iza-os-hr-core|iza-os-customer-service-chatbot-bot|iza-os-sales-core|iza-os-api-gateway-bot|iza-os-api-gateway,deployment-orchestrator|iza-os-api-gateway|iza-os-cybersecurity-monitoring-bot,9
TECH-019-Fraud-Prevention-AI,Fraud Prevention Ai,TECH,shared-kernels|genixbank-financial-system|iza-os-financial-core|iza-os-analytics|iza-os-hr-core|iza-os-customer-service-chatbot-bot|iza-os-sales-core|iza-os-api-gateway-bot|iza-os-api-gateway,deployment-orchestrator|iza-os-api-gateway|iza-os-cybersecurity-monitoring-bot,9
TECH-020-Recommendation-Engine,Recommendation Engine,TECH,shared-kernels|genixbank-financial-system|iza-os-financial-core|iza-os-analytics|iza-os-hr-core|iza-os-customer-service-chatbot-bot|iza-os-sales-core|iza-os-api-gateway-bot|iza-os-api-gateway,deployment-orchestrator|iza-os-api-gateway|iza-os-cybersecurity-monitoring-bot,9
TECH-021-Network-Security-AI,Network Security Ai,TECH,shared-kernels|genixbank-financial-system|iza-os-financial-core|iza-os-analytics|iza-os-hr-core|iza-os-customer-service-chatbot-bot|iza-os-sales-core|iza-os-api-gateway-bot|iza-os-api-gateway,deployment-orchestrator|iza-os-api-gateway|iza-os-cybersecurity-monitoring-bot,9
TECH-022-Database-Optimizer,Database Optimizer,TECH,shared-kernels|genixbank-financial-system|iza-os-financial-core|iza-os-analytics|iza-os-hr-core|iza-os-customer-service-chatbot-bot|iza-os-sales-core|iza-os-api-gateway-bot|iza-os-api-gateway,deployment-orchestrator|iza-os-api-gateway|iza-os-cybersecurity-monitoring-bot,9
TECH-023-AI-Testing-Platform,Ai Testing Platform,TECH,shared-kernels|genixbank-financial-system|iza-os-financial-core|iza-os-analytics|iza-os-hr-core|iza-os-customer-service-chatbot-bot|iza-os-sales-core|iza-os-api-gateway-bot|iza-os-api-gateway,deployment-orchestrator|iza-os-api-gateway|iza-os-cybersecurity-monitoring-bot,9
TECH-024-Virtual-Assistant-Builder,Virtual Assistant Builder,TECH,shared-kernels|genixbank-financial-system|iza-os-financial-core|iza-os-analytics|iza-os-hr-core|iza-os-customer-service-chatbot-bot|iza-os-sales-core|iza-os-api-gateway-bot|iza-os-api-gateway,deployment-orchestrator|iza-os-api-gateway|iza-os-cybersecurity-monitoring-bot,9
TECH-025-Machine-Learning-Builder,Machine Learning Builder,TECH,shared-kernels|genixbank-financial-system|iza-os-financial-core|iza-os-analytics|iza-os-hr-core|iza-os-customer-service-chatbot-bot|iza-os-sales-core|iza-os-api-gateway-bot|iza-os-api-gateway,deployment-orchestrator|iza-os-api-gateway|iza-os-cybersecurity-monitoring-bot,9
TECH-026-AI-Ethics-Auditor,Ai Ethics Auditor,TECH,shared-kernels|genixbank-financial-system|iza-os-financial-core|iza-os-analytics|iza-os-hr-core|iza-os-customer-service-chatbot-bot|iza-os-sales-core|iza-os-api-gateway-bot|iza-os-api-gateway,deployment-orchestrator|iza-os-api-gateway|iza-os-cybersecurity-monitoring-bot,9
TECH-027-Predictive-Analytics-AI,Predictive Analytics Ai,TECH,shared-kernels|genixbank-financial-system|iza-os-financial-core|iza-os-analytics|iza-os-hr-core|iza-os-customer-service-chatbot-bot|iza-os-sales-core|iza-os-api-gateway-bot|iza-os-api-gateway,deployment-orchestrator|iza-os-api-gateway|iza-os-cybersecurity-monitoring-bot,9
TECH-028-AI-Training-Platform,Ai Training Platform,TECH,shared-kernels|genixbank-financial-system|iza-os-financial-core|iza-os-analytics|iza-os-hr-core|iza-os-customer-service-chatbot-bot|iza-os-sales-core|iza-os-api-gateway-bot|iza-os-api-gateway,deployment-orchestrator|iza-os-api-gateway|iza-os-cybersecurity-monitoring-bot,9
TECH-029-Digital-Twin-AI,Digital Twin Ai,TECH,shared-kernels|genixbank-financial-system|iza-os-financial-core|iza-os-analytics|iza-os-hr-core|iza-os-customer-service-chatbot-bot|iza-os-sales-core|iza-os-api-gateway-bot|iza-os-api-gateway,deployment-orchestrator|iza-os-api-gateway|iza-os-cybersecurity-monitoring-bot,9
TECH-030-AI-Monitoring-System,Ai Monitoring System,TECH,shared-kernels|genixbank-financial-system|iza-os-financial-core|iza-os-analytics|iza-os-hr-core|iza-os-customer-service-chatbot-bot|iza-os-sales-core|iza-os-api-gateway-bot|iza-os-api-gateway,deployment-orchestrator|iza-os-api-gateway|iza-os-cybersecurity-monitoring-bot,9
TECH-031-Edge-Computing-AI,Edge Computing Ai,TECH,shared-kernels|genixbank-financial-system|iza-os-financial-core|iza-os-analytics|iza-os-hr-core|iza-os-customer-service-chatbot-bot|iza-os-sales-core|iza-os-api-gateway-bot|iza-os-api-gateway,deployment-orchestrator|iza-os-api-gateway|iza-os-cybersecurity-monitoring-bot,9
TECH-032-AI-Integration-Hub,Ai Integration Hub,TECH,shared-kernels|genixbank-financial-system|iza-os-financial-core|iza-os-analytics|iza-os-hr-core|iza-os-customer-service-chatbot-bot|iza-os-sales-core|iza-os-api-gateway-bot|iza-os-api-gateway,deployment-orchestrator|iza-os-api-gateway|iza-os-cybersecurity-monitoring-bot,9
TECH-033-Quantum-Algorithm-AI,Quantum Algorithm Ai,TECH,shared-kernels|genixbank-financial-system|iza-os-financial-core|iza-os-analytics|iza-os-hr-core|iza-os-customer-service-chatbot-bot|iza-os-sales-core|iza-os-api-gateway-bot|iza-os-api-gateway,deployment-orchestrator|iza-os-api-gateway|iza-os-cybersecurity-monitoring-bot,9
TECH-034-AI-Compliance-Scanner,Ai Compliance Scanner,TECH,shared-kernels|genixbank-financial-system|iza-os-financial-core|iza-os-analytics|iza-os-hr-core|iza-os-customer-service-chatbot-bot|iza-os-sales-core|iza-os-api-gateway-bot|iza-os-api-gateway,deployment-orchestrator|iza-os-api-gateway|iza-os-cybersecurity-monitoring-bot,9
TECH-035-Cloud-Management-AI,Cloud Management Ai,TECH,shared-kernels|genixbank-financial-system|iza-os-financial-core|iza-os-analytics|iza-os-hr-core|iza-os-customer-service-chatbot-bot|iza-os-sales-core|iza-os-api-gateway-bot|iza-os-api-gateway,deployment-orchestrator|iza-os-api-gateway|iza-os-cybersecurity-monitoring-bot,9
TECH-036-Robotics-Training-AI,Robotics Training Ai,TECH,shared-kernels|genixbank-financial-system|iza-os-financial-core|iza-os-analytics|iza-os-hr-core|iza-os-customer-service-chatbot-bot|iza-os-sales-core|iza-os-api-gateway-bot|iza-os-api-gateway,deployment-orchestrator|iza-os-api-gateway|iza-os-cybersecurity-monitoring-bot,9
TECH-037-Customer-Insights-AI,Customer Insights Ai,TECH,shared-kernels|genixbank-financial-system|iza-os-financial-core|iza-os-analytics|iza-os-hr-core|iza-os-customer-service-chatbot-bot|iza-os-sales-core|iza-os-api-gateway-bot|iza-os-api-gateway,deployment-orchestrator|iza-os-api-gateway|iza-os-cybersecurity-monitoring-bot,9
TECH-038-Voice-Assistant-AI,Voice Assistant Ai,TECH,shared-kernels|genixbank-financial-system|iza-os-financial-core|iza-os-analytics|iza-os-hr-core|iza-os-customer-service-chatbot-bot|iza-os-sales-core|iza-os-api-gateway-bot|iza-os-api-gateway,deployment-orchestrator|iza-os-api-gateway|iza-os-cybersecurity-monitoring-bot,9
TECH-039-Blockchain-Verifier-AI,Blockchain Verifier Ai,TECH,shared-kernels|genixbank-financial-system|iza-os-financial-core|iza-os-analytics|iza-os-hr-core|iza-os-customer-service-chatbot-bot|iza-os-sales-core|iza-os-api-gateway-bot|iza-os-api-gateway,deployment-orchestrator|iza-os-api-gateway|iza-os-cybersecurity-monitoring-bot,9
TECH-040-Cybersecurity-Shield,Cybersecurity Shield,TECH,shared-kernels|genixbank-financial-system|iza-os-financial-core|iza-os-analytics|iza-os-hr-core|iza-os-customer-service-chatbot-bot|iza-os-sales-core|iza-os-api-gateway-bot|iza-os-api-gateway,deployment-orchestrator|iza-os-api-gateway|iza-os-cybersecurity-monitoring-bot,9
TECH-041-Content-Studio-AI,Content Studio Ai,TECH,shared-kernels|genixbank-financial-system|iza-os-financial-core|iza-os-analytics|iza-os-hr-core|iza-os-customer-service-chatbot-bot|iza-os-sales-core|iza-os-api-gateway-bot|iza-os-api-gateway,deployment-orchestrator|iza-os-api-gateway|iza-os-cybersecurity-monitoring-bot,9
TECH-042-Smart-Home-AI,Smart Home Ai,TECH,shared-kernels|genixbank-financial-system|iza-os-financial-core|iza-os-analytics|iza-os-hr-core|iza-os-customer-service-chatbot-bot|iza-os-sales-core|iza-os-api-gateway-bot|iza-os-api-gateway,deployment-orchestrator|iza-os-api-gateway|iza-os-cybersecurity-monitoring-bot,9
TECH-043-Supply-Chain-Optimizer,Supply Chain Optimizer,TECH,shared-kernels|genixbank-financial-system|iza-os-financial-core|iza-os-analytics|iza-os-hr-core|iza-os-customer-service-chatbot-bot|iza-os-sales-core|iza-os-api-gateway-bot|iza-os-api-gateway,deployment-orchestrator|iza-os-api-gateway|iza-os-cybersecurity-monitoring-bot,9
TECH-044-Data-Visualization-AI,Data Visualization Ai,TECH,shared-kernels|genixbank-financial-system|iza-os-financial-core|iza-os-analytics|iza-os-hr-core|iza-os-customer-service-chatbot-bot|iza-os-sales-core|iza-os-api-gateway-bot|iza-os-api-gateway,deployment-orchestrator|iza-os-api-gateway|iza-os-cybersecurity-monitoring-bot,9
TECH-045-Workflow-Automation,Workflow Automation,TECH,shared-kernels|genixbank-financial-system|iza-os-financial-core|iza-os-analytics|iza-os-hr-core|iza-os-customer-service-chatbot-bot|iza-os-sales-core|iza-os-api-gateway-bot|iza-os-api-gateway,deployment-orchestrator|iza-os-api-gateway|iza-os-cybersecurity-monitoring-bot,9
TECH-046-Sentiment-Analyzer,Sentiment Analyzer,TECH,shared-kernels|genixbank-financial-system|iza-os-financial-core|iza-os-analytics|iza-os-hr-core|iza-os-customer-service-chatbot-bot|iza-os-sales-core|iza-os-api-gateway-bot|iza-os-api-gateway,deployment-orchestrator|iza-os-api-gateway|iza-os-cybersecurity-monitoring-bot,9
TECH-047-Image-Recognition-AI,Image Recognition Ai,TECH,shared-kernels|genixbank-financial-system|iza-os-financial-core|iza-os-analytics|iza-os-hr-core|iza-os-customer-service-chatbot-bot|iza-os-sales-core|iza-os-api-gateway-bot|iza-os-api-gateway,deployment-orchestrator|iza-os-api-gateway|iza-os-cybersecurity-monitoring-bot,9
TECH-048-Video-Editor-AI,Video Editor Ai,TECH,shared-kernels|genixbank-financial-system|iza-os-financial-core|iza-os-analytics|iza-os-hr-core|iza-os-customer-service-chatbot-bot|iza-os-sales-core|iza-os-api-gateway-bot|iza-os-api-gateway,deployment-orchestrator|iza-os-api-gateway|iza-os-cybersecurity-monitoring-bot,9
TECH-049-Speech-to-Text-AI,Speech To Text Ai,TECH,shared-kernels|genixbank-financial-system|iza-os-financial-core|iza-os-analytics|iza-os-hr-core|iza-os-customer-service-chatbot-bot|iza-os-sales-core|iza-os-api-gateway-bot|iza-os-api-gateway,deployment-orchestrator|iza-os-api-gateway|iza-os-cybersecurity-monitoring-bot,9
TECH-050-Text-to-Speech-AI,Text To Speech Ai,TECH,shared-kernels|genixbank-financial-system|iza-os-financial-core|iza-os-analytics|iza-os-hr-core|iza-os-customer-service-chatbot-bot|iza-os-sales-core|iza-os-api-gateway-bot|iza-os-api-gateway,deployment-orchestrator|iza-os-api-gateway|iza-os-cybersecurity-monitoring-bot,9
TECH-051-Fraud-Prevention-AI,Fraud Prevention Ai,TECH,shared-kernels|genixbank-financial-system|iza-os-financial-core|iza-os-analytics|iza-os-hr-core|iza-os-customer-service-chatbot-bot|iza-os-sales-core|iza-os-api-gateway-bot|iza-os-api-gateway,deployment-orchestrator|iza-os-api-gateway|iza-os-cybersecurity-monitoring-bot,9
TECH-052-Recommendation-Engine,Recommendation Engine,TECH,shared-kernels|genixbank-financial-system|iza-os-financial-core|iza-os-analytics|iza-os-hr-core|iza-os-customer-service-chatbot-bot|iza-os-sales-core|iza-os-api-gateway-bot|iza-os-api-gateway,deployment-orchestrator|iza-os-api-gateway|iza-os-cybersecurity-monitoring-bot,9
TECH-053-Network-Security-AI,Network Security Ai,TECH,shared-kernels|genixbank-financial-system|iza-os-financial-core|iza-os-analytics|iza-os-hr-core|iza-os-customer-service-chatbot-bot|iza-os-sales-core|iza-os-api-gateway-bot|iza-os-api-gateway,deployment-orchestrator|iza-os-api-gateway|iza-os-cybersecurity-monitoring-bot,9
TECH-054-Database-Optimizer,Database Optimizer,TECH,shared-kernels|genixbank-financial-system|iza-os-financial-core|iza-os-analytics|iza-os-hr-core|iza-os-customer-service-chatbot-bot|iza-os-sales-core|iza-os-api-gateway-bot|iza-os-api-gateway,deployment-orchestrator|iza-os-api-gateway|iza-os-cybersecurity-monitoring-bot,9
TECH-055-AI-Testing-Platform,Ai Testing Platform,TECH,shared-kernels|genixbank-financial-system|iza-os-financial-core|iza-os-analytics|iza-os-hr-core|iza-os-customer-service-chatbot-bot|iza-os-sales-core|iza-os-api-gateway-bot|iza-os-api-gateway,deployment-orchestrator|iza-os-api-gateway|iza-os-cybersecurity-monitoring-bot,9
TECH-056-Virtual-Assistant-Builder,Virtual Assistant Builder,TECH,shared-kernels|genixbank-financial-system|iza-os-financial-core|iza-os-analytics|iza-os-hr-core|iza-os-customer-service-chatbot-bot|iza-os-sales-core|iza-os-api-gateway-bot|iza-os-api-gateway,deployment-orchestrator|iza-os-api-gateway|iza-os-cybersecurity-monitoring-bot,9
TECH-057-Machine-Learning-Builder,Machine Learning Builder,TECH,shared-kernels|genixbank-financial-system|iza-os-financial-core|iza-os-analytics|iza-os-hr-core|iza-os-customer-service-chatbot-bot|iza-os-sales-core|iza-os-api-gateway-bot|iza-os-api-gateway,deployment-orchestrator|iza-os-api-gateway|iza-os-cybersecurity-monitoring-bot,9
TECH-058-AI-Ethics-Auditor,Ai Ethics Auditor,TECH,shared-kernels|genixbank-financial-system|iza-os-financial-core|iza-os-analytics|iza-os-hr-core|iza-os-customer-service-chatbot-bot|iza-os-sales-core|iza-os-api-gateway-bot|iza-os-api-gateway,deployment-orchestrator|iza-os-api-gateway|iza-os-cybersecurity-monitoring-bot,9
TECH-059-Predictive-Analytics-AI,Predictive Analytics Ai,TECH,shared-kernels|genixbank-financial-system|iza-os-financial-core|iza-os-analytics|iza-os-hr-core|iza-os-customer-service-chatbot-bot|iza-os-sales-core|iza-os-api-gateway-bot|iza-os-api-gateway,deployment-orchestrator|iza-os-api-gateway|iza-os-cybersecurity-monitoring-bot,9
TECH-060-AI-Training-Platform,Ai Training Platform,TECH,shared-kernels|genixbank-financial-system|iza-os-financial-core|iza-os-analytics|iza-os-hr-core|iza-os-customer-service-chatbot-bot|iza-os-sales-core|iza-os-api-gateway-bot|iza-os-api-gateway,deployment-orchestrator|iza-os-api-gateway|iza-os-cybersecurity-monitoring-bot,9
OPS-001-Fractional-CTO-Agency,Fractional Cto Agency,OPS,shared-kernels|genixbank-financial-system|iza-os-financial-core|iza-os-analytics|iza-os-hr-core|iza-os-customer-service-chatbot-bot|iza-os-sales-core|iza-os-api-gateway-bot|iza-os-api-gateway|iza-os-workflow-integration,deployment-orchestrator|iza-os-api-gateway|iza-os-cybersecurity-monitoring-bot,10
OPS-002-Supply-Chain-Optimizer,Supply Chain Optimizer,OPS,shared-kernels|genixbank-financial-system|iza-os-financial-core|iza-os-analytics|iza-os-hr-core|iza-os-customer-service-chatbot-bot|iza-os-sales-core|iza-os-api-gateway-bot|iza-os-api-gateway|iza-os-workflow-integration,deployment-orchestrator|iza-os-api-gateway|iza-os-cybersecurity-monitoring-bot,10
OPS-003-Event-Planning-AI,Event Planning Ai,OPS,shared-kernels|genixbank-financial-system|iza-os-financial-core|iza-os-analytics|iza-os-hr-core|iza-os-customer-service-chatbot-bot|iza-os-sales-core|iza-os-api-gateway-bot|iza-os-api-gateway|iza-os-workflow-integration,deployment-orchestrator|iza-os-api-gateway|iza-os-cybersecurity-monitoring-bot,10
OPS-004-Inventory-Management-AI,Inventory Management Ai,OPS,shared-kernels|genixbank-financial-system|iza-os-financial-core|iza-os-analytics|iza-os-hr-core|iza-os-customer-service-chatbot-bot|iza-os-sales-core|iza-os-api-gateway-bot|iza-os-api-gateway|iza-os-workflow-integration,deployment-orchestrator|iza-os-api-gateway|iza-os-cybersecurity-monitoring-bot,10
OPS-005-Project-Management-AI,Project Management Ai,OPS,shared-kernels|genixbank-financial-system|iza-os-financial-core|iza-os-analytics|iza-os-hr-core|iza-os-customer-service-chatbot-bot|iza-os-sales-core|iza-os-api-gateway-bot|iza-os-api-gateway|iza-os-workflow-integration,deployment-orchestrator|iza-os-api-gateway|iza-os-cybersecurity-monitoring-bot,10
OPS-006-Document-Automation-AI,Document Automation Ai,OPS,shared-kernels|genixbank-financial-system|iza-os-financial-core|iza-os-analytics|iza-os-hr-core|iza-os-customer-service-chatbot-bot|iza-os-sales-core|iza-os-api-gateway-bot|iza-os-api-gateway|iza-os-workflow-integration,deployment-orchestrator|iza-os-api-gateway|iza-os-cybersecurity-monitoring-bot,10
OPS-007-Meeting-Assistant-AI,Meeting Assistant Ai,OPS,shared-kernels|genixbank-financial-system|iza-os-financial-core|iza-os-analytics|iza-os-hr-core|iza-os-customer-service-chatbot-bot|iza-os-sales-core|iza-os-api-gateway-bot|iza-os-api-gateway|iza-os-workflow-integration,deployment-orchestrator|iza-os-api-gateway|iza-os-cybersecurity-monitoring-bot,10
OPS-008-Recruitment-AI,Recruitment Ai,OPS,shared-kernels|genixbank-financial-system|iza-os-financial-core|iza-os-analytics|iza-os-hr-core|iza-os-customer-service-chatbot-bot|iza-os-sales-core|iza-os-api-gateway-bot|iza-os-api-gateway|iza-os-workflow-integration,deployment-orchestrator|iza-os-api-gateway|iza-os-cybersecurity-monitoring-bot,10
OPS-009-Onboarding-AI,Onboarding Ai,OPS,shared-kernels|genixbank-financial-system|iza-os-financial-core|iza-os-analytics|iza-os-hr-core|iza-os-customer-service-chatbot-bot|iza-os-sales-core|iza-os-api-gateway-bot|iza-os-api-gateway|iza-os-workflow-integration,deployment-orchestrator|iza-os-api-gateway|iza-os-cybersecurity-monitoring-bot,10
OPS-010-Training-Platform-AI,Training Platform Ai,OPS,shared-kernels|genixbank-financial-system|iza-os-financial-core|iza-os-analytics|iza-os-hr-core|iza-os-customer-service-chatbot-bot|iza-os-sales-core|iza-os-api-gateway-bot|iza-os-api-gateway|iza-os-workflow-integration,deployment-orchestrator|iza-os-api-gateway|iza-os-cybersecurity-monitoring-bot,10
OPS-011-Performance-Review-AI,Performance Review Ai,OPS,shared-kernels|genixbank-financial-system|iza-os-financial-core|iza-os-analytics|iza-os-hr-core|iza-os-customer-service-chatbot-bot|iza-os-sales-core|iza-os-api-gateway-bot|iza-os-api-gateway|iza-os-workflow-integration,deployment-orchestrator|iza-os-api-gateway|iza-os-cybersecurity-monitoring-bot,10
OPS-012-IT-Support-AI,It Support Ai,OPS,shared-kernels|genixbank-financial-system|iza-os-financial-core|iza-os-analytics|iza-os-hr-core|iza-os-customer-service-chatbot-bot|iza-os-sales-core|iza-os-api-gateway-bot|iza-os-api-gateway|iza-os-workflow-integration,deployment-orchestrator|iza-os-api-gateway|iza-os-cybersecurity-monitoring-bot,10
OPS-013-Facilities-Management-AI,Facilities Management Ai,OPS,shared-kernels|genixbank-financial-system|iza-os-financial-core|iza-os-analytics|iza-os-hr-core|iza-os-customer-service-chatbot-bot|iza-os-sales-core|iza-os-api-gateway-bot|iza-os-api-gateway|iza-os-workflow-integration,deployment-orchestrator|iza-os-api-gateway|iza-os-cybersecurity-monitoring-bot,10
OPS-014-Travel-Booking-AI,Travel Booking Ai,OPS,shared-kernels|genixbank-financial-system|iza-os-financial-core|iza-os-analytics|iza-os-hr-core|iza-os-customer-service-chatbot-bot|iza-os-sales-core|iza-os-api-gateway-bot|iza-os-api-gateway|iza-os-workflow-integration,deployment-orchestrator|iza-os-api-gateway|iza-os-cybersecurity-monitoring-bot,10
OPS-015-Expense-Management-AI,Expense Management Ai,OPS,shared-kernels|genixbank-financial-system|iza-os-financial-core|iza-os-analytics|iza-os-hr-core|iza-os-customer-service-chatbot-bot|iza-os-sales-core|iza-os-api-gateway-bot|iza-os-api-gateway|iza-os-workflow-integration,deployment-orchestrator|iza-os-api-gateway|iza-os-cybersecurity-monitoring-bot,10
OPS-016-Contract-Management-AI,Contract Management Ai,OPS,shared-kernels|genixbank-financial-system|iza-os-financial-core|iza-os-analytics|iza-os-hr-core|iza-os-customer-service-chatbot-bot|iza-os-sales-core|iza-os-api-gateway-bot|iza-os-api-gateway|iza-os-workflow-integration,deployment-orchestrator|iza-os-api-gateway|iza-os-cybersecurity-monitoring-bot,10
OPS-017-Compliance-Monitoring-AI,Compliance Monitoring Ai,OPS,shared-kernels|genixbank-financial-system|iza-os-financial-core|iza-os-analytics|iza-os-hr-core|iza-os-customer-service-chatbot-bot|iza-os-sales-core|iza-os-api-gateway-bot|iza-os-api-gateway|iza-os-workflow-integration,deployment-orchestrator|iza-os-api-gateway|iza-os-cybersecurity-monitoring-bot,10
OPS-018-Quality-Control-AI,Quality Control Ai,OPS,shared-kernels|genixbank-financial-system|iza-os-financial-core|iza-os-analytics|iza-os-hr-core|iza-os-customer-service-chatbot-bot|iza-os-sales-core|iza-os-api-gateway-bot|iza-os-api-gateway|iza-os-workflow-integration,deployment-orchestrator|iza-os-api-gateway|iza-os-cybersecurity-monitoring-bot,10
OPS-019-Asset-Management-AI,Asset Management Ai,OPS,shared-kernels|genixbank-financial-system|iza-os-financial-core|iza-os-analytics|iza-os-hr-core|iza-os-customer-service-chatbot-bot|iza-os-sales-core|iza-os-api-gateway-bot|iza-os-api-gateway|iza-os-workflow-integration,deployment-orchestrator|iza-os-api-gateway|iza-os-cybersecurity-monitoring-bot,10
OPS-020-Time-Tracking-AI,Time Tracking Ai,OPS,shared-kernels|genixbank-financial-system|iza-os-financial-core|iza-os-analytics|iza-os-hr-core|iza-os-customer-service-chatbot-bot|iza-os-sales-core|iza-os-api-gateway-bot|iza-os-api-gateway|iza-os-workflow-integration,deployment-orchestrator|iza-os-api-gateway|iza-os-cybersecurity-monitoring-bot,10
OPS-021-Document-Security-AI,Document Security Ai,OPS,shared-kernels|genixbank-financial-system|iza-os-financial-core|iza-os-analytics|iza-os-hr-core|iza-os-customer-service-chatbot-bot|iza-os-sales-core|iza-os-api-gateway-bot|iza-os-api-gateway|iza-os-workflow-integration,deployment-orchestrator|iza-os-api-gateway|iza-os-cybersecurity-monitoring-bot,10
OPS-022-Knowledge-Management-AI,Knowledge Management Ai,OPS,shared-kernels|genixbank-financial-system|iza-os-financial-core|iza-os-analytics|iza-os-hr-core|iza-os-customer-service-chatbot-bot|iza-os-sales-core|iza-os-api-gateway-bot|iza-os-api-gateway|iza-os-workflow-integration,deployment-orchestrator|iza-os-api-gateway|iza-os-cybersecurity-monitoring-bot,10
OPS-023-Meeting-Transcription-AI,Meeting Transcription Ai,OPS,shared-kernels|genixbank-financial-system|iza-os-financial-core|iza-os-analytics|iza-os-hr-core|iza-os-customer-service-chatbot-bot|iza-os-sales-core|iza-os-api-gateway-bot|iza-os-api-gateway|iza-os-workflow-integration,deployment-orchestrator|iza-os-api-gateway|iza-os-cybersecurity-monitoring-bot,10
OPS-024-Task-Automation-AI,Task Automation Ai,OPS,shared-kernels|genixbank-financial-system|iza-os-financial-core|iza-os-analytics|iza-os-hr-core|iza-os-customer-service-chatbot-bot|iza-os-sales-core|iza-os-api-gateway-bot|iza-os-api-gateway|iza-os-workflow-integration,deployment-orchestrator|iza-os-api-gateway|iza-os-cybersecurity-monitoring-bot,10
OPS-025-Resource-Allocation-AI,Resource Allocation Ai,OPS,shared-kernels|genixbank-financial-system|iza-os-financial-core|iza-os-analytics|iza-os-hr-core|iza-os-customer-service-chatbot-bot|iza-os-sales-core|iza-os-api-gateway-bot|iza-os-api-gateway|iza-os-workflow-integration,deployment-orchestrator|iza-os-api-gateway|iza-os-cybersecurity-monitoring-bot,10
OPS-026-Budget-Planning-AI,Budget Planning Ai,OPS,shared-kernels|genixbank-financial-system|iza-os-financial-core|iza-os-analytics|iza-os-hr-core|iza-os-customer-service-chatbot-bot|iza-os-sales-core|iza-os-api-gateway-bot|iza-os-api-gateway|iza-os-workflow-integration,deployment-orchestrator|iza-os-api-gateway|iza-os-cybersecurity-monitoring-bot,10
OPS-027-Cost-Optimization-AI,Cost Optimization Ai,OPS,shared-kernels|genixbank-financial-system|iza-os-financial-core|iza-os-analytics|iza-os-hr-core|iza-os-customer-service-chatbot-bot|iza-os-sales-core|iza-os-api-gateway-bot|iza-os-api-gateway|iza-os-workflow-integration,deployment-orchestrator|iza-os-api-gateway|iza-os-cybersecurity-monitoring-bot,10
OPS-028-Procurement-AI,Procurement Ai,OPS,shared-kernels|genixbank-financial-system|iza-os-financial-core|iza-os-analytics|iza-os-hr-core|iza-os-customer-service-chatbot-bot|iza-os-sales-core|iza-os-api-gateway-bot|iza-os-api-gateway|iza-os-workflow-integration,deployment-orchestrator|iza-os-api-gateway|iza-os-cybersecurity-monitoring-bot,10
OPS-029-Vendor-Management-AI,Vendor Management Ai,OPS,shared-kernels|genixbank-financial-system|iza-os-financial-core|iza-os-analytics|iza-os-hr-core|iza-os-customer-service-chatbot-bot|iza-os-sales-core|iza-os-api-gateway-bot|iza-os-api-gateway|iza-os-workflow-integration,deployment-orchestrator|iza-os-api-gateway|iza-os-cybersecurity-monitoring-bot,10
OPS-030-Contract-Negotiation-AI,Contract Negotiation Ai,OPS,shared-kernels|genixbank-financial-system|iza-os-financial-core|iza-os-analytics|iza-os-hr-core|iza-os-customer-service-chatbot-bot|iza-os-sales-core|iza-os-api-gateway-bot|iza-os-api-gateway|iza-os-workflow-integration,deployment-orchestrator|iza-os-api-gateway|iza-os-cybersecurity-monitoring-bot,10
OPS-031-Legal-Document-AI,Legal Document Ai,OPS,shared-kernels|genixbank-financial-system|iza-os-financial-core|iza-os-analytics|iza-os-hr-core|iza-os-customer-service-chatbot-bot|iza-os-sales-core|iza-os-api-gateway-bot|iza-os-api-gateway|iza-os-workflow-integration,deployment-orchestrator|iza-os-api-gateway|iza-os-cybersecurity-monitoring-bot,10
OPS-032-Compliance-Reporting-AI,Compliance Reporting Ai,OPS,shared-kernels|genixbank-financial-system|iza-os-financial-core|iza-os-analytics|iza-os-hr-core|iza-os-customer-service-chatbot-bot|iza-os-sales-core|iza-os-api-gateway-bot|iza-os-api-gateway|iza-os-workflow-integration,deployment-orchestrator|iza-os-api-gateway|iza-os-cybersecurity-monitoring-bot,10
OPS-033-Training-Content-AI,Training Content Ai,OPS,shared-kernels|genixbank-financial-system|iza-os-financial-core|iza-os-analytics|iza-os-hr-core|iza-os-customer-service-chatbot-bot|iza-os-sales-core|iza-os-api-gateway-bot|iza-os-api-gateway|iza-os-workflow-integration,deployment-orchestrator|iza-os-api-gateway|iza-os-cybersecurity-monitoring-bot,10
OPS-034-Employee-Engagement-AI,Employee Engagement Ai,OPS,shared-kernels|genixbank-financial-system|iza-os-financial-core|iza-os-analytics|iza-os-hr-core|iza-os-customer-service-chatbot-bot|iza-os-sales-core|iza-os-api-gateway-bot|iza-os-api-gateway|iza-os-workflow-integration,deployment-orchestrator|iza-os-api-gateway|iza-os-cybersecurity-monitoring-bot,10
OPS-035-Succession-Planning-AI,Succession Planning Ai,OPS,shared-kernels|genixbank-financial-system|iza-os-financial-core|iza-os-analytics|iza-os-hr-core|iza-os-customer-service-chatbot-bot|iza-os-sales-core|iza-os-api-gateway-bot|iza-os-api-gateway|iza-os-workflow-integration,deployment-orchestrator|iza-os-api-gateway|iza-os-cybersecurity-monitoring-bot,10
OPS-036-Workspace-Design-AI,Workspace Design Ai,OPS,shared-kernels|genixbank-financial-system|iza-os-financial-core|iza-os-analytics|iza-os-hr-core|iza-os-customer-service-chatbot-bot|iza-os-sales-core|iza-os-api-gateway-bot|iza-os-api-gateway|iza-os-workflow-integration,deployment-orchestrator|iza-os-api-gateway|iza-os-cybersecurity-monitoring-bot,10
OPS-037-Energy-Efficiency-AI,Energy Efficiency Ai,OPS,shared-kernels|genixbank-financial-system|iza-os-financial-core|iza-os-analytics|iza-os-hr-core|iza-os-customer-service-chatbot-bot|iza-os-sales-core|iza-os-api-gateway-bot|iza-os-api-gateway|iza-os-workflow-integration,deployment-orchestrator|iza-os-api-gateway|iza-os-cybersecurity-monitoring-bot,10
OPS-038-Security-Monitoring-AI,Security Monitoring Ai,OPS,shared-kernels|genixbank-financial-system|iza-os-financial-core|iza-os-analytics|iza-os-hr-core|iza-os-customer-service-chatbot-bot|iza-os-sales-core|iza-os-api-gateway-bot|iza-os-api-gateway|iza-os-workflow-integration,deployment-orchestrator|iza-os-api-gateway|iza-os-cybersecurity-monitoring-bot,10
OPS-039-Health-Safety-AI,Health Safety Ai,OPS,shared-kernels|genixbank-financial-system|iza-os-financial-core|iza-os-analytics|iza-os-hr-core|iza-os-customer-service-chatbot-bot|iza-os-sales-core|iza-os-api-gateway-bot|iza-os-api-gateway|iza-os-workflow-integration,deployment-orchestrator|iza-os-api-gateway|iza-os-cybersecurity-monitoring-bot,10
OPS-040-Disaster-Recovery-AI,Disaster Recovery Ai,OPS,shared-kernels|genixbank-financial-system|iza-os-financial-core|iza-os-analytics|iza-os-hr-core|iza-os-customer-service-chatbot-bot|iza-os-sales-core|iza-os-api-gateway-bot|iza-os-api-gateway|iza-os-workflow-integration,deployment-orchestrator|iza-os-api-gateway|iza-os-cybersecurity-monitoring-bot,10
OPS-041-IT-Asset-Management,It Asset Management,OPS,shared-kernels|genixbank-financial-system|iza-os-financial-core|iza-os-analytics|iza-os-hr-core|iza-os-customer-service-chatbot-bot|iza-os-sales-core|iza-os-api-gateway-bot|iza-os-api-gateway|iza-os-workflow-integration,deployment-orchestrator|iza-os-api-gateway|iza-os-cybersecurity-monitoring-bot,10
OPS-042-Cloud-Cost-Management,Cloud Cost Management,OPS,shared-kernels|genixbank-financial-system|iza-os-financial-core|iza-os-analytics|iza-os-hr-core|iza-os-customer-service-chatbot-bot|iza-os-sales-core|iza-os-api-gateway-bot|iza-os-api-gateway|iza-os-workflow-integration,deployment-orchestrator|iza-os-api-gateway|iza-os-cybersecurity-monitoring-bot,10
OPS-043-Data-Governance-AI,Data Governance Ai,OPS,shared-kernels|genixbank-financial-system|iza-os-financial-core|iza-os-analytics|iza-os-hr-core|iza-os-customer-service-chatbot-bot|iza-os-sales-core|iza-os-api-gateway-bot|iza-os-api-gateway|iza-os-workflow-integration,deployment-orchestrator|iza-os-api-gateway|iza-os-cybersecurity-monitoring-bot,10
OPS-044-Network-Monitoring-AI,Network Monitoring Ai,OPS,shared-kernels|genixbank-financial-system|iza-os-financial-core|iza-os-analytics|iza-os-hr-core|iza-os-customer-service-chatbot-bot|iza-os-sales-core|iza-os-api-gateway-bot|iza-os-api-gateway|iza-os-workflow-integration,deployment-orchestrator|iza-os-api-gateway|iza-os-cybersecurity-monitoring-bot,10
OPS-045-Software-Licensing-AI,Software Licensing Ai,OPS,shared-kernels|genixbank-financial-system|iza-os-financial-core|iza-os-analytics|iza-os-hr-core|iza-os-customer-service-chatbot-bot|iza-os-sales-core|iza-os-api-gateway-bot|iza-os-api-gateway|iza-os-workflow-integration,deployment-orchestrator|iza-os-api-gateway|iza-os-cybersecurity-monitoring-bot,10
OPS-046-IT-Procurement-AI,It Procurement Ai,OPS,shared-kernels|genixbank-financial-system|iza-os-financial-core|iza-os-analytics|iza-os-hr-core|iza-os-customer-service-chatbot-bot|iza-os-sales-core|iza-os-api-gateway-bot|iza-os-api-gateway|iza-os-workflow-integration,deployment-orchestrator|iza-os-api-gateway|iza-os-cybersecurity-monitoring-bot,10
OPS-047-System-Integration-AI,System Integration Ai,OPS,shared-kernels|genixbank-financial-system|iza-os-financial-core|iza-os-analytics|iza-os-hr-core|iza-os-customer-service-chatbot-bot|iza-os-sales-core|iza-os-api-gateway-bot|iza-os-api-gateway|iza-os-workflow-integration,deployment-orchestrator|iza-os-api-gateway|iza-os-cybersecurity-monitoring-bot,10
OPS-048-Data-Backup-AI,Data Backup Ai,OPS,shared-kernels|genixbank-financial-system|iza-os-financial-core|iza-os-analytics|iza-os-hr-core|iza-os-customer-service-chatbot-bot|iza-os-sales-core|iza-os-api-gateway-bot|iza-os-api-gateway|iza-os-workflow-integration,deployment-orchestrator|iza-os-api-gateway|iza-os-cybersecurity-monitoring-bot,10
OPS-049-Business-Continuity-AI,Business Continuity Ai,OPS,shared-kernels|genixbank-financial-system|iza-os-financial-core|iza-os-analytics|iza-os-hr-core|iza-os-customer-service-chatbot-bot|iza-os-sales-core|iza-os-api-gateway-bot|iza-os-api-gateway|iza-os-workflow-integration,deployment-orchestrator|iza-os-api-gateway|iza-os-cybersecurity-monitoring-bot,10
OPS-050-Compliance-Audit-AI,Compliance Audit Ai,OPS,shared-kernels|genixbank-financial-system|iza-os-financial-core|iza-os-analytics|iza-os-hr-core|iza-os-customer-service-chatbot-bot|iza-os-sales-core|iza-os-api-gateway-bot|iza-os-api-gateway|iza-os-workflow-integration,deployment-orchestrator|iza-os-api-gateway|iza-os-cybersecurity-monitoring-bot,10
OPS-051-Document-Collaboration-AI,Document Collaboration Ai,OPS,shared-kernels|genixbank-financial-system|iza-os-financial-core|iza-os-analytics|iza-os-hr-core|iza-os-customer-service-chatbot-bot|iza-os-sales-core|iza-os-api-gateway-bot|iza-os-api-gateway|iza-os-workflow-integration,deployment-orchestrator|iza-os-api-gateway|iza-os-cybersecurity-monitoring-bot,10
OPS-052-Video-Conferencing-AI,Video Conferencing Ai,OPS,shared-kernels|genixbank-financial-system|iza-os-financial-core|iza-os-analytics|iza-os-hr-core|iza-os-customer-service-chatbot-bot|iza-os-sales-core|iza-os-api-gateway-bot|iza-os-api-gateway|iza-os-workflow-integration,deployment-orchestrator|iza-os-api-gateway|iza-os-cybersecurity-monitoring-bot,10
OPS-053-Email-Management-AI,Email Management Ai,OPS,shared-kernels|genixbank-financial-system|iza-os-financial-core|iza-os-analytics|iza-os-hr-core|iza-os-customer-service-chatbot-bot|iza-os-sales-core|iza-os-api-gateway-bot|iza-os-api-gateway|iza-os-workflow-integration,deployment-orchestrator|iza-os-api-gateway|iza-os-cybersecurity-monitoring-bot,10
OPS-054-Calendar-Optimization-AI,Calendar Optimization Ai,OPS,shared-kernels|genixbank-financial-system|iza-os-financial-core|iza-os-analytics|iza-os-hr-core|iza-os-customer-service-chatbot-bot|iza-os-sales-core|iza-os-api-gateway-bot|iza-os-api-gateway|iza-os-workflow-integration,deployment-orchestrator|iza-os-api-gateway|iza-os-cybersecurity-monitoring-bot,10
OPS-055-Project-Budget-AI,Project Budget Ai,OPS,shared-kernels|genixbank-financial-system|iza-os-financial-core|iza-os-analytics|iza-os-hr-core|iza-os-customer-service-chatbot-bot|iza-os-sales-core|iza-os-api-gateway-bot|iza-os-api-gateway|iza-os-workflow-integration,deployment-orchestrator|iza-os-api-gateway|iza-os-cybersecurity-monitoring-bot,10
OPS-056-Resource-Forecasting-AI,Resource Forecasting Ai,OPS,shared-kernels|genixbank-financial-system|iza-os-financial-core|iza-os-analytics|iza-os-hr-core|iza-os-customer-service-chatbot-bot|iza-os-sales-core|iza-os-api-gateway-bot|iza-os-api-gateway|iza-os-workflow-integration,deployment-orchestrator|iza-os-api-gateway|iza-os-cybersecurity-monitoring-bot,10
OPS-057-Task-Prioritization-AI,Task Prioritization Ai,OPS,shared-kernels|genixbank-financial-system|iza-os-financial-core|iza-os-analytics|iza-os-hr-core|iza-os-customer-service-chatbot-bot|iza-os-sales-core|iza-os-api-gateway-bot|iza-os-api-gateway|iza-os-workflow-integration,deployment-orchestrator|iza-os-api-gateway|iza-os-cybersecurity-monitoring-bot,10
OPS-058-Time-Management-AI,Time Management Ai,OPS,shared-kernels|genixbank-financial-system|iza-os-financial-core|iza-os-analytics|iza-os-hr-core|iza-os-customer-service-chatbot-bot|iza-os-sales-core|iza-os-api-gateway-bot|iza-os-api-gateway|iza-os-workflow-integration,deployment-orchestrator|iza-os-api-gateway|iza-os-cybersecurity-monitoring-bot,10
OPS-059-Meeting-Minutes-AI,Meeting Minutes Ai,OPS,shared-kernels|genixbank-financial-system|iza-os-financial-core|iza-os-analytics|iza-os-hr-core|iza-os-customer-service-chatbot-bot|iza-os-sales-core|iza-os-api-gateway-bot|iza-os-api-gateway|iza-os-workflow-integration,deployment-orchestrator|iza-os-api-gateway|iza-os-cybersecurity-monitoring-bot,10
OPS-060-Document-Translation-AI,Document Translation Ai,OPS,shared-kernels|genixbank-financial-system|iza-os-financial-core|iza-os-analytics|iza-os-hr-core|iza-os-customer-service-chatbot-bot|iza-os-sales-core|iza-os-api-gateway-bot|iza-os-api-gateway|iza-os-workflow-integration,deployment-orchestrator|iza-os-api-gateway|iza-os-cybersecurity-monitoring-bot,10
OPS-061-Form-Automation-AI,Form Automation Ai,OPS,shared-kernels|genixbank-financial-system|iza-os-financial-core|iza-os-analytics|iza-os-hr-core|iza-os-customer-service-chatbot-bot|iza-os-sales-core|iza-os-api-gateway-bot|iza-os-api-gateway|iza-os-workflow-integration,deployment-orchestrator|iza-os-api-gateway|iza-os-cybersecurity-monitoring-bot,10
OPS-062-Report-Generation-AI,Report Generation Ai,OPS,shared-kernels|genixbank-financial-system|iza-os-financial-core|iza-os-analytics|iza-os-hr-core|iza-os-customer-service-chatbot-bot|iza-os-sales-core|iza-os-api-gateway-bot|iza-os-api-gateway|iza-os-workflow-integration,deployment-orchestrator|iza-os-api-gateway|iza-os-cybersecurity-monitoring-bot,10
OPS-063-Dashboard-Creation-AI,Dashboard Creation Ai,OPS,shared-kernels|genixbank-financial-system|iza-os-financial-core|iza-os-analytics|iza-os-hr-core|iza-os-customer-service-chatbot-bot|iza-os-sales-core|iza-os-api-gateway-bot|iza-os-api-gateway|iza-os-workflow-integration,deployment-orchestrator|iza-os-api-gateway|iza-os-cybersecurity-monitoring-bot,10
OPS-064-Analytics-Platform-AI,Analytics Platform Ai,OPS,shared-kernels|genixbank-financial-system|iza-os-financial-core|iza-os-analytics|iza-os-hr-core|iza-os-customer-service-chatbot-bot|iza-os-sales-core|iza-os-api-gateway-bot|iza-os-api-gateway|iza-os-workflow-integration,deployment-orchestrator|iza-os-api-gateway|iza-os-cybersecurity-monitoring-bot,10
OPS-065-Data-Cleaning-AI,Data Cleaning Ai,OPS,shared-kernels|genixbank-financial-system|iza-os-financial-core|iza-os-analytics|iza-os-hr-core|iza-os-customer-service-chatbot-bot|iza-os-sales-core|iza-os-api-gateway-bot|iza-os-api-gateway|iza-os-workflow-integration,deployment-orchestrator|iza-os-api-gateway|iza-os-cybersecurity-monitoring-bot,10
OPS-066-Workflow-Management-AI,Workflow Management Ai,OPS,shared-kernels|genixbank-financial-system|iza-os-financial-core|iza-os-analytics|iza-os-hr-core|iza-os-customer-service-chatbot-bot|iza-os-sales-core|iza-os-api-gateway-bot|iza-os-api-gateway|iza-os-workflow-integration,deployment-orchestrator|iza-os-api-gateway|iza-os-cybersecurity-monitoring-bot,10
EDU-001-Youth-Entrepreneurship-Curriculum,Youth Entrepreneurship Curriculum,EDU,shared-kernels|genixbank-financial-system|iza-os-financial-core|iza-os-analytics|iza-os-hr-core|iza-os-customer-service-chatbot-bot|iza-os-sales-core|iza-os-api-gateway-bot|iza-os-api-gateway|iza-os-workflow-integration|iza-os-learning-platform,deployment-orchestrator|iza-os-api-gateway|iza-os-cybersecurity-monitoring-bot,11
EDU-002-AI-Literacy-Program,Ai Literacy Program,EDU,shared-kernels|genixbank-financial-system|iza-os-financial-core|iza-os-analytics|iza-os-hr-core|iza-os-customer-service-chatbot-bot|iza-os-sales-core|iza-os-api-gateway-bot|iza-os-api-gateway|iza-os-workflow-integration|iza-os-learning-platform,deployment-orchestrator|iza-os-api-gateway|iza-os-cybersecurity-monitoring-bot,11
EDU-003-Coding-Mentor-Certification,Coding Mentor Certification,EDU,shared-kernels|genixbank-financial-system|iza-os-financial-core|iza-os-analytics|iza-os-hr-core|iza-os-customer-service-chatbot-bot|iza-os-sales-core|iza-os-api-gateway-bot|iza-os-api-gateway|iza-os-workflow-integration|iza-os-learning-platform,deployment-orchestrator|iza-os-api-gateway|iza-os-cybersecurity-monitoring-bot,11
EDU-004-Real-Estate-Licensing-Prep,Real Estate Licensing Prep,EDU,shared-kernels|genixbank-financial-system|iza-os-financial-core|iza-os-analytics|iza-os-hr-core|iza-os-customer-service-chatbot-bot|iza-os-sales-core|iza-os-api-gateway-bot|iza-os-api-gateway|iza-os-workflow-integration|iza-os-learning-platform,deployment-orchestrator|iza-os-api-gateway|iza-os-cybersecurity-monitoring-bot,11
EDU-005-Coding-Bootcamp,Coding Bootcamp,EDU,shared-kernels|genixbank-financial-system|iza-os-financial-core|iza-os-analytics|iza-os-hr-core|iza-os-customer-service-chatbot-bot|iza-os-sales-core|iza-os-api-gateway-bot|iza-os-api-gateway|iza-os-workflow-integration|iza-os-learning-platform,deployment-orchestrator|iza-os-api-gateway|iza-os-cybersecurity-monitoring-bot,11
EDU-006-Homeschooling-Content-AI,Homeschooling Content Ai,EDU,shared-kernels|genixbank-financial-system|iza-os-financial-core|iza-os-analytics|iza-os-hr-core|iza-os-customer-service-chatbot-bot|iza-os-sales-core|iza-os-api-gateway-bot|iza-os-api-gateway|iza-os-workflow-integration|iza-os-learning-platform,deployment-orchestrator|iza-os-api-gateway|iza-os-cybersecurity-monitoring-bot,11
EDU-007-AI-Tutoring-Platform,Ai Tutoring Platform,EDU,shared-kernels|genixbank-financial-system|iza-os-financial-core|iza-os-analytics|iza-os-hr-core|iza-os-customer-service-chatbot-bot|iza-os-sales-core|iza-os-api-gateway-bot|iza-os-api-gateway|iza-os-workflow-integration|iza-os-learning-platform,deployment-orchestrator|iza-os-api-gateway|iza-os-cybersecurity-monitoring-bot,11
EDU-008-Branding-Templates-Marketplace,Branding Templates Marketplace,EDU,shared-kernels|genixbank-financial-system|iza-os-financial-core|iza-os-analytics|iza-os-hr-core|iza-os-customer-service-chatbot-bot|iza-os-sales-core|iza-os-api-gateway-bot|iza-os-api-gateway|iza-os-workflow-integration|iza-os-learning-platform,deployment-orchestrator|iza-os-api-gateway|iza-os-cybersecurity-monitoring-bot,11
EDU-009-Voiceover-Script-Library,Voiceover Script Library,EDU,shared-kernels|genixbank-financial-system|iza-os-financial-core|iza-os-analytics|iza-os-hr-core|iza-os-customer-service-chatbot-bot|iza-os-sales-core|iza-os-api-gateway-bot|iza-os-api-gateway|iza-os-workflow-integration|iza-os-learning-platform,deployment-orchestrator|iza-os-api-gateway|iza-os-cybersecurity-monitoring-bot,11
EDU-010-Trade-Skills-Bootcamp,Trade Skills Bootcamp,EDU,shared-kernels|genixbank-financial-system|iza-os-financial-core|iza-os-analytics|iza-os-hr-core|iza-os-customer-service-chatbot-bot|iza-os-sales-core|iza-os-api-gateway-bot|iza-os-api-gateway|iza-os-workflow-integration|iza-os-learning-platform,deployment-orchestrator|iza-os-api-gateway|iza-os-cybersecurity-monitoring-bot,11
EDU-011-Franchise-Blueprint-System,Franchise Blueprint System,EDU,shared-kernels|genixbank-financial-system|iza-os-financial-core|iza-os-analytics|iza-os-hr-core|iza-os-customer-service-chatbot-bot|iza-os-sales-core|iza-os-api-gateway-bot|iza-os-api-gateway|iza-os-workflow-integration|iza-os-learning-platform,deployment-orchestrator|iza-os-api-gateway|iza-os-cybersecurity-monitoring-bot,11
EDU-012-Low-Income-Housing-Blueprint,Low Income Housing Blueprint,EDU,shared-kernels|genixbank-financial-system|iza-os-financial-core|iza-os-analytics|iza-os-hr-core|iza-os-customer-service-chatbot-bot|iza-os-sales-core|iza-os-api-gateway-bot|iza-os-api-gateway|iza-os-workflow-integration|iza-os-learning-platform,deployment-orchestrator|iza-os-api-gateway|iza-os-cybersecurity-monitoring-bot,11
EDU-013-Automated-Empire-Book,Automated Empire Book,EDU,shared-kernels|genixbank-financial-system|iza-os-financial-core|iza-os-analytics|iza-os-hr-core|iza-os-customer-service-chatbot-bot|iza-os-sales-core|iza-os-api-gateway-bot|iza-os-api-gateway|iza-os-workflow-integration|iza-os-learning-platform,deployment-orchestrator|iza-os-api-gateway|iza-os-cybersecurity-monitoring-bot,11
EDU-014-BIPOC-Creator-Incubator,Bipoc Creator Incubator,EDU,shared-kernels|genixbank-financial-system|iza-os-financial-core|iza-os-analytics|iza-os-hr-core|iza-os-customer-service-chatbot-bot|iza-os-sales-core|iza-os-api-gateway-bot|iza-os-api-gateway|iza-os-workflow-integration|iza-os-learning-platform,deployment-orchestrator|iza-os-api-gateway|iza-os-cybersecurity-monitoring-bot,11
EDU-015-AI-Legal-Doc-Generator,Ai Legal Doc Generator,EDU,shared-kernels|genixbank-financial-system|iza-os-financial-core|iza-os-analytics|iza-os-hr-core|iza-os-customer-service-chatbot-bot|iza-os-sales-core|iza-os-api-gateway-bot|iza-os-api-gateway|iza-os-workflow-integration|iza-os-learning-platform,deployment-orchestrator|iza-os-api-gateway|iza-os-cybersecurity-monitoring-bot,11
EDU-016-Virtual-Black-Art-Museum,Virtual Black Art Museum,EDU,shared-kernels|genixbank-financial-system|iza-os-financial-core|iza-os-analytics|iza-os-hr-core|iza-os-customer-service-chatbot-bot|iza-os-sales-core|iza-os-api-gateway-bot|iza-os-api-gateway|iza-os-workflow-integration|iza-os-learning-platform,deployment-orchestrator|iza-os-api-gateway|iza-os-cybersecurity-monitoring-bot,11
EDU-017-AI-Coding-Tutor,Ai Coding Tutor,EDU,shared-kernels|genixbank-financial-system|iza-os-financial-core|iza-os-analytics|iza-os-hr-core|iza-os-customer-service-chatbot-bot|iza-os-sales-core|iza-os-api-gateway-bot|iza-os-api-gateway|iza-os-workflow-integration|iza-os-learning-platform,deployment-orchestrator|iza-os-api-gateway|iza-os-cybersecurity-monitoring-bot,11
EDU-018-Online-Course-Creator,Online Course Creator,EDU,shared-kernels|genixbank-financial-system|iza-os-financial-core|iza-os-analytics|iza-os-hr-core|iza-os-customer-service-chatbot-bot|iza-os-sales-core|iza-os-api-gateway-bot|iza-os-api-gateway|iza-os-workflow-integration|iza-os-learning-platform,deployment-orchestrator|iza-os-api-gateway|iza-os-cybersecurity-monitoring-bot,11
EDU-019-Executive-Education-Program,Executive Education Program,EDU,shared-kernels|genixbank-financial-system|iza-os-financial-core|iza-os-analytics|iza-os-hr-core|iza-os-customer-service-chatbot-bot|iza-os-sales-core|iza-os-api-gateway-bot|iza-os-api-gateway|iza-os-workflow-integration|iza-os-learning-platform,deployment-orchestrator|iza-os-api-gateway|iza-os-cybersecurity-monitoring-bot,11
EDU-020-Youth-STEM-Program,Youth Stem Program,EDU,shared-kernels|genixbank-financial-system|iza-os-financial-core|iza-os-analytics|iza-os-hr-core|iza-os-customer-service-chatbot-bot|iza-os-sales-core|iza-os-api-gateway-bot|iza-os-api-gateway|iza-os-workflow-integration|iza-os-learning-platform,deployment-orchestrator|iza-os-api-gateway|iza-os-cybersecurity-monitoring-bot,11
EDU-021-Remote-Work-Certification,Remote Work Certification,EDU,shared-kernels|genixbank-financial-system|iza-os-financial-core|iza-os-analytics|iza-os-hr-core|iza-os-customer-service-chatbot-bot|iza-os-sales-core|iza-os-api-gateway-bot|iza-os-api-gateway|iza-os-workflow-integration|iza-os-learning-platform,deployment-orchestrator|iza-os-api-gateway|iza-os-cybersecurity-monitoring-bot,11
EDU-022-AI-Research-Assistant,Ai Research Assistant,EDU,shared-kernels|genixbank-financial-system|iza-os-financial-core|iza-os-analytics|iza-os-hr-core|iza-os-customer-service-chatbot-bot|iza-os-sales-core|iza-os-api-gateway-bot|iza-os-api-gateway|iza-os-workflow-integration|iza-os-learning-platform,deployment-orchestrator|iza-os-api-gateway|iza-os-cybersecurity-monitoring-bot,11
EDU-023-Personal-Finance-Coach,Personal Finance Coach,EDU,shared-kernels|genixbank-financial-system|iza-os-financial-core|iza-os-analytics|iza-os-hr-core|iza-os-customer-service-chatbot-bot|iza-os-sales-core|iza-os-api-gateway-bot|iza-os-api-gateway|iza-os-workflow-integration|iza-os-learning-platform,deployment-orchestrator|iza-os-api-gateway|iza-os-cybersecurity-monitoring-bot,11
EDU-024-Language-Learning-AI,Language Learning Ai,EDU,shared-kernels|genixbank-financial-system|iza-os-financial-core|iza-os-analytics|iza-os-hr-core|iza-os-customer-service-chatbot-bot|iza-os-sales-core|iza-os-api-gateway-bot|iza-os-api-gateway|iza-os-workflow-integration|iza-os-learning-platform,deployment-orchestrator|iza-os-api-gateway|iza-os-cybersecurity-monitoring-bot,11
EDU-025-Test-Preparation-AI,Test Preparation Ai,EDU,shared-kernels|genixbank-financial-system|iza-os-financial-core|iza-os-analytics|iza-os-hr-core|iza-os-customer-service-chatbot-bot|iza-os-sales-core|iza-os-api-gateway-bot|iza-os-api-gateway|iza-os-workflow-integration|iza-os-learning-platform,deployment-orchestrator|iza-os-api-gateway|iza-os-cybersecurity-monitoring-bot,11
EDU-026-Corporate-Training-AI,Corporate Training Ai,EDU,shared-kernels|genixbank-financial-system|iza-os-financial-core|iza-os-analytics|iza-os-hr-core|iza-os-customer-service-chatbot-bot|iza-os-sales-core|iza-os-api-gateway-bot|iza-os-api-gateway|iza-os-workflow-integration|iza-os-learning-platform,deployment-orchestrator|iza-os-api-gateway|iza-os-cybersecurity-monitoring-bot,11
EDU-027-Medical-Education-AI,Medical Education Ai,EDU,shared-kernels|genixbank-financial-system|iza-os-financial-core|iza-os-analytics|iza-os-hr-core|iza-os-customer-service-chatbot-bot|iza-os-sales-core|iza-os-api-gateway-bot|iza-os-api-gateway|iza-os-workflow-integration|iza-os-learning-platform,deployment-orchestrator|iza-os-api-gateway|iza-os-cybersecurity-monitoring-bot,11
EDU-028-Legal-Education-AI,Legal Education Ai,EDU,shared-kernels|genixbank-financial-system|iza-os-financial-core|iza-os-analytics|iza-os-hr-core|iza-os-customer-service-chatbot-bot|iza-os-sales-core|iza-os-api-gateway-bot|iza-os-api-gateway|iza-os-workflow-integration|iza-os-learning-platform,deployment-orchestrator|iza-os-api-gateway|iza-os-cybersecurity-monitoring-bot,11
EDU-029-Music-Education-AI,Music Education Ai,EDU,shared-kernels|genixbank-financial-system|iza-os-financial-core|iza-os-analytics|iza-os-hr-core|iza-os-customer-service-chatbot-bot|iza-os-sales-core|iza-os-api-gateway-bot|iza-os-api-gateway|iza-os-workflow-integration|iza-os-learning-platform,deployment-orchestrator|iza-os-api-gateway|iza-os-cybersecurity-monitoring-bot,11
EDU-030-Art-Education-AI,Art Education Ai,EDU,shared-kernels|genixbank-financial-system|iza-os-financial-core|iza-os-analytics|iza-os-hr-core|iza-os-customer-service-chatbot-bot|iza-os-sales-core|iza-os-api-gateway-bot|iza-os-api-gateway|iza-os-workflow-integration|iza-os-learning-platform,deployment-orchestrator|iza-os-api-gateway|iza-os-cybersecurity-monitoring-bot,11
EDU-031-Physical-Education-AI,Physical Education Ai,EDU,shared-kernels|genixbank-financial-system|iza-os-financial-core|iza-os-analytics|iza-os-hr-core|iza-os-customer-service-chatbot-bot|iza-os-sales-core|iza-os-api-gateway-bot|iza-os-api-gateway|iza-os-workflow-integration|iza-os-learning-platform,deployment-orchestrator|iza-os-api-gateway|iza-os-cybersecurity-monitoring-bot,11
EDU-032-Environmental-Education-AI,Environmental Education Ai,EDU,shared-kernels|genixbank-financial-system|iza-os-financial-core|iza-os-analytics|iza-os-hr-core|iza-os-customer-service-chatbot-bot|iza-os-sales-core|iza-os-api-gateway-bot|iza-os-api-gateway|iza-os-workflow-integration|iza-os-learning-platform,deployment-orchestrator|iza-os-api-gateway|iza-os-cybersecurity-monitoring-bot,11
EDU-033-Social-Studies-AI,Social Studies Ai,EDU,shared-kernels|genixbank-financial-system|iza-os-financial-core|iza-os-analytics|iza-os-hr-core|iza-os-customer-service-chatbot-bot|iza-os-sales-core|iza-os-api-gateway-bot|iza-os-api-gateway|iza-os-workflow-integration|iza-os-learning-platform,deployment-orchestrator|iza-os-api-gateway|iza-os-cybersecurity-monitoring-bot,11
EDU-034-Math-Education-AI,Math Education Ai,EDU,shared-kernels|genixbank-financial-system|iza-os-financial-core|iza-os-analytics|iza-os-hr-core|iza-os-customer-service-chatbot-bot|iza-os-sales-core|iza-os-api-gateway-bot|iza-os-api-gateway|iza-os-workflow-integration|iza-os-learning-platform,deployment-orchestrator|iza-os-api-gateway|iza-os-cybersecurity-monitoring-bot,11
EDU-035-Science-Education-AI,Science Education Ai,EDU,shared-kernels|genixbank-financial-system|iza-os-financial-core|iza-os-analytics|iza-os-hr-core|iza-os-customer-service-chatbot-bot|iza-os-sales-core|iza-os-api-gateway-bot|iza-os-api-gateway|iza-os-workflow-integration|iza-os-learning-platform,deployment-orchestrator|iza-os-api-gateway|iza-os-cybersecurity-monitoring-bot,11
EDU-036-Reading-Comprehension-AI,Reading Comprehension Ai,EDU,shared-kernels|genixbank-financial-system|iza-os-financial-core|iza-os-analytics|iza-os-hr-core|iza-os-customer-service-chatbot-bot|iza-os-sales-core|iza-os-api-gateway-bot|iza-os-api-gateway|iza-os-workflow-integration|iza-os-learning-platform,deployment-orchestrator|iza-os-api-gateway|iza-os-cybersecurity-monitoring-bot,11
EDU-037-Writing-Instruction-AI,Writing Instruction Ai,EDU,shared-kernels|genixbank-financial-system|iza-os-financial-core|iza-os-analytics|iza-os-hr-core|iza-os-customer-service-chatbot-bot|iza-os-sales-core|iza-os-api-gateway-bot|iza-os-api-gateway|iza-os-workflow-integration|iza-os-learning-platform,deployment-orchestrator|iza-os-api-gateway|iza-os-cybersecurity-monitoring-bot,11
EDU-038-Critical-Thinking-AI,Critical Thinking Ai,EDU,shared-kernels|genixbank-financial-system|iza-os-financial-core|iza-os-analytics|iza-os-hr-core|iza-os-customer-service-chatbot-bot|iza-os-sales-core|iza-os-api-gateway-bot|iza-os-api-gateway|iza-os-workflow-integration|iza-os-learning-platform,deployment-orchestrator|iza-os-api-gateway|iza-os-cybersecurity-monitoring-bot,11
EDU-039-Emotional-Intelligence-AI,Emotional Intelligence Ai,EDU,shared-kernels|genixbank-financial-system|iza-os-financial-core|iza-os-analytics|iza-os-hr-core|iza-os-customer-service-chatbot-bot|iza-os-sales-core|iza-os-api-gateway-bot|iza-os-api-gateway|iza-os-workflow-integration|iza-os-learning-platform,deployment-orchestrator|iza-os-api-gateway|iza-os-cybersecurity-monitoring-bot,11
EDU-040-Time-Management-AI,Time Management Ai,EDU,shared-kernels|genixbank-financial-system|iza-os-financial-core|iza-os-analytics|iza-os-hr-core|iza-os-customer-service-chatbot-bot|iza-os-sales-core|iza-os-api-gateway-bot|iza-os-api-gateway|iza-os-workflow-integration|iza-os-learning-platform,deployment-orchestrator|iza-os-api-gateway|iza-os-cybersecurity-monitoring-bot,11
COMM-001-Luminary-Worldwide-Events,Luminary Worldwide Events,COMM,shared-kernels|genixbank-financial-system|iza-os-financial-core|iza-os-analytics|iza-os-hr-core|iza-os-customer-service-chatbot-bot|iza-os-sales-core|iza-os-api-gateway-bot|iza-os-api-gateway|iza-os-workflow-integration|iza-os-learning-platform,deployment-orchestrator|iza-os-api-gateway|iza-os-cybersecurity-monitoring-bot,11
COMM-002-Brotherhood-Coaching-Network,Brotherhood Coaching Network,COMM,shared-kernels|genixbank-financial-system|iza-os-financial-core|iza-os-analytics|iza-os-hr-core|iza-os-customer-service-chatbot-bot|iza-os-sales-core|iza-os-api-gateway-bot|iza-os-api-gateway|iza-os-workflow-integration|iza-os-learning-platform,deployment-orchestrator|iza-os-api-gateway|iza-os-cybersecurity-monitoring-bot,11
COMM-003-Ace-Senior-Care-Connect,Ace Senior Care Connect,COMM,shared-kernels|genixbank-financial-system|iza-os-financial-core|iza-os-analytics|iza-os-hr-core|iza-os-customer-service-chatbot-bot|iza-os-sales-core|iza-os-api-gateway-bot|iza-os-api-gateway|iza-os-workflow-integration|iza-os-learning-platform,deployment-orchestrator|iza-os-api-gateway|iza-os-cybersecurity-monitoring-bot,11
COMM-004-Community-Outreach-Nonprofit,Community Outreach Nonprofit,COMM,shared-kernels|genixbank-financial-system|iza-os-financial-core|iza-os-analytics|iza-os-hr-core|iza-os-customer-service-chatbot-bot|iza-os-sales-core|iza-os-api-gateway-bot|iza-os-api-gateway|iza-os-workflow-integration|iza-os-learning-platform,deployment-orchestrator|iza-os-api-gateway|iza-os-cybersecurity-monitoring-bot,11
COMM-005-Ace-Food-Security-AI,Ace Food Security Ai,COMM,shared-kernels|genixbank-financial-system|iza-os-financial-core|iza-os-analytics|iza-os-hr-core|iza-os-customer-service-chatbot-bot|iza-os-sales-core|iza-os-api-gateway-bot|iza-os-api-gateway|iza-os-workflow-integration|iza-os-learning-platform,deployment-orchestrator|iza-os-api-gateway|iza-os-cybersecurity-monitoring-bot,11
COMM-006-Community-Technology-Access-AI,Community Technology Access Ai,COMM,shared-kernels|genixbank-financial-system|iza-os-financial-core|iza-os-analytics|iza-os-hr-core|iza-os-customer-service-chatbot-bot|iza-os-sales-core|iza-os-api-gateway-bot|iza-os-api-gateway|iza-os-workflow-integration|iza-os-learning-platform,deployment-orchestrator|iza-os-api-gateway|iza-os-cybersecurity-monitoring-bot,11
COMM-007-Youth-Leadership-AI,Youth Leadership Ai,COMM,shared-kernels|genixbank-financial-system|iza-os-financial-core|iza-os-analytics|iza-os-hr-core|iza-os-customer-service-chatbot-bot|iza-os-sales-core|iza-os-api-gateway-bot|iza-os-api-gateway|iza-os-workflow-integration|iza-os-learning-platform,deployment-orchestrator|iza-os-api-gateway|iza-os-cybersecurity-monitoring-bot,11
COMM-008-Community-Fundraising-AI,Community Fundraising Ai,COMM,shared-kernels|genixbank-financial-system|iza-os-financial-core|iza-os-analytics|iza-os-hr-core|iza-os-customer-service-chatbot-bot|iza-os-sales-core|iza-os-api-gateway-bot|iza-os-api-gateway|iza-os-workflow-integration|iza-os-learning-platform,deployment-orchestrator|iza-os-api-gateway|iza-os-cybersecurity-monitoring-bot,11
COMM-009-Volunteer-Hub-AI,Volunteer Hub Ai,COMM,shared-kernels|genixbank-financial-system|iza-os-financial-core|iza-os-analytics|iza-os-hr-core|iza-os-customer-service-chatbot-bot|iza-os-sales-core|iza-os-api-gateway-bot|iza-os-api-gateway|iza-os-workflow-integration|iza-os-learning-platform,deployment-orchestrator|iza-os-api-gateway|iza-os-cybersecurity-monitoring-bot,11
COMM-010-Disaster-Relief-AI,Disaster Relief Ai,COMM,shared-kernels|genixbank-financial-system|iza-os-financial-core|iza-os-analytics|iza-os-hr-core|iza-os-customer-service-chatbot-bot|iza-os-sales-core|iza-os-api-gateway-bot|iza-os-api-gateway|iza-os-workflow-integration|iza-os-learning-platform,deployment-orchestrator|iza-os-api-gateway|iza-os-cybersecurity-monitoring-bot,11
COMM-011-Indigenous-Creator-Hub,Indigenous Creator Hub,COMM,shared-kernels|genixbank-financial-system|iza-os-financial-core|iza-os-analytics|iza-os-hr-core|iza-os-customer-service-chatbot-bot|iza-os-sales-core|iza-os-api-gateway-bot|iza-os-api-gateway|iza-os-workflow-integration|iza-os-learning-platform,deployment-orchestrator|iza-os-api-gateway|iza-os-cybersecurity-monitoring-bot,11
COMM-012-Black-Art-Museum-AI,Black Art Museum Ai,COMM,shared-kernels|genixbank-financial-system|iza-os-financial-core|iza-os-analytics|iza-os-hr-core|iza-os-customer-service-chatbot-bot|iza-os-sales-core|iza-os-api-gateway-bot|iza-os-api-gateway|iza-os-workflow-integration|iza-os-learning-platform,deployment-orchestrator|iza-os-api-gateway|iza-os-cybersecurity-monitoring-bot,11
COMM-013-Women-s-Empowerment-Network,Women S Empowerment Network,COMM,shared-kernels|genixbank-financial-system|iza-os-financial-core|iza-os-analytics|iza-os-hr-core|iza-os-customer-service-chatbot-bot|iza-os-sales-core|iza-os-api-gateway-bot|iza-os-api-gateway|iza-os-workflow-integration|iza-os-learning-platform,deployment-orchestrator|iza-os-api-gateway|iza-os-cybersecurity-monitoring-bot,11
COMM-014-Veterans-Support-AI,Veterans Support Ai,COMM,shared-kernels|genixbank-financial-system|iza-os-financial-core|iza-os-analytics|iza-os-hr-core|iza-os-customer-service-chatbot-bot|iza-os-sales-core|iza-os-api-gateway-bot|iza-os-api-gateway|iza-os-workflow-integration|iza-os-learning-platform,deployment-orchestrator|iza-os-api-gateway|iza-os-cybersecurity-monitoring-bot,11
COMM-015-Youth-Mentorship-Program,Youth Mentorship Program,COMM,shared-kernels|genixbank-financial-system|iza-os-financial-core|iza-os-analytics|iza-os-hr-core|iza-os-customer-service-chatbot-bot|iza-os-sales-core|iza-os-api-gateway-bot|iza-os-api-gateway|iza-os-workflow-integration|iza-os-learning-platform,deployment-orchestrator|iza-os-api-gateway|iza-os-cybersecurity-monitoring-bot,11
COMM-016-Community-Health-AI,Community Health Ai,COMM,shared-kernels|genixbank-financial-system|iza-os-financial-core|iza-os-analytics|iza-os-hr-core|iza-os-customer-service-chatbot-bot|iza-os-sales-core|iza-os-api-gateway-bot|iza-os-api-gateway|iza-os-workflow-integration|iza-os-learning-platform,deployment-orchestrator|iza-os-api-gateway|iza-os-cybersecurity-monitoring-bot,11
COMM-017-Local-Business-Directory,Local Business Directory,COMM,shared-kernels|genixbank-financial-system|iza-os-financial-core|iza-os-analytics|iza-os-hr-core|iza-os-customer-service-chatbot-bot|iza-os-sales-core|iza-os-api-gateway-bot|iza-os-api-gateway|iza-os-workflow-integration|iza-os-learning-platform,deployment-orchestrator|iza-os-api-gateway|iza-os-cybersecurity-monitoring-bot,11
COMM-018-Neighborhood-Watch-AI,Neighborhood Watch Ai,COMM,shared-kernels|genixbank-financial-system|iza-os-financial-core|iza-os-analytics|iza-os-hr-core|iza-os-customer-service-chatbot-bot|iza-os-sales-core|iza-os-api-gateway-bot|iza-os-api-gateway|iza-os-workflow-integration|iza-os-learning-platform,deployment-orchestrator|iza-os-api-gateway|iza-os-cybersecurity-monitoring-bot,11
COMM-019-Community-Garden-AI,Community Garden Ai,COMM,shared-kernels|genixbank-financial-system|iza-os-financial-core|iza-os-analytics|iza-os-hr-core|iza-os-customer-service-chatbot-bot|iza-os-sales-core|iza-os-api-gateway-bot|iza-os-api-gateway|iza-os-workflow-integration|iza-os-learning-platform,deployment-orchestrator|iza-os-api-gateway|iza-os-cybersecurity-monitoring-bot,11
COMM-020-Public-Transportation-AI,Public Transportation Ai,COMM,shared-kernels|genixbank-financial-system|iza-os-financial-core|iza-os-analytics|iza-os-hr-core|iza-os-customer-service-chatbot-bot|iza-os-sales-core|iza-os-api-gateway-bot|iza-os-api-gateway|iza-os-workflow-integration|iza-os-learning-platform,deployment-orchestrator|iza-os-api-gateway|iza-os-cybersecurity-monitoring-bot,11
COMM-021-Housing-Assistance-AI,Housing Assistance Ai,COMM,shared-kernels|genixbank-financial-system|iza-os-financial-core|iza-os-analytics|iza-os-hr-core|iza-os-customer-service-chatbot-bot|iza-os-sales-core|iza-os-api-gateway-bot|iza-os-api-gateway|iza-os-workflow-integration|iza-os-learning-platform,deployment-orchestrator|iza-os-api-gateway|iza-os-cybersecurity-monitoring-bot,11
COMM-022-Job-Training-Center,Job Training Center,COMM,shared-kernels|genixbank-financial-system|iza-os-financial-core|iza-os-analytics|iza-os-hr-core|iza-os-customer-service-chatbot-bot|iza-os-sales-core|iza-os-api-gateway-bot|iza-os-api-gateway|iza-os-workflow-integration|iza-os-learning-platform,deployment-orchestrator|iza-os-api-gateway|iza-os-cybersecurity-monitoring-bot,11
COMM-023-Elder-Companion-AI,Elder Companion Ai,COMM,shared-kernels|genixbank-financial-system|iza-os-financial-core|iza-os-analytics|iza-os-hr-core|iza-os-customer-service-chatbot-bot|iza-os-sales-core|iza-os-api-gateway-bot|iza-os-api-gateway|iza-os-workflow-integration|iza-os-learning-platform,deployment-orchestrator|iza-os-api-gateway|iza-os-cybersecurity-monitoring-bot,11
COMM-024-Youth-Sports-AI,Youth Sports Ai,COMM,shared-kernels|genixbank-financial-system|iza-os-financial-core|iza-os-analytics|iza-os-hr-core|iza-os-customer-service-chatbot-bot|iza-os-sales-core|iza-os-api-gateway-bot|iza-os-api-gateway|iza-os-workflow-integration|iza-os-learning-platform,deployment-orchestrator|iza-os-api-gateway|iza-os-cybersecurity-monitoring-bot,11
COMM-025-Community-Legal-Aid,Community Legal Aid,COMM,shared-kernels|genixbank-financial-system|iza-os-financial-core|iza-os-analytics|iza-os-hr-core|iza-os-customer-service-chatbot-bot|iza-os-sales-core|iza-os-api-gateway-bot|iza-os-api-gateway|iza-os-workflow-integration|iza-os-learning-platform,deployment-orchestrator|iza-os-api-gateway|iza-os-cybersecurity-monitoring-bot,11
COMM-026-Public-Education-AI,Public Education Ai,COMM,shared-kernels|genixbank-financial-system|iza-os-financial-core|iza-os-analytics|iza-os-hr-core|iza-os-customer-service-chatbot-bot|iza-os-sales-core|iza-os-api-gateway-bot|iza-os-api-gateway|iza-os-workflow-integration|iza-os-learning-platform,deployment-orchestrator|iza-os-api-gateway|iza-os-cybersecurity-monitoring-bot,11
COMM-027-Local-Government-AI,Local Government Ai,COMM,shared-kernels|genixbank-financial-system|iza-os-financial-core|iza-os-analytics|iza-os-hr-core|iza-os-customer-service-chatbot-bot|iza-os-sales-core|iza-os-api-gateway-bot|iza-os-api-gateway|iza-os-workflow-integration|iza-os-learning-platform,deployment-orchestrator|iza-os-api-gateway|iza-os-cybersecurity-monitoring-bot,11
COMM-028-Public-Safety-AI,Public Safety Ai,COMM,shared-kernels|genixbank-financial-system|iza-os-financial-core|iza-os-analytics|iza-os-hr-core|iza-os-customer-service-chatbot-bot|iza-os-sales-core|iza-os-api-gateway-bot|iza-os-api-gateway|iza-os-workflow-integration|iza-os-learning-platform,deployment-orchestrator|iza-os-api-gateway|iza-os-cybersecurity-monitoring-bot,11
COMM-029-Community-Wellness-AI,Community Wellness Ai,COMM,shared-kernels|genixbank-financial-system|iza-os-financial-core|iza-os-analytics|iza-os-hr-core|iza-os-customer-service-chatbot-bot|iza-os-sales-core|iza-os-api-gateway-bot|iza-os-api-gateway|iza-os-workflow-integration|iza-os-learning-platform,deployment-orchestrator|iza-os-api-gateway|iza-os-cybersecurity-monitoring-bot,11
COMM-030-Cultural-Exchange-AI,Cultural Exchange Ai,COMM,shared-kernels|genixbank-financial-system|iza-os-financial-core|iza-os-analytics|iza-os-hr-core|iza-os-customer-service-chatbot-bot|iza-os-sales-core|iza-os-api-gateway-bot|iza-os-api-gateway|iza-os-workflow-integration|iza-os-learning-platform,deployment-orchestrator|iza-os-api-gateway|iza-os-cybersecurity-monitoring-bot,11
COMM-031-Community-Investment-AI,Community Investment Ai,COMM,shared-kernels|genixbank-financial-system|iza-os-financial-core|iza-os-analytics|iza-os-hr-core|iza-os-customer-service-chatbot-bot|iza-os-sales-core|iza-os-api-gateway-bot|iza-os-api-gateway|iza-os-workflow-integration|iza-os-learning-platform,deployment-orchestrator|iza-os-api-gateway|iza-os-cybersecurity-monitoring-bot,11
COMM-032-Public-Health-AI,Public Health Ai,COMM,shared-kernels|genixbank-financial-system|iza-os-financial-core|iza-os-analytics|iza-os-hr-core|iza-os-customer-service-chatbot-bot|iza-os-sales-core|iza-os-api-gateway-bot|iza-os-api-gateway|iza-os-workflow-integration|iza-os-learning-platform,deployment-orchestrator|iza-os-api-gateway|iza-os-cybersecurity-monitoring-bot,11
COMM-033-Youth-Innovation-Hub,Youth Innovation Hub,COMM,shared-kernels|genixbank-financial-system|iza-os-financial-core|iza-os-analytics|iza-os-hr-core|iza-os-customer-service-chatbot-bot|iza-os-sales-core|iza-os-api-gateway-bot|iza-os-api-gateway|iza-os-workflow-integration|iza-os-learning-platform,deployment-orchestrator|iza-os-api-gateway|iza-os-cybersecurity-monitoring-bot,11
COMM-034-Senior-Tech-Support,Senior Tech Support,COMM,shared-kernels|genixbank-financial-system|iza-os-financial-core|iza-os-analytics|iza-os-hr-core|iza-os-customer-service-chatbot-bot|iza-os-sales-core|iza-os-api-gateway-bot|iza-os-api-gateway|iza-os-workflow-integration|iza-os-learning-platform,deployment-orchestrator|iza-os-api-gateway|iza-os-cybersecurity-monitoring-bot,11
COMM-035-Community-Arts-AI,Community Arts Ai,COMM,shared-kernels|genixbank-financial-system|iza-os-financial-core|iza-os-analytics|iza-os-hr-core|iza-os-customer-service-chatbot-bot|iza-os-sales-core|iza-os-api-gateway-bot|iza-os-api-gateway|iza-os-workflow-integration|iza-os-learning-platform,deployment-orchestrator|iza-os-api-gateway|iza-os-cybersecurity-monitoring-bot,11
COMM-036-Public-Infrastructure-AI,Public Infrastructure Ai,COMM,shared-kernels|genixbank-financial-system|iza-os-financial-core|iza-os-analytics|iza-os-hr-core|iza-os-customer-service-chatbot-bot|iza-os-sales-core|iza-os-api-gateway-bot|iza-os-api-gateway|iza-os-workflow-integration|iza-os-learning-platform,deployment-orchestrator|iza-os-api-gateway|iza-os-cybersecurity-monitoring-bot,11
COMM-037-Neighborhood-Development-AI,Neighborhood Development Ai,COMM,shared-kernels|genixbank-financial-system|iza-os-financial-core|iza-os-analytics|iza-os-hr-core|iza-os-customer-service-chatbot-bot|iza-os-sales-core|iza-os-api-gateway-bot|iza-os-api-gateway|iza-os-workflow-integration|iza-os-learning-platform,deployment-orchestrator|iza-os-api-gateway|iza-os-cybersecurity-monitoring-bot,11
COMM-038-Community-Policing-AI,Community Policing Ai,COMM,shared-kernels|genixbank-financial-system|iza-os-financial-core|iza-os-analytics|iza-os-hr-core|iza-os-customer-service-chatbot-bot|iza-os-sales-core|iza-os-api-gateway-bot|iza-os-api-gateway|iza-os-workflow-integration|iza-os-learning-platform,deployment-orchestrator|iza-os-api-gateway|iza-os-cybersecurity-monitoring-bot,11
COMM-039-Public-Space-AI,Public Space Ai,COMM,shared-kernels|genixbank-financial-system|iza-os-financial-core|iza-os-analytics|iza-os-hr-core|iza-os-customer-service-chatbot-bot|iza-os-sales-core|iza-os-api-gateway-bot|iza-os-api-gateway|iza-os-workflow-integration|iza-os-learning-platform,deployment-orchestrator|iza-os-api-gateway|iza-os-cybersecurity-monitoring-bot,11
COMM-040-Community-Recycling-AI,Community Recycling Ai,COMM,shared-kernels|genixbank-financial-system|iza-os-financial-core|iza-os-analytics|iza-os-hr-core|iza-os-customer-service-chatbot-bot|iza-os-sales-core|iza-os-api-gateway-bot|iza-os-api-gateway|iza-os-workflow-integration|iza-os-learning-platform,deployment-orchestrator|iza-os-api-gateway|iza-os-cybersecurity-monitoring-bot,11
COMM-041-Public-Wi-Fi-AI,Public Wi Fi Ai,COMM,shared-kernels|genixbank-financial-system|iza-os-financial-core|iza-os-analytics|iza-os-hr-core|iza-os-customer-service-chatbot-bot|iza-os-sales-core|iza-os-api-gateway-bot|iza-os-api-gateway|iza-os-workflow-integration|iza-os-learning-platform,deployment-orchestrator|iza-os-api-gateway|iza-os-cybersecurity-monitoring-bot,11
COMM-042-Community-Energy-AI,Community Energy Ai,COMM,shared-kernels|genixbank-financial-system|iza-os-financial-core|iza-os-analytics|iza-os-hr-core|iza-os-customer-service-chatbot-bot|iza-os-sales-core|iza-os-api-gateway-bot|iza-os-api-gateway|iza-os-workflow-integration|iza-os-learning-platform,deployment-orchestrator|iza-os-api-gateway|iza-os-cybersecurity-monitoring-bot,11
COMM-043-Local-Food-Network-AI,Local Food Network Ai,COMM,shared-kernels|genixbank-financial-system|iza-os-financial-core|iza-os-analytics|iza-os-hr-core|iza-os-customer-service-chatbot-bot|iza-os-sales-core|iza-os-api-gateway-bot|iza-os-api-gateway|iza-os-workflow-integration|iza-os-learning-platform,deployment-orchestrator|iza-os-api-gateway|iza-os-cybersecurity-monitoring-bot,11
COMM-044-Community-Volunteering-AI,Community Volunteering Ai,COMM,shared-kernels|genixbank-financial-system|iza-os-financial-core|iza-os-analytics|iza-os-hr-core|iza-os-customer-service-chatbot-bot|iza-os-sales-core|iza-os-api-gateway-bot|iza-os-api-gateway|iza-os-workflow-integration|iza-os-learning-platform,deployment-orchestrator|iza-os-api-gateway|iza-os-cybersecurity-monitoring-bot,11
COMM-045-Public-Childcare-AI,Public Childcare Ai,COMM,shared-kernels|genixbank-financial-system|iza-os-financial-core|iza-os-analytics|iza-os-hr-core|iza-os-customer-service-chatbot-bot|iza-os-sales-core|iza-os-api-gateway-bot|iza-os-api-gateway|iza-os-workflow-integration|iza-os-learning-platform,deployment-orchestrator|iza-os-api-gateway|iza-os-cybersecurity-monitoring-bot,11
COMM-046-Community-Pet-Care-AI,Community Pet Care Ai,COMM,shared-kernels|genixbank-financial-system|iza-os-financial-core|iza-os-analytics|iza-os-hr-core|iza-os-customer-service-chatbot-bot|iza-os-sales-core|iza-os-api-gateway-bot|iza-os-api-gateway|iza-os-workflow-integration|iza-os-learning-platform,deployment-orchestrator|iza-os-api-gateway|iza-os-cybersecurity-monitoring-bot,11
COMM-047-Public-Fitness-AI,Public Fitness Ai,COMM,shared-kernels|genixbank-financial-system|iza-os-financial-core|iza-os-analytics|iza-os-hr-core|iza-os-customer-service-chatbot-bot|iza-os-sales-core|iza-os-api-gateway-bot|iza-os-api-gateway|iza-os-workflow-integration|iza-os-learning-platform,deployment-orchestrator|iza-os-api-gateway|iza-os-cybersecurity-monitoring-bot,11
COMM-048-Community-Transportation-AI,Community Transportation Ai,COMM,shared-kernels|genixbank-financial-system|iza-os-financial-core|iza-os-analytics|iza-os-hr-core|iza-os-customer-service-chatbot-bot|iza-os-sales-core|iza-os-api-gateway-bot|iza-os-api-gateway|iza-os-workflow-integration|iza-os-learning-platform,deployment-orchestrator|iza-os-api-gateway|iza-os-cybersecurity-monitoring-bot,11
COMM-049-Public-Event-AI,Public Event Ai,COMM,shared-kernels|genixbank-financial-system|iza-os-financial-core|iza-os-analytics|iza-os-hr-core|iza-os-customer-service-chatbot-bot|iza-os-sales-core|iza-os-api-gateway-bot|iza-os-api-gateway|iza-os-workflow-integration|iza-os-learning-platform,deployment-orchestrator|iza-os-api-gateway|iza-os-cybersecurity-monitoring-bot,11
COMM-050-Community-Cultural-AI,Community Cultural Ai,COMM,shared-kernels|genixbank-financial-system|iza-os-financial-core|iza-os-analytics|iza-os-hr-core|iza-os-customer-service-chatbot-bot|iza-os-sales-core|iza-os-api-gateway-bot|iza-os-api-gateway|iza-os-workflow-integration|iza-os-learning-platform,deployment-orchestrator|iza-os-api-gateway|iza-os-cybersecurity-monitoring-bot,11
EM-001-Space-Habitat-AI,Space Habitat Ai,EM,shared-kernels|genixbank-financial-system|iza-os-financial-core|iza-os-analytics|iza-os-hr-core|iza-os-customer-service-chatbot-bot|iza-os-sales-core|iza-os-api-gateway-bot|iza-os-api-gateway|iza-os-workflow-integration|iza-os-learning-platform,deployment-orchestrator|iza-os-api-gateway|iza-os-cybersecurity-monitoring-bot,11
EM-002-Fusion-Energy-AI,Fusion Energy Ai,EM,shared-kernels|genixbank-financial-system|iza-os-financial-core|iza-os-analytics|iza-os-hr-core|iza-os-customer-service-chatbot-bot|iza-os-sales-core|iza-os-api-gateway-bot|iza-os-api-gateway|iza-os-workflow-integration|iza-os-learning-platform,deployment-orchestrator|iza-os-api-gateway|iza-os-cybersecurity-monitoring-bot,11
EM-003-Teleportation-Research-AI,Teleportation Research Ai,EM,shared-kernels|genixbank-financial-system|iza-os-financial-core|iza-os-analytics|iza-os-hr-core|iza-os-customer-service-chatbot-bot|iza-os-sales-core|iza-os-api-gateway-bot|iza-os-api-gateway|iza-os-workflow-integration|iza-os-learning-platform,deployment-orchestrator|iza-os-api-gateway|iza-os-cybersecurity-monitoring-bot,11
EM-004-Climate-Solutions-AI,Climate Solutions Ai,EM,shared-kernels|genixbank-financial-system|iza-os-financial-core|iza-os-analytics|iza-os-hr-core|iza-os-customer-service-chatbot-bot|iza-os-sales-core|iza-os-api-gateway-bot|iza-os-api-gateway|iza-os-workflow-integration|iza-os-learning-platform,deployment-orchestrator|iza-os-api-gateway|iza-os-cybersecurity-monitoring-bot,11
EM-005-Holographic-Events-AI,Holographic Events Ai,EM,shared-kernels|genixbank-financial-system|iza-os-financial-core|iza-os-analytics|iza-os-hr-core|iza-os-customer-service-chatbot-bot|iza-os-sales-core|iza-os-api-gateway-bot|iza-os-api-gateway|iza-os-workflow-integration|iza-os-learning-platform,deployment-orchestrator|iza-os-api-gateway|iza-os-cybersecurity-monitoring-bot,11
EM-006-Neurofeedback-AI,Neurofeedback Ai,EM,shared-kernels|genixbank-financial-system|iza-os-financial-core|iza-os-analytics|iza-os-hr-core|iza-os-customer-service-chatbot-bot|iza-os-sales-core|iza-os-api-gateway-bot|iza-os-api-gateway|iza-os-workflow-integration|iza-os-learning-platform,deployment-orchestrator|iza-os-api-gateway|iza-os-cybersecurity-monitoring-bot,11
EM-007-Autonomous-Delivery-AI,Autonomous Delivery Ai,EM,shared-kernels|genixbank-financial-system|iza-os-financial-core|iza-os-analytics|iza-os-hr-core|iza-os-customer-service-chatbot-bot|iza-os-sales-core|iza-os-api-gateway-bot|iza-os-api-gateway|iza-os-workflow-integration|iza-os-learning-platform,deployment-orchestrator|iza-os-api-gateway|iza-os-cybersecurity-monitoring-bot,11
EM-008-Gene-Editing-AI,Gene Editing Ai,EM,shared-kernels|genixbank-financial-system|iza-os-financial-core|iza-os-analytics|iza-os-hr-core|iza-os-customer-service-chatbot-bot|iza-os-sales-core|iza-os-api-gateway-bot|iza-os-api-gateway|iza-os-workflow-integration|iza-os-learning-platform,deployment-orchestrator|iza-os-api-gateway|iza-os-cybersecurity-monitoring-bot,11
EM-009-Space-Tourism-AI,Space Tourism Ai,EM,shared-kernels|genixbank-financial-system|iza-os-financial-core|iza-os-analytics|iza-os-hr-core|iza-os-customer-service-chatbot-bot|iza-os-sales-core|iza-os-api-gateway-bot|iza-os-api-gateway|iza-os-workflow-integration|iza-os-learning-platform,deployment-orchestrator|iza-os-api-gateway|iza-os-cybersecurity-monitoring-bot,11
EM-010-Wearables-AI,Wearables Ai,EM,shared-kernels|genixbank-financial-system|iza-os-financial-core|iza-os-analytics|iza-os-hr-core|iza-os-customer-service-chatbot-bot|iza-os-sales-core|iza-os-api-gateway-bot|iza-os-api-gateway|iza-os-workflow-integration|iza-os-learning-platform,deployment-orchestrator|iza-os-api-gateway|iza-os-cybersecurity-monitoring-bot,11
EM-011-Metaverse-Hub-AI,Metaverse Hub Ai,EM,shared-kernels|genixbank-financial-system|iza-os-financial-core|iza-os-analytics|iza-os-hr-core|iza-os-customer-service-chatbot-bot|iza-os-sales-core|iza-os-api-gateway-bot|iza-os-api-gateway|iza-os-workflow-integration|iza-os-learning-platform,deployment-orchestrator|iza-os-api-gateway|iza-os-cybersecurity-monitoring-bot,11
EM-012-Energy-Grid-AI,Energy Grid Ai,EM,shared-kernels|genixbank-financial-system|iza-os-financial-core|iza-os-analytics|iza-os-hr-core|iza-os-customer-service-chatbot-bot|iza-os-sales-core|iza-os-api-gateway-bot|iza-os-api-gateway|iza-os-workflow-integration|iza-os-learning-platform,deployment-orchestrator|iza-os-api-gateway|iza-os-cybersecurity-monitoring-bot,11
EM-013-Brain-Computer-Interface,Brain Computer Interface,EM,shared-kernels|genixbank-financial-system|iza-os-financial-core|iza-os-analytics|iza-os-hr-core|iza-os-customer-service-chatbot-bot|iza-os-sales-core|iza-os-api-gateway-bot|iza-os-api-gateway|iza-os-workflow-integration|iza-os-learning-platform,deployment-orchestrator|iza-os-api-gateway|iza-os-cybersecurity-monitoring-bot,11
EM-014-Ocean-Cleanup-AI,Ocean Cleanup Ai,EM,shared-kernels|genixbank-financial-system|iza-os-financial-core|iza-os-analytics|iza-os-hr-core|iza-os-customer-service-chatbot-bot|iza-os-sales-core|iza-os-api-gateway-bot|iza-os-api-gateway|iza-os-workflow-integration|iza-os-learning-platform,deployment-orchestrator|iza-os-api-gateway|iza-os-cybersecurity-monitoring-bot,11
EM-015-Crypto-Trading-AI,Crypto Trading Ai,EM,shared-kernels|genixbank-financial-system|iza-os-financial-core|iza-os-analytics|iza-os-hr-core|iza-os-customer-service-chatbot-bot|iza-os-sales-core|iza-os-api-gateway-bot|iza-os-api-gateway|iza-os-workflow-integration|iza-os-learning-platform,deployment-orchestrator|iza-os-api-gateway|iza-os-cybersecurity-monitoring-bot,11
EM-016-Synthetic-Media-AI,Synthetic Media Ai,EM,shared-kernels|genixbank-financial-system|iza-os-financial-core|iza-os-analytics|iza-os-hr-core|iza-os-customer-service-chatbot-bot|iza-os-sales-core|iza-os-api-gateway-bot|iza-os-api-gateway|iza-os-workflow-integration|iza-os-learning-platform,deployment-orchestrator|iza-os-api-gateway|iza-os-cybersecurity-monitoring-bot,11
EM-017-Space-Mining-AI,Space Mining Ai,EM,shared-kernels|genixbank-financial-system|iza-os-financial-core|iza-os-analytics|iza-os-hr-core|iza-os-customer-service-chatbot-bot|iza-os-sales-core|iza-os-api-gateway-bot|iza-os-api-gateway|iza-os-workflow-integration|iza-os-learning-platform,deployment-orchestrator|iza-os-api-gateway|iza-os-cybersecurity-monitoring-bot,11
EM-018-VR-Therapy-AI,Vr Therapy Ai,EM,shared-kernels|genixbank-financial-system|iza-os-financial-core|iza-os-analytics|iza-os-hr-core|iza-os-customer-service-chatbot-bot|iza-os-sales-core|iza-os-api-gateway-bot|iza-os-api-gateway|iza-os-workflow-integration|iza-os-learning-platform,deployment-orchestrator|iza-os-api-gateway|iza-os-cybersecurity-monitoring-bot,11
EM-019-Weather-Prediction-AI,Weather Prediction Ai,EM,shared-kernels|genixbank-financial-system|iza-os-financial-core|iza-os-analytics|iza-os-hr-core|iza-os-customer-service-chatbot-bot|iza-os-sales-core|iza-os-api-gateway-bot|iza-os-api-gateway|iza-os-workflow-integration|iza-os-learning-platform,deployment-orchestrator|iza-os-api-gateway|iza-os-cybersecurity-monitoring-bot,11
EM-020-Autonomous-Farming-AI,Autonomous Farming Ai,EM,shared-kernels|genixbank-financial-system|iza-os-financial-core|iza-os-analytics|iza-os-hr-core|iza-os-customer-service-chatbot-bot|iza-os-sales-core|iza-os-api-gateway-bot|iza-os-api-gateway|iza-os-workflow-integration|iza-os-learning-platform,deployment-orchestrator|iza-os-api-gateway|iza-os-cybersecurity-monitoring-bot,11
EM-021-Traffic-Optimizer-AI,Traffic Optimizer Ai,EM,shared-kernels|genixbank-financial-system|iza-os-financial-core|iza-os-analytics|iza-os-hr-core|iza-os-customer-service-chatbot-bot|iza-os-sales-core|iza-os-api-gateway-bot|iza-os-api-gateway|iza-os-workflow-integration|iza-os-learning-platform,deployment-orchestrator|iza-os-api-gateway|iza-os-cybersecurity-monitoring-bot,11
EM-022-Smart-Grid-AI,Smart Grid Ai,EM,shared-kernels|genixbank-financial-system|iza-os-financial-core|iza-os-analytics|iza-os-hr-core|iza-os-customer-service-chatbot-bot|iza-os-sales-core|iza-os-api-gateway-bot|iza-os-api-gateway|iza-os-workflow-integration|iza-os-learning-platform,deployment-orchestrator|iza-os-api-gateway|iza-os-cybersecurity-monitoring-bot,11
EM-023-Disaster-Prediction-AI,Disaster Prediction Ai,EM,shared-kernels|genixbank-financial-system|iza-os-financial-core|iza-os-analytics|iza-os-hr-core|iza-os-customer-service-chatbot-bot|iza-os-sales-core|iza-os-api-gateway-bot|iza-os-api-gateway|iza-os-workflow-integration|iza-os-learning-platform,deployment-orchestrator|iza-os-api-gateway|iza-os-cybersecurity-monitoring-bot,11
EM-024-Nanotech-AI,Nanotech Ai,EM,shared-kernels|genixbank-financial-system|iza-os-financial-core|iza-os-analytics|iza-os-hr-core|iza-os-customer-service-chatbot-bot|iza-os-sales-core|iza-os-api-gateway-bot|iza-os-api-gateway|iza-os-workflow-integration|iza-os-learning-platform,deployment-orchestrator|iza-os-api-gateway|iza-os-cybersecurity-monitoring-bot,11
EM-025-Personalized-Medicine-AI,Personalized Medicine Ai,EM,shared-kernels|genixbank-financial-system|iza-os-financial-core|iza-os-analytics|iza-os-hr-core|iza-os-customer-service-chatbot-bot|iza-os-sales-core|iza-os-api-gateway-bot|iza-os-api-gateway|iza-os-workflow-integration|iza-os-learning-platform,deployment-orchestrator|iza-os-api-gateway|iza-os-cybersecurity-monitoring-bot,11
EM-026-AI-Diagnostic-Lab,Ai Diagnostic Lab,EM,shared-kernels|genixbank-financial-system|iza-os-financial-core|iza-os-analytics|iza-os-hr-core|iza-os-customer-service-chatbot-bot|iza-os-sales-core|iza-os-api-gateway-bot|iza-os-api-gateway|iza-os-workflow-integration|iza-os-learning-platform,deployment-orchestrator|iza-os-api-gateway|iza-os-cybersecurity-monitoring-bot,11
EM-027-Sustainable-Cities-AI,Sustainable Cities Ai,EM,shared-kernels|genixbank-financial-system|iza-os-financial-core|iza-os-analytics|iza-os-hr-core|iza-os-customer-service-chatbot-bot|iza-os-sales-core|iza-os-api-gateway-bot|iza-os-api-gateway|iza-os-workflow-integration|iza-os-learning-platform,deployment-orchestrator|iza-os-api-gateway|iza-os-cybersecurity-monitoring-bot,11
EM-028-Renewable-Energy-AI,Renewable Energy Ai,EM,shared-kernels|genixbank-financial-system|iza-os-financial-core|iza-os-analytics|iza-os-hr-core|iza-os-customer-service-chatbot-bot|iza-os-sales-core|iza-os-api-gateway-bot|iza-os-api-gateway|iza-os-workflow-integration|iza-os-learning-platform,deployment-orchestrator|iza-os-api-gateway|iza-os-cybersecurity-monitoring-bot,11
EM-029-Climate-Modeling-AI,Climate Modeling Ai,EM,shared-kernels|genixbank-financial-system|iza-os-financial-core|iza-os-analytics|iza-os-hr-core|iza-os-customer-service-chatbot-bot|iza-os-sales-core|iza-os-api-gateway-bot|iza-os-api-gateway|iza-os-workflow-integration|iza-os-learning-platform,deployment-orchestrator|iza-os-api-gateway|iza-os-cybersecurity-monitoring-bot,11
EM-030-Policy-Advisor-AI,Policy Advisor Ai,EM,shared-kernels|genixbank-financial-system|iza-os-financial-core|iza-os-analytics|iza-os-hr-core|iza-os-customer-service-chatbot-bot|iza-os-sales-core|iza-os-api-gateway-bot|iza-os-api-gateway|iza-os-workflow-integration|iza-os-learning-platform,deployment-orchestrator|iza-os-api-gateway|iza-os-cybersecurity-monitoring-bot,11
EM-031-Governance-Hub-AI,Governance Hub Ai,EM,shared-kernels|genixbank-financial-system|iza-os-financial-core|iza-os-analytics|iza-os-hr-core|iza-os-customer-service-chatbot-bot|iza-os-sales-core|iza-os-api-gateway-bot|iza-os-api-gateway|iza-os-workflow-integration|iza-os-learning-platform,deployment-orchestrator|iza-os-api-gateway|iza-os-cybersecurity-monitoring-bot,11
EM-032-Global-Challenges-AI,Global Challenges Ai,EM,shared-kernels|genixbank-financial-system|iza-os-financial-core|iza-os-analytics|iza-os-hr-core|iza-os-customer-service-chatbot-bot|iza-os-sales-core|iza-os-api-gateway-bot|iza-os-api-gateway|iza-os-workflow-integration|iza-os-learning-platform,deployment-orchestrator|iza-os-api-gateway|iza-os-cybersecurity-monitoring-bot,11
EM-033-Space-Exploration-AI,Space Exploration Ai,EM,shared-kernels|genixbank-financial-system|iza-os-financial-core|iza-os-analytics|iza-os-hr-core|iza-os-customer-service-chatbot-bot|iza-os-sales-core|iza-os-api-gateway-bot|iza-os-api-gateway|iza-os-workflow-integration|iza-os-learning-platform,deployment-orchestrator|iza-os-api-gateway|iza-os-cybersecurity-monitoring-bot,11
EM-034-Education-Equity-AI,Education Equity Ai,EM,shared-kernels|genixbank-financial-system|iza-os-financial-core|iza-os-analytics|iza-os-hr-core|iza-os-customer-service-chatbot-bot|iza-os-sales-core|iza-os-api-gateway-bot|iza-os-api-gateway|iza-os-workflow-integration|iza-os-learning-platform,deployment-orchestrator|iza-os-api-gateway|iza-os-cybersecurity-monitoring-bot,11
EM-035-Health-Equity-AI,Health Equity Ai,EM,shared-kernels|genixbank-financial-system|iza-os-financial-core|iza-os-analytics|iza-os-hr-core|iza-os-customer-service-chatbot-bot|iza-os-sales-core|iza-os-api-gateway-bot|iza-os-api-gateway|iza-os-workflow-integration|iza-os-learning-platform,deployment-orchestrator|iza-os-api-gateway|iza-os-cybersecurity-monitoring-bot,11
EM-036-Economic-Equity-AI,Economic Equity Ai,EM,shared-kernels|genixbank-financial-system|iza-os-financial-core|iza-os-analytics|iza-os-hr-core|iza-os-customer-service-chatbot-bot|iza-os-sales-core|iza-os-api-gateway-bot|iza-os-api-gateway|iza-os-workflow-integration|iza-os-learning-platform,deployment-orchestrator|iza-os-api-gateway|iza-os-cybersecurity-monitoring-bot,11
EM-037-Environmental-Justice-AI,Environmental Justice Ai,EM,shared-kernels|genixbank-financial-system|iza-os-financial-core|iza-os-analytics|iza-os-hr-core|iza-os-customer-service-chatbot-bot|iza-os-sales-core|iza-os-api-gateway-bot|iza-os-api-gateway|iza-os-workflow-integration|iza-os-learning-platform,deployment-orchestrator|iza-os-api-gateway|iza-os-cybersecurity-monitoring-bot,11
EM-038-Human-Rights-AI,Human Rights Ai,EM,shared-kernels|genixbank-financial-system|iza-os-financial-core|iza-os-analytics|iza-os-hr-core|iza-os-customer-service-chatbot-bot|iza-os-sales-core|iza-os-api-gateway-bot|iza-os-api-gateway|iza-os-workflow-integration|iza-os-learning-platform,deployment-orchestrator|iza-os-api-gateway|iza-os-cybersecurity-monitoring-bot,11
EM-039-Peacebuilding-AI,Peacebuilding Ai,EM,shared-kernels|genixbank-financial-system|iza-os-financial-core|iza-os-analytics|iza-os-hr-core|iza-os-customer-service-chatbot-bot|iza-os-sales-core|iza-os-api-gateway-bot|iza-os-api-gateway|iza-os-workflow-integration|iza-os-learning-platform,deployment-orchestrator|iza-os-api-gateway|iza-os-cybersecurity-monitoring-bot,11
EM-040-Telemedicine-AI,Telemedicine Ai,EM,shared-kernels|genixbank-financial-system|iza-os-financial-core|iza-os-analytics|iza-os-hr-core|iza-os-customer-service-chatbot-bot|iza-os-sales-core|iza-os-api-gateway-bot|iza-os-api-gateway|iza-os-workflow-integration|iza-os-learning-platform,deployment-orchestrator|iza-os-api-gateway|iza-os-cybersecurity-monitoring-bot,11
EM-041-AI-Climate-Adaptation,Ai Climate Adaptation,EM,shared-kernels|genixbank-financial-system|iza-os-financial-core|iza-os-analytics|iza-os-hr-core|iza-os-customer-service-chatbot-bot|iza-os-sales-core|iza-os-api-gateway-bot|iza-os-api-gateway|iza-os-workflow-integration|iza-os-learning-platform,deployment-orchestrator|iza-os-api-gateway|iza-os-cybersecurity-monitoring-bot,11
EM-042-Space-Agriculture-AI,Space Agriculture Ai,EM,shared-kernels|genixbank-financial-system|iza-os-financial-core|iza-os-analytics|iza-os-hr-core|iza-os-customer-service-chatbot-bot|iza-os-sales-core|iza-os-api-gateway-bot|iza-os-api-gateway|iza-os-workflow-integration|iza-os-learning-platform,deployment-orchestrator|iza-os-api-gateway|iza-os-cybersecurity-monitoring-bot,11
EM-043-Quantum-Communication-AI,Quantum Communication Ai,EM,shared-kernels|genixbank-financial-system|iza-os-financial-core|iza-os-analytics|iza-os-hr-core|iza-os-customer-service-chatbot-bot|iza-os-sales-core|iza-os-api-gateway-bot|iza-os-api-gateway|iza-os-workflow-integration|iza-os-learning-platform,deployment-orchestrator|iza-os-api-gateway|iza-os-cybersecurity-monitoring-bot,11
EM-044-Robotics-Surgery-AI,Robotics Surgery Ai,EM,shared-kernels|genixbank-financial-system|iza-os-financial-core|iza-os-analytics|iza-os-hr-core|iza-os-customer-service-chatbot-bot|iza-os-sales-core|iza-os-api-gateway-bot|iza-os-api-gateway|iza-os-workflow-integration|iza-os-learning-platform,deployment-orchestrator|iza-os-api-gateway|iza-os-cybersecurity-monitoring-bot,11
EM-045-AI-Disaster-Response,Ai Disaster Response,EM,shared-kernels|genixbank-financial-system|iza-os-financial-core|iza-os-analytics|iza-os-hr-core|iza-os-customer-service-chatbot-bot|iza-os-sales-core|iza-os-api-gateway-bot|iza-os-api-gateway|iza-os-workflow-integration|iza-os-learning-platform,deployment-orchestrator|iza-os-api-gateway|iza-os-cybersecurity-monitoring-bot,11
EM-046-Smart-City-Governance,Smart City Governance,EM,shared-kernels|genixbank-financial-system|iza-os-financial-core|iza-os-analytics|iza-os-hr-core|iza-os-customer-service-chatbot-bot|iza-os-sales-core|iza-os-api-gateway-bot|iza-os-api-gateway|iza-os-workflow-integration|iza-os-learning-platform,deployment-orchestrator|iza-os-api-gateway|iza-os-cybersecurity-monitoring-bot,11
EM-047-AI-Environmental-Monitoring,Ai Environmental Monitoring,EM,shared-kernels|genixbank-financial-system|iza-os-financial-core|iza-os-analytics|iza-os-hr-core|iza-os-customer-service-chatbot-bot|iza-os-sales-core|iza-os-api-gateway-bot|iza-os-api-gateway|iza-os-workflow-integration|iza-os-learning-platform,deployment-orchestrator|iza-os-api-gateway|iza-os-cybersecurity-monitoring-bot,11
EM-048-Space-Manufacturing-AI,Space Manufacturing Ai,EM,shared-kernels|genixbank-financial-system|iza-os-financial-core|iza-os-analytics|iza-os-hr-core|iza-os-customer-service-chatbot-bot|iza-os-sales-core|iza-os-api-gateway-bot|iza-os-api-gateway|iza-os-workflow-integration|iza-os-learning-platform,deployment-orchestrator|iza-os-api-gateway|iza-os-cybersecurity-monitoring-bot,11
EM-049-AI-Ocean-Exploration,Ai Ocean Exploration,EM,shared-kernels|genixbank-financial-system|iza-os-financial-core|iza-os-analytics|iza-os-hr-core|iza-os-customer-service-chatbot-bot|iza-os-sales-core|iza-os-api-gateway-bot|iza-os-api-gateway|iza-os-workflow-integration|iza-os-learning-platform,deployment-orchestrator|iza-os-api-gateway|iza-os-cybersecurity-monitoring-bot,11
EM-050-AI-Archaeology,Ai Archaeology,EM,shared-kernels|genixbank-financial-system|iza-os-financial-core|iza-os-analytics|iza-os-hr-core|iza-os-customer-service-chatbot-bot|iza-os-sales-core|iza-os-api-gateway-bot|iza-os-api-gateway|iza-os-workflow-integration|iza-os-learning-platform,deployment-orchestrator|iza-os-api-gateway|iza-os-cybersecurity-monitoring-bot,11
SPEC-001-AI-Auction-House,Ai Auction House,SPEC,shared-kernels|genixbank-financial-system|iza-os-financial-core|iza-os-analytics|iza-os-hr-core|iza-os-customer-service-chatbot-bot|iza-os-sales-core|iza-os-api-gateway-bot|iza-os-api-gateway|iza-os-workflow-integration|iza-os-learning-platform,deployment-orchestrator|iza-os-api-gateway|iza-os-cybersecurity-monitoring-bot,11
SPEC-002-Smart-Marina-Management,Smart Marina Management,SPEC,shared-kernels|genixbank-financial-system|iza-os-financial-core|iza-os-analytics|iza-os-hr-core|iza-os-customer-service-chatbot-bot|iza-os-sales-core|iza-os-api-gateway-bot|iza-os-api-gateway|iza-os-workflow-integration|iza-os-learning-platform,deployment-orchestrator|iza-os-api-gateway|iza-os-cybersecurity-monitoring-bot,11
SPEC-003-AI-Surf-Report,Ai Surf Report,SPEC,shared-kernels|genixbank-financial-system|iza-os-financial-core|iza-os-analytics|iza-os-hr-core|iza-os-customer-service-chatbot-bot|iza-os-sales-core|iza-os-api-gateway-bot|iza-os-api-gateway|iza-os-workflow-integration|iza-os-learning-platform,deployment-orchestrator|iza-os-api-gateway|iza-os-cybersecurity-monitoring-bot,11
SPEC-004-Private-Chef-AI,Private Chef Ai,SPEC,shared-kernels|genixbank-financial-system|iza-os-financial-core|iza-os-analytics|iza-os-hr-core|iza-os-customer-service-chatbot-bot|iza-os-sales-core|iza-os-api-gateway-bot|iza-os-api-gateway|iza-os-workflow-integration|iza-os-learning-platform,deployment-orchestrator|iza-os-api-gateway|iza-os-cybersecurity-monitoring-bot,11
SPEC-005-Virtual-Concierge-AI,Virtual Concierge Ai,SPEC,shared-kernels|genixbank-financial-system|iza-os-financial-core|iza-os-analytics|iza-os-hr-core|iza-os-customer-service-chatbot-bot|iza-os-sales-core|iza-os-api-gateway-bot|iza-os-api-gateway|iza-os-workflow-integration|iza-os-learning-platform,deployment-orchestrator|iza-os-api-gateway|iza-os-cybersecurity-monitoring-bot,11
SPEC-006-Smart-Parking-AI,Smart Parking Ai,SPEC,shared-kernels|genixbank-financial-system|iza-os-financial-core|iza-os-analytics|iza-os-hr-core|iza-os-customer-service-chatbot-bot|iza-os-sales-core|iza-os-api-gateway-bot|iza-os-api-gateway|iza-os-workflow-integration|iza-os-learning-platform,deployment-orchestrator|iza-os-api-gateway|iza-os-cybersecurity-monitoring-bot,11
SPEC-007-AI-Interior-Design,Ai Interior Design,SPEC,shared-kernels|genixbank-financial-system|iza-os-financial-core|iza-os-analytics|iza-os-hr-core|iza-os-customer-service-chatbot-bot|iza-os-sales-core|iza-os-api-gateway-bot|iza-os-api-gateway|iza-os-workflow-integration|iza-os-learning-platform,deployment-orchestrator|iza-os-api-gateway|iza-os-cybersecurity-monitoring-bot,11
SPEC-008-Personal-Stylist-AI,Personal Stylist Ai,SPEC,shared-kernels|genixbank-financial-system|iza-os-financial-core|iza-os-analytics|iza-os-hr-core|iza-os-customer-service-chatbot-bot|iza-os-sales-core|iza-os-api-gateway-bot|iza-os-api-gateway|iza-os-workflow-integration|iza-os-learning-platform,deployment-orchestrator|iza-os-api-gateway|iza-os-cybersecurity-monitoring-bot,11
SPEC-009-Smart-Locker-System,Smart Locker System,SPEC,shared-kernels|genixbank-financial-system|iza-os-financial-core|iza-os-analytics|iza-os-hr-core|iza-os-customer-service-chatbot-bot|iza-os-sales-core|iza-os-api-gateway-bot|iza-os-api-gateway|iza-os-workflow-integration|iza-os-learning-platform,deployment-orchestrator|iza-os-api-gateway|iza-os-cybersecurity-monitoring-bot,11
SPEC-010-AI-Fitness-Coach,Ai Fitness Coach,SPEC,shared-kernels|genixbank-financial-system|iza-os-financial-core|iza-os-analytics|iza-os-hr-core|iza-os-customer-service-chatbot-bot|iza-os-sales-core|iza-os-api-gateway-bot|iza-os-api-gateway|iza-os-workflow-integration|iza-os-learning-platform,deployment-orchestrator|iza-os-api-gateway|iza-os-cybersecurity-monitoring-bot,11
SPEC-011-Smart-Golf-Caddie,Smart Golf Caddie,SPEC,shared-kernels|genixbank-financial-system|iza-os-financial-core|iza-os-analytics|iza-os-hr-core|iza-os-customer-service-chatbot-bot|iza-os-sales-core|iza-os-api-gateway-bot|iza-os-api-gateway|iza-os-workflow-integration|iza-os-learning-platform,deployment-orchestrator|iza-os-api-gateway|iza-os-cybersecurity-monitoring-bot,11
SPEC-012-AI-Nutritionist,Ai Nutritionist,SPEC,shared-kernels|genixbank-financial-system|iza-os-financial-core|iza-os-analytics|iza-os-hr-core|iza-os-customer-service-chatbot-bot|iza-os-sales-core|iza-os-api-gateway-bot|iza-os-api-gateway|iza-os-workflow-integration|iza-os-learning-platform,deployment-orchestrator|iza-os-api-gateway|iza-os-cybersecurity-monitoring-bot,11
SPEC-013-Smart-Hotel-Butler,Smart Hotel Butler,SPEC,shared-kernels|genixbank-financial-system|iza-os-financial-core|iza-os-analytics|iza-os-hr-core|iza-os-customer-service-chatbot-bot|iza-os-sales-core|iza-os-api-gateway-bot|iza-os-api-gateway|iza-os-workflow-integration|iza-os-learning-platform,deployment-orchestrator|iza-os-api-gateway|iza-os-cybersecurity-monitoring-bot,11
SPEC-014-AI-Language-Tutor,Ai Language Tutor,SPEC,shared-kernels|genixbank-financial-system|iza-os-financial-core|iza-os-analytics|iza-os-hr-core|iza-os-customer-service-chatbot-bot|iza-os-sales-core|iza-os-api-gateway-bot|iza-os-api-gateway|iza-os-workflow-integration|iza-os-learning-platform,deployment-orchestrator|iza-os-api-gateway|iza-os-cybersecurity-monitoring-bot,11
SPEC-015-Smart-Transportation-AI,Smart Transportation Ai,SPEC,shared-kernels|genixbank-financial-system|iza-os-financial-core|iza-os-analytics|iza-os-hr-core|iza-os-customer-service-chatbot-bot|iza-os-sales-core|iza-os-api-gateway-bot|iza-os-api-gateway|iza-os-workflow-integration|iza-os-learning-platform,deployment-orchestrator|iza-os-api-gateway|iza-os-cybersecurity-monitoring-bot,11
SPEC-016-AI-Travel-Planner,Ai Travel Planner,SPEC,shared-kernels|genixbank-financial-system|iza-os-financial-core|iza-os-analytics|iza-os-hr-core|iza-os-customer-service-chatbot-bot|iza-os-sales-core|iza-os-api-gateway-bot|iza-os-api-gateway|iza-os-workflow-integration|iza-os-learning-platform,deployment-orchestrator|iza-os-api-gateway|iza-os-cybersecurity-monitoring-bot,11
SPEC-017-Smart-Agriculture-AI,Smart Agriculture Ai,SPEC,shared-kernels|genixbank-financial-system|iza-os-financial-core|iza-os-analytics|iza-os-hr-core|iza-os-customer-service-chatbot-bot|iza-os-sales-core|iza-os-api-gateway-bot|iza-os-api-gateway|iza-os-workflow-integration|iza-os-learning-platform,deployment-orchestrator|iza-os-api-gateway|iza-os-cybersecurity-monitoring-bot,11
SPEC-018-AI-Personal-Shopper,Ai Personal Shopper,SPEC,shared-kernels|genixbank-financial-system|iza-os-financial-core|iza-os-analytics|iza-os-hr-core|iza-os-customer-service-chatbot-bot|iza-os-sales-core|iza-os-api-gateway-bot|iza-os-api-gateway|iza-os-workflow-integration|iza-os-learning-platform,deployment-orchestrator|iza-os-api-gateway|iza-os-cybersecurity-monitoring-bot,11
SPEC-019-Smart-Home-Security,Smart Home Security,SPEC,shared-kernels|genixbank-financial-system|iza-os-financial-core|iza-os-analytics|iza-os-hr-core|iza-os-customer-service-chatbot-bot|iza-os-sales-core|iza-os-api-gateway-bot|iza-os-api-gateway|iza-os-workflow-integration|iza-os-learning-platform,deployment-orchestrator|iza-os-api-gateway|iza-os-cybersecurity-monitoring-bot,11
SPEC-020-AI-Music-Producer,Ai Music Producer,SPEC,shared-kernels|genixbank-financial-system|iza-os-financial-core|iza-os-analytics|iza-os-hr-core|iza-os-customer-service-chatbot-bot|iza-os-sales-core|iza-os-api-gateway-bot|iza-os-api-gateway|iza-os-workflow-integration|iza-os-learning-platform,deployment-orchestrator|iza-os-api-gateway|iza-os-cybersecurity-monitoring-bot,11
SPEC-021-Smart-Restaurant-AI,Smart Restaurant Ai,SPEC,shared-kernels|genixbank-financial-system|iza-os-financial-core|iza-os-analytics|iza-os-hr-core|iza-os-customer-service-chatbot-bot|iza-os-sales-core|iza-os-api-gateway-bot|iza-os-api-gateway|iza-os-workflow-integration|iza-os-learning-platform,deployment-orchestrator|iza-os-api-gateway|iza-os-cybersecurity-monitoring-bot,11
SPEC-022-AI-Movie-Critic,Ai Movie Critic,SPEC,shared-kernels|genixbank-financial-system|iza-os-financial-core|iza-os-analytics|iza-os-hr-core|iza-os-customer-service-chatbot-bot|iza-os-sales-core|iza-os-api-gateway-bot|iza-os-api-gateway|iza-os-workflow-integration|iza-os-learning-platform,deployment-orchestrator|iza-os-api-gateway|iza-os-cybersecurity-monitoring-bot,11
SPEC-023-Smart-Museum-Guide,Smart Museum Guide,SPEC,shared-kernels|genixbank-financial-system|iza-os-financial-core|iza-os-analytics|iza-os-hr-core|iza-os-customer-service-chatbot-bot|iza-os-sales-core|iza-os-api-gateway-bot|iza-os-api-gateway|iza-os-workflow-integration|iza-os-learning-platform,deployment-orchestrator|iza-os-api-gateway|iza-os-cybersecurity-monitoring-bot,11
SPEC-024-AI-Sports-Analyst,Ai Sports Analyst,SPEC,shared-kernels|genixbank-financial-system|iza-os-financial-core|iza-os-analytics|iza-os-hr-core|iza-os-customer-service-chatbot-bot|iza-os-sales-core|iza-os-api-gateway-bot|iza-os-api-gateway|iza-os-workflow-integration|iza-os-learning-platform,deployment-orchestrator|iza-os-api-gateway|iza-os-cybersecurity-monitoring-bot,11
SPEC-025-Smart-Library-AI,Smart Library Ai,SPEC,shared-kernels|genixbank-financial-system|iza-os-financial-core|iza-os-analytics|iza-os-hr-core|iza-os-customer-service-chatbot-bot|iza-os-sales-core|iza-os-api-gateway-bot|iza-os-api-gateway|iza-os-workflow-integration|iza-os-learning-platform,deployment-orchestrator|iza-os-api-gateway|iza-os-cybersecurity-monitoring-bot,11
SPEC-026-AI-Art-Curator,Ai Art Curator,SPEC,shared-kernels|genixbank-financial-system|iza-os-financial-core|iza-os-analytics|iza-os-hr-core|iza-os-customer-service-chatbot-bot|iza-os-sales-core|iza-os-api-gateway-bot|iza-os-api-gateway|iza-os-workflow-integration|iza-os-learning-platform,deployment-orchestrator|iza-os-api-gateway|iza-os-cybersecurity-monitoring-bot,11
SPEC-027-Smart-Fitness-AI,Smart Fitness Ai,SPEC,shared-kernels|genixbank-financial-system|iza-os-financial-core|iza-os-analytics|iza-os-hr-core|iza-os-customer-service-chatbot-bot|iza-os-sales-core|iza-os-api-gateway-bot|iza-os-api-gateway|iza-os-workflow-integration|iza-os-learning-platform,deployment-orchestrator|iza-os-api-gateway|iza-os-cybersecurity-monitoring-bot,11
SPEC-028-AI-Poetry-Generator,Ai Poetry Generator,SPEC,shared-kernels|genixbank-financial-system|iza-os-financial-core|iza-os-analytics|iza-os-hr-core|iza-os-customer-service-chatbot-bot|iza-os-sales-core|iza-os-api-gateway-bot|iza-os-api-gateway|iza-os-workflow-integration|iza-os-learning-platform,deployment-orchestrator|iza-os-api-gateway|iza-os-cybersecurity-monitoring-bot,11
SPEC-029-Smart-Dating-AI,Smart Dating Ai,SPEC,shared-kernels|genixbank-financial-system|iza-os-financial-core|iza-os-analytics|iza-os-hr-core|iza-os-customer-service-chatbot-bot|iza-os-sales-core|iza-os-api-gateway-bot|iza-os-api-gateway|iza-os-workflow-integration|iza-os-learning-platform,deployment-orchestrator|iza-os-api-gateway|iza-os-cybersecurity-monitoring-bot,11
SPEC-030-AI-Journalism-Tool,Ai Journalism Tool,SPEC,shared-kernels|genixbank-financial-system|iza-os-financial-core|iza-os-analytics|iza-os-hr-core|iza-os-customer-service-chatbot-bot|iza-os-sales-core|iza-os-api-gateway-bot|iza-os-api-gateway|iza-os-workflow-integration|iza-os-learning-platform,deployment-orchestrator|iza-os-api-gateway|iza-os-cybersecurity-monitoring-bot,11
SPEC-031-Smart-Legal-AI,Smart Legal Ai,SPEC,shared-kernels|genixbank-financial-system|iza-os-financial-core|iza-os-analytics|iza-os-hr-core|iza-os-customer-service-chatbot-bot|iza-os-sales-core|iza-os-api-gateway-bot|iza-os-api-gateway|iza-os-workflow-integration|iza-os-learning-platform,deployment-orchestrator|iza-os-api-gateway|iza-os-cybersecurity-monitoring-bot,11
SPEC-032-AI-Game-Designer,Ai Game Designer,SPEC,shared-kernels|genixbank-financial-system|iza-os-financial-core|iza-os-analytics|iza-os-hr-core|iza-os-customer-service-chatbot-bot|iza-os-sales-core|iza-os-api-gateway-bot|iza-os-api-gateway|iza-os-workflow-integration|iza-os-learning-platform,deployment-orchestrator|iza-os-api-gateway|iza-os-cybersecurity-monitoring-bot,11
SPEC-033-Smart-Real-Estate-AI,Smart Real Estate Ai,SPEC,shared-kernels|genixbank-financial-system|iza-os-financial-core|iza-os-analytics|iza-os-hr-core|iza-os-customer-service-chatbot-bot|iza-os-sales-core|iza-os-api-gateway-bot|iza-os-api-gateway|iza-os-workflow-integration|iza-os-learning-platform,deployment-orchestrator|iza-os-api-gateway|iza-os-cybersecurity-monitoring-bot,11
SPEC-034-AI-Cooking-Assistant,Ai Cooking Assistant,SPEC,shared-kernels|genixbank-financial-system|iza-os-financial-core|iza-os-analytics|iza-os-hr-core|iza-os-customer-service-chatbot-bot|iza-os-sales-core|iza-os-api-gateway-bot|iza-os-api-gateway|iza-os-workflow-integration|iza-os-learning-platform,deployment-orchestrator|iza-os-api-gateway|iza-os-cybersecurity-monitoring-bot,11
SPEC-035-Smart-Health-AI,Smart Health Ai,SPEC,shared-kernels|genixbank-financial-system|iza-os-financial-core|iza-os-analytics|iza-os-hr-core|iza-os-customer-service-chatbot-bot|iza-os-sales-core|iza-os-api-gateway-bot|iza-os-api-gateway|iza-os-workflow-integration|iza-os-learning-platform,deployment-orchestrator|iza-os-api-gateway|iza-os-cybersecurity-monitoring-bot,11
SPEC-036-AI-Photography-Tool,Ai Photography Tool,SPEC,shared-kernels|genixbank-financial-system|iza-os-financial-core|iza-os-analytics|iza-os-hr-core|iza-os-customer-service-chatbot-bot|iza-os-sales-core|iza-os-api-gateway-bot|iza-os-api-gateway|iza-os-workflow-integration|iza-os-learning-platform,deployment-orchestrator|iza-os-api-gateway|iza-os-cybersecurity-monitoring-bot,11
SPEC-037-Smart-Writing-AI,Smart Writing Ai,SPEC,shared-kernels|genixbank-financial-system|iza-os-financial-core|iza-os-analytics|iza-os-hr-core|iza-os-customer-service-chatbot-bot|iza-os-sales-core|iza-os-api-gateway-bot|iza-os-api-gateway|iza-os-workflow-integration|iza-os-learning-platform,deployment-orchestrator|iza-os-api-gateway|iza-os-cybersecurity-monitoring-bot,11
SPEC-038-AI-Comedy-Writer,Ai Comedy Writer,SPEC,shared-kernels|genixbank-financial-system|iza-os-financial-core|iza-os-analytics|iza-os-hr-core|iza-os-customer-service-chatbot-bot|iza-os-sales-core|iza-os-api-gateway-bot|iza-os-api-gateway|iza-os-workflow-integration|iza-os-learning-platform,deployment-orchestrator|iza-os-api-gateway|iza-os-cybersecurity-monitoring-bot,11
SPEC-039-Smart-Meditation-AI,Smart Meditation Ai,SPEC,shared-kernels|genixbank-financial-system|iza-os-financial-core|iza-os-analytics|iza-os-hr-core|iza-os-customer-service-chatbot-bot|iza-os-sales-core|iza-os-api-gateway-bot|iza-os-api-gateway|iza-os-workflow-integration|iza-os-learning-platform,deployment-orchestrator|iza-os-api-gateway|iza-os-cybersecurity-monitoring-bot,11
SPEC-040-AI-Debate-Coach,Ai Debate Coach,SPEC,shared-kernels|genixbank-financial-system|iza-os-financial-core|iza-os-analytics|iza-os-hr-core|iza-os-customer-service-chatbot-bot|iza-os-sales-core|iza-os-api-gateway-bot|iza-os-api-gateway|iza-os-workflow-integration|iza-os-learning-platform,deployment-orchestrator|iza-os-api-gateway|iza-os-cybersecurity-monitoring-bot,11
SPEC-041-Smart-Parenting-AI,Smart Parenting Ai,SPEC,shared-kernels|genixbank-financial-system|iza-os-financial-core|iza-os-analytics|iza-os-hr-core|iza-os-customer-service-chatbot-bot|iza-os-sales-core|iza-os-api-gateway-bot|iza-os-api-gateway|iza-os-workflow-integration|iza-os-learning-platform,deployment-orchestrator|iza-os-api-gateway|iza-os-cybersecurity-monitoring-bot,11
SPEC-042-AI-Financial-Advisor,Ai Financial Advisor,SPEC,shared-kernels|genixbank-financial-system|iza-os-financial-core|iza-os-analytics|iza-os-hr-core|iza-os-customer-service-chatbot-bot|iza-os-sales-core|iza-os-api-gateway-bot|iza-os-api-gateway|iza-os-workflow-integration|iza-os-learning-platform,deployment-orchestrator|iza-os-api-gateway|iza-os-cybersecurity-monitoring-bot,11
SPEC-043-Smart-Automotive-AI,Smart Automotive Ai,SPEC,shared-kernels|genixbank-financial-system|iza-os-financial-core|iza-os-analytics|iza-os-hr-core|iza-os-customer-service-chatbot-bot|iza-os-sales-core|iza-os-api-gateway-bot|iza-os-api-gateway|iza-os-workflow-integration|iza-os-learning-platform,deployment-orchestrator|iza-os-api-gateway|iza-os-cybersecurity-monitoring-bot,11
SPEC-044-AI-Aviation-Planner,Ai Aviation Planner,SPEC,shared-kernels|genixbank-financial-system|iza-os-financial-core|iza-os-analytics|iza-os-hr-core|iza-os-customer-service-chatbot-bot|iza-os-sales-core|iza-os-api-gateway-bot|iza-os-api-gateway|iza-os-workflow-integration|iza-os-learning-platform,deployment-orchestrator|iza-os-api-gateway|iza-os-cybersecurity-monitoring-bot,11
SPEC-045-Smart-Maritime-AI,Smart Maritime Ai,SPEC,shared-kernels|genixbank-financial-system|iza-os-financial-core|iza-os-analytics|iza-os-hr-core|iza-os-customer-service-chatbot-bot|iza-os-sales-core|iza-os-api-gateway-bot|iza-os-api-gateway|iza-os-workflow-integration|iza-os-learning-platform,deployment-orchestrator|iza-os-api-gateway|iza-os-cybersecurity-monitoring-bot,11
SPEC-046-AI-Weather-Forecast,Ai Weather Forecast,SPEC,shared-kernels|genixbank-financial-system|iza-os-financial-core|iza-os-analytics|iza-os-hr-core|iza-os-customer-service-chatbot-bot|iza-os-sales-core|iza-os-api-gateway-bot|iza-os-api-gateway|iza-os-workflow-integration|iza-os-learning-platform,deployment-orchestrator|iza-os-api-gateway|iza-os-cybersecurity-monitoring-bot,11
SPEC-047-Smart-Energy-AI,Smart Energy Ai,SPEC,shared-kernels|genixbank-financial-system|iza-os-financial-core|iza-os-analytics|iza-os-hr-core|iza-os-customer-service-chatbot-bot|iza-os-sales-core|iza-os-api-gateway-bot|iza-os-api-gateway|iza-os-workflow-integration|iza-os-learning-platform,deployment-orchestrator|iza-os-api-gateway|iza-os-cybersecurity-monitoring-bot,11
SPEC-048-AI-Sports-Coach,Ai Sports Coach,SPEC,shared-kernels|genixbank-financial-system|iza-os-financial-core|iza-os-analytics|iza-os-hr-core|iza-os-customer-service-chatbot-bot|iza-os-sales-core|iza-os-api-gateway-bot|iza-os-api-gateway|iza-os-workflow-integration|iza-os-learning-platform,deployment-orchestrator|iza-os-api-gateway|iza-os-cybersecurity-monitoring-bot,11
SPEC-049-Smart-Education-AI,Smart Education Ai,SPEC,shared-kernels|genixbank-financial-system|iza-os-financial-core|iza-os-analytics|iza-os-hr-core|iza-os-customer-service-chatbot-bot|iza-os-sales-core|iza-os-api-gateway-bot|iza-os-api-gateway|iza-os-workflow-integration|iza-os-learning-platform,deployment-orchestrator|iza-os-api-gateway|iza-os-cybersecurity-monitoring-bot,11
SPEC-050-AI-Language-Translator,Ai Language Translator,SPEC,shared-kernels|genixbank-financial-system|iza-os-financial-core|iza-os-analytics|iza-os-hr-core|iza-os-customer-service-chatbot-bot|iza-os-sales-core|iza-os-api-gateway-bot|iza-os-api-gateway|iza-os-workflow-integration|iza-os-learning-platform,deployment-orchestrator|iza-os-api-gateway|iza-os-cybersecurity-monitoring-bot,11
FI-dist,Dist,FI,shared-kernels|genixbank-financial-system|iza-os-financial-core|iza-os-analytics|iza-os-hr-core|iza-os-customer-service-chatbot-bot|iza-os-sales-core|iza-os-api-gateway-bot|iza-os-api-gateway|iza-os-workflow-integration|iza-os-learning-platform,deployment-orchestrator|iza-os-api-gateway|iza-os-cybersecurity-monitoring-bot,11
FI-node_modules,Node_Modules,FI,shared-kernels|genixbank-financial-system|iza-os-financial-core|iza-os-analytics|iza-os-hr-core|iza-os-customer-service-chatbot-bot|iza-os-sales-core|iza-os-api-gateway-bot|iza-os-api-gateway|iza-os-workflow-integration|iza-os-learning-platform,deployment-orchestrator|iza-os-api-gateway|iza-os-cybersecurity-monitoring-bot,11
FI-public,Public,FI,shared-kernels|genixbank-financial-system|iza-os-financial-core|iza-os-analytics|iza-os-hr-core|iza-os-customer-service-chatbot-bot|iza-os-sales-core|iza-os-api-gateway-bot|iza-os-api-gateway|iza-os-workflow-integration|iza-os-learning-platform,deployment-orchestrator|iza-os-api-gateway|iza-os-cybersecurity-monitoring-bot,11
FI-src,Src,FI,shared-kernels|genixbank-financial-system|iza-os-financial-core|iza-os-analytics|iza-os-hr-core|iza-os-customer-service-chatbot-bot|iza-os-sales-core|iza-os-api-gateway-bot|iza-os-api-gateway|iza-os-workflow-integration|iza-os-learning-platform,deployment-orchestrator|iza-os-api-gateway|iza-os-cybersecurity-monitoring-bot,11
FI-supabase,Supabase,FI,shared-kernels|genixbank-financial-system|iza-os-financial-core|iza-os-analytics|iza-os-hr-core|iza-os-customer-service-chatbot-bot|iza-os-sales-core|iza-os-api-gateway-bot|iza-os-api-gateway|iza-os-workflow-integration|iza-os-learning-platform,deployment-orchestrator|iza-os-api-gateway|iza-os-cybersecurity-monitoring-bot,11
CON-001-ACE-CONSTRUCTION,Ace Construction,CON,shared-kernels|genixbank-financial-system|iza-os-financial-core|iza-os-analytics|iza-os-hr-core|iza-os-customer-service-chatbot-bot|iza-os-sales-core|iza-os-api-gateway-bot|iza-os-api-gateway|iza-os-workflow-integration|iza-os-learning-platform|iza-os-project-management-bot,deployment-orchestrator|iza-os-api-gateway|iza-os-cybersecurity-monitoring-bot,12
CON-002-RESIDENTIAL-CONSTRUCTION,Residential Construction,CON,shared-kernels|genixbank-financial-system|iza-os-financial-core|iza-os-analytics|iza-os-hr-core|iza-os-customer-service-chatbot-bot|iza-os-sales-core|iza-os-api-gateway-bot|iza-os-api-gateway|iza-os-workflow-integration|iza-os-learning-platform|iza-os-project-management-bot,deployment-orchestrator|iza-os-api-gateway|iza-os-cybersecurity-monitoring-bot,12
CON-003-COMMERCIAL-CONSTRUCTION,Commercial Construction,CON,shared-kernels|genixbank-financial-system|iza-os-financial-core|iza-os-analytics|iza-os-hr-core|iza-os-customer-service-chatbot-bot|iza-os-sales-core|iza-os-api-gateway-bot|iza-os-api-gateway|iza-os-workflow-integration|iza-os-learning-platform|iza-os-project-management-bot,deployment-orchestrator|iza-os-api-gateway|iza-os-cybersecurity-monitoring-bot,12
CON-004-INDUSTRIAL-CONSTRUCTION,Industrial Construction,CON,shared-kernels|genixbank-financial-system|iza-os-financial-core|iza-os-analytics|iza-os-hr-core|iza-os-customer-service-chatbot-bot|iza-os-sales-core|iza-os-api-gateway-bot|iza-os-api-gateway|iza-os-workflow-integration|iza-os-learning-platform|iza-os-project-management-bot,deployment-orchestrator|iza-os-api-gateway|iza-os-cybersecurity-monitoring-bot,12
CON-005-CONSTRUCTION-EQUIPMENT-RENTAL,Construction Equipment Rental,CON,shared-kernels|genixbank-financial-system|iza-os-financial-core|iza-os-analytics|iza-os-hr-core|iza-os-customer-service-chatbot-bot|iza-os-sales-core|iza-os-api-gateway-bot|iza-os-api-gateway|iza-os-workflow-integration|iza-os-learning-platform|iza-os-project-management-bot,deployment-orchestrator|iza-os-api-gateway|iza-os-cybersecurity-monitoring-bot,12
CON-006-CONSTRUCTION-PROJECT-MANAGEMENT,Construction Project Management,CON,shared-kernels|genixbank-financial-system|iza-os-financial-core|iza-os-analytics|iza-os-hr-core|iza-os-customer-service-chatbot-bot|iza-os-sales-core|iza-os-api-gateway-bot|iza-os-api-gateway|iza-os-workflow-integration|iza-os-learning-platform|iza-os-project-management-bot,deployment-orchestrator|iza-os-api-gateway|iza-os-cybersecurity-monitoring-bot,12
CON-007-GREEN-BUILDING-SERVICES,Green Building Services,CON,shared-kernels|genixbank-financial-system|iza-os-financial-core|iza-os-analytics|iza-os-hr-core|iza-os-customer-service-chatbot-bot|iza-os-sales-core|iza-os-api-gateway-bot|iza-os-api-gateway|iza-os-workflow-integration|iza-os-learning-platform|iza-os-project-management-bot,deployment-orchestrator|iza-os-api-gateway|iza-os-cybersecurity-monitoring-bot,12
CON-008-HOME-RENOVATION-SERVICES,Home Renovation Services,CON,shared-kernels|genixbank-financial-system|iza-os-financial-core|iza-os-analytics|iza-os-hr-core|iza-os-customer-service-chatbot-bot|iza-os-sales-core|iza-os-api-gateway-bot|iza-os-api-gateway|iza-os-workflow-integration|iza-os-learning-platform|iza-os-project-management-bot,deployment-orchestrator|iza-os-api-gateway|iza-os-cybersecurity-monitoring-bot,12
CON-009-ROOFING-COMPANY,Roofing Company,CON,shared-kernels|genixbank-financial-system|iza-os-financial-core|iza-os-analytics|iza-os-hr-core|iza-os-customer-service-chatbot-bot|iza-os-sales-core|iza-os-api-gateway-bot|iza-os-api-gateway|iza-os-workflow-integration|iza-os-learning-platform|iza-os-project-management-bot,deployment-orchestrator|iza-os-api-gateway|iza-os-cybersecurity-monitoring-bot,12
CON-010-PLUMBING-SERVICES,Plumbing Services,CON,shared-kernels|genixbank-financial-system|iza-os-financial-core|iza-os-analytics|iza-os-hr-core|iza-os-customer-service-chatbot-bot|iza-os-sales-core|iza-os-api-gateway-bot|iza-os-api-gateway|iza-os-workflow-integration|iza-os-learning-platform|iza-os-project-management-bot,deployment-orchestrator|iza-os-api-gateway|iza-os-cybersecurity-monitoring-bot,12
CON-011-ELECTRICAL-SERVICES,Electrical Services,CON,shared-kernels|genixbank-financial-system|iza-os-financial-core|iza-os-analytics|iza-os-hr-core|iza-os-customer-service-chatbot-bot|iza-os-sales-core|iza-os-api-gateway-bot|iza-os-api-gateway|iza-os-workflow-integration|iza-os-learning-platform|iza-os-project-management-bot,deployment-orchestrator|iza-os-api-gateway|iza-os-cybersecurity-monitoring-bot,12
CON-012-HVAC-SERVICES,HVAC Services,CON,shared-kernels|genixbank-financial-system|iza-os-financial-core|iza-os-analytics|iza-os-hr-core|iza-os-customer-service-chatbot-bot|iza-os-sales-core|iza-os-api-gateway-bot|iza-os-api-gateway|iza-os-workflow-integration|iza-os-learning-platform|iza-os-project-management-bot,deployment-orchestrator|iza-os-api-gateway|iza-os-cybersecurity-monitoring-bot,12
CON-013-PAINTING-SERVICES,Painting Services,CON,shared-kernels|genixbank-financial-system|iza-os-financial-core|iza-os-analytics|iza-os-hr-core|iza-os-customer-service-chatbot-bot|iza-os-sales-core|iza-os-api-gateway-bot|iza-os-api-gateway|iza-os-workflow-integration|iza-os-learning-platform|iza-os-project-management-bot,deployment-orchestrator|iza-os-api-gateway|iza-os-cybersecurity-monitoring-bot,12
CON-014-FLOORING-SERVICES,Flooring Services,CON,shared-kernels|genixbank-financial-system|iza-os-financial-core|iza-os-analytics|iza-os-hr-core|iza-os-customer-service-chatbot-bot|iza-os-sales-core|iza-os-api-gateway-bot|iza-os-api-gateway|iza-os-workflow-integration|iza-os-learning-platform|iza-os-project-management-bot,deployment-orchestrator|iza-os-api-gateway|iza-os-cybersecurity-monitoring-bot,12
CON-015-LANDSCAPING-SERVICES,Landscaping Services,CON,shared-kernels|genixbank-financial-system|iza-os-financial-core|iza-os-analytics|iza-os-hr-core|iza-os-customer-service-chatbot-bot|iza-os-sales-core|iza-os-api-gateway-bot|iza-os-api-gateway|iza-os-workflow-integration|iza-os-learning-platform|iza-os-project-management-bot,deployment-orchestrator|iza-os-api-gateway|iza-os-cybersecurity-monitoring-bot,12
CON-016-DEMOLITION-SERVICES,Demolition Services,CON,shared-kernels|genixbank-financial-system|iza-os-financial-core|iza-os-analytics|iza-os-hr-core|iza-os-customer-service-chatbot-bot|iza-os-sales-core|iza-os-api-gateway-bot|iza-os-api-gateway|iza-os-workflow-integration|iza-os-learning-platform|iza-os-project-management-bot,deployment-orchestrator|iza-os-api-gateway|iza-os-cybersecurity-monitoring-bot,12
CON-017-CONCRETE-SERVICES,Concrete Services,CON,shared-kernels|genixbank-financial-system|iza-os-financial-core|iza-os-analytics|iza-os-hr-core|iza-os-customer-service-chatbot-bot|iza-os-sales-core|iza-os-api-gateway-bot|iza-os-api-gateway|iza-os-workflow-integration|iza-os-learning-platform|iza-os-project-management-bot,deployment-orchestrator|iza-os-api-gateway|iza-os-cybersecurity-monitoring-bot,12
CON-018-CARPENTRY-SERVICES,Carpentry Services,CON,shared-kernels|genixbank-financial-system|iza-os-financial-core|iza-os-analytics|iza-os-hr-core|iza-os-customer-service-chatbot-bot|iza-os-sales-core|iza-os-api-gateway-bot|iza-os-api-gateway|iza-os-workflow-integration|iza-os-learning-platform|iza-os-project-management-bot,deployment-orchestrator|iza-os-api-gateway|iza-os-cybersecurity-monitoring-bot,12
CON-019-WINDOW-INSTALLATION,Window Installation,CON,shared-kernels|genixbank-financial-system|iza-os-financial-core|iza-os-analytics|iza-os-hr-core|iza-os-customer-service-chatbot-bot|iza-os-sales-core|iza-os-api-gateway-bot|iza-os-api-gateway|iza-os-workflow-integration|iza-os-learning-platform|iza-os-project-management-bot,deployment-orchestrator|iza-os-api-gateway|iza-os-cybersecurity-monitoring-bot,12
CON-020-INSULATION-SERVICES,Insulation Services,CON,shared-kernels|genixbank-financial-system|iza-os-financial-core|iza-os-analytics|iza-os-hr-core|iza-os-customer-service-chatbot-bot|iza-os-sales-core|iza-os-api-gateway-bot|iza-os-api-gateway|iza-os-workflow-integration|iza-os-learning-platform|iza-os-project-management-bot,deployment-orchestrator|iza-os-api-gateway|iza-os-cybersecurity-monitoring-bot,12
RE-001-PROPERTY-HOLDINGS,Property Holdings,RE,shared-kernels|genixbank-financial-system|iza-os-financial-core|iza-os-analytics|iza-os-hr-core|iza-os-customer-service-chatbot-bot|iza-os-sales-core|iza-os-api-gateway-bot|iza-os-api-gateway|iza-os-workflow-integration|iza-os-learning-platform|iza-os-project-management-bot,deployment-orchestrator|iza-os-api-gateway|iza-os-cybersecurity-monitoring-bot,12
OPS-001-VENTURE-STAFFING,Venture Staffing Operations,OPS,shared-kernels|genixbank-financial-system|iza-os-financial-core|iza-os-analytics|iza-os-hr-core|iza-os-customer-service-chatbot-bot|iza-os-sales-core|iza-os-api-gateway-bot|iza-os-api-gateway|iza-os-workflow-integration|iza-os-learning-platform|iza-os-project-management-bot,deployment-orchestrator|iza-os-api-gateway|iza-os-cybersecurity-monitoring-bot,12
PROFILE-001-DIVINE-JOHNS-PORTFOLIO,Divine Johns Portfolio,PROFILE,shared-kernels|genixbank-financial-system|iza-os-financial-core|iza-os-analytics|iza-os-hr-core|iza-os-customer-service-chatbot-bot|iza-os-sales-core|iza-os-api-gateway-bot|iza-os-api-gateway|iza-os-workflow-integration|iza-os-learning-platform|iza-os-project-management-bot,deployment-orchestrator|iza-os-api-gateway|iza-os-cybersecurity-monitoring-bot,12
ET-010-PERSONAL-RESUME,Personal Resume,ET,shared-kernels|genixbank-financial-system|iza-os-financial-core|iza-os-analytics|iza-os-hr-core|iza-os-customer-service-chatbot-bot|iza-os-sales-core|iza-os-api-gateway-bot|iza-os-api-gateway|iza-os-workflow-integration|iza-os-learning-platform|iza-os-project-management-bot,deployment-orchestrator|iza-os-api-gateway|iza-os-cybersecurity-monitoring-bot,12
TECH-061-TECH-VENTURES-PORTFOLIO,Tech Ventures Portfolio,TECH,shared-kernels|genixbank-financial-system|iza-os-financial-core|iza-os-analytics|iza-os-hr-core|iza-os-customer-service-chatbot-bot|iza-os-sales-core|iza-os-api-gateway-bot|iza-os-api-gateway|iza-os-workflow-integration|iza-os-learning-platform|iza-os-project-management-bot,deployment-orchestrator|iza-os-api-gateway|iza-os-cybersecurity-monitoring-bot,12
