venture_number,venture_id,venture_name,canonical_sector_id,canonical_sector_name,opco_id,executive_division,business_archetype,portfolio_horizon,development_stage,github_repo_url,live_front_door_url
1,FIN-001,Genixbank Lite,SEC-008,Financial Services,OpCo-008,02. Finance & Capital,Contract Cash Flow (B2B Services),H2: Fast-Follow Feeders,planned,https://github.com/Worldwidebro/fin-001-genixbank-lite,https://worldwidebro.github.io/genixbank-lite/
2,FIN-002,Credit Repair Automation,SEC-008,Financial Services,OpCo-008,02. Finance & Capital,Contract Cash Flow (B2B Services),H2: Fast-Follow Feeders,planned,https://github.com/Worldwidebro/fin-002-credit-repair-automation,https://worldwidebro.github.io/credit-repair-automation/
3,FIN-003,Ai Boss Hub Lite,SEC-032,Artificial Intelligence & ML,OpCo-032,05. Technology,Infrastructure Core (Platforms & AI),H3: Frozen Frontier / Call Options,planned,https://github.com/Worldwidebro/fin-003-ai-boss-hub-lite,https://worldwidebro.github.io/ai-boss-hub-lite/
4,FIN-004,Genixbanks Ai Treasurer,SEC-032,Artificial Intelligence & ML,OpCo-032,05. Technology,Infrastructure Core (Platforms & AI),H3: Frozen Frontier / Call Options,planned,https://github.com/Worldwidebro/fin-004-genixbanks-ai-treasurer,https://worldwidebro.github.io/genixbanks-ai-treasurer/
5,FIN-005,U Haul Rental Affiliate,SEC-008,Financial Services,OpCo-008,02. Finance & Capital,Contract Cash Flow (B2B Services),H2: Fast-Follow Feeders,planned,https://github.com/Worldwidebro/fin-005-u-haul-rental-affiliate,https://worldwidebro.github.io/u-haul-rental-affiliate/
6,FIN-006,Tax Prep Filing Services,SEC-008,Financial Services,OpCo-008,02. Finance & Capital,Contract Cash Flow (B2B Services),H2: Fast-Follow Feeders,planned,https://github.com/Worldwidebro/fin-006-tax-prep-filing-services,https://worldwidebro.github.io/tax-prep-filing-services/
7,FIN-007,Business Credit Building,SEC-008,Financial Services,OpCo-008,02. Finance & Capital,Contract Cash Flow (B2B Services),H2: Fast-Follow Feeders,planned,https://github.com/Worldwidebro/fin-007-business-credit-building,https://worldwidebro.github.io/business-credit-building/
8,FIN-008,Business Formation Services,SEC-008,Financial Services,OpCo-008,02. Finance & Capital,Contract Cash Flow (B2B Services),H2: Fast-Follow Feeders,planned,https://github.com/Worldwidebro/fin-008-business-formation-services,https://worldwidebro.github.io/business-formation-services/
9,FIN-009,Crypto Tax Optimizer,SEC-034,Decentralized & Web3,OpCo-034,02. Finance & Capital,D2C & Digital Long Tail (Storefronts & Media),H3: Frozen Frontier / Call Options,planned,https://github.com/Worldwidebro/fin-009-crypto-tax-optimizer,https://worldwidebro.github.io/crypto-tax-optimizer/
10,FIN-010,Ai Powered Garbage Collection,SEC-032,Artificial Intelligence & ML,OpCo-032,05. Technology,Infrastructure Core (Platforms & AI),H3: Frozen Frontier / Call Options,planned,https://github.com/Worldwidebro/fin-010-ai-powered-garbage-collection,https://worldwidebro.github.io/ai-powered-garbage-collection/
11,FIN-011,Automated Bookkeeping,SEC-008,Financial Services,OpCo-008,02. Finance & Capital,Contract Cash Flow (B2B Services),H2: Fast-Follow Feeders,planned,https://github.com/Worldwidebro/fin-011-automated-bookkeeping,https://worldwidebro.github.io/automated-bookkeeping/
12,FIN-012,Invoice Factoring Ai,SEC-032,Artificial Intelligence & ML,OpCo-032,05. Technology,Infrastructure Core (Platforms & AI),H3: Frozen Frontier / Call Options,planned,https://github.com/Worldwidebro/fin-012-invoice-factoring-ai,https://worldwidebro.github.io/invoice-factoring-ai/
13,FIN-013,Charity Donation Ai,SEC-032,Artificial Intelligence & ML,OpCo-032,05. Technology,Infrastructure Core (Platforms & AI),H3: Frozen Frontier / Call Options,planned,https://github.com/Worldwidebro/fin-013-charity-donation-ai,https://worldwidebro.github.io/charity-donation-ai/
14,FIN-014,Expense Tracker Ai,SEC-032,Artificial Intelligence & ML,OpCo-032,05. Technology,Infrastructure Core (Platforms & AI),H3: Frozen Frontier / Call Options,planned,https://github.com/Worldwidebro/fin-014-expense-tracker-ai,https://worldwidebro.github.io/expense-tracker-ai/
15,FIN-015,Financial Wellness Coach,SEC-001,Beauty & Wellness,OpCo-001,07. Operations,D2C & Digital Long Tail (Storefronts & Media),H3: Frozen Frontier / Call Options,planned,https://github.com/Worldwidebro/fin-015-financial-wellness-coach,https://worldwidebro.github.io/financial-wellness-coach/
16,FIN-016,Trade Finance Ai,SEC-032,Artificial Intelligence & ML,OpCo-032,05. Technology,Infrastructure Core (Platforms & AI),H3: Frozen Frontier / Call Options,planned,https://github.com/Worldwidebro/fin-016-trade-finance-ai,https://worldwidebro.github.io/trade-finance-ai/
17,FIN-017,Remittance Ai,SEC-032,Artificial Intelligence & ML,OpCo-032,05. Technology,Infrastructure Core (Platforms & AI),H3: Frozen Frontier / Call Options,planned,https://github.com/Worldwidebro/fin-017-remittance-ai,https://worldwidebro.github.io/remittance-ai/
18,FIN-018,Wealth Transfer Ai,SEC-032,Artificial Intelligence & ML,OpCo-032,05. Technology,Infrastructure Core (Platforms & AI),H3: Frozen Frontier / Call Options,planned,https://github.com/Worldwidebro/fin-018-wealth-transfer-ai,https://worldwidebro.github.io/wealth-transfer-ai/
19,FIN-019,Payment Gateway Ai,SEC-032,Artificial Intelligence & ML,OpCo-032,05. Technology,Infrastructure Core (Platforms & AI),H3: Frozen Frontier / Call Options,planned,https://github.com/Worldwidebro/fin-019-payment-gateway-ai,https://worldwidebro.github.io/payment-gateway-ai/
20,FIN-020,Debt Consolidation Ai,SEC-032,Artificial Intelligence & ML,OpCo-032,05. Technology,Infrastructure Core (Platforms & AI),H3: Frozen Frontier / Call Options,planned,https://github.com/Worldwidebro/fin-020-debt-consolidation-ai,https://worldwidebro.github.io/debt-consolidation-ai/
21,FIN-021,Tax Deduction Finder,SEC-008,Financial Services,OpCo-008,02. Finance & Capital,Contract Cash Flow (B2B Services),H2: Fast-Follow Feeders,planned,https://github.com/Worldwidebro/fin-021-tax-deduction-finder,https://worldwidebro.github.io/tax-deduction-finder/
22,FIN-022,Budget Forecasting Ai,SEC-032,Artificial Intelligence & ML,OpCo-032,05. Technology,Infrastructure Core (Platforms & AI),H3: Frozen Frontier / Call Options,planned,https://github.com/Worldwidebro/fin-022-budget-forecasting-ai,https://worldwidebro.github.io/budget-forecasting-ai/
23,FIN-023,Investment Portfolio Ai,SEC-032,Artificial Intelligence & ML,OpCo-032,05. Technology,Infrastructure Core (Platforms & AI),H3: Frozen Frontier / Call Options,planned,https://github.com/Worldwidebro/fin-023-investment-portfolio-ai,https://worldwidebro.github.io/investment-portfolio-ai/
24,FIN-024,Crowdfunding Ai,SEC-032,Artificial Intelligence & ML,OpCo-032,05. Technology,Infrastructure Core (Platforms & AI),H3: Frozen Frontier / Call Options,planned,https://github.com/Worldwidebro/fin-024-crowdfunding-ai,https://worldwidebro.github.io/crowdfunding-ai/
25,FIN-025,Escrow Automation,SEC-008,Financial Services,OpCo-008,02. Finance & Capital,Contract Cash Flow (B2B Services),H2: Fast-Follow Feeders,planned,https://github.com/Worldwidebro/fin-025-escrow-automation,https://worldwidebro.github.io/escrow-automation/
26,FIN-026,Financial Compliance Scanner,SEC-008,Financial Services,OpCo-008,02. Finance & Capital,Contract Cash Flow (B2B Services),H2: Fast-Follow Feeders,planned,https://github.com/Worldwidebro/fin-026-financial-compliance-scanner,https://worldwidebro.github.io/financial-compliance-scanner/
27,FIN-027,Patent Writer Ai,SEC-032,Artificial Intelligence & ML,OpCo-032,05. Technology,Infrastructure Core (Platforms & AI),H3: Frozen Frontier / Call Options,planned,https://github.com/Worldwidebro/fin-027-patent-writer-ai,https://worldwidebro.github.io/patent-writer-ai/
28,FIN-028,Legal Analyzer Ai,SEC-032,Artificial Intelligence & ML,OpCo-032,05. Technology,Infrastructure Core (Platforms & AI),H3: Frozen Frontier / Call Options,planned,https://github.com/Worldwidebro/fin-028-legal-analyzer-ai,https://worldwidebro.github.io/legal-analyzer-ai/
29,FIN-029,Compliance Wallet Saas,SEC-008,Financial Services,OpCo-008,02. Finance & Capital,Contract Cash Flow (B2B Services),H2: Fast-Follow Feeders,planned,https://github.com/Worldwidebro/fin-029-compliance-wallet-saas,https://worldwidebro.github.io/compliance-wallet-saas/
30,FIN-030,Local Seo Ranker Ai,SEC-032,Artificial Intelligence & ML,OpCo-032,05. Technology,Infrastructure Core (Platforms & AI),H3: Frozen Frontier / Call Options,planned,https://github.com/Worldwidebro/fin-030-local-seo-ranker-ai,https://worldwidebro.github.io/local-seo-ranker-ai/
31,FIN-031,Investor Dashboard Builder,SEC-002,Construction & Infrastructure,OpCo-002,10. Assets & Investments,Asset-Backed Moat (Physical Ops),H2: Fast-Follow Feeders,planned,https://github.com/Worldwidebro/fin-031-investor-dashboard-builder,https://worldwidebro.github.io/investor-dashboard-builder/
32,FIN-032,Legal Toolkit Ai,SEC-032,Artificial Intelligence & ML,OpCo-032,05. Technology,Infrastructure Core (Platforms & AI),H3: Frozen Frontier / Call Options,planned,https://github.com/Worldwidebro/fin-032-legal-toolkit-ai,https://worldwidebro.github.io/legal-toolkit-ai/
33,FIN-033,Ai Tax Preparation Service,SEC-032,Artificial Intelligence & ML,OpCo-032,05. Technology,Infrastructure Core (Platforms & AI),H3: Frozen Frontier / Call Options,planned,https://github.com/Worldwidebro/fin-033-ai-tax-preparation-service,https://worldwidebro.github.io/ai-tax-preparation-service/
34,FIN-034,Payroll Automation,SEC-008,Financial Services,OpCo-008,02. Finance & Capital,Contract Cash Flow (B2B Services),H2: Fast-Follow Feeders,planned,https://github.com/Worldwidebro/fin-034-payroll-automation,https://worldwidebro.github.io/payroll-automation/
35,FIN-035,Insurance Underwriting Ai,SEC-032,Artificial Intelligence & ML,OpCo-032,05. Technology,Infrastructure Core (Platforms & AI),H3: Frozen Frontier / Call Options,planned,https://github.com/Worldwidebro/fin-035-insurance-underwriting-ai,https://worldwidebro.github.io/insurance-underwriting-ai/
36,FIN-036,Arbitrage Nexus Platform,SEC-037,Capital & Quantitative Trading,OpCo-030,02. Finance & Capital,Infrastructure Core (Platforms & AI),H2: Fast-Follow Feeders,growth,https://github.com/Worldwidebro/fin-036-arbitrage-nexus-platform,https://worldwidebro.github.io/arbitrage-nexus-platform/
37,BW-001,Lash Extension Studio,SEC-001,Beauty & Wellness,OpCo-001,07. Operations,D2C & Digital Long Tail (Storefronts & Media),H3: Frozen Frontier / Call Options,validation,https://github.com/Worldwidebro/bw-001-lash-extension-studio,https://worldwidebro.github.io/lash-extension-studio/
38,BW-002,Mobile Lash Service,SEC-001,Beauty & Wellness,OpCo-001,07. Operations,D2C & Digital Long Tail (Storefronts & Media),H3: Frozen Frontier / Call Options,mvp,https://github.com/Worldwidebro/bw-002-mobile-lash-service,https://worldwidebro.github.io/mobile-lash-service/
39,BW-003,Luxury Lash Bar,SEC-001,Beauty & Wellness,OpCo-001,07. Operations,D2C & Digital Long Tail (Storefronts & Media),H3: Frozen Frontier / Call Options,validation,https://github.com/Worldwidebro/bw-003-luxury-lash-bar,https://worldwidebro.github.io/luxury-lash-bar/
40,BW-004,Lash Training Academy,SEC-001,Beauty & Wellness,OpCo-001,07. Operations,D2C & Digital Long Tail (Storefronts & Media),H3: Frozen Frontier / Call Options,validation,https://github.com/Worldwidebro/bw-004-lash-training-academy,https://worldwidebro.github.io/lash-training-academy/
41,BW-005,Lash Supply Company,SEC-001,Beauty & Wellness,OpCo-001,07. Operations,D2C & Digital Long Tail (Storefronts & Media),H3: Frozen Frontier / Call Options,mvp,https://github.com/Worldwidebro/bw-005-lash-supply-company,https://worldwidebro.github.io/lash-supply-company/
42,BW-006,Lash Glue Brand,SEC-001,Beauty & Wellness,OpCo-001,07. Operations,D2C & Digital Long Tail (Storefronts & Media),H3: Frozen Frontier / Call Options,validation,https://github.com/Worldwidebro/bw-006-lash-glue-brand,https://worldwidebro.github.io/lash-glue-brand/
43,V-0043,Lash Kits & Tools,SEC-001,Beauty & Wellness,OpCo-001,07. Operations,D2C & Digital Long Tail (Storefronts & Media),H3: Frozen Frontier / Call Options,mvp,https://github.com/zquestz/s,https://worldwidebro.github.io/lash-kits-and-tools/
44,BW-008,Private Label Lashes,SEC-001,Beauty & Wellness,OpCo-001,07. Operations,D2C & Digital Long Tail (Storefronts & Media),H3: Frozen Frontier / Call Options,planned,https://github.com/Worldwidebro/bw-008-private-label-lashes,https://worldwidebro.github.io/private-label-lashes/
45,BW-009,Franchise Lash Salons,SEC-001,Beauty & Wellness,OpCo-001,07. Operations,D2C & Digital Long Tail (Storefronts & Media),H3: Frozen Frontier / Call Options,planned,https://github.com/Worldwidebro/bw-009-franchise-lash-salons,https://worldwidebro.github.io/franchise-lash-salons/
46,BW-010,Online Lash Education,SEC-001,Beauty & Wellness,OpCo-001,07. Operations,D2C & Digital Long Tail (Storefronts & Media),H3: Frozen Frontier / Call Options,mvp,https://github.com/Worldwidebro/bw-010-online-lash-education,https://worldwidebro.github.io/online-lash-education/
47,BW-011,Nail Salon,SEC-001,Beauty & Wellness,OpCo-001,07. Operations,D2C & Digital Long Tail (Storefronts & Media),H3: Frozen Frontier / Call Options,validation,https://github.com/Worldwidebro/bw-011-nail-salon,https://worldwidebro.github.io/nail-salon/
48,BW-012,Mobile Nail Tech,SEC-001,Beauty & Wellness,OpCo-001,07. Operations,D2C & Digital Long Tail (Storefronts & Media),H3: Frozen Frontier / Call Options,mvp,https://github.com/Worldwidebro/bw-012-mobile-nail-tech,https://worldwidebro.github.io/mobile-nail-tech/
49,BW-013,Luxury Nail Spa,SEC-001,Beauty & Wellness,OpCo-001,07. Operations,D2C & Digital Long Tail (Storefronts & Media),H3: Frozen Frontier / Call Options,validation,https://github.com/Worldwidebro/bw-013-luxury-nail-spa,https://worldwidebro.github.io/luxury-nail-spa/
50,BW-014,Press On Nail Brand,SEC-001,Beauty & Wellness,OpCo-001,07. Operations,D2C & Digital Long Tail (Storefronts & Media),H3: Frozen Frontier / Call Options,mvp,https://github.com/Worldwidebro/bw-014-press-on-nail-brand,https://worldwidebro.github.io/press-on-nail-brand/
51,BW-015,Nail Art Studio,SEC-001,Beauty & Wellness,OpCo-001,07. Operations,D2C & Digital Long Tail (Storefronts & Media),H3: Frozen Frontier / Call Options,validation,https://github.com/Worldwidebro/bw-015-nail-art-studio,https://worldwidebro.github.io/nail-art-studio/
52,BW-016,Nail Polish Brand,SEC-001,Beauty & Wellness,OpCo-001,07. Operations,D2C & Digital Long Tail (Storefronts & Media),H3: Frozen Frontier / Call Options,mvp,https://github.com/Worldwidebro/bw-016-nail-polish-brand,https://worldwidebro.github.io/nail-polish-brand/
53,BW-017,Nail Care Products,SEC-001,Beauty & Wellness,OpCo-001,07. Operations,D2C & Digital Long Tail (Storefronts & Media),H3: Frozen Frontier / Call Options,mvp,https://github.com/Worldwidebro/bw-017-nail-care-products,https://worldwidebro.github.io/nail-care-products/
54,BW-018,Nail Booking Marketplace,SEC-001,Beauty & Wellness,OpCo-001,07. Operations,D2C & Digital Long Tail (Storefronts & Media),H3: Frozen Frontier / Call Options,planned,https://github.com/Worldwidebro/bw-018-nail-booking-marketplace,https://worldwidebro.github.io/nail-booking-marketplace/
55,BW-019,Salon Management Software,SEC-001,Beauty & Wellness,OpCo-001,07. Operations,D2C & Digital Long Tail (Storefronts & Media),H3: Frozen Frontier / Call Options,planned,https://github.com/Worldwidebro/bw-019-salon-management-software,https://worldwidebro.github.io/salon-management-software/
56,BW-020,Ai Nail Design Generator,SEC-032,Artificial Intelligence & ML,OpCo-032,05. Technology,Infrastructure Core (Platforms & AI),H3: Frozen Frontier / Call Options,planned,https://github.com/Worldwidebro/bw-020-ai-nail-design-generator,https://worldwidebro.github.io/ai-nail-design-generator/
57,BW-021,Hair Salon,SEC-001,Beauty & Wellness,OpCo-001,07. Operations,D2C & Digital Long Tail (Storefronts & Media),H3: Frozen Frontier / Call Options,validation,https://github.com/Worldwidebro/bw-021-hair-salon,https://worldwidebro.github.io/hair-salon/
58,BW-022,Barbershop,SEC-001,Beauty & Wellness,OpCo-001,07. Operations,D2C & Digital Long Tail (Storefronts & Media),H3: Frozen Frontier / Call Options,validation,https://github.com/Worldwidebro/bw-022-barbershop,https://worldwidebro.github.io/barbershop/
59,BW-023,Mobile Hairstyling,SEC-001,Beauty & Wellness,OpCo-001,07. Operations,D2C & Digital Long Tail (Storefronts & Media),H3: Frozen Frontier / Call Options,mvp,https://github.com/Worldwidebro/bw-023-mobile-hairstyling,https://worldwidebro.github.io/mobile-hairstyling/
60,BW-024,Hair Braiding Studio,SEC-001,Beauty & Wellness,OpCo-001,07. Operations,D2C & Digital Long Tail (Storefronts & Media),H3: Frozen Frontier / Call Options,validation,https://github.com/Worldwidebro/bw-024-hair-braiding-studio,https://worldwidebro.github.io/hair-braiding-studio/
61,BW-025,Wig Installation Studio,SEC-001,Beauty & Wellness,OpCo-001,07. Operations,D2C & Digital Long Tail (Storefronts & Media),H3: Frozen Frontier / Call Options,validation,https://github.com/Worldwidebro/bw-025-wig-installation-studio,https://worldwidebro.github.io/wig-installation-studio/
62,BW-026,Hair Extension Salon,SEC-001,Beauty & Wellness,OpCo-001,07. Operations,D2C & Digital Long Tail (Storefronts & Media),H3: Frozen Frontier / Call Options,validation,https://github.com/Worldwidebro/bw-026-hair-extension-salon,https://worldwidebro.github.io/hair-extension-salon/
63,BW-027,Hair Care Line,SEC-001,Beauty & Wellness,OpCo-001,07. Operations,D2C & Digital Long Tail (Storefronts & Media),H3: Frozen Frontier / Call Options,mvp,https://github.com/Worldwidebro/bw-027-hair-care-line,https://worldwidebro.github.io/hair-care-line/
64,BW-028,Wig Brand,SEC-001,Beauty & Wellness,OpCo-001,07. Operations,D2C & Digital Long Tail (Storefronts & Media),H3: Frozen Frontier / Call Options,mvp,https://github.com/Worldwidebro/bw-028-wig-brand,https://worldwidebro.github.io/wig-brand/
65,BW-029,Hair Extensions Brand,SEC-001,Beauty & Wellness,OpCo-001,07. Operations,D2C & Digital Long Tail (Storefronts & Media),H3: Frozen Frontier / Call Options,mvp,https://github.com/Worldwidebro/bw-029-hair-extensions-brand,https://worldwidebro.github.io/hair-extensions-brand/
66,BW-030,Scalp Treatment Products,SEC-001,Beauty & Wellness,OpCo-001,07. Operations,D2C & Digital Long Tail (Storefronts & Media),H3: Frozen Frontier / Call Options,validation,https://github.com/Worldwidebro/bw-030-scalp-treatment-products,https://worldwidebro.github.io/scalp-treatment-products/
67,BW-031,Hair Marketplace,SEC-001,Beauty & Wellness,OpCo-001,07. Operations,D2C & Digital Long Tail (Storefronts & Media),H3: Frozen Frontier / Call Options,planned,https://github.com/Worldwidebro/bw-031-hair-marketplace,https://worldwidebro.github.io/hair-marketplace/
68,BW-032,Stylist Booking Platform,SEC-001,Beauty & Wellness,OpCo-001,07. Operations,D2C & Digital Long Tail (Storefronts & Media),H3: Frozen Frontier / Call Options,planned,https://github.com/Worldwidebro/bw-032-stylist-booking-platform,https://worldwidebro.github.io/stylist-booking-platform/
69,BW-033,Ai Hairstyle Simulator,SEC-032,Artificial Intelligence & ML,OpCo-032,05. Technology,Infrastructure Core (Platforms & AI),H3: Frozen Frontier / Call Options,planned,https://github.com/Worldwidebro/bw-033-ai-hairstyle-simulator,https://worldwidebro.github.io/ai-hairstyle-simulator/
70,BW-034,Salon Franchise Chain,SEC-001,Beauty & Wellness,OpCo-001,07. Operations,D2C & Digital Long Tail (Storefronts & Media),H3: Frozen Frontier / Call Options,planned,https://github.com/Worldwidebro/bw-034-salon-franchise-chain,https://worldwidebro.github.io/salon-franchise-chain/
71,BW-035,Makeup Studio,SEC-001,Beauty & Wellness,OpCo-001,07. Operations,D2C & Digital Long Tail (Storefronts & Media),H3: Frozen Frontier / Call Options,validation,https://github.com/Worldwidebro/bw-035-makeup-studio,https://worldwidebro.github.io/makeup-studio/
72,BW-036,Bridal Makeup Service,SEC-001,Beauty & Wellness,OpCo-001,07. Operations,D2C & Digital Long Tail (Storefronts & Media),H3: Frozen Frontier / Call Options,mvp,https://github.com/Worldwidebro/bw-036-bridal-makeup-service,https://worldwidebro.github.io/bridal-makeup-service/
73,BW-037,Mobile Makeup Artist,SEC-001,Beauty & Wellness,OpCo-001,07. Operations,D2C & Digital Long Tail (Storefronts & Media),H3: Frozen Frontier / Call Options,mvp,https://github.com/Worldwidebro/bw-037-mobile-makeup-artist,https://worldwidebro.github.io/mobile-makeup-artist/
74,BW-038,Photoshoot Makeup Team,SEC-001,Beauty & Wellness,OpCo-001,07. Operations,D2C & Digital Long Tail (Storefronts & Media),H3: Frozen Frontier / Call Options,validation,https://github.com/Worldwidebro/bw-038-photoshoot-makeup-team,https://worldwidebro.github.io/photoshoot-makeup-team/
75,BW-039,Cosmetics Brand,SEC-001,Beauty & Wellness,OpCo-001,07. Operations,D2C & Digital Long Tail (Storefronts & Media),H3: Frozen Frontier / Call Options,mvp,https://github.com/Worldwidebro/bw-039-cosmetics-brand,https://worldwidebro.github.io/cosmetics-brand/
76,BW-040,Beauty Tools Brand,SEC-001,Beauty & Wellness,OpCo-001,07. Operations,D2C & Digital Long Tail (Storefronts & Media),H3: Frozen Frontier / Call Options,mvp,https://github.com/Worldwidebro/bw-040-beauty-tools-brand,https://worldwidebro.github.io/beauty-tools-brand/
77,FH-001,Personal Chef Service,SEC-013,Hospitality & Travel,OpCo-013,07. Operations,D2C & Digital Long Tail (Storefronts & Media),H3: Frozen Frontier / Call Options,mvp,https://github.com/Worldwidebro/fh-001-personal-chef-service,https://worldwidebro.github.io/personal-chef-service/
78,FH-002,Meal Prep Delivery,SEC-013,Hospitality & Travel,OpCo-013,07. Operations,D2C & Digital Long Tail (Storefronts & Media),H3: Frozen Frontier / Call Options,mvp,https://github.com/Worldwidebro/fh-002-meal-prep-delivery,https://worldwidebro.github.io/meal-prep-delivery/
79,FH-003,Private Dinner Experiences,SEC-013,Hospitality & Travel,OpCo-013,07. Operations,D2C & Digital Long Tail (Storefronts & Media),H3: Frozen Frontier / Call Options,validation,https://github.com/Worldwidebro/fh-003-private-dinner-experiences,https://worldwidebro.github.io/private-dinner-experiences/
80,FH-004,Catering Company,SEC-013,Hospitality & Travel,OpCo-013,07. Operations,D2C & Digital Long Tail (Storefronts & Media),H3: Frozen Frontier / Call Options,validation,https://github.com/Worldwidebro/fh-004-catering-company,https://worldwidebro.github.io/catering-company/
81,FH-005,Corporate Lunch Service,SEC-013,Hospitality & Travel,OpCo-013,07. Operations,D2C & Digital Long Tail (Storefronts & Media),H3: Frozen Frontier / Call Options,mvp,https://github.com/Worldwidebro/fh-005-corporate-lunch-service,https://worldwidebro.github.io/corporate-lunch-service/
82,FH-006,Healthy Meal Prep For Gyms,SEC-012,Healthcare & Biotechnology,OpCo-012,07. Operations,D2C & Digital Long Tail (Storefronts & Media),H3: Frozen Frontier / Call Options,mvp,https://github.com/Worldwidebro/fh-006-healthy-meal-prep-for-gyms,https://worldwidebro.github.io/healthy-meal-prep-for-gyms/
83,FH-007,Elderly Meal Service,SEC-013,Hospitality & Travel,OpCo-013,07. Operations,D2C & Digital Long Tail (Storefronts & Media),H3: Frozen Frontier / Call Options,validation,https://github.com/Worldwidebro/fh-007-elderly-meal-service,https://worldwidebro.github.io/elderly-meal-service/
84,FH-008,Athlete Nutrition Service,SEC-013,Hospitality & Travel,OpCo-013,07. Operations,D2C & Digital Long Tail (Storefronts & Media),H3: Frozen Frontier / Call Options,mvp,https://github.com/Worldwidebro/fh-008-athlete-nutrition-service,https://worldwidebro.github.io/athlete-nutrition-service/
85,FH-009,Packaged Food Brand,SEC-013,Hospitality & Travel,OpCo-013,07. Operations,D2C & Digital Long Tail (Storefronts & Media),H3: Frozen Frontier / Call Options,validation,https://github.com/Worldwidebro/fh-009-packaged-food-brand,https://worldwidebro.github.io/packaged-food-brand/
86,FH-010,Frozen Meals Company,SEC-013,Hospitality & Travel,OpCo-013,07. Operations,D2C & Digital Long Tail (Storefronts & Media),H3: Frozen Frontier / Call Options,validation,https://github.com/Worldwidebro/fh-010-frozen-meals-company,https://worldwidebro.github.io/frozen-meals-company/
87,FH-011,Sauce Or Seasoning Brand,SEC-013,Hospitality & Travel,OpCo-013,07. Operations,D2C & Digital Long Tail (Storefronts & Media),H3: Frozen Frontier / Call Options,mvp,https://github.com/Worldwidebro/fh-011-sauce-or-seasoning-brand,https://worldwidebro.github.io/sauce-or-seasoning-brand/
88,FH-012,Protein Snacks Brand,SEC-013,Hospitality & Travel,OpCo-013,07. Operations,D2C & Digital Long Tail (Storefronts & Media),H3: Frozen Frontier / Call Options,mvp,https://github.com/Worldwidebro/fh-012-protein-snacks-brand,https://worldwidebro.github.io/protein-snacks-brand/
89,FH-013,Meal Kit Company,SEC-013,Hospitality & Travel,OpCo-013,07. Operations,D2C & Digital Long Tail (Storefronts & Media),H3: Frozen Frontier / Call Options,validation,https://github.com/Worldwidebro/fh-013-meal-kit-company,https://worldwidebro.github.io/meal-kit-company/
90,FH-014,Cloud Kitchen,SEC-010,Food Service & Restaurants,OpCo-010,07. Operations,D2C & Digital Long Tail (Storefronts & Media),H3: Frozen Frontier / Call Options,planned,https://github.com/Worldwidebro/fh-014-cloud-kitchen-,https://worldwidebro.github.io/cloud-kitchen-/
91,FH-015,Ai Nutrition Planner,SEC-032,Artificial Intelligence & ML,OpCo-032,05. Technology,Infrastructure Core (Platforms & AI),H3: Frozen Frontier / Call Options,planned,https://github.com/Worldwidebro/fh-015-ai-nutrition-planner,https://worldwidebro.github.io/ai-nutrition-planner/
92,FH-016,Recipe App,SEC-013,Hospitality & Travel,OpCo-013,07. Operations,D2C & Digital Long Tail (Storefronts & Media),H3: Frozen Frontier / Call Options,mvp,https://github.com/Worldwidebro/fh-016-recipe-app,https://worldwidebro.github.io/recipe-app/
93,FH-017,Cooking Content Brand,SEC-004,Content & Media,OpCo-004,09. Marketing,D2C & Digital Long Tail (Storefronts & Media),H3: Frozen Frontier / Call Options,mvp,https://github.com/Worldwidebro/fh-017-cooking-content-brand,https://worldwidebro.github.io/cooking-content-brand/
94,FH-018,Food Influencer Brand,SEC-013,Hospitality & Travel,OpCo-013,07. Operations,D2C & Digital Long Tail (Storefronts & Media),H3: Frozen Frontier / Call Options,mvp,https://github.com/Worldwidebro/fh-018-food-influencer-brand,https://worldwidebro.github.io/food-influencer-brand/
95,FH-019,Cooking Course Platform,SEC-005,Education & Training,OpCo-005,04. People,D2C & Digital Long Tail (Storefronts & Media),H3: Frozen Frontier / Call Options,mvp,https://github.com/Worldwidebro/fh-019-cooking-course-platform,https://worldwidebro.github.io/cooking-course-platform/
96,FH-020,Restaurant Pos System,SEC-010,Food Service & Restaurants,OpCo-010,07. Operations,D2C & Digital Long Tail (Storefronts & Media),H3: Frozen Frontier / Call Options,planned,https://github.com/Worldwidebro/fh-020-restaurant-pos-system,https://worldwidebro.github.io/restaurant-pos-system/
97,FH-021,Food Truck Business,SEC-013,Hospitality & Travel,OpCo-013,07. Operations,D2C & Digital Long Tail (Storefronts & Media),H3: Frozen Frontier / Call Options,validation,https://github.com/Worldwidebro/fh-021-food-truck-business,https://worldwidebro.github.io/food-truck-business/
98,FH-022,Specialty Coffee Shop,SEC-013,Hospitality & Travel,OpCo-013,07. Operations,D2C & Digital Long Tail (Storefronts & Media),H3: Frozen Frontier / Call Options,validation,https://github.com/Worldwidebro/fh-022-specialty-coffee-shop,https://worldwidebro.github.io/specialty-coffee-shop/
99,V-0099,Bakery & Pastry Shop,SEC-010,Food Service & Restaurants,OpCo-010,07. Operations,D2C & Digital Long Tail (Storefronts & Media),H3: Frozen Frontier / Call Options,validation,https://github.com/zquestz/s,https://worldwidebro.github.io/bakery-and-pastry-shop/
100,FH-024,Juice Bar,SEC-013,Hospitality & Travel,OpCo-013,07. Operations,D2C & Digital Long Tail (Storefronts & Media),H3: Frozen Frontier / Call Options,mvp,https://github.com/Worldwidebro/fh-024-juice-bar,https://worldwidebro.github.io/juice-bar/
101,FH-025,Ice Cream Shop,SEC-013,Hospitality & Travel,OpCo-013,07. Operations,D2C & Digital Long Tail (Storefronts & Media),H3: Frozen Frontier / Call Options,validation,https://github.com/Worldwidebro/fh-025-ice-cream-shop,https://worldwidebro.github.io/ice-cream-shop/
102,FH-026,Gourmet Food Market,SEC-013,Hospitality & Travel,OpCo-013,07. Operations,D2C & Digital Long Tail (Storefronts & Media),H3: Frozen Frontier / Call Options,validation,https://github.com/Worldwidebro/fh-026-gourmet-food-market,https://worldwidebro.github.io/gourmet-food-market/
103,FH-027,Food Delivery Platform,SEC-013,Hospitality & Travel,OpCo-013,07. Operations,D2C & Digital Long Tail (Storefronts & Media),H3: Frozen Frontier / Call Options,planned,https://github.com/Worldwidebro/fh-027-food-delivery-platform,https://worldwidebro.github.io/food-delivery-platform/
104,FH-028,Restaurant Management Saas,SEC-010,Food Service & Restaurants,OpCo-010,07. Operations,D2C & Digital Long Tail (Storefronts & Media),H3: Frozen Frontier / Call Options,planned,https://github.com/Worldwidebro/fh-028-restaurant-management-saas,https://worldwidebro.github.io/restaurant-management-saas/
105,FH-029,Food Quality Testing Lab,SEC-012,Healthcare & Biotechnology,OpCo-012,07. Operations,D2C & Digital Long Tail (Storefronts & Media),H3: Frozen Frontier / Call Options,planned,https://github.com/Worldwidebro/fh-029-food-quality-testing-lab,https://worldwidebro.github.io/food-quality-testing-lab/
106,FH-030,Organic Food Brand,SEC-013,Hospitality & Travel,OpCo-013,07. Operations,D2C & Digital Long Tail (Storefronts & Media),H3: Frozen Frontier / Call Options,mvp,https://github.com/Worldwidebro/fh-030-organic-food-brand,https://worldwidebro.github.io/organic-food-brand/
107,FH-031,Vegan Food Company,SEC-013,Hospitality & Travel,OpCo-013,07. Operations,D2C & Digital Long Tail (Storefronts & Media),H3: Frozen Frontier / Call Options,mvp,https://github.com/Worldwidebro/fh-031-vegan-food-company,https://worldwidebro.github.io/vegan-food-company/
108,FH-032,Keto Meal Service,SEC-013,Hospitality & Travel,OpCo-013,07. Operations,D2C & Digital Long Tail (Storefronts & Media),H3: Frozen Frontier / Call Options,mvp,https://github.com/Worldwidebro/fh-032-keto-meal-service,https://worldwidebro.github.io/keto-meal-service/
109,FH-033,Food Photography Service,SEC-013,Hospitality & Travel,OpCo-013,07. Operations,D2C & Digital Long Tail (Storefronts & Media),H3: Frozen Frontier / Call Options,mvp,https://github.com/Worldwidebro/fh-033-food-photography-service,https://worldwidebro.github.io/food-photography-service/
110,FH-034,Restaurant Consulting,SEC-010,Food Service & Restaurants,OpCo-010,07. Operations,D2C & Digital Long Tail (Storefronts & Media),H3: Frozen Frontier / Call Options,mvp,https://github.com/Worldwidebro/fh-034-restaurant-consulting,https://worldwidebro.github.io/restaurant-consulting/
111,FH-035,Food Safety Training,SEC-005,Education & Training,OpCo-005,04. People,D2C & Digital Long Tail (Storefronts & Media),H3: Frozen Frontier / Call Options,validation,https://github.com/Worldwidebro/fh-035-food-safety-training,https://worldwidebro.github.io/food-safety-training/
112,FH-006,Gym,SEC-012,Healthcare & Biotechnology,OpCo-012,07. Operations,D2C & Digital Long Tail (Storefronts & Media),H3: Frozen Frontier / Call Options,validation,https://github.com/Worldwidebro/fh-006-healthy-meal-prep-for-gyms,https://worldwidebro.github.io/gym/
113,FS-002,Boutique Fitness Studio,SEC-014,Human Resources & Staffing,OpCo-014,04. People,Contract Cash Flow (B2B Services),H2: Fast-Follow Feeders,validation,https://github.com/Worldwidebro/fs-002-boutique-fitness-studio,https://worldwidebro.github.io/boutique-fitness-studio/
114,FS-003,Personal Training Studio,SEC-005,Education & Training,OpCo-005,04. People,D2C & Digital Long Tail (Storefronts & Media),H3: Frozen Frontier / Call Options,mvp,https://github.com/Worldwidebro/fs-003-personal-training-studio,https://worldwidebro.github.io/personal-training-studio/
115,FS-004,Women Only Gym,SEC-014,Human Resources & Staffing,OpCo-014,04. People,Contract Cash Flow (B2B Services),H2: Fast-Follow Feeders,validation,https://github.com/Worldwidebro/fs-004-women-only-gym,https://worldwidebro.github.io/women-only-gym/
116,FS-005,Boxing Gym,SEC-014,Human Resources & Staffing,OpCo-014,04. People,Contract Cash Flow (B2B Services),H2: Fast-Follow Feeders,validation,https://github.com/Worldwidebro/fs-005-boxing-gym,https://worldwidebro.github.io/boxing-gym/
117,FS-006,Crossfit Gym,SEC-014,Human Resources & Staffing,OpCo-014,04. People,Contract Cash Flow (B2B Services),H2: Fast-Follow Feeders,validation,https://github.com/Worldwidebro/fs-006-crossfit-gym,https://worldwidebro.github.io/crossfit-gym/
118,FS-007,Luxury Fitness Club,SEC-014,Human Resources & Staffing,OpCo-014,04. People,Contract Cash Flow (B2B Services),H2: Fast-Follow Feeders,planned,https://github.com/Worldwidebro/fs-007-luxury-fitness-club,https://worldwidebro.github.io/luxury-fitness-club/
119,FS-008,Online Coaching,SEC-014,Human Resources & Staffing,OpCo-014,04. People,Contract Cash Flow (B2B Services),H2: Fast-Follow Feeders,mvp,https://github.com/Worldwidebro/fs-008-online-coaching,https://worldwidebro.github.io/online-coaching/
120,FS-009,Personal Trainer Business,SEC-014,Human Resources & Staffing,OpCo-014,04. People,Contract Cash Flow (B2B Services),H2: Fast-Follow Feeders,mvp,https://github.com/Worldwidebro/fs-009-personal-trainer-business,https://worldwidebro.github.io/personal-trainer-business/
121,FS-010,Transformation Program,SEC-014,Human Resources & Staffing,OpCo-014,04. People,Contract Cash Flow (B2B Services),H2: Fast-Follow Feeders,mvp,https://github.com/Worldwidebro/fs-010-transformation-program,https://worldwidebro.github.io/transformation-program/
122,FS-011,Athlete Training Company,SEC-005,Education & Training,OpCo-005,04. People,D2C & Digital Long Tail (Storefronts & Media),H3: Frozen Frontier / Call Options,validation,https://github.com/Worldwidebro/fs-011-athlete-training-company,https://worldwidebro.github.io/athlete-training-company/
123,FS-012,Supplement Brand,SEC-014,Human Resources & Staffing,OpCo-014,04. People,Contract Cash Flow (B2B Services),H2: Fast-Follow Feeders,mvp,https://github.com/Worldwidebro/fs-012-supplement-brand,https://worldwidebro.github.io/supplement-brand/
124,FS-013,Fitness Apparel,SEC-014,Human Resources & Staffing,OpCo-014,04. People,Contract Cash Flow (B2B Services),H2: Fast-Follow Feeders,mvp,https://github.com/Worldwidebro/fs-013-fitness-apparel,https://worldwidebro.github.io/fitness-apparel/
125,FS-014,Workout Equipment Brand,SEC-014,Human Resources & Staffing,OpCo-014,04. People,Contract Cash Flow (B2B Services),H2: Fast-Follow Feeders,validation,https://github.com/Worldwidebro/fs-014-workout-equipment-brand,https://worldwidebro.github.io/workout-equipment-brand/
126,FS-015,Recovery Products,SEC-014,Human Resources & Staffing,OpCo-014,04. People,Contract Cash Flow (B2B Services),H2: Fast-Follow Feeders,mvp,https://github.com/Worldwidebro/fs-015-recovery-products,https://worldwidebro.github.io/recovery-products/
127,FS-013,Fitness App,SEC-014,Human Resources & Staffing,OpCo-014,04. People,Contract Cash Flow (B2B Services),H2: Fast-Follow Feeders,mvp,https://github.com/Worldwidebro/fs-013-fitness-apparel,https://worldwidebro.github.io/fitness-app/
128,FS-017,Ai Personal Trainer,SEC-032,Artificial Intelligence & ML,OpCo-032,05. Technology,Infrastructure Core (Platforms & AI),H3: Frozen Frontier / Call Options,planned,https://github.com/Worldwidebro/fs-017-ai-personal-trainer,https://worldwidebro.github.io/ai-personal-trainer/
129,FS-018,Gym Management Software,SEC-014,Human Resources & Staffing,OpCo-014,04. People,Contract Cash Flow (B2B Services),H2: Fast-Follow Feeders,planned,https://github.com/Worldwidebro/fs-018-gym-management-software,https://worldwidebro.github.io/gym-management-software/
130,FS-019,Wearable Analytics Platform,SEC-003,Consumer Electronics & Hardware,OpCo-003,05. Technology,D2C & Digital Long Tail (Storefronts & Media),H3: Frozen Frontier / Call Options,planned,https://github.com/Worldwidebro/fs-019-wearable-analytics-platform,https://worldwidebro.github.io/wearable-analytics-platform/
131,FS-020,Yoga Studio,SEC-014,Human Resources & Staffing,OpCo-014,04. People,Contract Cash Flow (B2B Services),H2: Fast-Follow Feeders,validation,https://github.com/Worldwidebro/fs-020-yoga-studio,https://worldwidebro.github.io/yoga-studio/
132,FS-021,Pilates Studio,SEC-014,Human Resources & Staffing,OpCo-014,04. People,Contract Cash Flow (B2B Services),H2: Fast-Follow Feeders,validation,https://github.com/Worldwidebro/fs-021-pilates-studio,https://worldwidebro.github.io/pilates-studio/
133,FS-022,Dance Studio,SEC-014,Human Resources & Staffing,OpCo-014,04. People,Contract Cash Flow (B2B Services),H2: Fast-Follow Feeders,validation,https://github.com/Worldwidebro/fs-022-dance-studio,https://worldwidebro.github.io/dance-studio/
134,FS-023,Martial Arts Dojo,SEC-014,Human Resources & Staffing,OpCo-014,04. People,Contract Cash Flow (B2B Services),H2: Fast-Follow Feeders,validation,https://github.com/Worldwidebro/fs-023-martial-arts-dojo,https://worldwidebro.github.io/martial-arts-dojo/
135,FS-024,Sports Performance Center,SEC-014,Human Resources & Staffing,OpCo-014,04. People,Contract Cash Flow (B2B Services),H2: Fast-Follow Feeders,planned,https://github.com/Worldwidebro/fs-024-sports-performance-center,https://worldwidebro.github.io/sports-performance-center/
136,FS-025,Corporate Wellness Program,SEC-001,Beauty & Wellness,OpCo-001,07. Operations,D2C & Digital Long Tail (Storefronts & Media),H3: Frozen Frontier / Call Options,mvp,https://github.com/Worldwidebro/fs-025-corporate-wellness-program,https://worldwidebro.github.io/corporate-wellness-program/
137,LT-001,Truck Dispatch Company,SEC-001,Beauty & Wellness,OpCo-001,07. Operations,D2C & Digital Long Tail (Storefronts & Media),H3: Frozen Frontier / Call Options,validation,https://github.com/Worldwidebro/lt-001-truck-dispatch-company,https://worldwidebro.github.io/truck-dispatch-company/
138,LT-002,Freight Brokerage,SEC-017,Logistics & Transportation,OpCo-017,07. Operations,Asset-Backed Moat (Physical Ops),H2: Fast-Follow Feeders,validation,https://github.com/Worldwidebro/lt-002-freight-brokerage,https://worldwidebro.github.io/freight-brokerage/
139,LT-003,Logistics Dispatch Service,SEC-001,Beauty & Wellness,OpCo-001,07. Operations,D2C & Digital Long Tail (Storefronts & Media),H3: Frozen Frontier / Call Options,mvp,https://github.com/Worldwidebro/lt-003-logistics-dispatch-service,https://worldwidebro.github.io/logistics-dispatch-service/
140,LT-004,Last Mile Delivery Dispatch,SEC-001,Beauty & Wellness,OpCo-001,07. Operations,D2C & Digital Long Tail (Storefronts & Media),H3: Frozen Frontier / Call Options,mvp,https://github.com/Worldwidebro/lt-004-last-mile-delivery-dispatch,https://worldwidebro.github.io/last-mile-delivery-dispatch/
141,LT-005,Medical Courier Dispatch,SEC-001,Beauty & Wellness,OpCo-001,07. Operations,D2C & Digital Long Tail (Storefronts & Media),H1: Tier-0 Cash Now (<= 48h),validation,https://github.com/Worldwidebro/lt-005-medical-courier-dispatch,https://healthroute-courier.vercel.app
142,LT-006,Amazon,SEC-017,Logistics & Transportation,OpCo-017,07. Operations,Asset-Backed Moat (Physical Ops),H2: Fast-Follow Feeders,planned,https://github.com/Worldwidebro/lt-006-amazon,https://worldwidebro.github.io/amazon/
143,LT-007,Construction Dispatch,SEC-001,Beauty & Wellness,OpCo-001,07. Operations,D2C & Digital Long Tail (Storefronts & Media),H3: Frozen Frontier / Call Options,validation,https://github.com/Worldwidebro/lt-007-construction-dispatch,https://worldwidebro.github.io/construction-dispatch/
144,LT-008,Towing Dispatch,SEC-001,Beauty & Wellness,OpCo-001,07. Operations,D2C & Digital Long Tail (Storefronts & Media),H3: Frozen Frontier / Call Options,mvp,https://github.com/Worldwidebro/lt-008-towing-dispatch,https://worldwidebro.github.io/towing-dispatch/
145,LT-009,Hvac Technician Dispatch,SEC-001,Beauty & Wellness,OpCo-001,07. Operations,D2C & Digital Long Tail (Storefronts & Media),H3: Frozen Frontier / Call Options,mvp,https://github.com/Worldwidebro/lt-009-hvac-technician-dispatch,https://worldwidebro.github.io/hvac-technician-dispatch/
146,LT-010,Field Service Dispatch,SEC-001,Beauty & Wellness,OpCo-001,07. Operations,D2C & Digital Long Tail (Storefronts & Media),H3: Frozen Frontier / Call Options,mvp,https://github.com/Worldwidebro/lt-010-field-service-dispatch,https://worldwidebro.github.io/field-service-dispatch/
147,LT-011,Dispatch Software,SEC-001,Beauty & Wellness,OpCo-001,07. Operations,D2C & Digital Long Tail (Storefronts & Media),H1: Tier-0 Cash Now (<= 48h),planned,https://github.com/Worldwidebro/lt-011-dispatch-software,https://lt-011-dispatch-software.vercel.app
148,LT-012,Fleet Tracking Platform,SEC-017,Logistics & Transportation,OpCo-017,07. Operations,Asset-Backed Moat (Physical Ops),H2: Fast-Follow Feeders,planned,https://github.com/Worldwidebro/lt-012-fleet-tracking-platform,https://worldwidebro.github.io/fleet-tracking-platform/
149,LT-013,Logistics Automation System,SEC-017,Logistics & Transportation,OpCo-017,07. Operations,Asset-Backed Moat (Physical Ops),H2: Fast-Follow Feeders,planned,https://github.com/Worldwidebro/lt-013-logistics-automation-system,https://worldwidebro.github.io/logistics-automation-system/
150,LT-014,Ai Route Optimization,SEC-032,Artificial Intelligence & ML,OpCo-032,05. Technology,Infrastructure Core (Platforms & AI),H3: Frozen Frontier / Call Options,planned,https://github.com/Worldwidebro/lt-014-ai-route-optimization,https://worldwidebro.github.io/ai-route-optimization/
151,LT-015,Driver Management Platform,SEC-017,Logistics & Transportation,OpCo-017,07. Operations,Asset-Backed Moat (Physical Ops),H2: Fast-Follow Feeders,planned,https://github.com/Worldwidebro/lt-015-driver-management-platform,https://worldwidebro.github.io/driver-management-platform/
152,LT-016,Trucking Company,SEC-017,Logistics & Transportation,OpCo-017,07. Operations,Asset-Backed Moat (Physical Ops),H2: Fast-Follow Feeders,validation,https://github.com/Worldwidebro/lt-016-trucking-company,https://worldwidebro.github.io/trucking-company/
153,LT-017,Courier Service,SEC-017,Logistics & Transportation,OpCo-017,07. Operations,Asset-Backed Moat (Physical Ops),H2: Fast-Follow Feeders,mvp,https://github.com/Worldwidebro/lt-017-courier-service,https://worldwidebro.github.io/courier-service/
154,LT-018,Local Delivery Company,SEC-017,Logistics & Transportation,OpCo-017,07. Operations,Asset-Backed Moat (Physical Ops),H2: Fast-Follow Feeders,mvp,https://github.com/Worldwidebro/lt-018-local-delivery-company,https://worldwidebro.github.io/local-delivery-company/
155,LT-019,Moving Company,SEC-017,Logistics & Transportation,OpCo-017,07. Operations,Asset-Backed Moat (Physical Ops),H2: Fast-Follow Feeders,validation,https://github.com/Worldwidebro/lt-019-moving-company,https://worldwidebro.github.io/moving-company/
156,LT-020,Freight Company,SEC-017,Logistics & Transportation,OpCo-017,07. Operations,Asset-Backed Moat (Physical Ops),H2: Fast-Follow Feeders,validation,https://github.com/Worldwidebro/lt-020-freight-company,https://worldwidebro.github.io/freight-company/
157,LT-021,Warehouse Company,SEC-017,Logistics & Transportation,OpCo-017,07. Operations,Asset-Backed Moat (Physical Ops),H2: Fast-Follow Feeders,planned,https://github.com/Worldwidebro/lt-021-warehouse-company,https://worldwidebro.github.io/warehouse-company/
158,LT-022,Fulfillment Center,SEC-032,Artificial Intelligence & ML,OpCo-032,05. Technology,Infrastructure Core (Platforms & AI),H3: Frozen Frontier / Call Options,mvp,https://github.com/Worldwidebro/lt-022-fulfillment-center,https://worldwidebro.github.io/fulfillment-center/
159,LT-023,Storage Business,SEC-017,Logistics & Transportation,OpCo-017,07. Operations,Asset-Backed Moat (Physical Ops),H2: Fast-Follow Feeders,validation,https://github.com/Worldwidebro/lt-023-storage-business,https://worldwidebro.github.io/storage-business/
160,LT-024,Distribution Company,SEC-017,Logistics & Transportation,OpCo-017,07. Operations,Asset-Backed Moat (Physical Ops),H2: Fast-Follow Feeders,validation,https://github.com/Worldwidebro/lt-024-distribution-company,https://worldwidebro.github.io/distribution-company/
161,LT-025,Logistics Marketplace,SEC-017,Logistics & Transportation,OpCo-017,07. Operations,Asset-Backed Moat (Physical Ops),H2: Fast-Follow Feeders,planned,https://github.com/Worldwidebro/lt-025-logistics-marketplace,https://worldwidebro.github.io/logistics-marketplace/
162,LT-026,Shipping Platform,SEC-017,Logistics & Transportation,OpCo-017,07. Operations,Asset-Backed Moat (Physical Ops),H2: Fast-Follow Feeders,planned,https://github.com/Worldwidebro/lt-026-shipping-platform,https://worldwidebro.github.io/shipping-platform/
163,LT-027,Fleet Management Saas,SEC-017,Logistics & Transportation,OpCo-017,07. Operations,Asset-Backed Moat (Physical Ops),H2: Fast-Follow Feeders,planned,https://github.com/Worldwidebro/lt-027-fleet-management-saas,https://worldwidebro.github.io/fleet-management-saas/
164,LT-028,Freight Ai Optimization,SEC-032,Artificial Intelligence & ML,OpCo-032,05. Technology,Infrastructure Core (Platforms & AI),H3: Frozen Frontier / Call Options,planned,https://github.com/Worldwidebro/lt-028-freight-ai-optimization,https://worldwidebro.github.io/freight-ai-optimization/
165,LT-029,Supply Chain Analytics,SEC-017,Logistics & Transportation,OpCo-017,07. Operations,Asset-Backed Moat (Physical Ops),H2: Fast-Follow Feeders,planned,https://github.com/Worldwidebro/lt-029-supply-chain-analytics,https://worldwidebro.github.io/supply-chain-analytics/
166,LT-030,Cold Chain Logistics,SEC-017,Logistics & Transportation,OpCo-017,07. Operations,Asset-Backed Moat (Physical Ops),H2: Fast-Follow Feeders,validation,https://github.com/Worldwidebro/lt-030-cold-chain-logistics,https://worldwidebro.github.io/cold-chain-logistics/
167,PS-001,Business Consulting,SEC-023,Professional Services,OpCo-023,01. Governance,Contract Cash Flow (B2B Services),H3: Frozen Frontier / Call Options,mvp,https://github.com/Worldwidebro/ps-001-business-consulting,https://worldwidebro.github.io/business-consulting/
168,PS-002,Legal Services,SEC-016,Legal & Compliance,OpCo-016,03. Legal & Risk,Contract Cash Flow (B2B Services),H3: Frozen Frontier / Call Options,validation,https://github.com/Worldwidebro/ps-002-legal-services,https://worldwidebro.github.io/legal-services/
169,PS-003,Accounting Services,SEC-023,Professional Services,OpCo-023,01. Governance,Contract Cash Flow (B2B Services),H3: Frozen Frontier / Call Options,mvp,https://github.com/Worldwidebro/ps-003-accounting-services,https://worldwidebro.github.io/accounting-services/
170,PS-004,Hr Consulting,SEC-014,Human Resources & Staffing,OpCo-014,04. People,Contract Cash Flow (B2B Services),H2: Fast-Follow Feeders,validation,https://github.com/Worldwidebro/ps-004-hr-consulting,https://worldwidebro.github.io/hr-consulting/
171,PS-005,Marketing Agency,SEC-019,Marketing & Advertising,OpCo-019,09. Marketing,D2C & Digital Long Tail (Storefronts & Media),H3: Frozen Frontier / Call Options,mvp,https://github.com/Worldwidebro/ps-005-marketing-agency,https://worldwidebro.github.io/marketing-agency/
172,PS-006,Web Design Agency,SEC-024,Technology & Software,OpCo-024,05. Technology,Infrastructure Core (Platforms & AI),H3: Frozen Frontier / Call Options,mvp,https://github.com/Worldwidebro/ps-006-web-design-agency,https://worldwidebro.github.io/web-design-agency/
173,PS-007,It Support Services,SEC-024,Technology & Software,OpCo-024,05. Technology,Infrastructure Core (Platforms & AI),H3: Frozen Frontier / Call Options,mvp,https://github.com/Worldwidebro/ps-007-it-support-services,https://worldwidebro.github.io/it-support-services/
174,PS-008,Virtual Assistant Service,SEC-023,Professional Services,OpCo-023,01. Governance,Contract Cash Flow (B2B Services),H3: Frozen Frontier / Call Options,mvp,https://github.com/Worldwidebro/ps-008-virtual-assistant-service,https://worldwidebro.github.io/virtual-assistant-service/
175,PS-009,Bookkeeping Service,SEC-008,Financial Services,OpCo-008,02. Finance & Capital,Contract Cash Flow (B2B Services),H2: Fast-Follow Feeders,mvp,https://github.com/Worldwidebro/ps-009-bookkeeping-service,https://worldwidebro.github.io/bookkeeping-service/
176,FIN-033,Tax Preparation Service,SEC-032,Artificial Intelligence & ML,OpCo-032,05. Technology,Infrastructure Core (Platforms & AI),H3: Frozen Frontier / Call Options,mvp,https://github.com/Worldwidebro/fin-033-ai-tax-preparation-service,https://worldwidebro.github.io/tax-preparation-service/
177,PS-011,Real Estate Agency,SEC-020,Real Estate & Property,OpCo-020,10. Assets & Investments,Asset-Backed Moat (Physical Ops),H3: Frozen Frontier / Call Options,validation,https://github.com/Worldwidebro/ps-011-real-estate-agency,https://worldwidebro.github.io/real-estate-agency/
178,PS-012,Insurance Agency,SEC-015,Insurance,OpCo-015,03. Legal & Risk,Contract Cash Flow (B2B Services),H3: Frozen Frontier / Call Options,validation,https://github.com/Worldwidebro/ps-012-insurance-agency,https://worldwidebro.github.io/insurance-agency/
179,V-0179,Financial Planning,SEC-008,Financial Services,OpCo-008,02. Finance & Capital,Contract Cash Flow (B2B Services),H2: Fast-Follow Feeders,mvp,,NONE / DRAFTED
180,OPS-003,Event Planning,SEC-032,Artificial Intelligence & ML,OpCo-032,05. Technology,Infrastructure Core (Platforms & AI),H3: Frozen Frontier / Call Options,validation,https://github.com/Worldwidebro/ops-003-event-planning-ai,https://worldwidebro.github.io/event-planning/
181,V-0181,Interior Design,SEC-023,Professional Services,OpCo-023,01. Governance,Contract Cash Flow (B2B Services),H3: Frozen Frontier / Call Options,validation,https://github.com/zquestz/s,https://worldwidebro.github.io/interior-design/
182,FH-033,Photography Service,SEC-024,Technology & Software,OpCo-024,05. Technology,Infrastructure Core (Platforms & AI),H3: Frozen Frontier / Call Options,mvp,https://github.com/Worldwidebro/fh-033-food-photography-service,https://worldwidebro.github.io/photography-service/
183,PS-017,Videography Service,SEC-004,Content & Media,OpCo-004,09. Marketing,D2C & Digital Long Tail (Storefronts & Media),H3: Frozen Frontier / Call Options,mvp,https://github.com/Worldwidebro/ps-017-videography-service,https://worldwidebro.github.io/videography-service/
184,PS-018,Translation Services,SEC-023,Professional Services,OpCo-023,01. Governance,Contract Cash Flow (B2B Services),H3: Frozen Frontier / Call Options,validation,https://github.com/Worldwidebro/ps-018-translation-services,https://worldwidebro.github.io/translation-services/
185,PS-019,Copywriting Service,SEC-019,Marketing & Advertising,OpCo-019,09. Marketing,D2C & Digital Long Tail (Storefronts & Media),H3: Frozen Frontier / Call Options,mvp,https://github.com/Worldwidebro/ps-019-copywriting-service,https://worldwidebro.github.io/copywriting-service/
186,PS-020,Social Media Management,SEC-004,Content & Media,OpCo-004,09. Marketing,D2C & Digital Long Tail (Storefronts & Media),H3: Frozen Frontier / Call Options,mvp,https://github.com/Worldwidebro/ps-020-social-media-management,https://worldwidebro.github.io/social-media-management/
187,PS-021,Seo Agency,SEC-019,Marketing & Advertising,OpCo-019,09. Marketing,D2C & Digital Long Tail (Storefronts & Media),H3: Frozen Frontier / Call Options,mvp,https://github.com/Worldwidebro/ps-021-seo-agency,https://worldwidebro.github.io/seo-agency/
188,PS-022,Ppc Management,SEC-019,Marketing & Advertising,OpCo-019,09. Marketing,D2C & Digital Long Tail (Storefronts & Media),H3: Frozen Frontier / Call Options,mvp,https://github.com/Worldwidebro/ps-022-ppc-management,https://worldwidebro.github.io/ppc-management/
189,PS-023,Pr Agency,SEC-019,Marketing & Advertising,OpCo-019,09. Marketing,D2C & Digital Long Tail (Storefronts & Media),H3: Frozen Frontier / Call Options,validation,https://github.com/Worldwidebro/ps-023-pr-agency,https://worldwidebro.github.io/pr-agency/
190,PS-024,Recruiting Agency,SEC-014,Human Resources & Staffing,OpCo-014,04. People,Contract Cash Flow (B2B Services),H2: Fast-Follow Feeders,validation,https://github.com/Worldwidebro/ps-024-recruiting-agency,https://worldwidebro.github.io/recruiting-agency/
191,PS-025,Business Brokerage,SEC-023,Professional Services,OpCo-023,01. Governance,Contract Cash Flow (B2B Services),H3: Frozen Frontier / Call Options,planned,https://github.com/Worldwidebro/ps-025-business-brokerage,https://worldwidebro.github.io/business-brokerage/
192,MC-001,Youtube Channel Network,SEC-004,Content & Media,OpCo-004,09. Marketing,D2C & Digital Long Tail (Storefronts & Media),H3: Frozen Frontier / Call Options,mvp,https://github.com/Worldwidebro/mc-001-youtube-channel-network,https://worldwidebro.github.io/youtube-channel-network/
193,MC-002,Podcast Network,SEC-004,Content & Media,OpCo-004,09. Marketing,D2C & Digital Long Tail (Storefronts & Media),H3: Frozen Frontier / Call Options,mvp,https://github.com/Worldwidebro/mc-002-podcast-network,https://worldwidebro.github.io/podcast-network/
194,MC-003,Blog Network,SEC-004,Content & Media,OpCo-004,09. Marketing,D2C & Digital Long Tail (Storefronts & Media),H3: Frozen Frontier / Call Options,mvp,https://github.com/Worldwidebro/mc-003-blog-network,https://worldwidebro.github.io/blog-network/
195,MC-004,Influencer Agency,SEC-004,Content & Media,OpCo-004,09. Marketing,D2C & Digital Long Tail (Storefronts & Media),H3: Frozen Frontier / Call Options,validation,https://github.com/Worldwidebro/mc-004-influencer-agency,https://worldwidebro.github.io/influencer-agency/
196,MC-005,Content Creation Studio,SEC-004,Content & Media,OpCo-004,09. Marketing,D2C & Digital Long Tail (Storefronts & Media),H3: Frozen Frontier / Call Options,mvp,https://github.com/Worldwidebro/mc-005-content-creation-studio,https://worldwidebro.github.io/content-creation-studio/
197,MC-006,Video Production Company,SEC-004,Content & Media,OpCo-004,09. Marketing,D2C & Digital Long Tail (Storefronts & Media),H3: Frozen Frontier / Call Options,validation,https://github.com/Worldwidebro/mc-006-video-production-company,https://worldwidebro.github.io/video-production-company/
198,MC-007,Animation Studio,SEC-004,Content & Media,OpCo-004,09. Marketing,D2C & Digital Long Tail (Storefronts & Media),H3: Frozen Frontier / Call Options,planned,https://github.com/Worldwidebro/mc-007-animation-studio,https://worldwidebro.github.io/animation-studio/
199,MC-008,Music Production,SEC-004,Content & Media,OpCo-004,09. Marketing,D2C & Digital Long Tail (Storefronts & Media),H3: Frozen Frontier / Call Options,validation,https://github.com/Worldwidebro/mc-008-music-production,https://worldwidebro.github.io/music-production/
200,MC-009,Stock Photography,SEC-004,Content & Media,OpCo-004,09. Marketing,D2C & Digital Long Tail (Storefronts & Media),H3: Frozen Frontier / Call Options,mvp,https://github.com/Worldwidebro/mc-009-stock-photography,https://worldwidebro.github.io/stock-photography/
201,MC-010,Stock Video,SEC-004,Content & Media,OpCo-004,09. Marketing,D2C & Digital Long Tail (Storefronts & Media),H3: Frozen Frontier / Call Options,mvp,https://github.com/Worldwidebro/mc-010-stock-video,https://worldwidebro.github.io/stock-video/
202,MC-011,Online Magazine,SEC-004,Content & Media,OpCo-004,09. Marketing,D2C & Digital Long Tail (Storefronts & Media),H3: Frozen Frontier / Call Options,mvp,https://github.com/Worldwidebro/mc-011-online-magazine,https://worldwidebro.github.io/online-magazine/
203,MC-012,News Website,SEC-004,Content & Media,OpCo-004,09. Marketing,D2C & Digital Long Tail (Storefronts & Media),H3: Frozen Frontier / Call Options,validation,https://github.com/Worldwidebro/mc-012-news-website,https://worldwidebro.github.io/news-website/
204,MC-013,Streaming Platform,SEC-004,Content & Media,OpCo-004,09. Marketing,D2C & Digital Long Tail (Storefronts & Media),H3: Frozen Frontier / Call Options,planned,https://github.com/Worldwidebro/mc-013-streaming-platform,https://worldwidebro.github.io/streaming-platform/
205,MC-014,Gaming Channel,SEC-004,Content & Media,OpCo-004,09. Marketing,D2C & Digital Long Tail (Storefronts & Media),H3: Frozen Frontier / Call Options,mvp,https://github.com/Worldwidebro/mc-014-gaming-channel,https://worldwidebro.github.io/gaming-channel/
206,MC-015,Esports Team,SEC-004,Content & Media,OpCo-004,09. Marketing,D2C & Digital Long Tail (Storefronts & Media),H3: Frozen Frontier / Call Options,planned,https://github.com/Worldwidebro/mc-015-esports-team,https://worldwidebro.github.io/esports-team/
207,MC-016,Virtual Events Platform,SEC-004,Content & Media,OpCo-004,09. Marketing,D2C & Digital Long Tail (Storefronts & Media),H3: Frozen Frontier / Call Options,planned,https://github.com/Worldwidebro/mc-016-virtual-events-platform,https://worldwidebro.github.io/virtual-events-platform/
208,MC-017,Online Course Platform,SEC-004,Content & Media,OpCo-004,09. Marketing,D2C & Digital Long Tail (Storefronts & Media),H3: Frozen Frontier / Call Options,mvp,https://github.com/Worldwidebro/mc-017-online-course-platform,https://worldwidebro.github.io/online-course-platform/
209,MC-018,Membership Site,SEC-004,Content & Media,OpCo-004,09. Marketing,D2C & Digital Long Tail (Storefronts & Media),H3: Frozen Frontier / Call Options,mvp,https://github.com/Worldwidebro/mc-018-membership-site,https://worldwidebro.github.io/membership-site/
210,MC-019,Digital Download Store,SEC-004,Content & Media,OpCo-004,09. Marketing,D2C & Digital Long Tail (Storefronts & Media),H3: Frozen Frontier / Call Options,mvp,https://github.com/Worldwidebro/mc-019-digital-download-store,https://worldwidebro.github.io/digital-download-store/
211,MC-020,Nft Marketplace,SEC-004,Content & Media,OpCo-004,09. Marketing,D2C & Digital Long Tail (Storefronts & Media),H3: Frozen Frontier / Call Options,planned,https://github.com/Worldwidebro/mc-020-nft-marketplace,https://worldwidebro.github.io/nft-marketplace/
212,ET-001,Online Tutoring Platform,SEC-005,Education & Training,OpCo-005,04. People,D2C & Digital Long Tail (Storefronts & Media),H3: Frozen Frontier / Call Options,mvp,https://github.com/Worldwidebro/et-001-online-tutoring-platform,https://worldwidebro.github.io/online-tutoring-platform/
213,ET-002,Language Learning App,SEC-005,Education & Training,OpCo-005,04. People,D2C & Digital Long Tail (Storefronts & Media),H3: Frozen Frontier / Call Options,mvp,https://github.com/Worldwidebro/et-002-language-learning-app,https://worldwidebro.github.io/language-learning-app/
214,ET-003,Test Prep Service,SEC-005,Education & Training,OpCo-005,04. People,D2C & Digital Long Tail (Storefronts & Media),H3: Frozen Frontier / Call Options,validation,https://github.com/Worldwidebro/et-003-test-prep-service,https://worldwidebro.github.io/test-prep-service/
215,EDU-005,Coding Bootcamp,SEC-005,Education & Training,OpCo-005,04. People,D2C & Digital Long Tail (Storefronts & Media),H3: Frozen Frontier / Call Options,validation,https://github.com/Worldwidebro/edu-005-coding-bootcamp,https://worldwidebro.github.io/coding-bootcamp/
216,ET-005,Professional Certification,SEC-005,Education & Training,OpCo-005,04. People,D2C & Digital Long Tail (Storefronts & Media),H3: Frozen Frontier / Call Options,validation,https://github.com/Worldwidebro/et-005-professional-certification,https://worldwidebro.github.io/professional-certification/
217,EDU-026,Corporate Training,SEC-032,Artificial Intelligence & ML,OpCo-032,05. Technology,Infrastructure Core (Platforms & AI),H3: Frozen Frontier / Call Options,validation,https://github.com/Worldwidebro/edu-026-corporate-training-ai,https://worldwidebro.github.io/corporate-training/
218,ET-007,Skills Assessment Platform,SEC-005,Education & Training,OpCo-005,04. People,D2C & Digital Long Tail (Storefronts & Media),H3: Frozen Frontier / Call Options,planned,https://github.com/Worldwidebro/et-007-skills-assessment-platform,https://worldwidebro.github.io/skills-assessment-platform/
219,ET-008,Career Coaching,SEC-005,Education & Training,OpCo-005,04. People,D2C & Digital Long Tail (Storefronts & Media),H3: Frozen Frontier / Call Options,mvp,https://github.com/Worldwidebro/et-008-career-coaching,https://worldwidebro.github.io/career-coaching/
220,ET-009,Resume Writing Service,SEC-005,Education & Training,OpCo-005,04. People,D2C & Digital Long Tail (Storefronts & Media),H3: Frozen Frontier / Call Options,mvp,https://github.com/Worldwidebro/et-009-resume-writing-service,https://worldwidebro.github.io/resume-writing-service/
221,ET-010,Interview Prep Platform,SEC-005,Education & Training,OpCo-005,04. People,D2C & Digital Long Tail (Storefronts & Media),H3: Frozen Frontier / Call Options,mvp,https://github.com/Worldwidebro/et-010-interview-prep-platform,https://worldwidebro.github.io/interview-prep-platform/
222,ET-011,Mentorship Platform,SEC-005,Education & Training,OpCo-005,04. People,D2C & Digital Long Tail (Storefronts & Media),H3: Frozen Frontier / Call Options,planned,https://github.com/Worldwidebro/et-011-mentorship-platform,https://worldwidebro.github.io/mentorship-platform/
223,ET-012,Educational Content Library,SEC-004,Content & Media,OpCo-004,09. Marketing,D2C & Digital Long Tail (Storefronts & Media),H3: Frozen Frontier / Call Options,mvp,https://github.com/Worldwidebro/et-012-educational-content-library,https://worldwidebro.github.io/educational-content-library/
224,ET-013,Vr Training Simulations,SEC-005,Education & Training,OpCo-005,04. People,D2C & Digital Long Tail (Storefronts & Media),H3: Frozen Frontier / Call Options,planned,https://github.com/Worldwidebro/et-013-vr-training-simulations,https://worldwidebro.github.io/vr-training-simulations/
225,ET-014,Gamified Learning App,SEC-005,Education & Training,OpCo-005,04. People,D2C & Digital Long Tail (Storefronts & Media),H3: Frozen Frontier / Call Options,planned,https://github.com/Worldwidebro/et-014-gamified-learning-app,https://worldwidebro.github.io/gamified-learning-app/
226,ET-015,Homeschool Curriculum,SEC-005,Education & Training,OpCo-005,04. People,D2C & Digital Long Tail (Storefronts & Media),H3: Frozen Frontier / Call Options,validation,https://github.com/Worldwidebro/et-015-homeschool-curriculum,https://worldwidebro.github.io/homeschool-curriculum/
227,V-0227,Saas Platform,SEC-028,B2B Enterprise Software,OpCo-028,05. Technology,Infrastructure Core (Platforms & AI),H3: Frozen Frontier / Call Options,mvp,https://github.com/async-labs/saas,https://worldwidebro.github.io/saas-platform/
228,V-0228,Mobile App Development,SEC-024,Technology & Software,OpCo-024,05. Technology,Infrastructure Core (Platforms & AI),H3: Frozen Frontier / Call Options,mvp,,NONE / DRAFTED
229,V-0229,Web Development Agency,SEC-024,Technology & Software,OpCo-024,05. Technology,Infrastructure Core (Platforms & AI),H3: Frozen Frontier / Call Options,mvp,,NONE / DRAFTED
230,V-0230,Custom Software Development,SEC-024,Technology & Software,OpCo-024,05. Technology,Infrastructure Core (Platforms & AI),H3: Frozen Frontier / Call Options,validation,https://github.com/zquestz/s,https://worldwidebro.github.io/custom-software-development/
231,V-0231,Api Development,SEC-024,Technology & Software,OpCo-024,05. Technology,Infrastructure Core (Platforms & AI),H3: Frozen Frontier / Call Options,mvp,https://github.com/earendil-works/pi,https://worldwidebro.github.io/api-development/
232,V-0232,Cloud Infrastructure,SEC-024,Technology & Software,OpCo-024,05. Technology,Infrastructure Core (Platforms & AI),H3: Frozen Frontier / Call Options,planned,https://github.com/zquestz/s,https://worldwidebro.github.io/cloud-infrastructure/
233,V-0233,Devops Consulting,SEC-023,Professional Services,OpCo-023,01. Governance,Contract Cash Flow (B2B Services),H3: Frozen Frontier / Call Options,validation,https://github.com/zquestz/s,https://worldwidebro.github.io/devops-consulting/
234,V-0234,Cybersecurity Service,SEC-033,Cybersecurity & Privacy,OpCo-033,05. Technology,Infrastructure Core (Platforms & AI),H3: Frozen Frontier / Call Options,validation,https://github.com/zquestz/s,https://worldwidebro.github.io/cybersecurity-service/
235,V-0235,Data Analytics Platform,SEC-029,Marketplace & Platform,OpCo-029,08. Revenue,D2C & Digital Long Tail (Storefronts & Media),H3: Frozen Frontier / Call Options,planned,https://github.com/zquestz/s,https://worldwidebro.github.io/data-analytics-platform/
236,V-0236,Business Intelligence Tool,SEC-024,Technology & Software,OpCo-024,05. Technology,Infrastructure Core (Platforms & AI),H3: Frozen Frontier / Call Options,planned,https://github.com/zquestz/s,https://worldwidebro.github.io/business-intelligence-tool/
237,V-0237,Crm Platform,SEC-028,B2B Enterprise Software,OpCo-028,05. Technology,Infrastructure Core (Platforms & AI),H3: Frozen Frontier / Call Options,planned,https://github.com/trycompai/crm,https://worldwidebro.github.io/crm-platform/
238,V-0238,Project Management Tool,SEC-019,Marketing & Advertising,OpCo-019,09. Marketing,D2C & Digital Long Tail (Storefronts & Media),H3: Frozen Frontier / Call Options,planned,,NONE / DRAFTED
239,V-0239,Communication Platform,SEC-029,Marketplace & Platform,OpCo-029,08. Revenue,D2C & Digital Long Tail (Storefronts & Media),H3: Frozen Frontier / Call Options,planned,https://github.com/hcengineering/platform,https://worldwidebro.github.io/communication-platform/
240,V-0240,Collaboration Software,SEC-012,Healthcare & Biotechnology,OpCo-012,07. Operations,D2C & Digital Long Tail (Storefronts & Media),H3: Frozen Frontier / Call Options,planned,https://github.com/zquestz/s,https://worldwidebro.github.io/collaboration-software/
241,V-0241,Automation Platform,SEC-029,Marketplace & Platform,OpCo-029,08. Revenue,D2C & Digital Long Tail (Storefronts & Media),H3: Frozen Frontier / Call Options,planned,https://github.com/hcengineering/platform,https://worldwidebro.github.io/automation-platform/
242,FIN-033,Ai,SEC-032,Artificial Intelligence & ML,OpCo-032,05. Technology,Infrastructure Core (Platforms & AI),H3: Frozen Frontier / Call Options,planned,https://github.com/Worldwidebro/fin-033-ai-tax-preparation-service,https://worldwidebro.github.io/ai/
243,V-0243,Chatbot Builder,SEC-002,Construction & Infrastructure,OpCo-002,10. Assets & Investments,Asset-Backed Moat (Physical Ops),H2: Fast-Follow Feeders,mvp,,NONE / DRAFTED
244,EC-044,E Commerce Platform,SEC-021,Retail & E-commerce,OpCo-021,08. Revenue,D2C & Digital Long Tail (Storefronts & Media),H3: Frozen Frontier / Call Options,planned,https://github.com/Worldwidebro/ec-044-live-commerce-platform,https://worldwidebro.github.io/e-commerce-platform/
245,V-0245,Payment Processing,SEC-008,Financial Services,OpCo-008,02. Finance & Capital,Contract Cash Flow (B2B Services),H2: Fast-Follow Feeders,validation,https://github.com/zquestz/s,https://worldwidebro.github.io/payment-processing/
246,V-0246,Blockchain Platform,SEC-034,Decentralized & Web3,OpCo-034,02. Finance & Capital,D2C & Digital Long Tail (Storefronts & Media),H3: Frozen Frontier / Call Options,planned,https://github.com/hcengineering/platform,https://worldwidebro.github.io/blockchain-platform/
247,V-0247,Iot Platform,SEC-003,Consumer Electronics & Hardware,OpCo-003,05. Technology,D2C & Digital Long Tail (Storefronts & Media),H3: Frozen Frontier / Call Options,planned,https://github.com/hcengineering/platform,https://worldwidebro.github.io/iot-platform/
248,V-0248,Ar,SEC-024,Technology & Software,OpCo-024,05. Technology,Infrastructure Core (Platforms & AI),H3: Frozen Frontier / Call Options,planned,https://github.com/santifer/career-ops,https://worldwidebro.github.io/ar/
249,V-0249,Game Development,SEC-011,Gaming & Entertainment,OpCo-011,06. Product & Innovation,D2C & Digital Long Tail (Storefronts & Media),H3: Frozen Frontier / Call Options,validation,,NONE / DRAFTED
250,V-0250,Marketing Automation,SEC-019,Marketing & Advertising,OpCo-019,09. Marketing,D2C & Digital Long Tail (Storefronts & Media),H3: Frozen Frontier / Call Options,mvp,https://github.com/Worldwidebro/iza-os-marketing-automation-analytics-bot,https://worldwidebro.github.io/marketing-automation/
251,V-0251,Sales Automation,SEC-025,Automotive & Mobility,OpCo-025,07. Operations,D2C & Digital Long Tail (Storefronts & Media),H3: Frozen Frontier / Call Options,mvp,https://github.com/Worldwidebro/iza-os-sales-automation-monitoring-bot,https://worldwidebro.github.io/sales-automation/
252,V-0252,Hr Tech Platform,SEC-014,Human Resources & Staffing,OpCo-014,04. People,Contract Cash Flow (B2B Services),H2: Fast-Follow Feeders,planned,https://github.com/hcengineering/platform,https://worldwidebro.github.io/hr-tech-platform/
253,V-0253,Legal Tech Platform,SEC-016,Legal & Compliance,OpCo-016,03. Legal & Risk,Contract Cash Flow (B2B Services),H3: Frozen Frontier / Call Options,planned,https://github.com/hcengineering/platform,https://worldwidebro.github.io/legal-tech-platform/
254,V-0254,Health Tech Platform,SEC-012,Healthcare & Biotechnology,OpCo-012,07. Operations,D2C & Digital Long Tail (Storefronts & Media),H3: Frozen Frontier / Call Options,planned,https://github.com/hcengineering/platform,https://worldwidebro.github.io/health-tech-platform/
255,V-0255,Edtech Platform,SEC-029,Marketplace & Platform,OpCo-029,08. Revenue,D2C & Digital Long Tail (Storefronts & Media),H3: Frozen Frontier / Call Options,planned,https://github.com/hcengineering/platform,https://worldwidebro.github.io/edtech-platform/
256,V-0256,Proptech Platform,SEC-019,Marketing & Advertising,OpCo-019,09. Marketing,D2C & Digital Long Tail (Storefronts & Media),H3: Frozen Frontier / Call Options,planned,https://github.com/hcengineering/platform,https://worldwidebro.github.io/proptech-platform/
257,EC-001,Angels In Daylight,SEC-029,Marketplace & Platform,OpCo-029,08. Revenue,D2C & Digital Long Tail (Storefronts & Media),H3: Frozen Frontier / Call Options,planned,https://github.com/Worldwidebro/ec-001-angels-in-daylight,https://worldwidebro.github.io/angels-in-daylight/
258,EC-002,New World Apparel,SEC-021,Retail & E-commerce,OpCo-021,08. Revenue,D2C & Digital Long Tail (Storefronts & Media),H3: Frozen Frontier / Call Options,planned,https://github.com/Worldwidebro/ec-002-new-world-apparel,https://worldwidebro.github.io/new-world-apparel/
259,EC-003,Shopify Autopilot,SEC-021,Retail & E-commerce,OpCo-021,08. Revenue,D2C & Digital Long Tail (Storefronts & Media),H3: Frozen Frontier / Call Options,planned,https://github.com/Worldwidebro/ec-003-shopify-autopilot,https://worldwidebro.github.io/shopify-autopilot/
260,EC-004,Shoe Customizer,SEC-029,Marketplace & Platform,OpCo-029,08. Revenue,D2C & Digital Long Tail (Storefronts & Media),H3: Frozen Frontier / Call Options,planned,https://github.com/Worldwidebro/ec-004-shoe-customizer,https://worldwidebro.github.io/shoe-customizer/
261,EC-005,Sunglasses Ai,SEC-032,Artificial Intelligence & ML,OpCo-032,05. Technology,Infrastructure Core (Platforms & AI),H3: Frozen Frontier / Call Options,planned,https://github.com/Worldwidebro/ec-005-sunglasses-ai,https://worldwidebro.github.io/sunglasses-ai/
262,EC-006,Dropship Hub,SEC-029,Marketplace & Platform,OpCo-029,08. Revenue,D2C & Digital Long Tail (Storefronts & Media),H3: Frozen Frontier / Call Options,planned,https://github.com/Worldwidebro/ec-006-dropship-hub,https://worldwidebro.github.io/dropship-hub/
263,EC-007,Personal Shopper Ai,SEC-032,Artificial Intelligence & ML,OpCo-032,05. Technology,Infrastructure Core (Platforms & AI),H3: Frozen Frontier / Call Options,planned,https://github.com/Worldwidebro/ec-007-personal-shopper-ai,https://worldwidebro.github.io/personal-shopper-ai/
264,EC-008,Custom Sneaker Ai,SEC-032,Artificial Intelligence & ML,OpCo-032,05. Technology,Infrastructure Core (Platforms & AI),H3: Frozen Frontier / Call Options,planned,https://github.com/Worldwidebro/ec-008-custom-sneaker-ai,https://worldwidebro.github.io/custom-sneaker-ai/
265,EC-009,Sustainable Fashion Ai,SEC-032,Artificial Intelligence & ML,OpCo-032,05. Technology,Infrastructure Core (Platforms & AI),H3: Frozen Frontier / Call Options,planned,https://github.com/Worldwidebro/ec-009-sustainable-fashion-ai,https://worldwidebro.github.io/sustainable-fashion-ai/
266,EC-010,Jewelry Designer Ai,SEC-032,Artificial Intelligence & ML,OpCo-032,05. Technology,Infrastructure Core (Platforms & AI),H3: Frozen Frontier / Call Options,planned,https://github.com/Worldwidebro/ec-010-jewelry-designer-ai,https://worldwidebro.github.io/jewelry-designer-ai/
267,EC-011,Virtual Try On Ai,SEC-032,Artificial Intelligence & ML,OpCo-032,05. Technology,Infrastructure Core (Platforms & AI),H3: Frozen Frontier / Call Options,planned,https://github.com/Worldwidebro/ec-011-virtual-try-on-ai,https://worldwidebro.github.io/virtual-try-on-ai/
268,EC-012,Fashion Designer Ai,SEC-032,Artificial Intelligence & ML,OpCo-032,05. Technology,Infrastructure Core (Platforms & AI),H3: Frozen Frontier / Call Options,planned,https://github.com/Worldwidebro/ec-012-fashion-designer-ai,https://worldwidebro.github.io/fashion-designer-ai/
269,EC-013,Merch Licensing,SEC-021,Retail & E-commerce,OpCo-021,08. Revenue,D2C & Digital Long Tail (Storefronts & Media),H3: Frozen Frontier / Call Options,planned,https://github.com/Worldwidebro/ec-013-merch-licensing,https://worldwidebro.github.io/merch-licensing/
270,EC-014,Subscription Box Ai,SEC-032,Artificial Intelligence & ML,OpCo-032,05. Technology,Infrastructure Core (Platforms & AI),H3: Frozen Frontier / Call Options,planned,https://github.com/Worldwidebro/ec-014-subscription-box-ai,https://worldwidebro.github.io/subscription-box-ai/
271,EC-015,Surf Gear Ai,SEC-032,Artificial Intelligence & ML,OpCo-032,05. Technology,Infrastructure Core (Platforms & AI),H3: Frozen Frontier / Call Options,planned,https://github.com/Worldwidebro/ec-015-surf-gear-ai,https://worldwidebro.github.io/surf-gear-ai/
272,EC-016,Ski Gear Ai,SEC-032,Artificial Intelligence & ML,OpCo-032,05. Technology,Infrastructure Core (Platforms & AI),H3: Frozen Frontier / Call Options,planned,https://github.com/Worldwidebro/ec-016-ski-gear-ai,https://worldwidebro.github.io/ski-gear-ai/
273,EC-017,Golf Gear Ai,SEC-032,Artificial Intelligence & ML,OpCo-032,05. Technology,Infrastructure Core (Platforms & AI),H3: Frozen Frontier / Call Options,planned,https://github.com/Worldwidebro/ec-017-golf-gear-ai,https://worldwidebro.github.io/golf-gear-ai/
274,EC-018,Fishing Gear Ai,SEC-032,Artificial Intelligence & ML,OpCo-032,05. Technology,Infrastructure Core (Platforms & AI),H3: Frozen Frontier / Call Options,planned,https://github.com/Worldwidebro/ec-018-fishing-gear-ai,https://worldwidebro.github.io/fishing-gear-ai/
275,EC-019,Yoga Gear Ai,SEC-032,Artificial Intelligence & ML,OpCo-032,05. Technology,Infrastructure Core (Platforms & AI),H3: Frozen Frontier / Call Options,planned,https://github.com/Worldwidebro/ec-019-yoga-gear-ai,https://worldwidebro.github.io/yoga-gear-ai/
276,EC-020,Costume Shop Ai,SEC-032,Artificial Intelligence & ML,OpCo-032,05. Technology,Infrastructure Core (Platforms & AI),H3: Frozen Frontier / Call Options,planned,https://github.com/Worldwidebro/ec-020-costume-shop-ai,https://worldwidebro.github.io/costume-shop-ai/
277,EC-021,Luggage Ai,SEC-032,Artificial Intelligence & ML,OpCo-032,05. Technology,Infrastructure Core (Platforms & AI),H3: Frozen Frontier / Call Options,planned,https://github.com/Worldwidebro/ec-021-luggage-ai,https://worldwidebro.github.io/luggage-ai/
278,EC-022,Home Appliance Ai,SEC-032,Artificial Intelligence & ML,OpCo-032,05. Technology,Infrastructure Core (Platforms & AI),H3: Frozen Frontier / Call Options,planned,https://github.com/Worldwidebro/ec-022-home-appliance-ai,https://worldwidebro.github.io/home-appliance-ai/
279,EC-023,Tool Shop Ai,SEC-032,Artificial Intelligence & ML,OpCo-032,05. Technology,Infrastructure Core (Platforms & AI),H3: Frozen Frontier / Call Options,planned,https://github.com/Worldwidebro/ec-023-tool-shop-ai,https://worldwidebro.github.io/tool-shop-ai/
280,EC-024,Garden Supply Ai,SEC-032,Artificial Intelligence & ML,OpCo-032,05. Technology,Infrastructure Core (Platforms & AI),H3: Frozen Frontier / Call Options,planned,https://github.com/Worldwidebro/ec-024-garden-supply-ai,https://worldwidebro.github.io/garden-supply-ai/
281,EC-025,Collectible Ai,SEC-032,Artificial Intelligence & ML,OpCo-032,05. Technology,Infrastructure Core (Platforms & AI),H3: Frozen Frontier / Call Options,planned,https://github.com/Worldwidebro/ec-025-collectible-ai,https://worldwidebro.github.io/collectible-ai/
282,EC-026,Hobby Shop Ai,SEC-032,Artificial Intelligence & ML,OpCo-032,05. Technology,Infrastructure Core (Platforms & AI),H3: Frozen Frontier / Call Options,planned,https://github.com/Worldwidebro/ec-026-hobby-shop-ai,https://worldwidebro.github.io/hobby-shop-ai/
283,EC-027,Kids Toy Line,SEC-011,Gaming & Entertainment,OpCo-011,06. Product & Innovation,D2C & Digital Long Tail (Storefronts & Media),H3: Frozen Frontier / Call Options,planned,https://github.com/Worldwidebro/ec-027-kids-toy-line,https://worldwidebro.github.io/kids-toy-line/
284,EC-028,Nft Fashion Licensing,SEC-029,Marketplace & Platform,OpCo-029,08. Revenue,D2C & Digital Long Tail (Storefronts & Media),H3: Frozen Frontier / Call Options,planned,https://github.com/Worldwidebro/ec-028-nft-fashion-licensing,https://worldwidebro.github.io/nft-fashion-licensing/
285,EC-029,Instant Brand Generator,SEC-029,Marketplace & Platform,OpCo-029,08. Revenue,D2C & Digital Long Tail (Storefronts & Media),H3: Frozen Frontier / Call Options,planned,https://github.com/Worldwidebro/ec-029-instant-brand-generator,https://worldwidebro.github.io/instant-brand-generator/
286,EC-030,Ai Product Photographer,SEC-032,Artificial Intelligence & ML,OpCo-032,05. Technology,Infrastructure Core (Platforms & AI),H3: Frozen Frontier / Call Options,planned,https://github.com/Worldwidebro/ec-030-ai-product-photographer,https://worldwidebro.github.io/ai-product-photographer/
287,EC-031,Automated Inventory Forecaster,SEC-029,Marketplace & Platform,OpCo-029,08. Revenue,D2C & Digital Long Tail (Storefronts & Media),H3: Frozen Frontier / Call Options,planned,https://github.com/Worldwidebro/ec-031-automated-inventory-forecaster,https://worldwidebro.github.io/automated-inventory-forecaster/
288,EC-032,Dynamic Pricing Engine,SEC-019,Marketing & Advertising,OpCo-019,09. Marketing,D2C & Digital Long Tail (Storefronts & Media),H3: Frozen Frontier / Call Options,planned,https://github.com/Worldwidebro/ec-032-dynamic-pricing-engine,https://worldwidebro.github.io/dynamic-pricing-engine/
289,EC-033,Ad Optimizer Ai,SEC-032,Artificial Intelligence & ML,OpCo-032,05. Technology,Infrastructure Core (Platforms & AI),H3: Frozen Frontier / Call Options,planned,https://github.com/Worldwidebro/ec-033-ad-optimizer-ai,https://worldwidebro.github.io/ad-optimizer-ai/
290,EC-034,Recommendation Engine,SEC-029,Marketplace & Platform,OpCo-029,08. Revenue,D2C & Digital Long Tail (Storefronts & Media),H3: Frozen Frontier / Call Options,planned,https://github.com/Worldwidebro/ec-034-recommendation-engine,https://worldwidebro.github.io/recommendation-engine/
291,EC-035,Review Aggregator Ai,SEC-032,Artificial Intelligence & ML,OpCo-032,05. Technology,Infrastructure Core (Platforms & AI),H3: Frozen Frontier / Call Options,planned,https://github.com/Worldwidebro/ec-035-review-aggregator-ai,https://worldwidebro.github.io/review-aggregator-ai/
292,EC-036,Fulfillment Network Ai,SEC-032,Artificial Intelligence & ML,OpCo-032,05. Technology,Infrastructure Core (Platforms & AI),H3: Frozen Frontier / Call Options,planned,https://github.com/Worldwidebro/ec-036-fulfillment-network-ai,https://worldwidebro.github.io/fulfillment-network-ai/
293,EC-037,Return Optimization Ai,SEC-032,Artificial Intelligence & ML,OpCo-032,05. Technology,Infrastructure Core (Platforms & AI),H3: Frozen Frontier / Call Options,planned,https://github.com/Worldwidebro/ec-037-return-optimization-ai,https://worldwidebro.github.io/return-optimization-ai/
294,EC-038,Chatbot Customer Service,SEC-029,Marketplace & Platform,OpCo-029,08. Revenue,D2C & Digital Long Tail (Storefronts & Media),H3: Frozen Frontier / Call Options,planned,https://github.com/Worldwidebro/ec-038-chatbot-customer-service,https://worldwidebro.github.io/chatbot-customer-service/
295,EC-039,Visual Search Ai,SEC-032,Artificial Intelligence & ML,OpCo-032,05. Technology,Infrastructure Core (Platforms & AI),H3: Frozen Frontier / Call Options,planned,https://github.com/Worldwidebro/ec-039-visual-search-ai,https://worldwidebro.github.io/visual-search-ai/
296,EC-040,Abandoned Cart Recovery,SEC-029,Marketplace & Platform,OpCo-029,08. Revenue,D2C & Digital Long Tail (Storefronts & Media),H3: Frozen Frontier / Call Options,planned,https://github.com/Worldwidebro/ec-040-abandoned-cart-recovery,https://worldwidebro.github.io/abandoned-cart-recovery/
297,EC-041,Seasonal Trend Predictor,SEC-019,Marketing & Advertising,OpCo-019,09. Marketing,D2C & Digital Long Tail (Storefronts & Media),H3: Frozen Frontier / Call Options,planned,https://github.com/Worldwidebro/ec-041-seasonal-trend-predictor,https://worldwidebro.github.io/seasonal-trend-predictor/
298,EC-042,Influencer Matchmaker,SEC-029,Marketplace & Platform,OpCo-029,08. Revenue,D2C & Digital Long Tail (Storefronts & Media),H3: Frozen Frontier / Call Options,planned,https://github.com/Worldwidebro/ec-042-influencer-matchmaker,https://worldwidebro.github.io/influencer-matchmaker/
299,EC-043,Ugc Content Aggregator,SEC-004,Content & Media,OpCo-004,09. Marketing,D2C & Digital Long Tail (Storefronts & Media),H3: Frozen Frontier / Call Options,planned,https://github.com/Worldwidebro/ec-043-ugc-content-aggregator,https://worldwidebro.github.io/ugc-content-aggregator/
300,EC-044,Live Commerce Platform,SEC-021,Retail & E-commerce,OpCo-021,08. Revenue,D2C & Digital Long Tail (Storefronts & Media),H2: Fast-Follow Feeders,growth,https://github.com/Worldwidebro/ec-044-live-commerce-platform,https://worldwidebro.github.io/live-commerce-platform/
301,EC-045,Ar Virtual Fitting Room,SEC-029,Marketplace & Platform,OpCo-029,08. Revenue,D2C & Digital Long Tail (Storefronts & Media),H3: Frozen Frontier / Call Options,planned,https://github.com/Worldwidebro/ec-045-ar-virtual-fitting-room,https://worldwidebro.github.io/ar-virtual-fitting-room/
302,EC-046,3D Product Viewer,SEC-019,Marketing & Advertising,OpCo-019,09. Marketing,D2C & Digital Long Tail (Storefronts & Media),H2: Fast-Follow Feeders,growth,https://github.com/Worldwidebro/ec-046-3d-product-viewer,https://worldwidebro.github.io/3d-product-viewer/
303,EC-047,Carbon Footprint Tracker,SEC-031,Climate & Sustainability,OpCo-031,07. Operations,D2C & Digital Long Tail (Storefronts & Media),H3: Frozen Frontier / Call Options,planned,https://github.com/Worldwidebro/ec-047-carbon-footprint-tracker,https://worldwidebro.github.io/carbon-footprint-tracker/
304,EC-048,Wholesale Marketplace Ai,SEC-032,Artificial Intelligence & ML,OpCo-032,05. Technology,Infrastructure Core (Platforms & AI),H3: Frozen Frontier / Call Options,planned,https://github.com/Worldwidebro/ec-048-wholesale-marketplace-ai,https://worldwidebro.github.io/wholesale-marketplace-ai/
305,EC-049,Rental Marketplace,SEC-029,Marketplace & Platform,OpCo-029,08. Revenue,D2C & Digital Long Tail (Storefronts & Media),H3: Frozen Frontier / Call Options,planned,https://github.com/Worldwidebro/ec-049-rental-marketplace,https://worldwidebro.github.io/rental-marketplace/
306,EC-050,Ai Product Descriptions,SEC-032,Artificial Intelligence & ML,OpCo-032,05. Technology,Infrastructure Core (Platforms & AI),H3: Frozen Frontier / Call Options,planned,https://github.com/Worldwidebro/ec-050-ai-product-descriptions,https://worldwidebro.github.io/ai-product-descriptions/
307,EC-051,Ai Email Marketing,SEC-032,Artificial Intelligence & ML,OpCo-032,05. Technology,Infrastructure Core (Platforms & AI),H3: Frozen Frontier / Call Options,planned,https://github.com/Worldwidebro/ec-051-ai-email-marketing,https://worldwidebro.github.io/ai-email-marketing/
308,EC-052,Ai Product Bundler,SEC-032,Artificial Intelligence & ML,OpCo-032,05. Technology,Infrastructure Core (Platforms & AI),H3: Frozen Frontier / Call Options,planned,https://github.com/Worldwidebro/ec-052-ai-product-bundler,https://worldwidebro.github.io/ai-product-bundler/
309,EC-053,Ai Visual Merchandiser,SEC-032,Artificial Intelligence & ML,OpCo-032,05. Technology,Infrastructure Core (Platforms & AI),H3: Frozen Frontier / Call Options,planned,https://github.com/Worldwidebro/ec-053-ai-visual-merchandiser,https://worldwidebro.github.io/ai-visual-merchandiser/
310,EC-054,Ai Demand Forecasting,SEC-032,Artificial Intelligence & ML,OpCo-032,05. Technology,Infrastructure Core (Platforms & AI),H3: Frozen Frontier / Call Options,planned,https://github.com/Worldwidebro/ec-054-ai-demand-forecasting,https://worldwidebro.github.io/ai-demand-forecasting/
311,EC-055,Ai Warehouse Management,SEC-032,Artificial Intelligence & ML,OpCo-032,05. Technology,Infrastructure Core (Platforms & AI),H3: Frozen Frontier / Call Options,planned,https://github.com/Worldwidebro/ec-055-ai-warehouse-management,https://worldwidebro.github.io/ai-warehouse-management/
312,EC-056,Ai Supplier Matching,SEC-032,Artificial Intelligence & ML,OpCo-032,05. Technology,Infrastructure Core (Platforms & AI),H3: Frozen Frontier / Call Options,planned,https://github.com/Worldwidebro/ec-056-ai-supplier-matching,https://worldwidebro.github.io/ai-supplier-matching/
313,EC-057,Ai Quality Control,SEC-032,Artificial Intelligence & ML,OpCo-032,05. Technology,Infrastructure Core (Platforms & AI),H3: Frozen Frontier / Call Options,planned,https://github.com/Worldwidebro/ec-057-ai-quality-control,https://worldwidebro.github.io/ai-quality-control/
314,EC-058,Ai Packaging Designer,SEC-032,Artificial Intelligence & ML,OpCo-032,05. Technology,Infrastructure Core (Platforms & AI),H3: Frozen Frontier / Call Options,planned,https://github.com/Worldwidebro/ec-058-ai-packaging-designer,https://worldwidebro.github.io/ai-packaging-designer/
315,EC-059,Ai Logistics Planner,SEC-032,Artificial Intelligence & ML,OpCo-032,05. Technology,Infrastructure Core (Platforms & AI),H3: Frozen Frontier / Call Options,planned,https://github.com/Worldwidebro/ec-059-ai-logistics-planner,https://worldwidebro.github.io/ai-logistics-planner/
316,EC-060,Ai Customer Loyalty,SEC-032,Artificial Intelligence & ML,OpCo-032,05. Technology,Infrastructure Core (Platforms & AI),H3: Frozen Frontier / Call Options,planned,https://github.com/Worldwidebro/ec-060-ai-customer-loyalty,https://worldwidebro.github.io/ai-customer-loyalty/
317,EC-061,Ai Gift Finder,SEC-032,Artificial Intelligence & ML,OpCo-032,05. Technology,Infrastructure Core (Platforms & AI),H3: Frozen Frontier / Call Options,planned,https://github.com/Worldwidebro/ec-061-ai-gift-finder,https://worldwidebro.github.io/ai-gift-finder/
318,EC-062,Ai Trend Hunter,SEC-032,Artificial Intelligence & ML,OpCo-032,05. Technology,Infrastructure Core (Platforms & AI),H3: Frozen Frontier / Call Options,planned,https://github.com/Worldwidebro/ec-062-ai-trend-hunter,https://worldwidebro.github.io/ai-trend-hunter/
319,EC-063,Ai Market Research,SEC-032,Artificial Intelligence & ML,OpCo-032,05. Technology,Infrastructure Core (Platforms & AI),H3: Frozen Frontier / Call Options,planned,https://github.com/Worldwidebro/ec-063-ai-market-research,https://worldwidebro.github.io/ai-market-research/
320,EC-064,Ai Competitor Watcher,SEC-032,Artificial Intelligence & ML,OpCo-032,05. Technology,Infrastructure Core (Platforms & AI),H3: Frozen Frontier / Call Options,planned,https://github.com/Worldwidebro/ec-064-ai-competitor-watcher,https://worldwidebro.github.io/ai-competitor-watcher/
321,EC-065,Ai Product Development,SEC-032,Artificial Intelligence & ML,OpCo-032,05. Technology,Infrastructure Core (Platforms & AI),H3: Frozen Frontier / Call Options,planned,https://github.com/Worldwidebro/ec-065-ai-product-development,https://worldwidebro.github.io/ai-product-development/
322,EC-066,Ai Customer Journey,SEC-032,Artificial Intelligence & ML,OpCo-032,05. Technology,Infrastructure Core (Platforms & AI),H3: Frozen Frontier / Call Options,planned,https://github.com/Worldwidebro/ec-066-ai-customer-journey,https://worldwidebro.github.io/ai-customer-journey/
323,EC-067,Ai Payment Optimization,SEC-032,Artificial Intelligence & ML,OpCo-032,05. Technology,Infrastructure Core (Platforms & AI),H3: Frozen Frontier / Call Options,planned,https://github.com/Worldwidebro/ec-067-ai-payment-optimization,https://worldwidebro.github.io/ai-payment-optimization/
324,EC-068,Ai Returns Management,SEC-032,Artificial Intelligence & ML,OpCo-032,05. Technology,Infrastructure Core (Platforms & AI),H3: Frozen Frontier / Call Options,planned,https://github.com/Worldwidebro/ec-068-ai-returns-management,https://worldwidebro.github.io/ai-returns-management/
325,EC-069,Ai Shipping Labeler,SEC-032,Artificial Intelligence & ML,OpCo-032,05. Technology,Infrastructure Core (Platforms & AI),H3: Frozen Frontier / Call Options,planned,https://github.com/Worldwidebro/ec-069-ai-shipping-labeler,https://worldwidebro.github.io/ai-shipping-labeler/
326,EC-070,Ai Product Launch Coach,SEC-032,Artificial Intelligence & ML,OpCo-032,05. Technology,Infrastructure Core (Platforms & AI),H3: Frozen Frontier / Call Options,planned,https://github.com/Worldwidebro/ec-070-ai-product-launch-coach,https://worldwidebro.github.io/ai-product-launch-coach/
327,EC-071,Ai Vendor Negotiator,SEC-032,Artificial Intelligence & ML,OpCo-032,05. Technology,Infrastructure Core (Platforms & AI),H3: Frozen Frontier / Call Options,planned,https://github.com/Worldwidebro/ec-071-ai-vendor-negotiator,https://worldwidebro.github.io/ai-vendor-negotiator/
328,EC-072,Ai Product Cataloger,SEC-032,Artificial Intelligence & ML,OpCo-032,05. Technology,Infrastructure Core (Platforms & AI),H3: Frozen Frontier / Call Options,planned,https://github.com/Worldwidebro/ec-072-ai-product-cataloger,https://worldwidebro.github.io/ai-product-cataloger/
329,EC-073,Ai Order Prioritizer,SEC-032,Artificial Intelligence & ML,OpCo-032,05. Technology,Infrastructure Core (Platforms & AI),H3: Frozen Frontier / Call Options,planned,https://github.com/Worldwidebro/ec-073-ai-order-prioritizer,https://worldwidebro.github.io/ai-order-prioritizer/
330,EC-074,Ai Customer Segmentation,SEC-032,Artificial Intelligence & ML,OpCo-032,05. Technology,Infrastructure Core (Platforms & AI),H3: Frozen Frontier / Call Options,planned,https://github.com/Worldwidebro/ec-074-ai-customer-segmentation,https://worldwidebro.github.io/ai-customer-segmentation/
331,EC-075,Ai Pricing Analyst,SEC-032,Artificial Intelligence & ML,OpCo-032,05. Technology,Infrastructure Core (Platforms & AI),H3: Frozen Frontier / Call Options,planned,https://github.com/Worldwidebro/ec-075-ai-pricing-analyst,https://worldwidebro.github.io/ai-pricing-analyst/
332,EC-076,Ai Sales Forecasting,SEC-032,Artificial Intelligence & ML,OpCo-032,05. Technology,Infrastructure Core (Platforms & AI),H3: Frozen Frontier / Call Options,planned,https://github.com/Worldwidebro/ec-076-ai-sales-forecasting,https://worldwidebro.github.io/ai-sales-forecasting/
333,EC-077,Ai Inventory Reordering,SEC-032,Artificial Intelligence & ML,OpCo-032,05. Technology,Infrastructure Core (Platforms & AI),H3: Frozen Frontier / Call Options,planned,https://github.com/Worldwidebro/ec-077-ai-inventory-reordering,https://worldwidebro.github.io/ai-inventory-reordering/
334,EC-078,Ai Product Comparison,SEC-032,Artificial Intelligence & ML,OpCo-032,05. Technology,Infrastructure Core (Platforms & AI),H3: Frozen Frontier / Call Options,planned,https://github.com/Worldwidebro/ec-078-ai-product-comparison,https://worldwidebro.github.io/ai-product-comparison/
335,EC-079,Ai Customer Feedback,SEC-032,Artificial Intelligence & ML,OpCo-032,05. Technology,Infrastructure Core (Platforms & AI),H3: Frozen Frontier / Call Options,planned,https://github.com/Worldwidebro/ec-079-ai-customer-feedback,https://worldwidebro.github.io/ai-customer-feedback/
336,EC-080,Ai Product Updates,SEC-032,Artificial Intelligence & ML,OpCo-032,05. Technology,Infrastructure Core (Platforms & AI),H3: Frozen Frontier / Call Options,planned,https://github.com/Worldwidebro/ec-080-ai-product-updates,https://worldwidebro.github.io/ai-product-updates/
337,EC-081,Ai Cross Selling,SEC-032,Artificial Intelligence & ML,OpCo-032,05. Technology,Infrastructure Core (Platforms & AI),H3: Frozen Frontier / Call Options,planned,https://github.com/Worldwidebro/ec-081-ai-cross-selling,https://worldwidebro.github.io/ai-cross-selling/
338,EC-082,Ai Up Selling,SEC-032,Artificial Intelligence & ML,OpCo-032,05. Technology,Infrastructure Core (Platforms & AI),H3: Frozen Frontier / Call Options,planned,https://github.com/Worldwidebro/ec-082-ai-up-selling,https://worldwidebro.github.io/ai-up-selling/
339,EC-083,Ai Product Education,SEC-032,Artificial Intelligence & ML,OpCo-032,05. Technology,Infrastructure Core (Platforms & AI),H3: Frozen Frontier / Call Options,planned,https://github.com/Worldwidebro/ec-083-ai-product-education,https://worldwidebro.github.io/ai-product-education/
340,EC-084,Ai Purchase Timing,SEC-032,Artificial Intelligence & ML,OpCo-032,05. Technology,Infrastructure Core (Platforms & AI),H3: Frozen Frontier / Call Options,planned,https://github.com/Worldwidebro/ec-084-ai-purchase-timing,https://worldwidebro.github.io/ai-purchase-timing/
341,EC-085,Ai Customer Support,SEC-032,Artificial Intelligence & ML,OpCo-032,05. Technology,Infrastructure Core (Platforms & AI),H3: Frozen Frontier / Call Options,planned,https://github.com/Worldwidebro/ec-085-ai-customer-support,https://worldwidebro.github.io/ai-customer-support/
342,EC-086,Ai Order Tracking,SEC-032,Artificial Intelligence & ML,OpCo-032,05. Technology,Infrastructure Core (Platforms & AI),H3: Frozen Frontier / Call Options,planned,https://github.com/Worldwidebro/ec-086-ai-order-tracking,https://worldwidebro.github.io/ai-order-tracking/
343,EC-087,Ai Product Reviews,SEC-032,Artificial Intelligence & ML,OpCo-032,05. Technology,Infrastructure Core (Platforms & AI),H3: Frozen Frontier / Call Options,planned,https://github.com/Worldwidebro/ec-087-ai-product-reviews,https://worldwidebro.github.io/ai-product-reviews/
344,EC-088,Ai Customer Community,SEC-032,Artificial Intelligence & ML,OpCo-032,05. Technology,Infrastructure Core (Platforms & AI),H3: Frozen Frontier / Call Options,planned,https://github.com/Worldwidebro/ec-088-ai-customer-community,https://worldwidebro.github.io/ai-customer-community/
345,EC-089,Ai Product Customization,SEC-032,Artificial Intelligence & ML,OpCo-032,05. Technology,Infrastructure Core (Platforms & AI),H3: Frozen Frontier / Call Options,planned,https://github.com/Worldwidebro/ec-089-ai-product-customization,https://worldwidebro.github.io/ai-product-customization/
346,EC-090,Ai Gift Registry,SEC-032,Artificial Intelligence & ML,OpCo-032,05. Technology,Infrastructure Core (Platforms & AI),H3: Frozen Frontier / Call Options,planned,https://github.com/Worldwidebro/ec-090-ai-gift-registry,https://worldwidebro.github.io/ai-gift-registry/
347,EC-091,Ai Wedding Registry,SEC-032,Artificial Intelligence & ML,OpCo-032,05. Technology,Infrastructure Core (Platforms & AI),H3: Frozen Frontier / Call Options,planned,https://github.com/Worldwidebro/ec-091-ai-wedding-registry,https://worldwidebro.github.io/ai-wedding-registry/
348,EC-092,Ai Baby Registry,SEC-032,Artificial Intelligence & ML,OpCo-032,05. Technology,Infrastructure Core (Platforms & AI),H3: Frozen Frontier / Call Options,planned,https://github.com/Worldwidebro/ec-092-ai-baby-registry,https://worldwidebro.github.io/ai-baby-registry/
349,EC-093,Ai Holiday Planner,SEC-032,Artificial Intelligence & ML,OpCo-032,05. Technology,Infrastructure Core (Platforms & AI),H3: Frozen Frontier / Call Options,planned,https://github.com/Worldwidebro/ec-093-ai-holiday-planner,https://worldwidebro.github.io/ai-holiday-planner/
350,SPEC-018,Ai Personal Shopper,SEC-032,Artificial Intelligence & ML,OpCo-032,05. Technology,Infrastructure Core (Platforms & AI),H3: Frozen Frontier / Call Options,planned,https://github.com/Worldwidebro/spec-018-ai-personal-shopper,https://worldwidebro.github.io/ai-personal-shopper/
351,EC-095,Ai Color Match,SEC-032,Artificial Intelligence & ML,OpCo-032,05. Technology,Infrastructure Core (Platforms & AI),H3: Frozen Frontier / Call Options,planned,https://github.com/Worldwidebro/ec-095-ai-color-match,https://worldwidebro.github.io/ai-color-match/
352,EC-096,Ai Fabric Advisor,SEC-032,Artificial Intelligence & ML,OpCo-032,05. Technology,Infrastructure Core (Platforms & AI),H3: Frozen Frontier / Call Options,planned,https://github.com/Worldwidebro/ec-096-ai-fabric-advisor,https://worldwidebro.github.io/ai-fabric-advisor/
353,EC-097,Ai Fit Recommendation,SEC-032,Artificial Intelligence & ML,OpCo-032,05. Technology,Infrastructure Core (Platforms & AI),H3: Frozen Frontier / Call Options,planned,https://github.com/Worldwidebro/ec-097-ai-fit-recommendation,https://worldwidebro.github.io/ai-fit-recommendation/
354,EC-098,Ai Outfit Builder,SEC-032,Artificial Intelligence & ML,OpCo-032,05. Technology,Infrastructure Core (Platforms & AI),H3: Frozen Frontier / Call Options,planned,https://github.com/Worldwidebro/ec-098-ai-outfit-builder,https://worldwidebro.github.io/ai-outfit-builder/
355,EC-099,Ai Seasonal Forecast,SEC-032,Artificial Intelligence & ML,OpCo-032,05. Technology,Infrastructure Core (Platforms & AI),H3: Frozen Frontier / Call Options,planned,https://github.com/Worldwidebro/ec-099-ai-seasonal-forecast,https://worldwidebro.github.io/ai-seasonal-forecast/
356,EC-100,Ai Wardrobe Planner,SEC-032,Artificial Intelligence & ML,OpCo-032,05. Technology,Infrastructure Core (Platforms & AI),H3: Frozen Frontier / Call Options,planned,https://github.com/Worldwidebro/ec-100-ai-wardrobe-planner,https://worldwidebro.github.io/ai-wardrobe-planner/
357,EC-101,Ai Accessory Match,SEC-032,Artificial Intelligence & ML,OpCo-032,05. Technology,Infrastructure Core (Platforms & AI),H3: Frozen Frontier / Call Options,planned,https://github.com/Worldwidebro/ec-101-ai-accessory-match,https://worldwidebro.github.io/ai-accessory-match/
358,EC-102,Ai Shoe Match,SEC-032,Artificial Intelligence & ML,OpCo-032,05. Technology,Infrastructure Core (Platforms & AI),H3: Frozen Frontier / Call Options,planned,https://github.com/Worldwidebro/ec-102-ai-shoe-match,https://worldwidebro.github.io/ai-shoe-match/
359,EC-103,Ai Jewelry Match,SEC-032,Artificial Intelligence & ML,OpCo-032,05. Technology,Infrastructure Core (Platforms & AI),H3: Frozen Frontier / Call Options,planned,https://github.com/Worldwidebro/ec-103-ai-jewelry-match,https://worldwidebro.github.io/ai-jewelry-match/
360,EC-104,Ai Bag Match,SEC-032,Artificial Intelligence & ML,OpCo-032,05. Technology,Infrastructure Core (Platforms & AI),H3: Frozen Frontier / Call Options,planned,https://github.com/Worldwidebro/ec-104-ai-bag-match,https://worldwidebro.github.io/ai-bag-match/
361,EC-105,Ai Color Palette,SEC-032,Artificial Intelligence & ML,OpCo-032,05. Technology,Infrastructure Core (Platforms & AI),H3: Frozen Frontier / Call Options,planned,https://github.com/Worldwidebro/ec-105-ai-color-palette,https://worldwidebro.github.io/ai-color-palette/
362,EC-106,Ai Outfit Recycling,SEC-032,Artificial Intelligence & ML,OpCo-032,05. Technology,Infrastructure Core (Platforms & AI),H3: Frozen Frontier / Call Options,planned,https://github.com/Worldwidebro/ec-106-ai-outfit-recycling,https://worldwidebro.github.io/ai-outfit-recycling/
363,EC-107,Ai Style Evolution,SEC-032,Artificial Intelligence & ML,OpCo-032,05. Technology,Infrastructure Core (Platforms & AI),H3: Frozen Frontier / Call Options,planned,https://github.com/Worldwidebro/ec-107-ai-style-evolution,https://worldwidebro.github.io/ai-style-evolution/
364,EC-108,Ai Budget Stylist,SEC-032,Artificial Intelligence & ML,OpCo-032,05. Technology,Infrastructure Core (Platforms & AI),H3: Frozen Frontier / Call Options,planned,https://github.com/Worldwidebro/ec-108-ai-budget-stylist,https://worldwidebro.github.io/ai-budget-stylist/
365,EC-109,Ai Trend Archive,SEC-032,Artificial Intelligence & ML,OpCo-032,05. Technology,Infrastructure Core (Platforms & AI),H3: Frozen Frontier / Call Options,planned,https://github.com/Worldwidebro/ec-109-ai-trend-archive,https://worldwidebro.github.io/ai-trend-archive/
366,EC-110,Ai Vintage Advisor,SEC-032,Artificial Intelligence & ML,OpCo-032,05. Technology,Infrastructure Core (Platforms & AI),H3: Frozen Frontier / Call Options,planned,https://github.com/Worldwidebro/ec-110-ai-vintage-advisor,https://worldwidebro.github.io/ai-vintage-advisor/
367,TECH-001,Quantum Algorithm Ai,SEC-032,Artificial Intelligence & ML,OpCo-032,05. Technology,Infrastructure Core (Platforms & AI),H3: Frozen Frontier / Call Options,planned,https://github.com/Worldwidebro/tech-001-quantum-algorithm-ai,https://worldwidebro.github.io/quantum-algorithm-ai/
368,TECH-002,Ai Compliance Scanner,SEC-032,Artificial Intelligence & ML,OpCo-032,05. Technology,Infrastructure Core (Platforms & AI),H3: Frozen Frontier / Call Options,planned,https://github.com/Worldwidebro/tech-002-ai-compliance-scanner,https://worldwidebro.github.io/ai-compliance-scanner/
369,TECH-003,Cloud Management Ai,SEC-032,Artificial Intelligence & ML,OpCo-032,05. Technology,Infrastructure Core (Platforms & AI),H3: Frozen Frontier / Call Options,planned,https://github.com/Worldwidebro/tech-003-cloud-management-ai,https://worldwidebro.github.io/cloud-management-ai/
370,TECH-004,Robotics Training Ai,SEC-032,Artificial Intelligence & ML,OpCo-032,05. Technology,Infrastructure Core (Platforms & AI),H3: Frozen Frontier / Call Options,planned,https://github.com/Worldwidebro/tech-004-robotics-training-ai,https://worldwidebro.github.io/robotics-training-ai/
371,TECH-005,Customer Insights Ai,SEC-032,Artificial Intelligence & ML,OpCo-032,05. Technology,Infrastructure Core (Platforms & AI),H3: Frozen Frontier / Call Options,planned,https://github.com/Worldwidebro/tech-005-customer-insights-ai,https://worldwidebro.github.io/customer-insights-ai/
372,TECH-006,Voice Assistant Ai,SEC-032,Artificial Intelligence & ML,OpCo-032,05. Technology,Infrastructure Core (Platforms & AI),H3: Frozen Frontier / Call Options,planned,https://github.com/Worldwidebro/tech-006-voice-assistant-ai,https://worldwidebro.github.io/voice-assistant-ai/
373,TECH-007,Blockchain Verifier Ai,SEC-034,Decentralized & Web3,OpCo-034,02. Finance & Capital,D2C & Digital Long Tail (Storefronts & Media),H3: Frozen Frontier / Call Options,planned,https://github.com/Worldwidebro/tech-007-blockchain-verifier-ai,https://worldwidebro.github.io/blockchain-verifier-ai/
374,TECH-040,Cybersecurity Shield,SEC-033,Cybersecurity & Privacy,OpCo-033,05. Technology,Infrastructure Core (Platforms & AI),H3: Frozen Frontier / Call Options,planned,https://github.com/Worldwidebro/tech-040-cybersecurity-shield,https://vex-hero-site-sigma.vercel.app
375,TECH-009,Content Studio Ai,SEC-032,Artificial Intelligence & ML,OpCo-032,05. Technology,Infrastructure Core (Platforms & AI),H3: Frozen Frontier / Call Options,planned,https://github.com/Worldwidebro/tech-009-content-studio-ai,https://worldwidebro.github.io/content-studio-ai/
376,TECH-010,Smart Home Ai,SEC-032,Artificial Intelligence & ML,OpCo-032,05. Technology,Infrastructure Core (Platforms & AI),H3: Frozen Frontier / Call Options,planned,https://github.com/Worldwidebro/tech-010-smart-home-ai,https://worldwidebro.github.io/smart-home-ai/
377,OPS-002,Supply Chain Optimizer,SEC-024,Technology & Software,OpCo-024,05. Technology,Infrastructure Core (Platforms & AI),H3: Frozen Frontier / Call Options,planned,https://github.com/Worldwidebro/ops-002-supply-chain-optimizer,https://worldwidebro.github.io/supply-chain-optimizer/
378,TECH-012,Data Visualization Ai,SEC-032,Artificial Intelligence & ML,OpCo-032,05. Technology,Infrastructure Core (Platforms & AI),H3: Frozen Frontier / Call Options,planned,https://github.com/Worldwidebro/tech-012-data-visualization-ai,https://worldwidebro.github.io/data-visualization-ai/
379,V-0379,Workflow Automation,SEC-025,Automotive & Mobility,OpCo-025,07. Operations,D2C & Digital Long Tail (Storefronts & Media),H3: Frozen Frontier / Call Options,planned,https://github.com/Worldwidebro/billionaire-workflow-automation,https://worldwidebro.github.io/workflow-automation/
380,TECH-014,Sentiment Analyzer,SEC-024,Technology & Software,OpCo-024,05. Technology,Infrastructure Core (Platforms & AI),H3: Frozen Frontier / Call Options,planned,https://github.com/Worldwidebro/tech-014-sentiment-analyzer,https://worldwidebro.github.io/sentiment-analyzer/
381,TECH-015,Image Recognition Ai,SEC-032,Artificial Intelligence & ML,OpCo-032,05. Technology,Infrastructure Core (Platforms & AI),H3: Frozen Frontier / Call Options,planned,https://github.com/Worldwidebro/tech-015-image-recognition-ai,https://worldwidebro.github.io/image-recognition-ai/
382,TECH-016,Video Editor Ai,SEC-032,Artificial Intelligence & ML,OpCo-032,05. Technology,Infrastructure Core (Platforms & AI),H3: Frozen Frontier / Call Options,planned,https://github.com/Worldwidebro/tech-016-video-editor-ai,https://worldwidebro.github.io/video-editor-ai/
383,TECH-017,Speech To Text Ai,SEC-032,Artificial Intelligence & ML,OpCo-032,05. Technology,Infrastructure Core (Platforms & AI),H3: Frozen Frontier / Call Options,planned,https://github.com/Worldwidebro/tech-017-speech-to-text-ai,https://worldwidebro.github.io/speech-to-text-ai/
384,TECH-018,Text To Speech Ai,SEC-032,Artificial Intelligence & ML,OpCo-032,05. Technology,Infrastructure Core (Platforms & AI),H3: Frozen Frontier / Call Options,planned,https://github.com/Worldwidebro/tech-018-text-to-speech-ai,https://worldwidebro.github.io/text-to-speech-ai/
385,TECH-051,Fraud Prevention Ai,SEC-032,Artificial Intelligence & ML,OpCo-032,05. Technology,Infrastructure Core (Platforms & AI),H3: Frozen Frontier / Call Options,planned,https://github.com/Worldwidebro/tech-051-fraud-prevention-ai,https://worldwidebro.github.io/fraud-prevention-ai/
386,EC-034,Recommendation Engine,SEC-024,Technology & Software,OpCo-024,05. Technology,Infrastructure Core (Platforms & AI),H3: Frozen Frontier / Call Options,planned,https://github.com/Worldwidebro/ec-034-recommendation-engine,https://worldwidebro.github.io/recommendation-engine/
387,TECH-021,Network Security Ai,SEC-032,Artificial Intelligence & ML,OpCo-032,05. Technology,Infrastructure Core (Platforms & AI),H3: Frozen Frontier / Call Options,planned,https://github.com/Worldwidebro/tech-021-network-security-ai,https://worldwidebro.github.io/network-security-ai/
388,TECH-022,Database Optimizer,SEC-024,Technology & Software,OpCo-024,05. Technology,Infrastructure Core (Platforms & AI),H3: Frozen Frontier / Call Options,planned,https://github.com/Worldwidebro/tech-022-database-optimizer,https://worldwidebro.github.io/database-optimizer/
389,TECH-023,Ai Testing Platform,SEC-032,Artificial Intelligence & ML,OpCo-032,05. Technology,Infrastructure Core (Platforms & AI),H3: Frozen Frontier / Call Options,planned,https://github.com/Worldwidebro/tech-023-ai-testing-platform,https://worldwidebro.github.io/ai-testing-platform/
390,TECH-024,Virtual Assistant Builder,SEC-002,Construction & Infrastructure,OpCo-002,10. Assets & Investments,Asset-Backed Moat (Physical Ops),H2: Fast-Follow Feeders,planned,https://github.com/Worldwidebro/tech-024-virtual-assistant-builder,https://worldwidebro.github.io/virtual-assistant-builder/
391,TECH-025,Machine Learning Builder,SEC-032,Artificial Intelligence & ML,OpCo-032,05. Technology,Infrastructure Core (Platforms & AI),H3: Frozen Frontier / Call Options,planned,https://github.com/Worldwidebro/tech-025-machine-learning-builder,https://worldwidebro.github.io/machine-learning-builder/
392,TECH-026,Ai Ethics Auditor,SEC-032,Artificial Intelligence & ML,OpCo-032,05. Technology,Infrastructure Core (Platforms & AI),H3: Frozen Frontier / Call Options,planned,https://github.com/Worldwidebro/tech-026-ai-ethics-auditor,https://worldwidebro.github.io/ai-ethics-auditor/
393,TECH-027,Predictive Analytics Ai,SEC-032,Artificial Intelligence & ML,OpCo-032,05. Technology,Infrastructure Core (Platforms & AI),H3: Frozen Frontier / Call Options,planned,https://github.com/Worldwidebro/tech-027-predictive-analytics-ai,https://worldwidebro.github.io/predictive-analytics-ai/
394,TECH-028,Ai Training Platform,SEC-032,Artificial Intelligence & ML,OpCo-032,05. Technology,Infrastructure Core (Platforms & AI),H3: Frozen Frontier / Call Options,planned,https://github.com/Worldwidebro/tech-028-ai-training-platform,https://worldwidebro.github.io/ai-training-platform/
395,TECH-029,Digital Twin Ai,SEC-032,Artificial Intelligence & ML,OpCo-032,05. Technology,Infrastructure Core (Platforms & AI),H3: Frozen Frontier / Call Options,planned,https://github.com/Worldwidebro/tech-029-digital-twin-ai,https://worldwidebro.github.io/digital-twin-ai/
396,TECH-030,Ai Monitoring System,SEC-032,Artificial Intelligence & ML,OpCo-032,05. Technology,Infrastructure Core (Platforms & AI),H3: Frozen Frontier / Call Options,planned,https://github.com/Worldwidebro/tech-030-ai-monitoring-system,https://worldwidebro.github.io/ai-monitoring-system/
397,TECH-031,Edge Computing Ai,SEC-032,Artificial Intelligence & ML,OpCo-032,05. Technology,Infrastructure Core (Platforms & AI),H3: Frozen Frontier / Call Options,planned,https://github.com/Worldwidebro/tech-031-edge-computing-ai,https://worldwidebro.github.io/edge-computing-ai/
398,TECH-032,Ai Integration Hub,SEC-032,Artificial Intelligence & ML,OpCo-032,05. Technology,Infrastructure Core (Platforms & AI),H3: Frozen Frontier / Call Options,planned,https://github.com/Worldwidebro/tech-032-ai-integration-hub,https://worldwidebro.github.io/ai-integration-hub/
399,TECH-001,Quantum Algorithm Ai,SEC-032,Artificial Intelligence & ML,OpCo-032,05. Technology,Infrastructure Core (Platforms & AI),H3: Frozen Frontier / Call Options,planned,https://github.com/Worldwidebro/tech-001-quantum-algorithm-ai,https://worldwidebro.github.io/quantum-algorithm-ai/
400,TECH-002,Ai Compliance Scanner,SEC-032,Artificial Intelligence & ML,OpCo-032,05. Technology,Infrastructure Core (Platforms & AI),H3: Frozen Frontier / Call Options,planned,https://github.com/Worldwidebro/tech-002-ai-compliance-scanner,https://worldwidebro.github.io/ai-compliance-scanner/
401,TECH-003,Cloud Management Ai,SEC-032,Artificial Intelligence & ML,OpCo-032,05. Technology,Infrastructure Core (Platforms & AI),H3: Frozen Frontier / Call Options,planned,https://github.com/Worldwidebro/tech-003-cloud-management-ai,https://worldwidebro.github.io/cloud-management-ai/
402,TECH-004,Robotics Training Ai,SEC-032,Artificial Intelligence & ML,OpCo-032,05. Technology,Infrastructure Core (Platforms & AI),H3: Frozen Frontier / Call Options,planned,https://github.com/Worldwidebro/tech-004-robotics-training-ai,https://worldwidebro.github.io/robotics-training-ai/
403,TECH-005,Customer Insights Ai,SEC-032,Artificial Intelligence & ML,OpCo-032,05. Technology,Infrastructure Core (Platforms & AI),H3: Frozen Frontier / Call Options,planned,https://github.com/Worldwidebro/tech-005-customer-insights-ai,https://worldwidebro.github.io/customer-insights-ai/
404,TECH-006,Voice Assistant Ai,SEC-032,Artificial Intelligence & ML,OpCo-032,05. Technology,Infrastructure Core (Platforms & AI),H3: Frozen Frontier / Call Options,planned,https://github.com/Worldwidebro/tech-006-voice-assistant-ai,https://worldwidebro.github.io/voice-assistant-ai/
405,TECH-007,Blockchain Verifier Ai,SEC-034,Decentralized & Web3,OpCo-034,02. Finance & Capital,D2C & Digital Long Tail (Storefronts & Media),H3: Frozen Frontier / Call Options,validation,https://github.com/Worldwidebro/tech-007-blockchain-verifier-ai,https://worldwidebro.github.io/blockchain-verifier-ai/
406,TECH-040,Cybersecurity Shield,SEC-033,Cybersecurity & Privacy,OpCo-033,05. Technology,Infrastructure Core (Platforms & AI),H3: Frozen Frontier / Call Options,planned,https://github.com/Worldwidebro/tech-040-cybersecurity-shield,https://vex-hero-site-sigma.vercel.app
407,TECH-009,Content Studio Ai,SEC-032,Artificial Intelligence & ML,OpCo-032,05. Technology,Infrastructure Core (Platforms & AI),H3: Frozen Frontier / Call Options,planned,https://github.com/Worldwidebro/tech-009-content-studio-ai,https://worldwidebro.github.io/content-studio-ai/
408,TECH-010,Smart Home Ai,SEC-032,Artificial Intelligence & ML,OpCo-032,05. Technology,Infrastructure Core (Platforms & AI),H3: Frozen Frontier / Call Options,planned,https://github.com/Worldwidebro/tech-010-smart-home-ai,https://worldwidebro.github.io/smart-home-ai/
409,OPS-002,Supply Chain Optimizer,SEC-024,Technology & Software,OpCo-024,05. Technology,Infrastructure Core (Platforms & AI),H3: Frozen Frontier / Call Options,planned,https://github.com/Worldwidebro/ops-002-supply-chain-optimizer,https://worldwidebro.github.io/supply-chain-optimizer/
410,TECH-012,Data Visualization Ai,SEC-032,Artificial Intelligence & ML,OpCo-032,05. Technology,Infrastructure Core (Platforms & AI),H3: Frozen Frontier / Call Options,planned,https://github.com/Worldwidebro/tech-012-data-visualization-ai,https://worldwidebro.github.io/data-visualization-ai/
411,V-0411,Workflow Automation,SEC-025,Automotive & Mobility,OpCo-025,07. Operations,D2C & Digital Long Tail (Storefronts & Media),H3: Frozen Frontier / Call Options,planned,https://github.com/Worldwidebro/billionaire-workflow-automation,https://worldwidebro.github.io/workflow-automation/
412,TECH-014,Sentiment Analyzer,SEC-024,Technology & Software,OpCo-024,05. Technology,Infrastructure Core (Platforms & AI),H3: Frozen Frontier / Call Options,planned,https://github.com/Worldwidebro/tech-014-sentiment-analyzer,https://worldwidebro.github.io/sentiment-analyzer/
413,TECH-015,Image Recognition Ai,SEC-032,Artificial Intelligence & ML,OpCo-032,05. Technology,Infrastructure Core (Platforms & AI),H3: Frozen Frontier / Call Options,planned,https://github.com/Worldwidebro/tech-015-image-recognition-ai,https://worldwidebro.github.io/image-recognition-ai/
414,TECH-016,Video Editor Ai,SEC-032,Artificial Intelligence & ML,OpCo-032,05. Technology,Infrastructure Core (Platforms & AI),H3: Frozen Frontier / Call Options,planned,https://github.com/Worldwidebro/tech-016-video-editor-ai,https://worldwidebro.github.io/video-editor-ai/
415,TECH-017,Speech To Text Ai,SEC-032,Artificial Intelligence & ML,OpCo-032,05. Technology,Infrastructure Core (Platforms & AI),H3: Frozen Frontier / Call Options,planned,https://github.com/Worldwidebro/tech-017-speech-to-text-ai,https://worldwidebro.github.io/speech-to-text-ai/
416,TECH-018,Text To Speech Ai,SEC-032,Artificial Intelligence & ML,OpCo-032,05. Technology,Infrastructure Core (Platforms & AI),H3: Frozen Frontier / Call Options,planned,https://github.com/Worldwidebro/tech-018-text-to-speech-ai,https://worldwidebro.github.io/text-to-speech-ai/
417,TECH-051,Fraud Prevention Ai,SEC-032,Artificial Intelligence & ML,OpCo-032,05. Technology,Infrastructure Core (Platforms & AI),H3: Frozen Frontier / Call Options,planned,https://github.com/Worldwidebro/tech-051-fraud-prevention-ai,https://worldwidebro.github.io/fraud-prevention-ai/
418,EC-034,Recommendation Engine,SEC-024,Technology & Software,OpCo-024,05. Technology,Infrastructure Core (Platforms & AI),H3: Frozen Frontier / Call Options,planned,https://github.com/Worldwidebro/ec-034-recommendation-engine,https://worldwidebro.github.io/recommendation-engine/
419,TECH-021,Network Security Ai,SEC-032,Artificial Intelligence & ML,OpCo-032,05. Technology,Infrastructure Core (Platforms & AI),H3: Frozen Frontier / Call Options,planned,https://github.com/Worldwidebro/tech-021-network-security-ai,https://worldwidebro.github.io/network-security-ai/
420,TECH-022,Database Optimizer,SEC-024,Technology & Software,OpCo-024,05. Technology,Infrastructure Core (Platforms & AI),H3: Frozen Frontier / Call Options,planned,https://github.com/Worldwidebro/tech-022-database-optimizer,https://worldwidebro.github.io/database-optimizer/
421,TECH-023,Ai Testing Platform,SEC-032,Artificial Intelligence & ML,OpCo-032,05. Technology,Infrastructure Core (Platforms & AI),H3: Frozen Frontier / Call Options,planned,https://github.com/Worldwidebro/tech-023-ai-testing-platform,https://worldwidebro.github.io/ai-testing-platform/
422,TECH-024,Virtual Assistant Builder,SEC-002,Construction & Infrastructure,OpCo-002,10. Assets & Investments,Asset-Backed Moat (Physical Ops),H2: Fast-Follow Feeders,planned,https://github.com/Worldwidebro/tech-024-virtual-assistant-builder,https://worldwidebro.github.io/virtual-assistant-builder/
423,TECH-025,Machine Learning Builder,SEC-032,Artificial Intelligence & ML,OpCo-032,05. Technology,Infrastructure Core (Platforms & AI),H3: Frozen Frontier / Call Options,planned,https://github.com/Worldwidebro/tech-025-machine-learning-builder,https://worldwidebro.github.io/machine-learning-builder/
424,TECH-026,Ai Ethics Auditor,SEC-032,Artificial Intelligence & ML,OpCo-032,05. Technology,Infrastructure Core (Platforms & AI),H3: Frozen Frontier / Call Options,planned,https://github.com/Worldwidebro/tech-026-ai-ethics-auditor,https://worldwidebro.github.io/ai-ethics-auditor/
425,TECH-027,Predictive Analytics Ai,SEC-032,Artificial Intelligence & ML,OpCo-032,05. Technology,Infrastructure Core (Platforms & AI),H3: Frozen Frontier / Call Options,planned,https://github.com/Worldwidebro/tech-027-predictive-analytics-ai,https://worldwidebro.github.io/predictive-analytics-ai/
426,TECH-028,Ai Training Platform,SEC-032,Artificial Intelligence & ML,OpCo-032,05. Technology,Infrastructure Core (Platforms & AI),H3: Frozen Frontier / Call Options,planned,https://github.com/Worldwidebro/tech-028-ai-training-platform,https://worldwidebro.github.io/ai-training-platform/
427,OPS-001,Fractional Cto Agency,SEC-024,Technology & Software,OpCo-024,05. Technology,Infrastructure Core (Platforms & AI),H1: Tier-0 Cash Now (<= 48h),planned,https://github.com/Worldwidebro/ops-001-fractional-cto-agency,https://ops-staff-001-staffing-worldwidebros-projects.vercel.app
428,OPS-002,Supply Chain Optimizer,SEC-024,Technology & Software,OpCo-024,05. Technology,Infrastructure Core (Platforms & AI),H3: Frozen Frontier / Call Options,planned,https://github.com/Worldwidebro/ops-002-supply-chain-optimizer,https://worldwidebro.github.io/supply-chain-optimizer/
429,OPS-003,Event Planning Ai,SEC-032,Artificial Intelligence & ML,OpCo-032,05. Technology,Infrastructure Core (Platforms & AI),H3: Frozen Frontier / Call Options,planned,https://github.com/Worldwidebro/ops-003-event-planning-ai,https://worldwidebro.github.io/event-planning-ai/
430,OPS-004,Inventory Management Ai,SEC-032,Artificial Intelligence & ML,OpCo-032,05. Technology,Infrastructure Core (Platforms & AI),H3: Frozen Frontier / Call Options,planned,https://github.com/Worldwidebro/ops-004-inventory-management-ai,https://worldwidebro.github.io/inventory-management-ai/
431,OPS-005,Project Management Ai,SEC-032,Artificial Intelligence & ML,OpCo-032,05. Technology,Infrastructure Core (Platforms & AI),H3: Frozen Frontier / Call Options,planned,https://github.com/Worldwidebro/ops-005-project-management-ai,https://worldwidebro.github.io/project-management-ai/
432,OPS-006,Document Automation Ai,SEC-032,Artificial Intelligence & ML,OpCo-032,05. Technology,Infrastructure Core (Platforms & AI),H3: Frozen Frontier / Call Options,planned,https://github.com/Worldwidebro/ops-006-document-automation-ai,https://worldwidebro.github.io/document-automation-ai/
433,OPS-007,Meeting Assistant Ai,SEC-032,Artificial Intelligence & ML,OpCo-032,05. Technology,Infrastructure Core (Platforms & AI),H3: Frozen Frontier / Call Options,planned,https://github.com/Worldwidebro/ops-007-meeting-assistant-ai,https://worldwidebro.github.io/meeting-assistant-ai/
434,OPS-008,Recruitment Ai,SEC-032,Artificial Intelligence & ML,OpCo-032,05. Technology,Infrastructure Core (Platforms & AI),H3: Frozen Frontier / Call Options,planned,https://github.com/Worldwidebro/ops-008-recruitment-ai,https://worldwidebro.github.io/recruitment-ai/
435,OPS-009,Onboarding Ai,SEC-032,Artificial Intelligence & ML,OpCo-032,05. Technology,Infrastructure Core (Platforms & AI),H3: Frozen Frontier / Call Options,planned,https://github.com/Worldwidebro/ops-009-onboarding-ai,https://worldwidebro.github.io/onboarding-ai/
436,OPS-010,Training Platform Ai,SEC-032,Artificial Intelligence & ML,OpCo-032,05. Technology,Infrastructure Core (Platforms & AI),H3: Frozen Frontier / Call Options,planned,https://github.com/Worldwidebro/ops-010-training-platform-ai,https://worldwidebro.github.io/training-platform-ai/
437,OPS-011,Performance Review Ai,SEC-032,Artificial Intelligence & ML,OpCo-032,05. Technology,Infrastructure Core (Platforms & AI),H3: Frozen Frontier / Call Options,planned,https://github.com/Worldwidebro/ops-011-performance-review-ai,https://worldwidebro.github.io/performance-review-ai/
438,OPS-012,It Support Ai,SEC-032,Artificial Intelligence & ML,OpCo-032,05. Technology,Infrastructure Core (Platforms & AI),H3: Frozen Frontier / Call Options,planned,https://github.com/Worldwidebro/ops-012-it-support-ai,https://worldwidebro.github.io/it-support-ai/
439,OPS-013,Facilities Management Ai,SEC-032,Artificial Intelligence & ML,OpCo-032,05. Technology,Infrastructure Core (Platforms & AI),H3: Frozen Frontier / Call Options,planned,https://github.com/Worldwidebro/ops-013-facilities-management-ai,https://worldwidebro.github.io/facilities-management-ai/
440,OPS-014,Travel Booking Ai,SEC-032,Artificial Intelligence & ML,OpCo-032,05. Technology,Infrastructure Core (Platforms & AI),H3: Frozen Frontier / Call Options,planned,https://github.com/Worldwidebro/ops-014-travel-booking-ai,https://worldwidebro.github.io/travel-booking-ai/
441,OPS-015,Expense Management Ai,SEC-032,Artificial Intelligence & ML,OpCo-032,05. Technology,Infrastructure Core (Platforms & AI),H3: Frozen Frontier / Call Options,planned,https://github.com/Worldwidebro/ops-015-expense-management-ai,https://worldwidebro.github.io/expense-management-ai/
442,V-0442,Contract Management Ai,SEC-032,Artificial Intelligence & ML,OpCo-032,05. Technology,Infrastructure Core (Platforms & AI),H3: Frozen Frontier / Call Options,planned,https://github.com/nektos/act,https://worldwidebro.github.io/contract-management-ai/
443,V-0443,Compliance Monitoring Ai,SEC-032,Artificial Intelligence & ML,OpCo-032,05. Technology,Infrastructure Core (Platforms & AI),H3: Frozen Frontier / Call Options,planned,,NONE / DRAFTED
444,V-0444,Quality Control Ai,SEC-032,Artificial Intelligence & ML,OpCo-032,05. Technology,Infrastructure Core (Platforms & AI),H3: Frozen Frontier / Call Options,planned,,NONE / DRAFTED
445,V-0445,Asset Management Ai,SEC-032,Artificial Intelligence & ML,OpCo-032,05. Technology,Infrastructure Core (Platforms & AI),H3: Frozen Frontier / Call Options,planned,https://github.com/zquestz/s,https://worldwidebro.github.io/asset-management-ai/
446,V-0446,Time Tracking Ai,SEC-032,Artificial Intelligence & ML,OpCo-032,05. Technology,Infrastructure Core (Platforms & AI),H3: Frozen Frontier / Call Options,planned,,NONE / DRAFTED
447,V-0447,Document Security Ai,SEC-032,Artificial Intelligence & ML,OpCo-032,05. Technology,Infrastructure Core (Platforms & AI),H3: Frozen Frontier / Call Options,planned,https://github.com/zquestz/s,https://worldwidebro.github.io/document-security-ai/
448,V-0448,Knowledge Management Ai,SEC-032,Artificial Intelligence & ML,OpCo-032,05. Technology,Infrastructure Core (Platforms & AI),H3: Frozen Frontier / Call Options,planned,https://github.com/camel-ai/owl,https://worldwidebro.github.io/knowledge-management-ai/
449,V-0449,Meeting Transcription Ai,SEC-032,Artificial Intelligence & ML,OpCo-032,05. Technology,Infrastructure Core (Platforms & AI),H3: Frozen Frontier / Call Options,planned,https://github.com/zquestz/s,https://worldwidebro.github.io/meeting-transcription-ai/
450,V-0450,Task Automation Ai,SEC-032,Artificial Intelligence & ML,OpCo-032,05. Technology,Infrastructure Core (Platforms & AI),H3: Frozen Frontier / Call Options,planned,https://github.com/zquestz/s,https://worldwidebro.github.io/task-automation-ai/
451,V-0451,Resource Allocation Ai,SEC-032,Artificial Intelligence & ML,OpCo-032,05. Technology,Infrastructure Core (Platforms & AI),H3: Frozen Frontier / Call Options,planned,https://github.com/zquestz/s,https://worldwidebro.github.io/resource-allocation-ai/
452,V-0452,Budget Planning Ai,SEC-032,Artificial Intelligence & ML,OpCo-032,05. Technology,Infrastructure Core (Platforms & AI),H3: Frozen Frontier / Call Options,planned,,NONE / DRAFTED
453,V-0453,Cost Optimization Ai,SEC-032,Artificial Intelligence & ML,OpCo-032,05. Technology,Infrastructure Core (Platforms & AI),H3: Frozen Frontier / Call Options,planned,https://github.com/zquestz/s,https://worldwidebro.github.io/cost-optimization-ai/
454,V-0454,Procurement Ai,SEC-032,Artificial Intelligence & ML,OpCo-032,05. Technology,Infrastructure Core (Platforms & AI),H3: Frozen Frontier / Call Options,planned,,NONE / DRAFTED
455,V-0455,Vendor Management Ai,SEC-032,Artificial Intelligence & ML,OpCo-032,05. Technology,Infrastructure Core (Platforms & AI),H3: Frozen Frontier / Call Options,planned,,NONE / DRAFTED
456,V-0456,Contract Negotiation Ai,SEC-032,Artificial Intelligence & ML,OpCo-032,05. Technology,Infrastructure Core (Platforms & AI),H3: Frozen Frontier / Call Options,planned,https://github.com/nektos/act,https://worldwidebro.github.io/contract-negotiation-ai/
457,V-0457,Legal Document Ai,SEC-032,Artificial Intelligence & ML,OpCo-032,05. Technology,Infrastructure Core (Platforms & AI),H3: Frozen Frontier / Call Options,planned,,NONE / DRAFTED
458,V-0458,Compliance Reporting Ai,SEC-032,Artificial Intelligence & ML,OpCo-032,05. Technology,Infrastructure Core (Platforms & AI),H3: Frozen Frontier / Call Options,planned,,NONE / DRAFTED
459,V-0459,Training Content Ai,SEC-032,Artificial Intelligence & ML,OpCo-032,05. Technology,Infrastructure Core (Platforms & AI),H3: Frozen Frontier / Call Options,planned,,NONE / DRAFTED
460,V-0460,Employee Engagement Ai,SEC-032,Artificial Intelligence & ML,OpCo-032,05. Technology,Infrastructure Core (Platforms & AI),H3: Frozen Frontier / Call Options,planned,,NONE / DRAFTED
461,V-0461,Succession Planning Ai,SEC-032,Artificial Intelligence & ML,OpCo-032,05. Technology,Infrastructure Core (Platforms & AI),H3: Frozen Frontier / Call Options,planned,https://github.com/zquestz/s,https://worldwidebro.github.io/succession-planning-ai/
462,V-0462,Workspace Design Ai,SEC-032,Artificial Intelligence & ML,OpCo-032,05. Technology,Infrastructure Core (Platforms & AI),H3: Frozen Frontier / Call Options,planned,https://github.com/zquestz/s,https://worldwidebro.github.io/workspace-design-ai/
463,V-0463,Energy Efficiency Ai,SEC-032,Artificial Intelligence & ML,OpCo-032,05. Technology,Infrastructure Core (Platforms & AI),H3: Frozen Frontier / Call Options,planned,,NONE / DRAFTED
464,V-0464,Security Monitoring Ai,SEC-032,Artificial Intelligence & ML,OpCo-032,05. Technology,Infrastructure Core (Platforms & AI),H3: Frozen Frontier / Call Options,planned,https://github.com/zquestz/s,https://worldwidebro.github.io/security-monitoring-ai/
465,V-0465,Health Safety Ai,SEC-032,Artificial Intelligence & ML,OpCo-032,05. Technology,Infrastructure Core (Platforms & AI),H3: Frozen Frontier / Call Options,planned,https://github.com/zquestz/s,https://worldwidebro.github.io/health-safety-ai/
466,V-0466,Disaster Recovery Ai,SEC-032,Artificial Intelligence & ML,OpCo-032,05. Technology,Infrastructure Core (Platforms & AI),H3: Frozen Frontier / Call Options,planned,https://github.com/zquestz/s,https://worldwidebro.github.io/disaster-recovery-ai/
467,V-0467,It Asset Management,SEC-024,Technology & Software,OpCo-024,05. Technology,Infrastructure Core (Platforms & AI),H3: Frozen Frontier / Call Options,planned,https://github.com/zquestz/s,https://worldwidebro.github.io/it-asset-management/
468,V-0468,Cloud Cost Management,SEC-024,Technology & Software,OpCo-024,05. Technology,Infrastructure Core (Platforms & AI),H3: Frozen Frontier / Call Options,planned,https://github.com/zquestz/s,https://worldwidebro.github.io/cloud-cost-management/
469,V-0469,Data Governance Ai,SEC-032,Artificial Intelligence & ML,OpCo-032,05. Technology,Infrastructure Core (Platforms & AI),H3: Frozen Frontier / Call Options,planned,,NONE / DRAFTED
470,V-0470,Network Monitoring Ai,SEC-032,Artificial Intelligence & ML,OpCo-032,05. Technology,Infrastructure Core (Platforms & AI),H3: Frozen Frontier / Call Options,planned,,NONE / DRAFTED
471,V-0471,Software Licensing Ai,SEC-032,Artificial Intelligence & ML,OpCo-032,05. Technology,Infrastructure Core (Platforms & AI),H3: Frozen Frontier / Call Options,planned,https://github.com/zquestz/s,https://worldwidebro.github.io/software-licensing-ai/
472,V-0472,It Procurement Ai,SEC-032,Artificial Intelligence & ML,OpCo-032,05. Technology,Infrastructure Core (Platforms & AI),H3: Frozen Frontier / Call Options,planned,,NONE / DRAFTED
473,V-0473,System Integration Ai,SEC-032,Artificial Intelligence & ML,OpCo-032,05. Technology,Infrastructure Core (Platforms & AI),H3: Frozen Frontier / Call Options,planned,https://github.com/zquestz/s,https://worldwidebro.github.io/system-integration-ai/
474,V-0474,Data Backup Ai,SEC-032,Artificial Intelligence & ML,OpCo-032,05. Technology,Infrastructure Core (Platforms & AI),H3: Frozen Frontier / Call Options,planned,,NONE / DRAFTED
475,V-0475,Business Continuity Ai,SEC-032,Artificial Intelligence & ML,OpCo-032,05. Technology,Infrastructure Core (Platforms & AI),H3: Frozen Frontier / Call Options,planned,https://github.com/zquestz/s,https://worldwidebro.github.io/business-continuity-ai/
476,V-0476,Compliance Audit Ai,SEC-032,Artificial Intelligence & ML,OpCo-032,05. Technology,Infrastructure Core (Platforms & AI),H3: Frozen Frontier / Call Options,planned,,NONE / DRAFTED
477,V-0477,Document Collaboration Ai,SEC-032,Artificial Intelligence & ML,OpCo-032,05. Technology,Infrastructure Core (Platforms & AI),H3: Frozen Frontier / Call Options,planned,,NONE / DRAFTED
478,V-0478,Video Conferencing Ai,SEC-032,Artificial Intelligence & ML,OpCo-032,05. Technology,Infrastructure Core (Platforms & AI),H3: Frozen Frontier / Call Options,planned,,NONE / DRAFTED
479,V-0479,Email Management Ai,SEC-032,Artificial Intelligence & ML,OpCo-032,05. Technology,Infrastructure Core (Platforms & AI),H3: Frozen Frontier / Call Options,planned,,NONE / DRAFTED
480,V-0480,Calendar Optimization Ai,SEC-032,Artificial Intelligence & ML,OpCo-032,05. Technology,Infrastructure Core (Platforms & AI),H3: Frozen Frontier / Call Options,planned,,NONE / DRAFTED
481,V-0481,Project Budget Ai,SEC-032,Artificial Intelligence & ML,OpCo-032,05. Technology,Infrastructure Core (Platforms & AI),H3: Frozen Frontier / Call Options,planned,,NONE / DRAFTED
482,V-0482,Resource Forecasting Ai,SEC-032,Artificial Intelligence & ML,OpCo-032,05. Technology,Infrastructure Core (Platforms & AI),H3: Frozen Frontier / Call Options,planned,https://github.com/zquestz/s,https://worldwidebro.github.io/resource-forecasting-ai/
483,V-0483,Task Prioritization Ai,SEC-032,Artificial Intelligence & ML,OpCo-032,05. Technology,Infrastructure Core (Platforms & AI),H3: Frozen Frontier / Call Options,planned,https://github.com/zquestz/s,https://worldwidebro.github.io/task-prioritization-ai/
484,EDU-040,Time Management Ai,SEC-032,Artificial Intelligence & ML,OpCo-032,05. Technology,Infrastructure Core (Platforms & AI),H3: Frozen Frontier / Call Options,planned,https://github.com/Worldwidebro/edu-040-time-management-ai,https://worldwidebro.github.io/time-management-ai/
485,V-0485,Meeting Minutes Ai,SEC-032,Artificial Intelligence & ML,OpCo-032,05. Technology,Infrastructure Core (Platforms & AI),H3: Frozen Frontier / Call Options,planned,https://github.com/zquestz/s,https://worldwidebro.github.io/meeting-minutes-ai/
486,V-0486,Document Translation Ai,SEC-032,Artificial Intelligence & ML,OpCo-032,05. Technology,Infrastructure Core (Platforms & AI),H3: Frozen Frontier / Call Options,planned,https://github.com/zquestz/s,https://worldwidebro.github.io/document-translation-ai/
487,V-0487,Form Automation Ai,SEC-032,Artificial Intelligence & ML,OpCo-032,05. Technology,Infrastructure Core (Platforms & AI),H3: Frozen Frontier / Call Options,planned,,NONE / DRAFTED
488,V-0488,Report Generation Ai,SEC-032,Artificial Intelligence & ML,OpCo-032,05. Technology,Infrastructure Core (Platforms & AI),H3: Frozen Frontier / Call Options,planned,,NONE / DRAFTED
489,V-0489,Dashboard Creation Ai,SEC-032,Artificial Intelligence & ML,OpCo-032,05. Technology,Infrastructure Core (Platforms & AI),H3: Frozen Frontier / Call Options,planned,https://github.com/agno-agi/dash,https://worldwidebro.github.io/dashboard-creation-ai/
490,V-0490,Analytics Platform Ai,SEC-032,Artificial Intelligence & ML,OpCo-032,05. Technology,Infrastructure Core (Platforms & AI),H3: Frozen Frontier / Call Options,planned,https://github.com/zquestz/s,https://worldwidebro.github.io/analytics-platform-ai/
491,V-0491,Data Cleaning Ai,SEC-032,Artificial Intelligence & ML,OpCo-032,05. Technology,Infrastructure Core (Platforms & AI),H3: Frozen Frontier / Call Options,planned,,NONE / DRAFTED
492,V-0492,Workflow Management Ai,SEC-032,Artificial Intelligence & ML,OpCo-032,05. Technology,Infrastructure Core (Platforms & AI),H3: Frozen Frontier / Call Options,planned,,NONE / DRAFTED
493,EDU-001,Youth Entrepreneurship Curriculum,SEC-005,Education & Training,OpCo-005,04. People,D2C & Digital Long Tail (Storefronts & Media),H3: Frozen Frontier / Call Options,planned,https://github.com/Worldwidebro/edu-001-youth-entrepreneurship-curriculum,https://worldwidebro.github.io/youth-entrepreneurship-curriculum/
494,EDU-002,Ai Literacy Program,SEC-032,Artificial Intelligence & ML,OpCo-032,05. Technology,Infrastructure Core (Platforms & AI),H3: Frozen Frontier / Call Options,planned,https://github.com/Worldwidebro/edu-002-ai-literacy-program,https://worldwidebro.github.io/ai-literacy-program/
495,EDU-003,Coding Mentor Certification,SEC-005,Education & Training,OpCo-005,04. People,D2C & Digital Long Tail (Storefronts & Media),H3: Frozen Frontier / Call Options,planned,https://github.com/Worldwidebro/edu-003-coding-mentor-certification,https://worldwidebro.github.io/coding-mentor-certification/
496,EDU-004,Real Estate Licensing Prep,SEC-005,Education & Training,OpCo-005,04. People,D2C & Digital Long Tail (Storefronts & Media),H3: Frozen Frontier / Call Options,planned,https://github.com/Worldwidebro/edu-004-real-estate-licensing-prep,https://worldwidebro.github.io/real-estate-licensing-prep/
497,EDU-005,Coding Bootcamp,SEC-005,Education & Training,OpCo-005,04. People,D2C & Digital Long Tail (Storefronts & Media),H3: Frozen Frontier / Call Options,planned,https://github.com/Worldwidebro/edu-005-coding-bootcamp,https://worldwidebro.github.io/coding-bootcamp/
498,EDU-006,Homeschooling Content Ai,SEC-032,Artificial Intelligence & ML,OpCo-032,05. Technology,Infrastructure Core (Platforms & AI),H3: Frozen Frontier / Call Options,planned,https://github.com/Worldwidebro/edu-006-homeschooling-content-ai,https://worldwidebro.github.io/homeschooling-content-ai/
499,EDU-007,Ai Tutoring Platform,SEC-032,Artificial Intelligence & ML,OpCo-032,05. Technology,Infrastructure Core (Platforms & AI),H3: Frozen Frontier / Call Options,planned,https://github.com/Worldwidebro/edu-007-ai-tutoring-platform,https://worldwidebro.github.io/ai-tutoring-platform/
500,EDU-008,Branding Templates Marketplace,SEC-005,Education & Training,OpCo-005,04. People,D2C & Digital Long Tail (Storefronts & Media),H3: Frozen Frontier / Call Options,planned,https://github.com/Worldwidebro/edu-008-branding-templates-marketplace,https://worldwidebro.github.io/branding-templates-marketplace/
501,EDU-009,Voiceover Script Library,SEC-005,Education & Training,OpCo-005,04. People,D2C & Digital Long Tail (Storefronts & Media),H3: Frozen Frontier / Call Options,planned,https://github.com/Worldwidebro/edu-009-voiceover-script-library,https://worldwidebro.github.io/voiceover-script-library/
502,EDU-010,Trade Skills Bootcamp,SEC-005,Education & Training,OpCo-005,04. People,D2C & Digital Long Tail (Storefronts & Media),H3: Frozen Frontier / Call Options,planned,https://github.com/Worldwidebro/edu-010-trade-skills-bootcamp,https://worldwidebro.github.io/trade-skills-bootcamp/
503,EDU-011,Franchise Blueprint System,SEC-005,Education & Training,OpCo-005,04. People,D2C & Digital Long Tail (Storefronts & Media),H3: Frozen Frontier / Call Options,planned,https://github.com/Worldwidebro/edu-011-franchise-blueprint-system,https://worldwidebro.github.io/franchise-blueprint-system/
504,EDU-012,Low Income Housing Blueprint,SEC-005,Education & Training,OpCo-005,04. People,D2C & Digital Long Tail (Storefronts & Media),H3: Frozen Frontier / Call Options,planned,https://github.com/Worldwidebro/edu-012-low-income-housing-blueprint,https://worldwidebro.github.io/low-income-housing-blueprint/
505,EDU-013,Automated Empire Book,SEC-005,Education & Training,OpCo-005,04. People,D2C & Digital Long Tail (Storefronts & Media),H3: Frozen Frontier / Call Options,planned,https://github.com/Worldwidebro/edu-013-automated-empire-book,https://worldwidebro.github.io/automated-empire-book/
506,EDU-014,Bipoc Creator Incubator,SEC-005,Education & Training,OpCo-005,04. People,D2C & Digital Long Tail (Storefronts & Media),H3: Frozen Frontier / Call Options,planned,https://github.com/Worldwidebro/edu-014-bipoc-creator-incubator,https://worldwidebro.github.io/bipoc-creator-incubator/
507,EDU-015,Ai Legal Doc Generator,SEC-032,Artificial Intelligence & ML,OpCo-032,05. Technology,Infrastructure Core (Platforms & AI),H3: Frozen Frontier / Call Options,planned,https://github.com/Worldwidebro/edu-015-ai-legal-doc-generator,https://worldwidebro.github.io/ai-legal-doc-generator/
508,EDU-016,Virtual Black Art Museum,SEC-005,Education & Training,OpCo-005,04. People,D2C & Digital Long Tail (Storefronts & Media),H3: Frozen Frontier / Call Options,planned,https://github.com/Worldwidebro/edu-016-virtual-black-art-museum,https://worldwidebro.github.io/virtual-black-art-museum/
509,EDU-017,Ai Coding Tutor,SEC-032,Artificial Intelligence & ML,OpCo-032,05. Technology,Infrastructure Core (Platforms & AI),H2: Fast-Follow Feeders,growth,https://github.com/Worldwidebro/edu-017-ai-coding-tutor,https://worldwidebro.github.io/ai-coding-tutor/
510,EDU-018,Online Course Creator,SEC-005,Education & Training,OpCo-005,04. People,D2C & Digital Long Tail (Storefronts & Media),H3: Frozen Frontier / Call Options,planned,https://github.com/Worldwidebro/edu-018-online-course-creator,https://worldwidebro.github.io/online-course-creator/
511,EDU-019,Executive Education Program,SEC-005,Education & Training,OpCo-005,04. People,D2C & Digital Long Tail (Storefronts & Media),H3: Frozen Frontier / Call Options,planned,https://github.com/Worldwidebro/edu-019-executive-education-program,https://worldwidebro.github.io/executive-education-program/
512,EDU-020,Youth Stem Program,SEC-005,Education & Training,OpCo-005,04. People,D2C & Digital Long Tail (Storefronts & Media),H3: Frozen Frontier / Call Options,planned,https://github.com/Worldwidebro/edu-020-youth-stem-program,https://worldwidebro.github.io/youth-stem-program/
513,EDU-021,Remote Work Certification,SEC-005,Education & Training,OpCo-005,04. People,D2C & Digital Long Tail (Storefronts & Media),H3: Frozen Frontier / Call Options,planned,https://github.com/Worldwidebro/edu-021-remote-work-certification,https://worldwidebro.github.io/remote-work-certification/
514,EDU-022,Ai Research Assistant,SEC-032,Artificial Intelligence & ML,OpCo-032,05. Technology,Infrastructure Core (Platforms & AI),H3: Frozen Frontier / Call Options,planned,https://github.com/Worldwidebro/edu-022-ai-research-assistant,https://worldwidebro.github.io/ai-research-assistant/
515,EDU-023,Personal Finance Coach,SEC-005,Education & Training,OpCo-005,04. People,D2C & Digital Long Tail (Storefronts & Media),H3: Frozen Frontier / Call Options,planned,https://github.com/Worldwidebro/edu-023-personal-finance-coach,https://worldwidebro.github.io/personal-finance-coach/
516,EDU-024,Language Learning Ai,SEC-032,Artificial Intelligence & ML,OpCo-032,05. Technology,Infrastructure Core (Platforms & AI),H3: Frozen Frontier / Call Options,planned,https://github.com/Worldwidebro/edu-024-language-learning-ai,https://worldwidebro.github.io/language-learning-ai/
517,EDU-025,Test Preparation Ai,SEC-032,Artificial Intelligence & ML,OpCo-032,05. Technology,Infrastructure Core (Platforms & AI),H3: Frozen Frontier / Call Options,planned,https://github.com/Worldwidebro/edu-025-test-preparation-ai,https://worldwidebro.github.io/test-preparation-ai/
518,EDU-026,Corporate Training Ai,SEC-032,Artificial Intelligence & ML,OpCo-032,05. Technology,Infrastructure Core (Platforms & AI),H3: Frozen Frontier / Call Options,planned,https://github.com/Worldwidebro/edu-026-corporate-training-ai,https://worldwidebro.github.io/corporate-training-ai/
519,EDU-027,Medical Education Ai,SEC-032,Artificial Intelligence & ML,OpCo-032,05. Technology,Infrastructure Core (Platforms & AI),H3: Frozen Frontier / Call Options,planned,https://github.com/Worldwidebro/edu-027-medical-education-ai,https://worldwidebro.github.io/medical-education-ai/
520,EDU-028,Legal Education Ai,SEC-032,Artificial Intelligence & ML,OpCo-032,05. Technology,Infrastructure Core (Platforms & AI),H3: Frozen Frontier / Call Options,planned,https://github.com/Worldwidebro/edu-028-legal-education-ai,https://worldwidebro.github.io/legal-education-ai/
521,EDU-029,Music Education Ai,SEC-032,Artificial Intelligence & ML,OpCo-032,05. Technology,Infrastructure Core (Platforms & AI),H3: Frozen Frontier / Call Options,planned,https://github.com/Worldwidebro/edu-029-music-education-ai,https://worldwidebro.github.io/music-education-ai/
522,EDU-030,Art Education Ai,SEC-032,Artificial Intelligence & ML,OpCo-032,05. Technology,Infrastructure Core (Platforms & AI),H3: Frozen Frontier / Call Options,planned,https://github.com/Worldwidebro/edu-030-art-education-ai,https://worldwidebro.github.io/art-education-ai/
523,EDU-031,Physical Education Ai,SEC-032,Artificial Intelligence & ML,OpCo-032,05. Technology,Infrastructure Core (Platforms & AI),H3: Frozen Frontier / Call Options,planned,https://github.com/Worldwidebro/edu-031-physical-education-ai,https://worldwidebro.github.io/physical-education-ai/
524,EDU-032,Environmental Education Ai,SEC-032,Artificial Intelligence & ML,OpCo-032,05. Technology,Infrastructure Core (Platforms & AI),H3: Frozen Frontier / Call Options,planned,https://github.com/Worldwidebro/edu-032-environmental-education-ai,https://worldwidebro.github.io/environmental-education-ai/
525,EDU-033,Social Studies Ai,SEC-032,Artificial Intelligence & ML,OpCo-032,05. Technology,Infrastructure Core (Platforms & AI),H3: Frozen Frontier / Call Options,planned,https://github.com/Worldwidebro/edu-033-social-studies-ai,https://worldwidebro.github.io/social-studies-ai/
526,EDU-034,Math Education Ai,SEC-032,Artificial Intelligence & ML,OpCo-032,05. Technology,Infrastructure Core (Platforms & AI),H3: Frozen Frontier / Call Options,planned,https://github.com/Worldwidebro/edu-034-math-education-ai,https://worldwidebro.github.io/math-education-ai/
527,EDU-035,Science Education Ai,SEC-032,Artificial Intelligence & ML,OpCo-032,05. Technology,Infrastructure Core (Platforms & AI),H3: Frozen Frontier / Call Options,planned,https://github.com/Worldwidebro/edu-035-science-education-ai,https://worldwidebro.github.io/science-education-ai/
528,EDU-036,Reading Comprehension Ai,SEC-032,Artificial Intelligence & ML,OpCo-032,05. Technology,Infrastructure Core (Platforms & AI),H3: Frozen Frontier / Call Options,planned,https://github.com/Worldwidebro/edu-036-reading-comprehension-ai,https://worldwidebro.github.io/reading-comprehension-ai/
529,EDU-037,Writing Instruction Ai,SEC-032,Artificial Intelligence & ML,OpCo-032,05. Technology,Infrastructure Core (Platforms & AI),H3: Frozen Frontier / Call Options,planned,https://github.com/Worldwidebro/edu-037-writing-instruction-ai,https://worldwidebro.github.io/writing-instruction-ai/
530,EDU-038,Critical Thinking Ai,SEC-032,Artificial Intelligence & ML,OpCo-032,05. Technology,Infrastructure Core (Platforms & AI),H3: Frozen Frontier / Call Options,planned,https://github.com/Worldwidebro/edu-038-critical-thinking-ai,https://worldwidebro.github.io/critical-thinking-ai/
531,EDU-039,Emotional Intelligence Ai,SEC-032,Artificial Intelligence & ML,OpCo-032,05. Technology,Infrastructure Core (Platforms & AI),H3: Frozen Frontier / Call Options,planned,https://github.com/Worldwidebro/edu-039-emotional-intelligence-ai,https://worldwidebro.github.io/emotional-intelligence-ai/
532,EDU-040,Time Management Ai,SEC-032,Artificial Intelligence & ML,OpCo-032,05. Technology,Infrastructure Core (Platforms & AI),H3: Frozen Frontier / Call Options,planned,https://github.com/Worldwidebro/edu-040-time-management-ai,https://worldwidebro.github.io/time-management-ai/
533,COMM-001,Luminary Worldwide Events,SEC-004,Content & Media,OpCo-004,09. Marketing,D2C & Digital Long Tail (Storefronts & Media),H3: Frozen Frontier / Call Options,planned,https://github.com/Worldwidebro/comm-001-luminary-worldwide-events,https://worldwidebro.github.io/luminary-worldwide-events/
534,COMM-002,Brotherhood Coaching Network,SEC-004,Content & Media,OpCo-004,09. Marketing,D2C & Digital Long Tail (Storefronts & Media),H3: Frozen Frontier / Call Options,planned,https://github.com/Worldwidebro/comm-002-brotherhood-coaching-network,https://worldwidebro.github.io/brotherhood-coaching-network/
535,COMM-003,Ace Senior Care Connect,SEC-004,Content & Media,OpCo-004,09. Marketing,D2C & Digital Long Tail (Storefronts & Media),H3: Frozen Frontier / Call Options,planned,https://github.com/Worldwidebro/comm-003-ace-senior-care-connect,https://worldwidebro.github.io/ace-senior-care-connect/
536,COMM-004,Community Outreach Nonprofit,SEC-004,Content & Media,OpCo-004,09. Marketing,D2C & Digital Long Tail (Storefronts & Media),H3: Frozen Frontier / Call Options,planned,https://github.com/Worldwidebro/comm-004-community-outreach-nonprofit,https://worldwidebro.github.io/community-outreach-nonprofit/
537,COMM-005,Ace Food Security Ai,SEC-032,Artificial Intelligence & ML,OpCo-032,05. Technology,Infrastructure Core (Platforms & AI),H3: Frozen Frontier / Call Options,planned,https://github.com/Worldwidebro/comm-005-ace-food-security-ai,https://worldwidebro.github.io/ace-food-security-ai/
538,COMM-006,Community Technology Access Ai,SEC-032,Artificial Intelligence & ML,OpCo-032,05. Technology,Infrastructure Core (Platforms & AI),H3: Frozen Frontier / Call Options,planned,https://github.com/Worldwidebro/comm-006-community-technology-access-ai,https://worldwidebro.github.io/community-technology-access-ai/
539,COMM-007,Youth Leadership Ai,SEC-032,Artificial Intelligence & ML,OpCo-032,05. Technology,Infrastructure Core (Platforms & AI),H3: Frozen Frontier / Call Options,planned,https://github.com/Worldwidebro/comm-007-youth-leadership-ai,https://worldwidebro.github.io/youth-leadership-ai/
540,COMM-008,Community Fundraising Ai,SEC-032,Artificial Intelligence & ML,OpCo-032,05. Technology,Infrastructure Core (Platforms & AI),H3: Frozen Frontier / Call Options,planned,https://github.com/Worldwidebro/comm-008-community-fundraising-ai,https://worldwidebro.github.io/community-fundraising-ai/
541,COMM-009,Volunteer Hub Ai,SEC-032,Artificial Intelligence & ML,OpCo-032,05. Technology,Infrastructure Core (Platforms & AI),H3: Frozen Frontier / Call Options,planned,https://github.com/Worldwidebro/comm-009-volunteer-hub-ai,https://worldwidebro.github.io/volunteer-hub-ai/
542,COMM-010,Disaster Relief Ai,SEC-032,Artificial Intelligence & ML,OpCo-032,05. Technology,Infrastructure Core (Platforms & AI),H3: Frozen Frontier / Call Options,planned,https://github.com/Worldwidebro/comm-010-disaster-relief-ai,https://worldwidebro.github.io/disaster-relief-ai/
543,COMM-011,Indigenous Creator Hub,SEC-004,Content & Media,OpCo-004,09. Marketing,D2C & Digital Long Tail (Storefronts & Media),H3: Frozen Frontier / Call Options,planned,https://github.com/Worldwidebro/comm-011-indigenous-creator-hub,https://worldwidebro.github.io/indigenous-creator-hub/
544,COMM-012,Black Art Museum Ai,SEC-032,Artificial Intelligence & ML,OpCo-032,05. Technology,Infrastructure Core (Platforms & AI),H3: Frozen Frontier / Call Options,planned,https://github.com/Worldwidebro/comm-012-black-art-museum-ai,https://worldwidebro.github.io/black-art-museum-ai/
545,COMM-013,Women S Empowerment Network,SEC-004,Content & Media,OpCo-004,09. Marketing,D2C & Digital Long Tail (Storefronts & Media),H3: Frozen Frontier / Call Options,planned,https://github.com/Worldwidebro/comm-013-women-s-empowerment-network,https://worldwidebro.github.io/women-s-empowerment-network/
546,COMM-014,Veterans Support Ai,SEC-032,Artificial Intelligence & ML,OpCo-032,05. Technology,Infrastructure Core (Platforms & AI),H3: Frozen Frontier / Call Options,planned,https://github.com/Worldwidebro/comm-014-veterans-support-ai,https://worldwidebro.github.io/veterans-support-ai/
547,COMM-015,Youth Mentorship Program,SEC-004,Content & Media,OpCo-004,09. Marketing,D2C & Digital Long Tail (Storefronts & Media),H3: Frozen Frontier / Call Options,planned,https://github.com/Worldwidebro/comm-015-youth-mentorship-program,https://worldwidebro.github.io/youth-mentorship-program/
548,COMM-016,Community Health Ai,SEC-032,Artificial Intelligence & ML,OpCo-032,05. Technology,Infrastructure Core (Platforms & AI),H3: Frozen Frontier / Call Options,planned,https://github.com/Worldwidebro/comm-016-community-health-ai,https://worldwidebro.github.io/community-health-ai/
549,COMM-017,Local Business Directory,SEC-004,Content & Media,OpCo-004,09. Marketing,D2C & Digital Long Tail (Storefronts & Media),H3: Frozen Frontier / Call Options,planned,https://github.com/Worldwidebro/comm-017-local-business-directory,https://worldwidebro.github.io/local-business-directory/
550,COMM-018,Neighborhood Watch Ai,SEC-032,Artificial Intelligence & ML,OpCo-032,05. Technology,Infrastructure Core (Platforms & AI),H3: Frozen Frontier / Call Options,planned,https://github.com/Worldwidebro/comm-018-neighborhood-watch-ai,https://worldwidebro.github.io/neighborhood-watch-ai/
551,COMM-019,Community Garden Ai,SEC-032,Artificial Intelligence & ML,OpCo-032,05. Technology,Infrastructure Core (Platforms & AI),H3: Frozen Frontier / Call Options,planned,https://github.com/Worldwidebro/comm-019-community-garden-ai,https://worldwidebro.github.io/community-garden-ai/
552,COMM-020,Public Transportation Ai,SEC-032,Artificial Intelligence & ML,OpCo-032,05. Technology,Infrastructure Core (Platforms & AI),H3: Frozen Frontier / Call Options,planned,https://github.com/Worldwidebro/comm-020-public-transportation-ai,https://worldwidebro.github.io/public-transportation-ai/
553,COMM-021,Housing Assistance Ai,SEC-032,Artificial Intelligence & ML,OpCo-032,05. Technology,Infrastructure Core (Platforms & AI),H3: Frozen Frontier / Call Options,planned,https://github.com/Worldwidebro/comm-021-housing-assistance-ai,https://worldwidebro.github.io/housing-assistance-ai/
554,COMM-022,Job Training Center,SEC-004,Content & Media,OpCo-004,09. Marketing,D2C & Digital Long Tail (Storefronts & Media),H3: Frozen Frontier / Call Options,planned,https://github.com/Worldwidebro/comm-022-job-training-center,https://worldwidebro.github.io/job-training-center/
555,COMM-023,Elder Companion Ai,SEC-032,Artificial Intelligence & ML,OpCo-032,05. Technology,Infrastructure Core (Platforms & AI),H3: Frozen Frontier / Call Options,planned,https://github.com/Worldwidebro/comm-023-elder-companion-ai,https://worldwidebro.github.io/elder-companion-ai/
556,COMM-024,Youth Sports Ai,SEC-032,Artificial Intelligence & ML,OpCo-032,05. Technology,Infrastructure Core (Platforms & AI),H3: Frozen Frontier / Call Options,planned,https://github.com/Worldwidebro/comm-024-youth-sports-ai,https://worldwidebro.github.io/youth-sports-ai/
557,COMM-025,Community Legal Aid,SEC-004,Content & Media,OpCo-004,09. Marketing,D2C & Digital Long Tail (Storefronts & Media),H3: Frozen Frontier / Call Options,planned,https://github.com/Worldwidebro/comm-025-community-legal-aid,https://worldwidebro.github.io/community-legal-aid/
558,COMM-026,Public Education Ai,SEC-032,Artificial Intelligence & ML,OpCo-032,05. Technology,Infrastructure Core (Platforms & AI),H3: Frozen Frontier / Call Options,planned,https://github.com/Worldwidebro/comm-026-public-education-ai,https://worldwidebro.github.io/public-education-ai/
559,COMM-027,Local Government Ai,SEC-032,Artificial Intelligence & ML,OpCo-032,05. Technology,Infrastructure Core (Platforms & AI),H3: Frozen Frontier / Call Options,planned,https://github.com/Worldwidebro/comm-027-local-government-ai,https://worldwidebro.github.io/local-government-ai/
560,COMM-028,Public Safety Ai,SEC-032,Artificial Intelligence & ML,OpCo-032,05. Technology,Infrastructure Core (Platforms & AI),H3: Frozen Frontier / Call Options,planned,https://github.com/Worldwidebro/comm-028-public-safety-ai,https://worldwidebro.github.io/public-safety-ai/
561,COMM-029,Community Wellness Ai,SEC-032,Artificial Intelligence & ML,OpCo-032,05. Technology,Infrastructure Core (Platforms & AI),H3: Frozen Frontier / Call Options,planned,https://github.com/Worldwidebro/comm-029-community-wellness-ai,https://worldwidebro.github.io/community-wellness-ai/
562,COMM-030,Cultural Exchange Ai,SEC-032,Artificial Intelligence & ML,OpCo-032,05. Technology,Infrastructure Core (Platforms & AI),H3: Frozen Frontier / Call Options,planned,https://github.com/Worldwidebro/comm-030-cultural-exchange-ai,https://worldwidebro.github.io/cultural-exchange-ai/
563,COMM-031,Community Investment Ai,SEC-032,Artificial Intelligence & ML,OpCo-032,05. Technology,Infrastructure Core (Platforms & AI),H3: Frozen Frontier / Call Options,planned,https://github.com/Worldwidebro/comm-031-community-investment-ai,https://worldwidebro.github.io/community-investment-ai/
564,COMM-032,Public Health Ai,SEC-032,Artificial Intelligence & ML,OpCo-032,05. Technology,Infrastructure Core (Platforms & AI),H3: Frozen Frontier / Call Options,planned,https://github.com/Worldwidebro/comm-032-public-health-ai,https://worldwidebro.github.io/public-health-ai/
565,COMM-033,Youth Innovation Hub,SEC-004,Content & Media,OpCo-004,09. Marketing,D2C & Digital Long Tail (Storefronts & Media),H3: Frozen Frontier / Call Options,planned,https://github.com/Worldwidebro/comm-033-youth-innovation-hub,https://worldwidebro.github.io/youth-innovation-hub/
566,COMM-034,Senior Tech Support,SEC-004,Content & Media,OpCo-004,09. Marketing,D2C & Digital Long Tail (Storefronts & Media),H3: Frozen Frontier / Call Options,planned,https://github.com/Worldwidebro/comm-034-senior-tech-support,https://worldwidebro.github.io/senior-tech-support/
567,COMM-035,Community Arts Ai,SEC-032,Artificial Intelligence & ML,OpCo-032,05. Technology,Infrastructure Core (Platforms & AI),H3: Frozen Frontier / Call Options,planned,https://github.com/Worldwidebro/comm-035-community-arts-ai,https://worldwidebro.github.io/community-arts-ai/
568,COMM-036,Public Infrastructure Ai,SEC-032,Artificial Intelligence & ML,OpCo-032,05. Technology,Infrastructure Core (Platforms & AI),H3: Frozen Frontier / Call Options,planned,https://github.com/Worldwidebro/comm-036-public-infrastructure-ai,https://worldwidebro.github.io/public-infrastructure-ai/
569,COMM-037,Neighborhood Development Ai,SEC-032,Artificial Intelligence & ML,OpCo-032,05. Technology,Infrastructure Core (Platforms & AI),H3: Frozen Frontier / Call Options,planned,https://github.com/Worldwidebro/comm-037-neighborhood-development-ai,https://worldwidebro.github.io/neighborhood-development-ai/
570,COMM-038,Community Policing Ai,SEC-032,Artificial Intelligence & ML,OpCo-032,05. Technology,Infrastructure Core (Platforms & AI),H3: Frozen Frontier / Call Options,planned,https://github.com/Worldwidebro/comm-038-community-policing-ai,https://worldwidebro.github.io/community-policing-ai/
571,COMM-039,Public Space Ai,SEC-032,Artificial Intelligence & ML,OpCo-032,05. Technology,Infrastructure Core (Platforms & AI),H3: Frozen Frontier / Call Options,planned,https://github.com/Worldwidebro/comm-039-public-space-ai,https://worldwidebro.github.io/public-space-ai/
572,COMM-040,Community Recycling Ai,SEC-032,Artificial Intelligence & ML,OpCo-032,05. Technology,Infrastructure Core (Platforms & AI),H3: Frozen Frontier / Call Options,planned,https://github.com/Worldwidebro/comm-040-community-recycling-ai,https://worldwidebro.github.io/community-recycling-ai/
573,COMM-041,Public Wi Fi Ai,SEC-032,Artificial Intelligence & ML,OpCo-032,05. Technology,Infrastructure Core (Platforms & AI),H3: Frozen Frontier / Call Options,planned,https://github.com/Worldwidebro/comm-041-public-wi-fi-ai,https://worldwidebro.github.io/public-wi-fi-ai/
574,COMM-042,Community Energy Ai,SEC-032,Artificial Intelligence & ML,OpCo-032,05. Technology,Infrastructure Core (Platforms & AI),H3: Frozen Frontier / Call Options,planned,https://github.com/Worldwidebro/comm-042-community-energy-ai,https://worldwidebro.github.io/community-energy-ai/
575,COMM-043,Local Food Network Ai,SEC-032,Artificial Intelligence & ML,OpCo-032,05. Technology,Infrastructure Core (Platforms & AI),H3: Frozen Frontier / Call Options,planned,https://github.com/Worldwidebro/comm-043-local-food-network-ai,https://worldwidebro.github.io/local-food-network-ai/
576,COMM-044,Community Volunteering Ai,SEC-032,Artificial Intelligence & ML,OpCo-032,05. Technology,Infrastructure Core (Platforms & AI),H3: Frozen Frontier / Call Options,planned,https://github.com/Worldwidebro/comm-044-community-volunteering-ai,https://worldwidebro.github.io/community-volunteering-ai/
577,COMM-045,Public Childcare Ai,SEC-032,Artificial Intelligence & ML,OpCo-032,05. Technology,Infrastructure Core (Platforms & AI),H3: Frozen Frontier / Call Options,planned,https://github.com/Worldwidebro/comm-045-public-childcare-ai,https://worldwidebro.github.io/public-childcare-ai/
578,COMM-046,Community Pet Care Ai,SEC-032,Artificial Intelligence & ML,OpCo-032,05. Technology,Infrastructure Core (Platforms & AI),H3: Frozen Frontier / Call Options,planned,https://github.com/Worldwidebro/comm-046-community-pet-care-ai,https://worldwidebro.github.io/community-pet-care-ai/
579,COMM-047,Public Fitness Ai,SEC-032,Artificial Intelligence & ML,OpCo-032,05. Technology,Infrastructure Core (Platforms & AI),H3: Frozen Frontier / Call Options,planned,https://github.com/Worldwidebro/comm-047-public-fitness-ai,https://worldwidebro.github.io/public-fitness-ai/
580,COMM-048,Community Transportation Ai,SEC-032,Artificial Intelligence & ML,OpCo-032,05. Technology,Infrastructure Core (Platforms & AI),H3: Frozen Frontier / Call Options,planned,https://github.com/Worldwidebro/comm-048-community-transportation-ai,https://worldwidebro.github.io/community-transportation-ai/
581,COMM-049,Public Event Ai,SEC-032,Artificial Intelligence & ML,OpCo-032,05. Technology,Infrastructure Core (Platforms & AI),H3: Frozen Frontier / Call Options,planned,https://github.com/Worldwidebro/comm-049-public-event-ai,https://worldwidebro.github.io/public-event-ai/
582,COMM-050,Community Cultural Ai,SEC-032,Artificial Intelligence & ML,OpCo-032,05. Technology,Infrastructure Core (Platforms & AI),H3: Frozen Frontier / Call Options,planned,https://github.com/Worldwidebro/comm-050-community-cultural-ai,https://worldwidebro.github.io/community-cultural-ai/
583,EM-001,Space Habitat Ai,SEC-032,Artificial Intelligence & ML,OpCo-032,05. Technology,Infrastructure Core (Platforms & AI),H3: Frozen Frontier / Call Options,planned,https://github.com/Worldwidebro/em-001-space-habitat-ai,https://worldwidebro.github.io/space-habitat-ai/
584,EM-002,Fusion Energy Ai,SEC-032,Artificial Intelligence & ML,OpCo-032,05. Technology,Infrastructure Core (Platforms & AI),H3: Frozen Frontier / Call Options,planned,https://github.com/Worldwidebro/em-002-fusion-energy-ai,https://worldwidebro.github.io/fusion-energy-ai/
585,EM-003,Teleportation Research Ai,SEC-032,Artificial Intelligence & ML,OpCo-032,05. Technology,Infrastructure Core (Platforms & AI),H3: Frozen Frontier / Call Options,planned,https://github.com/Worldwidebro/em-003-teleportation-research-ai,https://worldwidebro.github.io/teleportation-research-ai/
586,EM-004,Climate Solutions Ai,SEC-032,Artificial Intelligence & ML,OpCo-032,05. Technology,Infrastructure Core (Platforms & AI),H3: Frozen Frontier / Call Options,planned,https://github.com/Worldwidebro/em-004-climate-solutions-ai,https://worldwidebro.github.io/climate-solutions-ai/
587,EM-005,Holographic Events Ai,SEC-032,Artificial Intelligence & ML,OpCo-032,05. Technology,Infrastructure Core (Platforms & AI),H3: Frozen Frontier / Call Options,planned,https://github.com/Worldwidebro/em-005-holographic-events-ai,https://worldwidebro.github.io/holographic-events-ai/
588,EM-006,Neurofeedback Ai,SEC-032,Artificial Intelligence & ML,OpCo-032,05. Technology,Infrastructure Core (Platforms & AI),H3: Frozen Frontier / Call Options,planned,https://github.com/Worldwidebro/em-006-neurofeedback-ai,https://worldwidebro.github.io/neurofeedback-ai/
589,EM-007,Autonomous Delivery Ai,SEC-032,Artificial Intelligence & ML,OpCo-032,05. Technology,Infrastructure Core (Platforms & AI),H3: Frozen Frontier / Call Options,planned,https://github.com/Worldwidebro/em-007-autonomous-delivery-ai,https://worldwidebro.github.io/autonomous-delivery-ai/
590,EM-008,Gene Editing Ai,SEC-032,Artificial Intelligence & ML,OpCo-032,05. Technology,Infrastructure Core (Platforms & AI),H3: Frozen Frontier / Call Options,planned,https://github.com/Worldwidebro/em-008-gene-editing-ai,https://worldwidebro.github.io/gene-editing-ai/
591,EM-009,Space Tourism Ai,SEC-032,Artificial Intelligence & ML,OpCo-032,05. Technology,Infrastructure Core (Platforms & AI),H3: Frozen Frontier / Call Options,planned,https://github.com/Worldwidebro/em-009-space-tourism-ai,https://worldwidebro.github.io/space-tourism-ai/
592,EM-010,Wearables Ai,SEC-032,Artificial Intelligence & ML,OpCo-032,05. Technology,Infrastructure Core (Platforms & AI),H3: Frozen Frontier / Call Options,planned,https://github.com/Worldwidebro/em-010-wearables-ai,https://worldwidebro.github.io/wearables-ai/
593,EM-011,Metaverse Hub Ai,SEC-032,Artificial Intelligence & ML,OpCo-032,05. Technology,Infrastructure Core (Platforms & AI),H3: Frozen Frontier / Call Options,planned,https://github.com/Worldwidebro/em-011-metaverse-hub-ai,https://worldwidebro.github.io/metaverse-hub-ai/
594,EM-012,Energy Grid Ai,SEC-032,Artificial Intelligence & ML,OpCo-032,05. Technology,Infrastructure Core (Platforms & AI),H3: Frozen Frontier / Call Options,planned,https://github.com/Worldwidebro/em-012-energy-grid-ai,https://worldwidebro.github.io/energy-grid-ai/
595,EM-013,Brain Computer Interface,SEC-024,Technology & Software,OpCo-024,05. Technology,Infrastructure Core (Platforms & AI),H3: Frozen Frontier / Call Options,planned,https://github.com/Worldwidebro/em-013-brain-computer-interface,https://worldwidebro.github.io/brain-computer-interface/
596,EM-014,Ocean Cleanup Ai,SEC-032,Artificial Intelligence & ML,OpCo-032,05. Technology,Infrastructure Core (Platforms & AI),H3: Frozen Frontier / Call Options,planned,https://github.com/Worldwidebro/em-014-ocean-cleanup-ai,https://worldwidebro.github.io/ocean-cleanup-ai/
597,EM-015,Crypto Trading Ai,SEC-037,Capital & Quantitative Trading,OpCo-030,02. Finance & Capital,Infrastructure Core (Platforms & AI),H2: Fast-Follow Feeders,planned,https://github.com/Worldwidebro/em-015-crypto-trading-ai,https://worldwidebro.github.io/crypto-trading-ai/
598,EM-016,Synthetic Media Ai,SEC-032,Artificial Intelligence & ML,OpCo-032,05. Technology,Infrastructure Core (Platforms & AI),H3: Frozen Frontier / Call Options,planned,https://github.com/Worldwidebro/em-016-synthetic-media-ai,https://worldwidebro.github.io/synthetic-media-ai/
599,EM-017,Space Mining Ai,SEC-032,Artificial Intelligence & ML,OpCo-032,05. Technology,Infrastructure Core (Platforms & AI),H3: Frozen Frontier / Call Options,planned,https://github.com/Worldwidebro/em-017-space-mining-ai,https://worldwidebro.github.io/space-mining-ai/
600,EM-018,Vr Therapy Ai,SEC-032,Artificial Intelligence & ML,OpCo-032,05. Technology,Infrastructure Core (Platforms & AI),H3: Frozen Frontier / Call Options,planned,https://github.com/Worldwidebro/em-018-vr-therapy-ai,https://worldwidebro.github.io/vr-therapy-ai/
601,EM-019,Weather Prediction Ai,SEC-032,Artificial Intelligence & ML,OpCo-032,05. Technology,Infrastructure Core (Platforms & AI),H3: Frozen Frontier / Call Options,planned,https://github.com/Worldwidebro/em-019-weather-prediction-ai,https://worldwidebro.github.io/weather-prediction-ai/
602,EM-020,Autonomous Farming Ai,SEC-032,Artificial Intelligence & ML,OpCo-032,05. Technology,Infrastructure Core (Platforms & AI),H3: Frozen Frontier / Call Options,planned,https://github.com/Worldwidebro/em-020-autonomous-farming-ai,https://worldwidebro.github.io/autonomous-farming-ai/
603,EM-021,Traffic Optimizer Ai,SEC-032,Artificial Intelligence & ML,OpCo-032,05. Technology,Infrastructure Core (Platforms & AI),H3: Frozen Frontier / Call Options,planned,https://github.com/Worldwidebro/em-021-traffic-optimizer-ai,https://worldwidebro.github.io/traffic-optimizer-ai/
604,EM-022,Smart Grid Ai,SEC-032,Artificial Intelligence & ML,OpCo-032,05. Technology,Infrastructure Core (Platforms & AI),H3: Frozen Frontier / Call Options,planned,https://github.com/Worldwidebro/em-022-smart-grid-ai,https://worldwidebro.github.io/smart-grid-ai/
605,EM-023,Disaster Prediction Ai,SEC-032,Artificial Intelligence & ML,OpCo-032,05. Technology,Infrastructure Core (Platforms & AI),H3: Frozen Frontier / Call Options,planned,https://github.com/Worldwidebro/em-023-disaster-prediction-ai,https://worldwidebro.github.io/disaster-prediction-ai/
606,EM-024,Nanotech Ai,SEC-032,Artificial Intelligence & ML,OpCo-032,05. Technology,Infrastructure Core (Platforms & AI),H3: Frozen Frontier / Call Options,planned,https://github.com/Worldwidebro/em-024-nanotech-ai,https://worldwidebro.github.io/nanotech-ai/
607,EM-025,Personalized Medicine Ai,SEC-032,Artificial Intelligence & ML,OpCo-032,05. Technology,Infrastructure Core (Platforms & AI),H3: Frozen Frontier / Call Options,planned,https://github.com/Worldwidebro/em-025-personalized-medicine-ai,https://worldwidebro.github.io/personalized-medicine-ai/
608,EM-026,Ai Diagnostic Lab,SEC-032,Artificial Intelligence & ML,OpCo-032,05. Technology,Infrastructure Core (Platforms & AI),H3: Frozen Frontier / Call Options,planned,https://github.com/Worldwidebro/em-026-ai-diagnostic-lab,https://worldwidebro.github.io/ai-diagnostic-lab/
609,EM-027,Sustainable Cities Ai,SEC-032,Artificial Intelligence & ML,OpCo-032,05. Technology,Infrastructure Core (Platforms & AI),H3: Frozen Frontier / Call Options,planned,https://github.com/Worldwidebro/em-027-sustainable-cities-ai,https://worldwidebro.github.io/sustainable-cities-ai/
610,EM-028,Renewable Energy Ai,SEC-032,Artificial Intelligence & ML,OpCo-032,05. Technology,Infrastructure Core (Platforms & AI),H3: Frozen Frontier / Call Options,planned,https://github.com/Worldwidebro/em-028-renewable-energy-ai,https://worldwidebro.github.io/renewable-energy-ai/
611,EM-029,Climate Modeling Ai,SEC-032,Artificial Intelligence & ML,OpCo-032,05. Technology,Infrastructure Core (Platforms & AI),H3: Frozen Frontier / Call Options,planned,https://github.com/Worldwidebro/em-029-climate-modeling-ai,https://worldwidebro.github.io/climate-modeling-ai/
612,EM-030,Policy Advisor Ai,SEC-032,Artificial Intelligence & ML,OpCo-032,05. Technology,Infrastructure Core (Platforms & AI),H3: Frozen Frontier / Call Options,planned,https://github.com/Worldwidebro/em-030-policy-advisor-ai,https://worldwidebro.github.io/policy-advisor-ai/
613,EM-031,Governance Hub Ai,SEC-032,Artificial Intelligence & ML,OpCo-032,05. Technology,Infrastructure Core (Platforms & AI),H3: Frozen Frontier / Call Options,planned,https://github.com/Worldwidebro/em-031-governance-hub-ai,https://worldwidebro.github.io/governance-hub-ai/
614,EM-032,Global Challenges Ai,SEC-032,Artificial Intelligence & ML,OpCo-032,05. Technology,Infrastructure Core (Platforms & AI),H3: Frozen Frontier / Call Options,planned,https://github.com/Worldwidebro/em-032-global-challenges-ai,https://worldwidebro.github.io/global-challenges-ai/
615,EM-033,Space Exploration Ai,SEC-032,Artificial Intelligence & ML,OpCo-032,05. Technology,Infrastructure Core (Platforms & AI),H3: Frozen Frontier / Call Options,planned,https://github.com/Worldwidebro/em-033-space-exploration-ai,https://worldwidebro.github.io/space-exploration-ai/
616,EM-034,Education Equity Ai,SEC-032,Artificial Intelligence & ML,OpCo-032,05. Technology,Infrastructure Core (Platforms & AI),H3: Frozen Frontier / Call Options,planned,https://github.com/Worldwidebro/em-034-education-equity-ai,https://worldwidebro.github.io/education-equity-ai/
617,EM-035,Health Equity Ai,SEC-032,Artificial Intelligence & ML,OpCo-032,05. Technology,Infrastructure Core (Platforms & AI),H3: Frozen Frontier / Call Options,planned,https://github.com/Worldwidebro/em-035-health-equity-ai,https://worldwidebro.github.io/health-equity-ai/
618,EM-036,Economic Equity Ai,SEC-032,Artificial Intelligence & ML,OpCo-032,05. Technology,Infrastructure Core (Platforms & AI),H3: Frozen Frontier / Call Options,planned,https://github.com/Worldwidebro/em-036-economic-equity-ai,https://worldwidebro.github.io/economic-equity-ai/
619,EM-037,Environmental Justice Ai,SEC-032,Artificial Intelligence & ML,OpCo-032,05. Technology,Infrastructure Core (Platforms & AI),H3: Frozen Frontier / Call Options,planned,https://github.com/Worldwidebro/em-037-environmental-justice-ai,https://worldwidebro.github.io/environmental-justice-ai/
620,EM-038,Human Rights Ai,SEC-032,Artificial Intelligence & ML,OpCo-032,05. Technology,Infrastructure Core (Platforms & AI),H3: Frozen Frontier / Call Options,planned,https://github.com/Worldwidebro/em-038-human-rights-ai,https://worldwidebro.github.io/human-rights-ai/
621,EM-039,Peacebuilding Ai,SEC-032,Artificial Intelligence & ML,OpCo-032,05. Technology,Infrastructure Core (Platforms & AI),H3: Frozen Frontier / Call Options,planned,https://github.com/Worldwidebro/em-039-peacebuilding-ai,https://worldwidebro.github.io/peacebuilding-ai/
622,EM-040,Telemedicine Ai,SEC-032,Artificial Intelligence & ML,OpCo-032,05. Technology,Infrastructure Core (Platforms & AI),H3: Frozen Frontier / Call Options,planned,https://github.com/Worldwidebro/em-040-telemedicine-ai,https://worldwidebro.github.io/telemedicine-ai/
623,EM-041,Ai Climate Adaptation,SEC-032,Artificial Intelligence & ML,OpCo-032,05. Technology,Infrastructure Core (Platforms & AI),H3: Frozen Frontier / Call Options,planned,https://github.com/Worldwidebro/em-041-ai-climate-adaptation,https://worldwidebro.github.io/ai-climate-adaptation/
624,EM-042,Space Agriculture Ai,SEC-032,Artificial Intelligence & ML,OpCo-032,05. Technology,Infrastructure Core (Platforms & AI),H3: Frozen Frontier / Call Options,planned,https://github.com/Worldwidebro/em-042-space-agriculture-ai,https://worldwidebro.github.io/space-agriculture-ai/
625,EM-043,Quantum Communication Ai,SEC-032,Artificial Intelligence & ML,OpCo-032,05. Technology,Infrastructure Core (Platforms & AI),H3: Frozen Frontier / Call Options,planned,https://github.com/Worldwidebro/em-043-quantum-communication-ai,https://worldwidebro.github.io/quantum-communication-ai/
626,EM-044,Robotics Surgery Ai,SEC-032,Artificial Intelligence & ML,OpCo-032,05. Technology,Infrastructure Core (Platforms & AI),H3: Frozen Frontier / Call Options,planned,https://github.com/Worldwidebro/em-044-robotics-surgery-ai,https://worldwidebro.github.io/robotics-surgery-ai/
627,EM-045,Ai Disaster Response,SEC-032,Artificial Intelligence & ML,OpCo-032,05. Technology,Infrastructure Core (Platforms & AI),H3: Frozen Frontier / Call Options,planned,https://github.com/Worldwidebro/em-045-ai-disaster-response,https://worldwidebro.github.io/ai-disaster-response/
628,EM-046,Smart City Governance,SEC-024,Technology & Software,OpCo-024,05. Technology,Infrastructure Core (Platforms & AI),H3: Frozen Frontier / Call Options,planned,https://github.com/Worldwidebro/em-046-smart-city-governance,https://worldwidebro.github.io/smart-city-governance/
629,EM-047,Ai Environmental Monitoring,SEC-032,Artificial Intelligence & ML,OpCo-032,05. Technology,Infrastructure Core (Platforms & AI),H3: Frozen Frontier / Call Options,planned,https://github.com/Worldwidebro/em-047-ai-environmental-monitoring,https://worldwidebro.github.io/ai-environmental-monitoring/
630,EM-048,Space Manufacturing Ai,SEC-032,Artificial Intelligence & ML,OpCo-032,05. Technology,Infrastructure Core (Platforms & AI),H3: Frozen Frontier / Call Options,planned,https://github.com/Worldwidebro/em-048-space-manufacturing-ai,https://worldwidebro.github.io/space-manufacturing-ai/
631,EM-049,Ai Ocean Exploration,SEC-032,Artificial Intelligence & ML,OpCo-032,05. Technology,Infrastructure Core (Platforms & AI),H3: Frozen Frontier / Call Options,planned,https://github.com/Worldwidebro/em-049-ai-ocean-exploration,https://worldwidebro.github.io/ai-ocean-exploration/
632,EM-050,Ai Archaeology,SEC-032,Artificial Intelligence & ML,OpCo-032,05. Technology,Infrastructure Core (Platforms & AI),H3: Frozen Frontier / Call Options,planned,https://github.com/Worldwidebro/em-050-ai-archaeology,https://worldwidebro.github.io/ai-archaeology/
633,SPEC-001,Ai Auction House,SEC-032,Artificial Intelligence & ML,OpCo-032,05. Technology,Infrastructure Core (Platforms & AI),H3: Frozen Frontier / Call Options,planned,https://github.com/Worldwidebro/spec-001-ai-auction-house,https://worldwidebro.github.io/ai-auction-house/
634,V-0634,Smart Marina Management,SEC-024,Technology & Software,OpCo-024,05. Technology,Infrastructure Core (Platforms & AI),H3: Frozen Frontier / Call Options,planned,https://github.com/zquestz/s,https://worldwidebro.github.io/smart-marina-management/
635,V-0635,Ai Surf Report,SEC-032,Artificial Intelligence & ML,OpCo-032,05. Technology,Infrastructure Core (Platforms & AI),H3: Frozen Frontier / Call Options,planned,https://github.com/zquestz/s,https://worldwidebro.github.io/ai-surf-report/
636,V-0636,Private Chef Ai,SEC-032,Artificial Intelligence & ML,OpCo-032,05. Technology,Infrastructure Core (Platforms & AI),H3: Frozen Frontier / Call Options,planned,https://github.com/get-convex/chef,https://worldwidebro.github.io/private-chef-ai/
637,V-0637,Virtual Concierge Ai,SEC-032,Artificial Intelligence & ML,OpCo-032,05. Technology,Infrastructure Core (Platforms & AI),H3: Frozen Frontier / Call Options,planned,,NONE / DRAFTED
638,V-0638,Smart Parking Ai,SEC-032,Artificial Intelligence & ML,OpCo-032,05. Technology,Infrastructure Core (Platforms & AI),H3: Frozen Frontier / Call Options,planned,https://github.com/zquestz/s,https://worldwidebro.github.io/smart-parking-ai/
639,V-0639,Ai Interior Design,SEC-032,Artificial Intelligence & ML,OpCo-032,05. Technology,Infrastructure Core (Platforms & AI),H3: Frozen Frontier / Call Options,planned,https://github.com/zquestz/s,https://worldwidebro.github.io/ai-interior-design/
640,V-0640,Personal Stylist Ai,SEC-032,Artificial Intelligence & ML,OpCo-032,05. Technology,Infrastructure Core (Platforms & AI),H3: Frozen Frontier / Call Options,planned,https://github.com/zquestz/s,https://worldwidebro.github.io/personal-stylist-ai/
641,V-0641,Smart Locker System,SEC-024,Technology & Software,OpCo-024,05. Technology,Infrastructure Core (Platforms & AI),H3: Frozen Frontier / Call Options,planned,https://github.com/zquestz/s,https://worldwidebro.github.io/smart-locker-system/
642,V-0642,Ai Fitness Coach,SEC-032,Artificial Intelligence & ML,OpCo-032,05. Technology,Infrastructure Core (Platforms & AI),H3: Frozen Frontier / Call Options,planned,https://github.com/zquestz/s,https://worldwidebro.github.io/ai-fitness-coach/
643,V-0643,Smart Golf Caddie,SEC-024,Technology & Software,OpCo-024,05. Technology,Infrastructure Core (Platforms & AI),H3: Frozen Frontier / Call Options,planned,https://github.com/zquestz/s,https://worldwidebro.github.io/smart-golf-caddie/
644,V-0644,Ai Nutritionist,SEC-032,Artificial Intelligence & ML,OpCo-032,05. Technology,Infrastructure Core (Platforms & AI),H3: Frozen Frontier / Call Options,planned,https://github.com/zquestz/s,https://worldwidebro.github.io/ai-nutritionist/
645,V-0645,Smart Hotel Butler,SEC-013,Hospitality & Travel,OpCo-013,07. Operations,D2C & Digital Long Tail (Storefronts & Media),H3: Frozen Frontier / Call Options,planned,https://github.com/zquestz/s,https://worldwidebro.github.io/smart-hotel-butler/
646,V-0646,Ai Language Tutor,SEC-032,Artificial Intelligence & ML,OpCo-032,05. Technology,Infrastructure Core (Platforms & AI),H3: Frozen Frontier / Call Options,planned,,NONE / DRAFTED
647,V-0647,Smart Transportation Ai,SEC-032,Artificial Intelligence & ML,OpCo-032,05. Technology,Infrastructure Core (Platforms & AI),H3: Frozen Frontier / Call Options,planned,https://github.com/zquestz/s,https://worldwidebro.github.io/smart-transportation-ai/
648,V-0648,Ai Travel Planner,SEC-032,Artificial Intelligence & ML,OpCo-032,05. Technology,Infrastructure Core (Platforms & AI),H3: Frozen Frontier / Call Options,planned,,NONE / DRAFTED
649,SPEC-017,Smart Agriculture Ai,SEC-032,Artificial Intelligence & ML,OpCo-032,05. Technology,Infrastructure Core (Platforms & AI),H3: Frozen Frontier / Call Options,planned,https://github.com/Worldwidebro/spec-017-smart-agriculture-ai,https://worldwidebro.github.io/smart-agriculture-ai/
650,SPEC-018,Ai Personal Shopper,SEC-032,Artificial Intelligence & ML,OpCo-032,05. Technology,Infrastructure Core (Platforms & AI),H3: Frozen Frontier / Call Options,planned,https://github.com/Worldwidebro/spec-018-ai-personal-shopper,https://worldwidebro.github.io/ai-personal-shopper/
651,SPEC-019,Smart Home Security,SEC-024,Technology & Software,OpCo-024,05. Technology,Infrastructure Core (Platforms & AI),H3: Frozen Frontier / Call Options,planned,https://github.com/Worldwidebro/spec-019-smart-home-security,https://worldwidebro.github.io/smart-home-security/
652,V-0652,Ai Music Producer,SEC-032,Artificial Intelligence & ML,OpCo-032,05. Technology,Infrastructure Core (Platforms & AI),H3: Frozen Frontier / Call Options,planned,https://github.com/zquestz/s,https://worldwidebro.github.io/ai-music-producer/
653,V-0653,Smart Restaurant Ai,SEC-032,Artificial Intelligence & ML,OpCo-032,05. Technology,Infrastructure Core (Platforms & AI),H3: Frozen Frontier / Call Options,planned,https://github.com/zquestz/s,https://worldwidebro.github.io/smart-restaurant-ai/
654,V-0654,Ai Movie Critic,SEC-032,Artificial Intelligence & ML,OpCo-032,05. Technology,Infrastructure Core (Platforms & AI),H3: Frozen Frontier / Call Options,planned,,NONE / DRAFTED
655,V-0655,Smart Museum Guide,SEC-024,Technology & Software,OpCo-024,05. Technology,Infrastructure Core (Platforms & AI),H3: Frozen Frontier / Call Options,planned,https://github.com/zquestz/s,https://worldwidebro.github.io/smart-museum-guide/
656,V-0656,Ai Sports Analyst,SEC-032,Artificial Intelligence & ML,OpCo-032,05. Technology,Infrastructure Core (Platforms & AI),H3: Frozen Frontier / Call Options,planned,https://github.com/zquestz/s,https://worldwidebro.github.io/ai-sports-analyst/
657,V-0657,Smart Library Ai,SEC-032,Artificial Intelligence & ML,OpCo-032,05. Technology,Infrastructure Core (Platforms & AI),H3: Frozen Frontier / Call Options,planned,https://github.com/zquestz/s,https://worldwidebro.github.io/smart-library-ai/
658,V-0658,Ai Art Curator,SEC-032,Artificial Intelligence & ML,OpCo-032,05. Technology,Infrastructure Core (Platforms & AI),H3: Frozen Frontier / Call Options,planned,,NONE / DRAFTED
659,V-0659,Smart Fitness Ai,SEC-032,Artificial Intelligence & ML,OpCo-032,05. Technology,Infrastructure Core (Platforms & AI),H3: Frozen Frontier / Call Options,planned,https://github.com/zquestz/s,https://worldwidebro.github.io/smart-fitness-ai/
660,V-0660,Ai Poetry Generator,SEC-032,Artificial Intelligence & ML,OpCo-032,05. Technology,Infrastructure Core (Platforms & AI),H3: Frozen Frontier / Call Options,planned,https://github.com/python-poetry/poetry,https://worldwidebro.github.io/ai-poetry-generator/
661,V-0661,Smart Dating Ai,SEC-032,Artificial Intelligence & ML,OpCo-032,05. Technology,Infrastructure Core (Platforms & AI),H3: Frozen Frontier / Call Options,planned,https://github.com/zquestz/s,https://worldwidebro.github.io/smart-dating-ai/
662,V-0662,Ai Journalism Tool,SEC-032,Artificial Intelligence & ML,OpCo-032,05. Technology,Infrastructure Core (Platforms & AI),H3: Frozen Frontier / Call Options,planned,https://github.com/zquestz/s,https://worldwidebro.github.io/ai-journalism-tool/
663,V-0663,Smart Legal Ai,SEC-032,Artificial Intelligence & ML,OpCo-032,05. Technology,Infrastructure Core (Platforms & AI),H3: Frozen Frontier / Call Options,planned,https://github.com/zquestz/s,https://worldwidebro.github.io/smart-legal-ai/
664,V-0664,Ai Game Designer,SEC-032,Artificial Intelligence & ML,OpCo-032,05. Technology,Infrastructure Core (Platforms & AI),H2: Fast-Follow Feeders,growth,https://github.com/zquestz/s,https://worldwidebro.github.io/ai-game-designer/
665,V-0665,Smart Real Estate Ai,SEC-032,Artificial Intelligence & ML,OpCo-032,05. Technology,Infrastructure Core (Platforms & AI),H3: Frozen Frontier / Call Options,planned,https://github.com/zquestz/s,https://worldwidebro.github.io/smart-real-estate-ai/
666,V-0666,Ai Cooking Assistant,SEC-032,Artificial Intelligence & ML,OpCo-032,05. Technology,Infrastructure Core (Platforms & AI),H3: Frozen Frontier / Call Options,planned,https://github.com/zquestz/s,https://worldwidebro.github.io/ai-cooking-assistant/
667,V-0667,Smart Health Ai,SEC-032,Artificial Intelligence & ML,OpCo-032,05. Technology,Infrastructure Core (Platforms & AI),H3: Frozen Frontier / Call Options,planned,https://github.com/zquestz/s,https://worldwidebro.github.io/smart-health-ai/
668,V-0668,Ai Photography Tool,SEC-032,Artificial Intelligence & ML,OpCo-032,05. Technology,Infrastructure Core (Platforms & AI),H3: Frozen Frontier / Call Options,planned,,NONE / DRAFTED
669,V-0669,Smart Writing Ai,SEC-032,Artificial Intelligence & ML,OpCo-032,05. Technology,Infrastructure Core (Platforms & AI),H3: Frozen Frontier / Call Options,planned,https://github.com/zquestz/s,https://worldwidebro.github.io/smart-writing-ai/
670,SPEC-038,Ai Comedy Writer,SEC-032,Artificial Intelligence & ML,OpCo-032,05. Technology,Infrastructure Core (Platforms & AI),H3: Frozen Frontier / Call Options,planned,https://github.com/Worldwidebro/spec-038-ai-comedy-writer,https://worldwidebro.github.io/ai-comedy-writer/
671,V-0671,Smart Meditation Ai,SEC-032,Artificial Intelligence & ML,OpCo-032,05. Technology,Infrastructure Core (Platforms & AI),H3: Frozen Frontier / Call Options,planned,https://github.com/zquestz/s,https://worldwidebro.github.io/smart-meditation-ai/
672,V-0672,Ai Debate Coach,SEC-032,Artificial Intelligence & ML,OpCo-032,05. Technology,Infrastructure Core (Platforms & AI),H3: Frozen Frontier / Call Options,planned,,NONE / DRAFTED
673,V-0673,Smart Parenting Ai,SEC-032,Artificial Intelligence & ML,OpCo-032,05. Technology,Infrastructure Core (Platforms & AI),H3: Frozen Frontier / Call Options,planned,https://github.com/zquestz/s,https://worldwidebro.github.io/smart-parenting-ai/
674,V-0674,Ai Financial Advisor,SEC-032,Artificial Intelligence & ML,OpCo-032,05. Technology,Infrastructure Core (Platforms & AI),H3: Frozen Frontier / Call Options,planned,https://github.com/zquestz/s,https://worldwidebro.github.io/ai-financial-advisor/
675,V-0675,Smart Automotive Ai,SEC-032,Artificial Intelligence & ML,OpCo-032,05. Technology,Infrastructure Core (Platforms & AI),H3: Frozen Frontier / Call Options,planned,https://github.com/zquestz/s,https://worldwidebro.github.io/smart-automotive-ai/
676,V-0676,Ai Aviation Planner,SEC-032,Artificial Intelligence & ML,OpCo-032,05. Technology,Infrastructure Core (Platforms & AI),H3: Frozen Frontier / Call Options,planned,,NONE / DRAFTED
677,V-0677,Smart Maritime Ai,SEC-032,Artificial Intelligence & ML,OpCo-032,05. Technology,Infrastructure Core (Platforms & AI),H3: Frozen Frontier / Call Options,planned,https://github.com/zquestz/s,https://worldwidebro.github.io/smart-maritime-ai/
678,V-0678,Ai Weather Forecast,SEC-032,Artificial Intelligence & ML,OpCo-032,05. Technology,Infrastructure Core (Platforms & AI),H3: Frozen Frontier / Call Options,planned,https://github.com/zquestz/s,https://worldwidebro.github.io/ai-weather-forecast/
679,V-0679,Smart Energy Ai,SEC-032,Artificial Intelligence & ML,OpCo-032,05. Technology,Infrastructure Core (Platforms & AI),H3: Frozen Frontier / Call Options,planned,https://github.com/zquestz/s,https://worldwidebro.github.io/smart-energy-ai/
680,V-0680,Ai Sports Coach,SEC-032,Artificial Intelligence & ML,OpCo-032,05. Technology,Infrastructure Core (Platforms & AI),H3: Frozen Frontier / Call Options,planned,https://github.com/zquestz/s,https://worldwidebro.github.io/ai-sports-coach/
681,V-0681,Smart Education Ai,SEC-032,Artificial Intelligence & ML,OpCo-032,05. Technology,Infrastructure Core (Platforms & AI),H3: Frozen Frontier / Call Options,planned,https://github.com/zquestz/s,https://worldwidebro.github.io/smart-education-ai/
682,V-0682,Ai Language Translator,SEC-032,Artificial Intelligence & ML,OpCo-032,05. Technology,Infrastructure Core (Platforms & AI),H3: Frozen Frontier / Call Options,planned,https://github.com/zquestz/s,https://worldwidebro.github.io/ai-language-translator/
683,LT-024,Dist,SEC-008,Financial Services,OpCo-008,02. Finance & Capital,Contract Cash Flow (B2B Services),H2: Fast-Follow Feeders,planned,https://github.com/Worldwidebro/lt-024-distribution-company,https://worldwidebro.github.io/dist/
684,V-0684,Node_Modules,SEC-008,Financial Services,OpCo-008,02. Finance & Capital,Contract Cash Flow (B2B Services),H2: Fast-Follow Feeders,planned,https://github.com/zquestz/s,https://worldwidebro.github.io/node_modules/
685,COMM-049,Public,SEC-032,Artificial Intelligence & ML,OpCo-032,05. Technology,Infrastructure Core (Platforms & AI),H3: Frozen Frontier / Call Options,planned,https://github.com/Worldwidebro/comm-049-public-event-ai,https://worldwidebro.github.io/public/
686,V-0686,Src,SEC-008,Financial Services,OpCo-008,02. Finance & Capital,Contract Cash Flow (B2B Services),H2: Fast-Follow Feeders,planned,https://github.com/zquestz/s,https://worldwidebro.github.io/src/
687,V-0687,Supabase,SEC-008,Financial Services,OpCo-008,02. Finance & Capital,Contract Cash Flow (B2B Services),H2: Fast-Follow Feeders,planned,https://github.com/zquestz/s,https://worldwidebro.github.io/supabase/
688,V-0688,Unknown,SEC-024,Technology & Software,OpCo-024,05. Technology,Infrastructure Core (Platforms & AI),H3: Frozen Frontier / Call Options,unknown,,NONE / DRAFTED
689,FIN-001,GenixBank Lite,SEC-008,Financial Services,OpCo-008,02. Finance & Capital,Contract Cash Flow (B2B Services),H2: Fast-Follow Feeders,Ideation,https://github.com/Worldwidebro/fin-001-genixbank-lite,https://worldwidebro.github.io/genixbank-lite/
690,FIN-002,Credit Repair Automation,SEC-008,Financial Services,OpCo-008,02. Finance & Capital,Contract Cash Flow (B2B Services),H2: Fast-Follow Feeders,Ideation,https://github.com/Worldwidebro/fin-002-credit-repair-automation,https://worldwidebro.github.io/credit-repair-automation/
691,FIN-003,AI Boss Hub Lite,SEC-032,Artificial Intelligence & ML,OpCo-032,05. Technology,Infrastructure Core (Platforms & AI),H3: Frozen Frontier / Call Options,Ideation,https://github.com/Worldwidebro/fin-003-ai-boss-hub-lite,https://worldwidebro.github.io/ai-boss-hub-lite/
692,FIN-004,GenixBanks AI Treasurer,SEC-032,Artificial Intelligence & ML,OpCo-032,05. Technology,Infrastructure Core (Platforms & AI),H3: Frozen Frontier / Call Options,Ideation,https://github.com/Worldwidebro/fin-004-genixbanks-ai-treasurer,https://worldwidebro.github.io/genixbanks-ai-treasurer/
693,FIN-005,U-Haul Rental Affiliate,SEC-008,Financial Services,OpCo-008,02. Finance & Capital,Contract Cash Flow (B2B Services),H2: Fast-Follow Feeders,MVP,https://github.com/Worldwidebro/fin-005-u-haul-rental-affiliate,https://worldwidebro.github.io/u-haul-rental-affiliate/
694,V-0694,Tax Prep & Filing Services,SEC-008,Financial Services,OpCo-008,02. Finance & Capital,Contract Cash Flow (B2B Services),H2: Fast-Follow Feeders,Ideation,https://github.com/zquestz/s,https://worldwidebro.github.io/tax-prep-and-filing-services/
695,FIN-007,Business Credit Building,SEC-008,Financial Services,OpCo-008,02. Finance & Capital,Contract Cash Flow (B2B Services),H2: Fast-Follow Feeders,Ideation,https://github.com/Worldwidebro/fin-007-business-credit-building,https://worldwidebro.github.io/business-credit-building/
696,FIN-008,Business Formation Services,SEC-008,Financial Services,OpCo-008,02. Finance & Capital,Contract Cash Flow (B2B Services),H2: Fast-Follow Feeders,MVP,https://github.com/Worldwidebro/fin-008-business-formation-services,https://worldwidebro.github.io/business-formation-services/
697,FIN-009,Crypto Tax Optimizer,SEC-034,Decentralized & Web3,OpCo-034,02. Finance & Capital,D2C & Digital Long Tail (Storefronts & Media),H3: Frozen Frontier / Call Options,Ideation,https://github.com/Worldwidebro/fin-009-crypto-tax-optimizer,https://worldwidebro.github.io/crypto-tax-optimizer/
698,FIN-010,AI-Powered Garbage Collection,SEC-032,Artificial Intelligence & ML,OpCo-032,05. Technology,Infrastructure Core (Platforms & AI),H3: Frozen Frontier / Call Options,Ideation,https://github.com/Worldwidebro/fin-010-ai-powered-garbage-collection,https://worldwidebro.github.io/ai-powered-garbage-collection/
699,FIN-011,Automated Bookkeeping,SEC-008,Financial Services,OpCo-008,02. Finance & Capital,Contract Cash Flow (B2B Services),H2: Fast-Follow Feeders,Ideation,https://github.com/Worldwidebro/fin-011-automated-bookkeeping,https://worldwidebro.github.io/automated-bookkeeping/
700,FIN-012,Invoice Factoring AI,SEC-032,Artificial Intelligence & ML,OpCo-032,05. Technology,Infrastructure Core (Platforms & AI),H3: Frozen Frontier / Call Options,Ideation,https://github.com/Worldwidebro/fin-012-invoice-factoring-ai,https://worldwidebro.github.io/invoice-factoring-ai/
701,FIN-013,Charity Donation AI,SEC-032,Artificial Intelligence & ML,OpCo-032,05. Technology,Infrastructure Core (Platforms & AI),H3: Frozen Frontier / Call Options,Ideation,https://github.com/Worldwidebro/fin-013-charity-donation-ai,https://worldwidebro.github.io/charity-donation-ai/
702,FIN-014,Expense Tracker AI,SEC-032,Artificial Intelligence & ML,OpCo-032,05. Technology,Infrastructure Core (Platforms & AI),H3: Frozen Frontier / Call Options,Ideation,https://github.com/Worldwidebro/fin-014-expense-tracker-ai,https://worldwidebro.github.io/expense-tracker-ai/
703,FIN-015,Financial Wellness Coach,SEC-001,Beauty & Wellness,OpCo-001,07. Operations,D2C & Digital Long Tail (Storefronts & Media),H3: Frozen Frontier / Call Options,MVP,https://github.com/Worldwidebro/fin-015-financial-wellness-coach,https://worldwidebro.github.io/financial-wellness-coach/
704,FIN-016,Trade Finance AI,SEC-032,Artificial Intelligence & ML,OpCo-032,05. Technology,Infrastructure Core (Platforms & AI),H3: Frozen Frontier / Call Options,Ideation,https://github.com/Worldwidebro/fin-016-trade-finance-ai,https://worldwidebro.github.io/trade-finance-ai/
705,FIN-017,Remittance AI,SEC-032,Artificial Intelligence & ML,OpCo-032,05. Technology,Infrastructure Core (Platforms & AI),H3: Frozen Frontier / Call Options,Ideation,https://github.com/Worldwidebro/fin-017-remittance-ai,https://worldwidebro.github.io/remittance-ai/
706,FIN-018,Wealth Transfer AI,SEC-032,Artificial Intelligence & ML,OpCo-032,05. Technology,Infrastructure Core (Platforms & AI),H3: Frozen Frontier / Call Options,Ideation,https://github.com/Worldwidebro/fin-018-wealth-transfer-ai,https://worldwidebro.github.io/wealth-transfer-ai/
707,FIN-019,Payment Gateway AI,SEC-032,Artificial Intelligence & ML,OpCo-032,05. Technology,Infrastructure Core (Platforms & AI),H3: Frozen Frontier / Call Options,Ideation,https://github.com/Worldwidebro/fin-019-payment-gateway-ai,https://worldwidebro.github.io/payment-gateway-ai/
708,FIN-020,Debt Consolidation AI,SEC-032,Artificial Intelligence & ML,OpCo-032,05. Technology,Infrastructure Core (Platforms & AI),H3: Frozen Frontier / Call Options,Ideation,https://github.com/Worldwidebro/fin-020-debt-consolidation-ai,https://worldwidebro.github.io/debt-consolidation-ai/
709,FIN-021,Tax Deduction Finder,SEC-008,Financial Services,OpCo-008,02. Finance & Capital,Contract Cash Flow (B2B Services),H2: Fast-Follow Feeders,Ideation,https://github.com/Worldwidebro/fin-021-tax-deduction-finder,https://worldwidebro.github.io/tax-deduction-finder/
710,FIN-022,Budget Forecasting AI,SEC-032,Artificial Intelligence & ML,OpCo-032,05. Technology,Infrastructure Core (Platforms & AI),H3: Frozen Frontier / Call Options,Ideation,https://github.com/Worldwidebro/fin-022-budget-forecasting-ai,https://worldwidebro.github.io/budget-forecasting-ai/
711,FIN-023,Investment Portfolio AI,SEC-032,Artificial Intelligence & ML,OpCo-032,05. Technology,Infrastructure Core (Platforms & AI),H3: Frozen Frontier / Call Options,Ideation,https://github.com/Worldwidebro/fin-023-investment-portfolio-ai,https://worldwidebro.github.io/investment-portfolio-ai/
712,FIN-024,Crowdfunding AI,SEC-032,Artificial Intelligence & ML,OpCo-032,05. Technology,Infrastructure Core (Platforms & AI),H3: Frozen Frontier / Call Options,Ideation,https://github.com/Worldwidebro/fin-024-crowdfunding-ai,https://worldwidebro.github.io/crowdfunding-ai/
713,FIN-025,Escrow Automation,SEC-008,Financial Services,OpCo-008,02. Finance & Capital,Contract Cash Flow (B2B Services),H2: Fast-Follow Feeders,Ideation,https://github.com/Worldwidebro/fin-025-escrow-automation,https://worldwidebro.github.io/escrow-automation/
714,FIN-026,Financial Compliance Scanner,SEC-008,Financial Services,OpCo-008,02. Finance & Capital,Contract Cash Flow (B2B Services),H2: Fast-Follow Feeders,Ideation,https://github.com/Worldwidebro/fin-026-financial-compliance-scanner,https://worldwidebro.github.io/financial-compliance-scanner/
715,FIN-027,Patent Writer AI,SEC-032,Artificial Intelligence & ML,OpCo-032,05. Technology,Infrastructure Core (Platforms & AI),H3: Frozen Frontier / Call Options,Ideation,https://github.com/Worldwidebro/fin-027-patent-writer-ai,https://worldwidebro.github.io/patent-writer-ai/
716,FIN-028,Legal Analyzer AI,SEC-032,Artificial Intelligence & ML,OpCo-032,05. Technology,Infrastructure Core (Platforms & AI),H3: Frozen Frontier / Call Options,Ideation,https://github.com/Worldwidebro/fin-028-legal-analyzer-ai,https://worldwidebro.github.io/legal-analyzer-ai/
717,FIN-029,Compliance Wallet SaaS,SEC-008,Financial Services,OpCo-008,02. Finance & Capital,Contract Cash Flow (B2B Services),H2: Fast-Follow Feeders,Ideation,https://github.com/Worldwidebro/fin-029-compliance-wallet-saas,https://worldwidebro.github.io/compliance-wallet-saas/
718,FIN-030,Local SEO Ranker AI,SEC-032,Artificial Intelligence & ML,OpCo-032,05. Technology,Infrastructure Core (Platforms & AI),H3: Frozen Frontier / Call Options,Ideation,https://github.com/Worldwidebro/fin-030-local-seo-ranker-ai,https://worldwidebro.github.io/local-seo-ranker-ai/
719,FIN-031,Investor Dashboard Builder,SEC-002,Construction & Infrastructure,OpCo-002,10. Assets & Investments,Asset-Backed Moat (Physical Ops),H2: Fast-Follow Feeders,Ideation,https://github.com/Worldwidebro/fin-031-investor-dashboard-builder,https://worldwidebro.github.io/investor-dashboard-builder/
720,FIN-032,Legal Toolkit AI,SEC-032,Artificial Intelligence & ML,OpCo-032,05. Technology,Infrastructure Core (Platforms & AI),H3: Frozen Frontier / Call Options,Ideation,https://github.com/Worldwidebro/fin-032-legal-toolkit-ai,https://worldwidebro.github.io/legal-toolkit-ai/
721,FIN-033,AI Tax Preparation Service,SEC-032,Artificial Intelligence & ML,OpCo-032,05. Technology,Infrastructure Core (Platforms & AI),H3: Frozen Frontier / Call Options,Ideation,https://github.com/Worldwidebro/fin-033-ai-tax-preparation-service,https://worldwidebro.github.io/ai-tax-preparation-service/
722,FIN-034,Payroll Automation,SEC-008,Financial Services,OpCo-008,02. Finance & Capital,Contract Cash Flow (B2B Services),H2: Fast-Follow Feeders,Ideation,https://github.com/Worldwidebro/fin-034-payroll-automation,https://worldwidebro.github.io/payroll-automation/
723,FIN-035,Insurance Underwriting AI,SEC-032,Artificial Intelligence & ML,OpCo-032,05. Technology,Infrastructure Core (Platforms & AI),H3: Frozen Frontier / Call Options,Ideation,https://github.com/Worldwidebro/fin-035-insurance-underwriting-ai,https://worldwidebro.github.io/insurance-underwriting-ai/
724,EC-001,Angels in Daylight,SEC-029,Marketplace & Platform,OpCo-029,08. Revenue,D2C & Digital Long Tail (Storefronts & Media),H3: Frozen Frontier / Call Options,MVP,https://github.com/Worldwidebro/ec-001-angels-in-daylight,https://worldwidebro.github.io/angels-in-daylight/
725,EC-002,New World Apparel,SEC-021,Retail & E-commerce,OpCo-021,08. Revenue,D2C & Digital Long Tail (Storefronts & Media),H3: Frozen Frontier / Call Options,MVP,https://github.com/Worldwidebro/ec-002-new-world-apparel,https://worldwidebro.github.io/new-world-apparel/
726,EC-003,Shopify Autopilot,SEC-021,Retail & E-commerce,OpCo-021,08. Revenue,D2C & Digital Long Tail (Storefronts & Media),H3: Frozen Frontier / Call Options,MVP,https://github.com/Worldwidebro/ec-003-shopify-autopilot,https://worldwidebro.github.io/shopify-autopilot/
727,EC-004,Shoe Customizer,SEC-029,Marketplace & Platform,OpCo-029,08. Revenue,D2C & Digital Long Tail (Storefronts & Media),H3: Frozen Frontier / Call Options,Ideation,https://github.com/Worldwidebro/ec-004-shoe-customizer,https://worldwidebro.github.io/shoe-customizer/
728,EC-005,Sunglasses AI,SEC-032,Artificial Intelligence & ML,OpCo-032,05. Technology,Infrastructure Core (Platforms & AI),H3: Frozen Frontier / Call Options,Ideation,https://github.com/Worldwidebro/ec-005-sunglasses-ai,https://worldwidebro.github.io/sunglasses-ai/
729,EC-006,Dropship Hub,SEC-029,Marketplace & Platform,OpCo-029,08. Revenue,D2C & Digital Long Tail (Storefronts & Media),H3: Frozen Frontier / Call Options,MVP,https://github.com/Worldwidebro/ec-006-dropship-hub,https://worldwidebro.github.io/dropship-hub/
730,EC-007,Personal Shopper AI,SEC-032,Artificial Intelligence & ML,OpCo-032,05. Technology,Infrastructure Core (Platforms & AI),H3: Frozen Frontier / Call Options,Ideation,https://github.com/Worldwidebro/ec-007-personal-shopper-ai,https://worldwidebro.github.io/personal-shopper-ai/
731,EC-008,Custom Sneaker AI,SEC-032,Artificial Intelligence & ML,OpCo-032,05. Technology,Infrastructure Core (Platforms & AI),H3: Frozen Frontier / Call Options,Ideation,https://github.com/Worldwidebro/ec-008-custom-sneaker-ai,https://worldwidebro.github.io/custom-sneaker-ai/
732,EC-009,Sustainable Fashion AI,SEC-032,Artificial Intelligence & ML,OpCo-032,05. Technology,Infrastructure Core (Platforms & AI),H3: Frozen Frontier / Call Options,Ideation,https://github.com/Worldwidebro/ec-009-sustainable-fashion-ai,https://worldwidebro.github.io/sustainable-fashion-ai/
733,EC-010,Jewelry Designer AI,SEC-032,Artificial Intelligence & ML,OpCo-032,05. Technology,Infrastructure Core (Platforms & AI),H3: Frozen Frontier / Call Options,Ideation,https://github.com/Worldwidebro/ec-010-jewelry-designer-ai,https://worldwidebro.github.io/jewelry-designer-ai/
734,EC-003,Shopify Autopilot,SEC-021,Retail & E-commerce,OpCo-021,08. Revenue,D2C & Digital Long Tail (Storefronts & Media),H3: Frozen Frontier / Call Options,MVP,https://github.com/Worldwidebro/ec-003-shopify-autopilot,https://worldwidebro.github.io/shopify-autopilot/
735,MC-017,Online Course Platform,SEC-005,Education & Training,OpCo-005,04. People,D2C & Digital Long Tail (Storefronts & Media),H3: Frozen Frontier / Call Options,Ideation,https://github.com/Worldwidebro/mc-017-online-course-platform,https://worldwidebro.github.io/online-course-platform/
736,V-0736,Local Community Hub,SEC-004,Content & Media,OpCo-004,09. Marketing,D2C & Digital Long Tail (Storefronts & Media),H3: Frozen Frontier / Call Options,Ideation,,NONE / DRAFTED
737,V-0737,Process Automation Suite,SEC-019,Marketing & Advertising,OpCo-019,09. Marketing,D2C & Digital Long Tail (Storefronts & Media),H3: Frozen Frontier / Call Options,Ideation,https://github.com/zquestz/s,https://worldwidebro.github.io/process-automation-suite/
738,V-0738,Blockchain Commerce Platform,SEC-034,Decentralized & Web3,OpCo-034,02. Finance & Capital,D2C & Digital Long Tail (Storefronts & Media),H3: Frozen Frontier / Call Options,Ideation,https://github.com/hcengineering/platform,https://worldwidebro.github.io/blockchain-commerce-platform/
739,FIN-001,GenixBank Lite,SEC-008,Financial Services,OpCo-008,02. Finance & Capital,Contract Cash Flow (B2B Services),H2: Fast-Follow Feeders,unknown,https://github.com/Worldwidebro/fin-001-genixbank-lite,https://worldwidebro.github.io/genixbank-lite/
740,FIN-002,Credit Repair Automation,SEC-008,Financial Services,OpCo-008,02. Finance & Capital,Contract Cash Flow (B2B Services),H2: Fast-Follow Feeders,unknown,https://github.com/Worldwidebro/fin-002-credit-repair-automation,https://worldwidebro.github.io/credit-repair-automation/
741,FIN-003,AI Boss Hub Lite,SEC-032,Artificial Intelligence & ML,OpCo-032,05. Technology,Infrastructure Core (Platforms & AI),H3: Frozen Frontier / Call Options,unknown,https://github.com/Worldwidebro/fin-003-ai-boss-hub-lite,https://worldwidebro.github.io/ai-boss-hub-lite/
742,FIN-004,GenixBanks AI Treasurer,SEC-032,Artificial Intelligence & ML,OpCo-032,05. Technology,Infrastructure Core (Platforms & AI),H3: Frozen Frontier / Call Options,unknown,https://github.com/Worldwidebro/fin-004-genixbanks-ai-treasurer,https://worldwidebro.github.io/genixbanks-ai-treasurer/
743,FIN-005,U-Haul Rental Affiliate,SEC-017,Logistics & Transportation,OpCo-017,07. Operations,Asset-Backed Moat (Physical Ops),H2: Fast-Follow Feeders,unknown,https://github.com/Worldwidebro/fin-005-u-haul-rental-affiliate,https://worldwidebro.github.io/u-haul-rental-affiliate/
744,V-0744,Tax Prep & Filing Services,SEC-008,Financial Services,OpCo-008,02. Finance & Capital,Contract Cash Flow (B2B Services),H2: Fast-Follow Feeders,unknown,https://github.com/zquestz/s,https://worldwidebro.github.io/tax-prep-and-filing-services/
745,FIN-007,Business Credit Building,SEC-008,Financial Services,OpCo-008,02. Finance & Capital,Contract Cash Flow (B2B Services),H2: Fast-Follow Feeders,unknown,https://github.com/Worldwidebro/fin-007-business-credit-building,https://worldwidebro.github.io/business-credit-building/
746,FIN-008,Business Formation Services,SEC-016,Legal & Compliance,OpCo-016,03. Legal & Risk,Contract Cash Flow (B2B Services),H3: Frozen Frontier / Call Options,unknown,https://github.com/Worldwidebro/fin-008-business-formation-services,https://worldwidebro.github.io/business-formation-services/
747,FIN-009,Crypto Tax Optimizer,SEC-034,Decentralized & Web3,OpCo-034,02. Finance & Capital,D2C & Digital Long Tail (Storefronts & Media),H3: Frozen Frontier / Call Options,unknown,https://github.com/Worldwidebro/fin-009-crypto-tax-optimizer,https://worldwidebro.github.io/crypto-tax-optimizer/
748,FIN-010,AI-Powered Garbage Collection,SEC-032,Artificial Intelligence & ML,OpCo-032,05. Technology,Infrastructure Core (Platforms & AI),H3: Frozen Frontier / Call Options,unknown,https://github.com/Worldwidebro/fin-010-ai-powered-garbage-collection,https://worldwidebro.github.io/ai-powered-garbage-collection/
749,FIN-011,Automated Bookkeeping,SEC-008,Financial Services,OpCo-008,02. Finance & Capital,Contract Cash Flow (B2B Services),H2: Fast-Follow Feeders,unknown,https://github.com/Worldwidebro/fin-011-automated-bookkeeping,https://worldwidebro.github.io/automated-bookkeeping/
750,FIN-012,Invoice Factoring AI,SEC-032,Artificial Intelligence & ML,OpCo-032,05. Technology,Infrastructure Core (Platforms & AI),H3: Frozen Frontier / Call Options,unknown,https://github.com/Worldwidebro/fin-012-invoice-factoring-ai,https://worldwidebro.github.io/invoice-factoring-ai/
751,FIN-013,Charity Donation AI,SEC-032,Artificial Intelligence & ML,OpCo-032,05. Technology,Infrastructure Core (Platforms & AI),H3: Frozen Frontier / Call Options,unknown,https://github.com/Worldwidebro/fin-013-charity-donation-ai,https://worldwidebro.github.io/charity-donation-ai/
752,FIN-014,Expense Tracker AI,SEC-032,Artificial Intelligence & ML,OpCo-032,05. Technology,Infrastructure Core (Platforms & AI),H3: Frozen Frontier / Call Options,unknown,https://github.com/Worldwidebro/fin-014-expense-tracker-ai,https://worldwidebro.github.io/expense-tracker-ai/
753,FIN-015,Financial Wellness Coach,SEC-001,Beauty & Wellness,OpCo-001,07. Operations,D2C & Digital Long Tail (Storefronts & Media),H3: Frozen Frontier / Call Options,unknown,https://github.com/Worldwidebro/fin-015-financial-wellness-coach,https://worldwidebro.github.io/financial-wellness-coach/
754,FIN-016,Trade Finance AI,SEC-032,Artificial Intelligence & ML,OpCo-032,05. Technology,Infrastructure Core (Platforms & AI),H3: Frozen Frontier / Call Options,unknown,https://github.com/Worldwidebro/fin-016-trade-finance-ai,https://worldwidebro.github.io/trade-finance-ai/
755,FIN-017,Remittance AI,SEC-032,Artificial Intelligence & ML,OpCo-032,05. Technology,Infrastructure Core (Platforms & AI),H3: Frozen Frontier / Call Options,unknown,https://github.com/Worldwidebro/fin-017-remittance-ai,https://worldwidebro.github.io/remittance-ai/
756,FIN-018,Wealth Transfer AI,SEC-032,Artificial Intelligence & ML,OpCo-032,05. Technology,Infrastructure Core (Platforms & AI),H3: Frozen Frontier / Call Options,unknown,https://github.com/Worldwidebro/fin-018-wealth-transfer-ai,https://worldwidebro.github.io/wealth-transfer-ai/
757,FIN-019,Payment Gateway AI,SEC-032,Artificial Intelligence & ML,OpCo-032,05. Technology,Infrastructure Core (Platforms & AI),H3: Frozen Frontier / Call Options,unknown,https://github.com/Worldwidebro/fin-019-payment-gateway-ai,https://worldwidebro.github.io/payment-gateway-ai/
758,FIN-020,Debt Consolidation AI,SEC-032,Artificial Intelligence & ML,OpCo-032,05. Technology,Infrastructure Core (Platforms & AI),H3: Frozen Frontier / Call Options,unknown,https://github.com/Worldwidebro/fin-020-debt-consolidation-ai,https://worldwidebro.github.io/debt-consolidation-ai/
759,FIN-021,Tax Deduction Finder,SEC-008,Financial Services,OpCo-008,02. Finance & Capital,Contract Cash Flow (B2B Services),H2: Fast-Follow Feeders,unknown,https://github.com/Worldwidebro/fin-021-tax-deduction-finder,https://worldwidebro.github.io/tax-deduction-finder/
760,FIN-022,Budget Forecasting AI,SEC-032,Artificial Intelligence & ML,OpCo-032,05. Technology,Infrastructure Core (Platforms & AI),H3: Frozen Frontier / Call Options,unknown,https://github.com/Worldwidebro/fin-022-budget-forecasting-ai,https://worldwidebro.github.io/budget-forecasting-ai/
761,FIN-023,Investment Portfolio AI,SEC-032,Artificial Intelligence & ML,OpCo-032,05. Technology,Infrastructure Core (Platforms & AI),H3: Frozen Frontier / Call Options,unknown,https://github.com/Worldwidebro/fin-023-investment-portfolio-ai,https://worldwidebro.github.io/investment-portfolio-ai/
762,FIN-024,Crowdfunding AI,SEC-032,Artificial Intelligence & ML,OpCo-032,05. Technology,Infrastructure Core (Platforms & AI),H3: Frozen Frontier / Call Options,unknown,https://github.com/Worldwidebro/fin-024-crowdfunding-ai,https://worldwidebro.github.io/crowdfunding-ai/
763,FIN-025,Escrow Automation,SEC-008,Financial Services,OpCo-008,02. Finance & Capital,Contract Cash Flow (B2B Services),H2: Fast-Follow Feeders,unknown,https://github.com/Worldwidebro/fin-025-escrow-automation,https://worldwidebro.github.io/escrow-automation/
764,FIN-026,Financial Compliance Scanner,SEC-008,Financial Services,OpCo-008,02. Finance & Capital,Contract Cash Flow (B2B Services),H2: Fast-Follow Feeders,unknown,https://github.com/Worldwidebro/fin-026-financial-compliance-scanner,https://worldwidebro.github.io/financial-compliance-scanner/
765,FIN-027,Patent Writer AI,SEC-032,Artificial Intelligence & ML,OpCo-032,05. Technology,Infrastructure Core (Platforms & AI),H3: Frozen Frontier / Call Options,unknown,https://github.com/Worldwidebro/fin-027-patent-writer-ai,https://worldwidebro.github.io/patent-writer-ai/
766,FIN-028,Legal Analyzer AI,SEC-032,Artificial Intelligence & ML,OpCo-032,05. Technology,Infrastructure Core (Platforms & AI),H3: Frozen Frontier / Call Options,unknown,https://github.com/Worldwidebro/fin-028-legal-analyzer-ai,https://worldwidebro.github.io/legal-analyzer-ai/
767,FIN-029,Compliance Wallet SaaS,SEC-016,Legal & Compliance,OpCo-016,03. Legal & Risk,Contract Cash Flow (B2B Services),H3: Frozen Frontier / Call Options,unknown,https://github.com/Worldwidebro/fin-029-compliance-wallet-saas,https://worldwidebro.github.io/compliance-wallet-saas/
768,FIN-030,Local SEO Ranker AI,SEC-032,Artificial Intelligence & ML,OpCo-032,05. Technology,Infrastructure Core (Platforms & AI),H3: Frozen Frontier / Call Options,unknown,https://github.com/Worldwidebro/fin-030-local-seo-ranker-ai,https://worldwidebro.github.io/local-seo-ranker-ai/
769,FIN-031,Investor Dashboard Builder,SEC-002,Construction & Infrastructure,OpCo-002,10. Assets & Investments,Asset-Backed Moat (Physical Ops),H2: Fast-Follow Feeders,unknown,https://github.com/Worldwidebro/fin-031-investor-dashboard-builder,https://worldwidebro.github.io/investor-dashboard-builder/
770,FIN-032,Legal Toolkit AI,SEC-032,Artificial Intelligence & ML,OpCo-032,05. Technology,Infrastructure Core (Platforms & AI),H3: Frozen Frontier / Call Options,unknown,https://github.com/Worldwidebro/fin-032-legal-toolkit-ai,https://worldwidebro.github.io/legal-toolkit-ai/
771,FIN-033,AI Tax Preparation Service,SEC-032,Artificial Intelligence & ML,OpCo-032,05. Technology,Infrastructure Core (Platforms & AI),H3: Frozen Frontier / Call Options,unknown,https://github.com/Worldwidebro/fin-033-ai-tax-preparation-service,https://worldwidebro.github.io/ai-tax-preparation-service/
772,FIN-034,Payroll Automation,SEC-008,Financial Services,OpCo-008,02. Finance & Capital,Contract Cash Flow (B2B Services),H2: Fast-Follow Feeders,unknown,https://github.com/Worldwidebro/fin-034-payroll-automation,https://worldwidebro.github.io/payroll-automation/
773,FIN-035,Insurance Underwriting AI,SEC-032,Artificial Intelligence & ML,OpCo-032,05. Technology,Infrastructure Core (Platforms & AI),H3: Frozen Frontier / Call Options,unknown,https://github.com/Worldwidebro/fin-035-insurance-underwriting-ai,https://worldwidebro.github.io/insurance-underwriting-ai/
774,EC-001,Angels in Daylight,SEC-027,Venture Capital & Investment,OpCo-027,01. Governance,D2C & Digital Long Tail (Storefronts & Media),H3: Frozen Frontier / Call Options,unknown,https://github.com/Worldwidebro/ec-001-angels-in-daylight,https://worldwidebro.github.io/angels-in-daylight/
775,EC-002,New World Apparel,SEC-021,Retail & E-commerce,OpCo-021,08. Revenue,D2C & Digital Long Tail (Storefronts & Media),H3: Frozen Frontier / Call Options,unknown,https://github.com/Worldwidebro/ec-002-new-world-apparel,https://worldwidebro.github.io/new-world-apparel/
776,EC-003,Shopify Autopilot,SEC-021,Retail & E-commerce,OpCo-021,08. Revenue,D2C & Digital Long Tail (Storefronts & Media),H3: Frozen Frontier / Call Options,unknown,https://github.com/Worldwidebro/ec-003-shopify-autopilot,https://worldwidebro.github.io/shopify-autopilot/
777,EC-004,Shoe Customizer,SEC-024,Technology & Software,OpCo-024,05. Technology,Infrastructure Core (Platforms & AI),H3: Frozen Frontier / Call Options,unknown,https://github.com/Worldwidebro/ec-004-shoe-customizer,https://worldwidebro.github.io/shoe-customizer/
778,EC-005,Sunglasses AI,SEC-032,Artificial Intelligence & ML,OpCo-032,05. Technology,Infrastructure Core (Platforms & AI),H3: Frozen Frontier / Call Options,unknown,https://github.com/Worldwidebro/ec-005-sunglasses-ai,https://worldwidebro.github.io/sunglasses-ai/
779,EC-006,Dropship Hub,SEC-024,Technology & Software,OpCo-024,05. Technology,Infrastructure Core (Platforms & AI),H3: Frozen Frontier / Call Options,unknown,https://github.com/Worldwidebro/ec-006-dropship-hub,https://worldwidebro.github.io/dropship-hub/
780,EC-007,Personal Shopper AI,SEC-032,Artificial Intelligence & ML,OpCo-032,05. Technology,Infrastructure Core (Platforms & AI),H3: Frozen Frontier / Call Options,unknown,https://github.com/Worldwidebro/ec-007-personal-shopper-ai,https://worldwidebro.github.io/personal-shopper-ai/
781,EC-008,Custom Sneaker AI,SEC-032,Artificial Intelligence & ML,OpCo-032,05. Technology,Infrastructure Core (Platforms & AI),H3: Frozen Frontier / Call Options,unknown,https://github.com/Worldwidebro/ec-008-custom-sneaker-ai,https://worldwidebro.github.io/custom-sneaker-ai/
782,EC-009,Sustainable Fashion AI,SEC-032,Artificial Intelligence & ML,OpCo-032,05. Technology,Infrastructure Core (Platforms & AI),H3: Frozen Frontier / Call Options,unknown,https://github.com/Worldwidebro/ec-009-sustainable-fashion-ai,https://worldwidebro.github.io/sustainable-fashion-ai/
783,EC-010,Jewelry Designer AI,SEC-032,Artificial Intelligence & ML,OpCo-032,05. Technology,Infrastructure Core (Platforms & AI),H3: Frozen Frontier / Call Options,unknown,https://github.com/Worldwidebro/ec-010-jewelry-designer-ai,https://worldwidebro.github.io/jewelry-designer-ai/
784,EC-003,Shopify Autopilot,SEC-021,Retail & E-commerce,OpCo-021,08. Revenue,D2C & Digital Long Tail (Storefronts & Media),H3: Frozen Frontier / Call Options,unknown,https://github.com/Worldwidebro/ec-003-shopify-autopilot,https://worldwidebro.github.io/shopify-autopilot/
785,MC-017,Online Course Platform,SEC-005,Education & Training,OpCo-005,04. People,D2C & Digital Long Tail (Storefronts & Media),H3: Frozen Frontier / Call Options,unknown,https://github.com/Worldwidebro/mc-017-online-course-platform,https://worldwidebro.github.io/online-course-platform/
786,V-0786,Local Community Hub,SEC-024,Technology & Software,OpCo-024,05. Technology,Infrastructure Core (Platforms & AI),H3: Frozen Frontier / Call Options,unknown,,NONE / DRAFTED
787,V-0787,Process Automation Suite,SEC-019,Marketing & Advertising,OpCo-019,09. Marketing,D2C & Digital Long Tail (Storefronts & Media),H3: Frozen Frontier / Call Options,unknown,https://github.com/zquestz/s,https://worldwidebro.github.io/process-automation-suite/
788,V-0788,Blockchain Commerce Platform,SEC-034,Decentralized & Web3,OpCo-034,02. Finance & Capital,D2C & Digital Long Tail (Storefronts & Media),H3: Frozen Frontier / Call Options,unknown,https://github.com/hcengineering/platform,https://worldwidebro.github.io/blockchain-commerce-platform/
789,V-0789,Property Holdings,SEC-019,Marketing & Advertising,OpCo-019,09. Marketing,D2C & Digital Long Tail (Storefronts & Media),H3: Frozen Frontier / Call Options,planned,https://github.com/zquestz/s,https://worldwidebro.github.io/property-holdings/
