repo_name,description,company_role,venture_id,venture_name,sector,stage,status,repository_url,agent_ids,health_score,revenue_ytd,source,priority,notes
fin-001-genixbank-lite,FIN-001-GenixBank-Lite: Genixbank Lite - financial venture,Venture,FIN-001-GenixBank-Lite,Genixbank Lite,financial,planned,planned,https://github.com/Worldwidebro/fin-001-genixbank-lite,"T2_FINANCIAL_SPECIALIST_001","T4_OPS_COORDINATOR_001""],0,ventures-master.csv,medium,Venture #1 of 687
fin-002-credit-repair-automation,FIN-002-Credit-Repair-Automation: Credit Repair Automation - financial venture,Venture,FIN-002-Credit-Repair-Automation,Credit Repair Automation,financial,planned,planned,https://github.com/Worldwidebro/fin-002-credit-repair-automation,"T2_FINANCIAL_SPECIALIST_001","T4_OPS_COORDINATOR_001""],0,ventures-master.csv,medium,Venture #2 of 687
fin-003-ai-boss-hub-lite,FIN-003-AI-Boss-Hub-Lite: Ai Boss Hub Lite - financial venture,Venture,FIN-003-AI-Boss-Hub-Lite,Ai Boss Hub Lite,financial,planned,planned,https://github.com/Worldwidebro/fin-003-ai-boss-hub-lite,"T2_FINANCIAL_SPECIALIST_001","T4_OPS_COORDINATOR_001""],0,ventures-master.csv,medium,Venture #3 of 687
fin-004-genixbanks-ai-treasurer,FIN-004-GenixBanks-AI-Treasurer: Genixbanks Ai Treasurer - financial venture,Venture,FIN-004-GenixBanks-AI-Treasurer,Genixbanks Ai Treasurer,financial,planned,planned,https://github.com/Worldwidebro/fin-004-genixbanks-ai-treasurer,"T2_FINANCIAL_SPECIALIST_001","T4_OPS_COORDINATOR_001""],0,ventures-master.csv,medium,Venture #4 of 687
fin-005-u-haul-rental-affiliate,FIN-005-U-Haul-Rental-Affiliate: U Haul Rental Affiliate - financial venture,Venture,FIN-005-U-Haul-Rental-Affiliate,U Haul Rental Affiliate,financial,planned,planned,https://github.com/Worldwidebro/fin-005-u-haul-rental-affiliate,"T2_FINANCIAL_SPECIALIST_001","T4_OPS_COORDINATOR_001""],0,ventures-master.csv,medium,Venture #5 of 687
fin-006-tax-prep-filing-services,FIN-006-Tax-Prep-Filing-Services: Tax Prep Filing Services - financial venture,Venture,FIN-006-Tax-Prep-Filing-Services,Tax Prep Filing Services,financial,planned,planned,https://github.com/Worldwidebro/fin-006-tax-prep-filing-services,"T2_FINANCIAL_SPECIALIST_001","T4_OPS_COORDINATOR_001""],0,ventures-master.csv,medium,Venture #6 of 687
fin-007-business-credit-building,FIN-007-Business-Credit-Building: Business Credit Building - financial venture,Venture,FIN-007-Business-Credit-Building,Business Credit Building,financial,planned,planned,https://github.com/Worldwidebro/fin-007-business-credit-building,"T2_FINANCIAL_SPECIALIST_001","T4_OPS_COORDINATOR_001""],0,ventures-master.csv,medium,Venture #7 of 687
fin-008-business-formation-services,FIN-008-Business-Formation-Services: Business Formation Services - financial venture,Venture,FIN-008-Business-Formation-Services,Business Formation Services,financial,planned,planned,https://github.com/Worldwidebro/fin-008-business-formation-services,"T2_FINANCIAL_SPECIALIST_001","T4_OPS_COORDINATOR_001""],0,ventures-master.csv,medium,Venture #8 of 687
fin-009-crypto-tax-optimizer,FIN-009-Crypto-Tax-Optimizer: Crypto Tax Optimizer - financial venture,Venture,FIN-009-Crypto-Tax-Optimizer,Crypto Tax Optimizer,financial,planned,planned,https://github.com/Worldwidebro/fin-009-crypto-tax-optimizer,"T2_FINANCIAL_SPECIALIST_001","T4_OPS_COORDINATOR_001""],0,ventures-master.csv,medium,Venture #9 of 687
fin-010-ai-powered-garbage-collection,FIN-010-AI-Powered-Garbage-Collection: Ai Powered Garbage Collection - financial venture,Venture,FIN-010-AI-Powered-Garbage-Collection,Ai Powered Garbage Collection,financial,planned,planned,https://github.com/Worldwidebro/fin-010-ai-powered-garbage-collection,"T2_FINANCIAL_SPECIALIST_001","T4_OPS_COORDINATOR_001""],0,ventures-master.csv,medium,Venture #10 of 687
fin-011-automated-bookkeeping,FIN-011-Automated-Bookkeeping: Automated Bookkeeping - financial venture,Venture,FIN-011-Automated-Bookkeeping,Automated Bookkeeping,financial,planned,planned,https://github.com/Worldwidebro/fin-011-automated-bookkeeping,"T2_FINANCIAL_SPECIALIST_001","T4_OPS_COORDINATOR_001""],0,ventures-master.csv,medium,Venture #11 of 687
fin-012-invoice-factoring-ai,FIN-012-Invoice-Factoring-AI: Invoice Factoring Ai - financial venture,Venture,FIN-012-Invoice-Factoring-AI,Invoice Factoring Ai,financial,planned,planned,https://github.com/Worldwidebro/fin-012-invoice-factoring-ai,"T2_FINANCIAL_SPECIALIST_001","T4_OPS_COORDINATOR_001""],0,ventures-master.csv,medium,Venture #12 of 687
fin-013-charity-donation-ai,FIN-013-Charity-Donation-AI: Charity Donation Ai - financial venture,Venture,FIN-013-Charity-Donation-AI,Charity Donation Ai,financial,planned,planned,https://github.com/Worldwidebro/fin-013-charity-donation-ai,"T2_FINANCIAL_SPECIALIST_001","T4_OPS_COORDINATOR_001""],0,ventures-master.csv,medium,Venture #13 of 687
fin-014-expense-tracker-ai,FIN-014-Expense-Tracker-AI: Expense Tracker Ai - financial venture,Venture,FIN-014-Expense-Tracker-AI,Expense Tracker Ai,financial,planned,planned,https://github.com/Worldwidebro/fin-014-expense-tracker-ai,"T2_FINANCIAL_SPECIALIST_001","T4_OPS_COORDINATOR_001""],0,ventures-master.csv,medium,Venture #14 of 687
fin-015-financial-wellness-coach,FIN-015-Financial-Wellness-Coach: Financial Wellness Coach - financial venture,Venture,FIN-015-Financial-Wellness-Coach,Financial Wellness Coach,financial,planned,planned,https://github.com/Worldwidebro/fin-015-financial-wellness-coach,"T2_FINANCIAL_SPECIALIST_001","T4_OPS_COORDINATOR_001""],0,ventures-master.csv,medium,Venture #15 of 687
fin-016-trade-finance-ai,FIN-016-Trade-Finance-AI: Trade Finance Ai - financial venture,Venture,FIN-016-Trade-Finance-AI,Trade Finance Ai,financial,planned,planned,https://github.com/Worldwidebro/fin-016-trade-finance-ai,"T2_FINANCIAL_SPECIALIST_001","T4_OPS_COORDINATOR_001""],0,ventures-master.csv,medium,Venture #16 of 687
fin-017-remittance-ai,FIN-017-Remittance-AI: Remittance Ai - financial venture,Venture,FIN-017-Remittance-AI,Remittance Ai,financial,planned,planned,https://github.com/Worldwidebro/fin-017-remittance-ai,"T2_FINANCIAL_SPECIALIST_001","T4_OPS_COORDINATOR_001""],0,ventures-master.csv,medium,Venture #17 of 687
fin-018-wealth-transfer-ai,FIN-018-Wealth-Transfer-AI: Wealth Transfer Ai - financial venture,Venture,FIN-018-Wealth-Transfer-AI,Wealth Transfer Ai,financial,planned,planned,https://github.com/Worldwidebro/fin-018-wealth-transfer-ai,"T2_FINANCIAL_SPECIALIST_001","T4_OPS_COORDINATOR_001""],0,ventures-master.csv,medium,Venture #18 of 687
fin-019-payment-gateway-ai,FIN-019-Payment-Gateway-AI: Payment Gateway Ai - financial venture,Venture,FIN-019-Payment-Gateway-AI,Payment Gateway Ai,financial,planned,planned,https://github.com/Worldwidebro/fin-019-payment-gateway-ai,"T2_FINANCIAL_SPECIALIST_001","T4_OPS_COORDINATOR_001""],0,ventures-master.csv,medium,Venture #19 of 687
fin-020-debt-consolidation-ai,FIN-020-Debt-Consolidation-AI: Debt Consolidation Ai - financial venture,Venture,FIN-020-Debt-Consolidation-AI,Debt Consolidation Ai,financial,planned,planned,https://github.com/Worldwidebro/fin-020-debt-consolidation-ai,"T2_FINANCIAL_SPECIALIST_001","T4_OPS_COORDINATOR_001""],0,ventures-master.csv,medium,Venture #20 of 687
fin-021-tax-deduction-finder,FIN-021-Tax-Deduction-Finder: Tax Deduction Finder - financial venture,Venture,FIN-021-Tax-Deduction-Finder,Tax Deduction Finder,financial,planned,planned,https://github.com/Worldwidebro/fin-021-tax-deduction-finder,"T2_FINANCIAL_SPECIALIST_001","T4_OPS_COORDINATOR_001""],0,ventures-master.csv,medium,Venture #21 of 687
fin-022-budget-forecasting-ai,FIN-022-Budget-Forecasting-AI: Budget Forecasting Ai - financial venture,Venture,FIN-022-Budget-Forecasting-AI,Budget Forecasting Ai,financial,planned,planned,https://github.com/Worldwidebro/fin-022-budget-forecasting-ai,"T2_FINANCIAL_SPECIALIST_001","T4_OPS_COORDINATOR_001""],0,ventures-master.csv,medium,Venture #22 of 687
fin-023-investment-portfolio-ai,FIN-023-Investment-Portfolio-AI: Investment Portfolio Ai - financial venture,Venture,FIN-023-Investment-Portfolio-AI,Investment Portfolio Ai,financial,planned,planned,https://github.com/Worldwidebro/fin-023-investment-portfolio-ai,"T2_FINANCIAL_SPECIALIST_001","T4_OPS_COORDINATOR_001""],0,ventures-master.csv,medium,Venture #23 of 687
fin-024-crowdfunding-ai,FIN-024-Crowdfunding-AI: Crowdfunding Ai - financial venture,Venture,FIN-024-Crowdfunding-AI,Crowdfunding Ai,financial,planned,planned,https://github.com/Worldwidebro/fin-024-crowdfunding-ai,"T2_FINANCIAL_SPECIALIST_001","T4_OPS_COORDINATOR_001""],0,ventures-master.csv,medium,Venture #24 of 687
fin-025-escrow-automation,FIN-025-Escrow-Automation: Escrow Automation - financial venture,Venture,FIN-025-Escrow-Automation,Escrow Automation,financial,planned,planned,https://github.com/Worldwidebro/fin-025-escrow-automation,"T2_FINANCIAL_SPECIALIST_001","T4_OPS_COORDINATOR_001""],0,ventures-master.csv,medium,Venture #25 of 687
fin-026-financial-compliance-scanner,FIN-026-Financial-Compliance-Scanner: Financial Compliance Scanner - financial venture,Venture,FIN-026-Financial-Compliance-Scanner,Financial Compliance Scanner,financial,planned,planned,https://github.com/Worldwidebro/fin-026-financial-compliance-scanner,"T2_FINANCIAL_SPECIALIST_001","T4_OPS_COORDINATOR_001""],0,ventures-master.csv,medium,Venture #26 of 687
fin-027-patent-writer-ai,FIN-027-Patent-Writer-AI: Patent Writer Ai - financial venture,Venture,FIN-027-Patent-Writer-AI,Patent Writer Ai,financial,planned,planned,https://github.com/Worldwidebro/fin-027-patent-writer-ai,"T2_FINANCIAL_SPECIALIST_001","T4_OPS_COORDINATOR_001""],0,ventures-master.csv,medium,Venture #27 of 687
fin-028-legal-analyzer-ai,FIN-028-Legal-Analyzer-AI: Legal Analyzer Ai - financial venture,Venture,FIN-028-Legal-Analyzer-AI,Legal Analyzer Ai,financial,planned,planned,https://github.com/Worldwidebro/fin-028-legal-analyzer-ai,"T2_FINANCIAL_SPECIALIST_001","T4_OPS_COORDINATOR_001""],0,ventures-master.csv,medium,Venture #28 of 687
fin-029-compliance-wallet-saas,FIN-029-Compliance-Wallet-SaaS: Compliance Wallet Saas - financial venture,Venture,FIN-029-Compliance-Wallet-SaaS,Compliance Wallet Saas,financial,planned,planned,https://github.com/Worldwidebro/fin-029-compliance-wallet-saas,"T2_FINANCIAL_SPECIALIST_001","T4_OPS_COORDINATOR_001""],0,ventures-master.csv,medium,Venture #29 of 687
fin-030-local-seo-ranker-ai,FIN-030-Local-SEO-Ranker-AI: Local Seo Ranker Ai - financial venture,Venture,FIN-030-Local-SEO-Ranker-AI,Local Seo Ranker Ai,financial,planned,planned,https://github.com/Worldwidebro/fin-030-local-seo-ranker-ai,"T2_FINANCIAL_SPECIALIST_001","T4_OPS_COORDINATOR_001""],0,ventures-master.csv,medium,Venture #30 of 687
fin-031-investor-dashboard-builder,FIN-031-Investor-Dashboard-Builder: Investor Dashboard Builder - financial venture,Venture,FIN-031-Investor-Dashboard-Builder,Investor Dashboard Builder,financial,planned,planned,https://github.com/Worldwidebro/fin-031-investor-dashboard-builder,"T2_FINANCIAL_SPECIALIST_001","T4_OPS_COORDINATOR_001""],0,ventures-master.csv,medium,Venture #31 of 687
fin-032-legal-toolkit-ai,FIN-032-Legal-Toolkit-AI: Legal Toolkit Ai - financial venture,Venture,FIN-032-Legal-Toolkit-AI,Legal Toolkit Ai,financial,planned,planned,https://github.com/Worldwidebro/fin-032-legal-toolkit-ai,"T2_FINANCIAL_SPECIALIST_001","T4_OPS_COORDINATOR_001""],0,ventures-master.csv,medium,Venture #32 of 687
fin-033-ai-tax-preparation-service,FIN-033-AI-Tax-Preparation-Service: Ai Tax Preparation Service - financial venture,Venture,FIN-033-AI-Tax-Preparation-Service,Ai Tax Preparation Service,financial,planned,planned,https://github.com/Worldwidebro/fin-033-ai-tax-preparation-service,"T2_FINANCIAL_SPECIALIST_001","T4_OPS_COORDINATOR_001""],0,ventures-master.csv,medium,Venture #33 of 687
fin-034-payroll-automation,FIN-034-Payroll-Automation: Payroll Automation - financial venture,Venture,FIN-034-Payroll-Automation,Payroll Automation,financial,planned,planned,https://github.com/Worldwidebro/fin-034-payroll-automation,"T2_FINANCIAL_SPECIALIST_001","T4_OPS_COORDINATOR_001""],0,ventures-master.csv,medium,Venture #34 of 687
fin-035-insurance-underwriting-ai,FIN-035-Insurance-Underwriting-AI: Insurance Underwriting Ai - financial venture,Venture,FIN-035-Insurance-Underwriting-AI,Insurance Underwriting Ai,financial,planned,planned,https://github.com/Worldwidebro/fin-035-insurance-underwriting-ai,"T2_FINANCIAL_SPECIALIST_001","T4_OPS_COORDINATOR_001""],0,ventures-master.csv,medium,Venture #35 of 687
fin-036-arbitrage-nexus-platform,FIN-036-Arbitrage-Nexus-Platform: Arbitrage Nexus Platform - financial venture,Venture,FIN-036-Arbitrage-Nexus-Platform,Arbitrage Nexus Platform,financial,growth,active,https://github.com/Worldwidebro/fin-036-arbitrage-nexus-platform,"T2_FINANCIAL_SPECIALIST_001","T4_OPS_COORDINATOR_001""],0,ventures-master.csv,medium,Venture #36 of 687
bw-001-lash-extension-studio,BW-001-Lash-Extension-Studio: Lash Extension Studio - beauty-wellness venture,Venture,BW-001-Lash-Extension-Studio,Lash Extension Studio,beauty-wellness,validation,validation,https://github.com/Worldwidebro/bw-001-lash-extension-studio,"T3_CONTENT_STRATEGIST_001","T4_OPS_COORDINATOR_001""],0,ventures-master.csv,medium,Venture #37 of 687
bw-002-mobile-lash-service,BW-002-Mobile-Lash-Service: Mobile Lash Service - beauty-wellness venture,Venture,BW-002-Mobile-Lash-Service,Mobile Lash Service,beauty-wellness,mvp,development,https://github.com/Worldwidebro/bw-002-mobile-lash-service,"T3_CONTENT_STRATEGIST_001","T4_OPS_COORDINATOR_001""],0,ventures-master.csv,medium,Venture #38 of 687
bw-003-luxury-lash-bar,BW-003-Luxury-Lash-Bar: Luxury Lash Bar - beauty-wellness venture,Venture,BW-003-Luxury-Lash-Bar,Luxury Lash Bar,beauty-wellness,validation,validation,https://github.com/Worldwidebro/bw-003-luxury-lash-bar,"T3_CONTENT_STRATEGIST_001","T4_OPS_COORDINATOR_001""],0,ventures-master.csv,medium,Venture #39 of 687
bw-004-lash-training-academy,BW-004-Lash-Training-Academy: Lash Training Academy - beauty-wellness venture,Venture,BW-004-Lash-Training-Academy,Lash Training Academy,beauty-wellness,validation,validation,https://github.com/Worldwidebro/bw-004-lash-training-academy,"T3_CONTENT_STRATEGIST_001","T4_OPS_COORDINATOR_001""],0,ventures-master.csv,medium,Venture #40 of 687
bw-005-lash-supply-company,BW-005-Lash-Supply-Company: Lash Supply Company - beauty-wellness venture,Venture,BW-005-Lash-Supply-Company,Lash Supply Company,beauty-wellness,mvp,development,https://github.com/Worldwidebro/bw-005-lash-supply-company,"T3_CONTENT_STRATEGIST_001","T4_OPS_COORDINATOR_001""],0,ventures-master.csv,medium,Venture #41 of 687
bw-006-lash-glue-brand,BW-006-Lash-Glue-Brand: Lash Glue Brand - beauty-wellness venture,Venture,BW-006-Lash-Glue-Brand,Lash Glue Brand,beauty-wellness,validation,validation,https://github.com/Worldwidebro/bw-006-lash-glue-brand,"T3_CONTENT_STRATEGIST_001","T4_OPS_COORDINATOR_001""],0,ventures-master.csv,medium,Venture #42 of 687
bw-007-lash-kits-&-tools,BW-007-Lash-Kits-&-Tools: Lash Kits & Tools - beauty-wellness venture,Venture,BW-007-Lash-Kits-&-Tools,Lash Kits & Tools,beauty-wellness,mvp,development,https://github.com/Worldwidebro/bw-007-lash-kits-&-tools,"T3_CONTENT_STRATEGIST_001","T4_OPS_COORDINATOR_001""],0,ventures-master.csv,medium,Venture #43 of 687
bw-008-private-label-lashes,BW-008-Private-Label-Lashes: Private Label Lashes - beauty-wellness venture,Venture,BW-008-Private-Label-Lashes,Private Label Lashes,beauty-wellness,planned,planned,https://github.com/Worldwidebro/bw-008-private-label-lashes,"T3_CONTENT_STRATEGIST_001","T4_OPS_COORDINATOR_001""],0,ventures-master.csv,medium,Venture #44 of 687
bw-009-franchise-lash-salons,BW-009-Franchise-Lash-Salons: Franchise Lash Salons - beauty-wellness venture,Venture,BW-009-Franchise-Lash-Salons,Franchise Lash Salons,beauty-wellness,planned,planned,https://github.com/Worldwidebro/bw-009-franchise-lash-salons,"T3_CONTENT_STRATEGIST_001","T4_OPS_COORDINATOR_001""],0,ventures-master.csv,medium,Venture #45 of 687
bw-010-online-lash-education,BW-010-Online-Lash-Education: Online Lash Education - beauty-wellness venture,Venture,BW-010-Online-Lash-Education,Online Lash Education,beauty-wellness,mvp,development,https://github.com/Worldwidebro/bw-010-online-lash-education,"T3_CONTENT_STRATEGIST_001","T4_OPS_COORDINATOR_001""],0,ventures-master.csv,medium,Venture #46 of 687
bw-011-nail-salon,BW-011-Nail-Salon: Nail Salon - beauty-wellness venture,Venture,BW-011-Nail-Salon,Nail Salon,beauty-wellness,validation,validation,https://github.com/Worldwidebro/bw-011-nail-salon,"T3_CONTENT_STRATEGIST_001","T4_OPS_COORDINATOR_001""],0,ventures-master.csv,medium,Venture #47 of 687
bw-012-mobile-nail-tech,BW-012-Mobile-Nail-Tech: Mobile Nail Tech - beauty-wellness venture,Venture,BW-012-Mobile-Nail-Tech,Mobile Nail Tech,beauty-wellness,mvp,development,https://github.com/Worldwidebro/bw-012-mobile-nail-tech,"T3_CONTENT_STRATEGIST_001","T4_OPS_COORDINATOR_001""],0,ventures-master.csv,medium,Venture #48 of 687
bw-013-luxury-nail-spa,BW-013-Luxury-Nail-Spa: Luxury Nail Spa - beauty-wellness venture,Venture,BW-013-Luxury-Nail-Spa,Luxury Nail Spa,beauty-wellness,validation,validation,https://github.com/Worldwidebro/bw-013-luxury-nail-spa,"T3_CONTENT_STRATEGIST_001","T4_OPS_COORDINATOR_001""],0,ventures-master.csv,medium,Venture #49 of 687
bw-014-press-on-nail-brand,BW-014-Press-On-Nail-Brand: Press On Nail Brand - beauty-wellness venture,Venture,BW-014-Press-On-Nail-Brand,Press On Nail Brand,beauty-wellness,mvp,development,https://github.com/Worldwidebro/bw-014-press-on-nail-brand,"T3_CONTENT_STRATEGIST_001","T4_OPS_COORDINATOR_001""],0,ventures-master.csv,medium,Venture #50 of 687
bw-015-nail-art-studio,BW-015-Nail-Art-Studio: Nail Art Studio - beauty-wellness venture,Venture,BW-015-Nail-Art-Studio,Nail Art Studio,beauty-wellness,validation,validation,https://github.com/Worldwidebro/bw-015-nail-art-studio,"T3_CONTENT_STRATEGIST_001","T4_OPS_COORDINATOR_001""],0,ventures-master.csv,medium,Venture #51 of 687
bw-016-nail-polish-brand,BW-016-Nail-Polish-Brand: Nail Polish Brand - beauty-wellness venture,Venture,BW-016-Nail-Polish-Brand,Nail Polish Brand,beauty-wellness,mvp,development,https://github.com/Worldwidebro/bw-016-nail-polish-brand,"T3_CONTENT_STRATEGIST_001","T4_OPS_COORDINATOR_001""],0,ventures-master.csv,medium,Venture #52 of 687
bw-017-nail-care-products,BW-017-Nail-Care-Products: Nail Care Products - beauty-wellness venture,Venture,BW-017-Nail-Care-Products,Nail Care Products,beauty-wellness,mvp,development,https://github.com/Worldwidebro/bw-017-nail-care-products,"T3_CONTENT_STRATEGIST_001","T4_OPS_COORDINATOR_001""],0,ventures-master.csv,medium,Venture #53 of 687
bw-018-nail-booking-marketplace,BW-018-Nail-Booking-Marketplace: Nail Booking Marketplace - beauty-wellness venture,Venture,BW-018-Nail-Booking-Marketplace,Nail Booking Marketplace,beauty-wellness,planned,planned,https://github.com/Worldwidebro/bw-018-nail-booking-marketplace,"T3_CONTENT_STRATEGIST_001","T4_OPS_COORDINATOR_001""],0,ventures-master.csv,medium,Venture #54 of 687
bw-019-salon-management-software,BW-019-Salon-Management-Software: Salon Management Software - beauty-wellness venture,Venture,BW-019-Salon-Management-Software,Salon Management Software,beauty-wellness,planned,planned,https://github.com/Worldwidebro/bw-019-salon-management-software,"T3_CONTENT_STRATEGIST_001","T4_OPS_COORDINATOR_001""],0,ventures-master.csv,medium,Venture #55 of 687
bw-020-ai-nail-design-generator,BW-020-AI-Nail-Design-Generator: Ai Nail Design Generator - beauty-wellness venture,Venture,BW-020-AI-Nail-Design-Generator,Ai Nail Design Generator,beauty-wellness,planned,planned,https://github.com/Worldwidebro/bw-020-ai-nail-design-generator,"T3_CONTENT_STRATEGIST_001","T4_OPS_COORDINATOR_001""],0,ventures-master.csv,medium,Venture #56 of 687
bw-021-hair-salon,BW-021-Hair-Salon: Hair Salon - beauty-wellness venture,Venture,BW-021-Hair-Salon,Hair Salon,beauty-wellness,validation,validation,https://github.com/Worldwidebro/bw-021-hair-salon,"T3_CONTENT_STRATEGIST_001","T4_OPS_COORDINATOR_001""],0,ventures-master.csv,medium,Venture #57 of 687
bw-022-barbershop,BW-022-Barbershop: Barbershop - beauty-wellness venture,Venture,BW-022-Barbershop,Barbershop,beauty-wellness,validation,validation,https://github.com/Worldwidebro/bw-022-barbershop,"T3_CONTENT_STRATEGIST_001","T4_OPS_COORDINATOR_001""],0,ventures-master.csv,medium,Venture #58 of 687
bw-023-mobile-hairstyling,BW-023-Mobile-Hairstyling: Mobile Hairstyling - beauty-wellness venture,Venture,BW-023-Mobile-Hairstyling,Mobile Hairstyling,beauty-wellness,mvp,development,https://github.com/Worldwidebro/bw-023-mobile-hairstyling,"T3_CONTENT_STRATEGIST_001","T4_OPS_COORDINATOR_001""],0,ventures-master.csv,medium,Venture #59 of 687
bw-024-hair-braiding-studio,BW-024-Hair-Braiding-Studio: Hair Braiding Studio - beauty-wellness venture,Venture,BW-024-Hair-Braiding-Studio,Hair Braiding Studio,beauty-wellness,validation,validation,https://github.com/Worldwidebro/bw-024-hair-braiding-studio,"T3_CONTENT_STRATEGIST_001","T4_OPS_COORDINATOR_001""],0,ventures-master.csv,medium,Venture #60 of 687
bw-025-wig-installation-studio,BW-025-Wig-Installation-Studio: Wig Installation Studio - beauty-wellness venture,Venture,BW-025-Wig-Installation-Studio,Wig Installation Studio,beauty-wellness,validation,validation,https://github.com/Worldwidebro/bw-025-wig-installation-studio,"T3_CONTENT_STRATEGIST_001","T4_OPS_COORDINATOR_001""],0,ventures-master.csv,medium,Venture #61 of 687
bw-026-hair-extension-salon,BW-026-Hair-Extension-Salon: Hair Extension Salon - beauty-wellness venture,Venture,BW-026-Hair-Extension-Salon,Hair Extension Salon,beauty-wellness,validation,validation,https://github.com/Worldwidebro/bw-026-hair-extension-salon,"T3_CONTENT_STRATEGIST_001","T4_OPS_COORDINATOR_001""],0,ventures-master.csv,medium,Venture #62 of 687
bw-027-hair-care-line,BW-027-Hair-Care-Line: Hair Care Line - beauty-wellness venture,Venture,BW-027-Hair-Care-Line,Hair Care Line,beauty-wellness,mvp,development,https://github.com/Worldwidebro/bw-027-hair-care-line,"T3_CONTENT_STRATEGIST_001","T4_OPS_COORDINATOR_001""],0,ventures-master.csv,medium,Venture #63 of 687
bw-028-wig-brand,BW-028-Wig-Brand: Wig Brand - beauty-wellness venture,Venture,BW-028-Wig-Brand,Wig Brand,beauty-wellness,mvp,development,https://github.com/Worldwidebro/bw-028-wig-brand,"T3_CONTENT_STRATEGIST_001","T4_OPS_COORDINATOR_001""],0,ventures-master.csv,medium,Venture #64 of 687
bw-029-hair-extensions-brand,BW-029-Hair-Extensions-Brand: Hair Extensions Brand - beauty-wellness venture,Venture,BW-029-Hair-Extensions-Brand,Hair Extensions Brand,beauty-wellness,mvp,development,https://github.com/Worldwidebro/bw-029-hair-extensions-brand,"T3_CONTENT_STRATEGIST_001","T4_OPS_COORDINATOR_001""],0,ventures-master.csv,medium,Venture #65 of 687
bw-030-scalp-treatment-products,BW-030-Scalp-Treatment-Products: Scalp Treatment Products - beauty-wellness venture,Venture,BW-030-Scalp-Treatment-Products,Scalp Treatment Products,beauty-wellness,validation,validation,https://github.com/Worldwidebro/bw-030-scalp-treatment-products,"T3_CONTENT_STRATEGIST_001","T4_OPS_COORDINATOR_001""],0,ventures-master.csv,medium,Venture #66 of 687
bw-031-hair-marketplace,BW-031-Hair-Marketplace: Hair Marketplace - beauty-wellness venture,Venture,BW-031-Hair-Marketplace,Hair Marketplace,beauty-wellness,planned,planned,https://github.com/Worldwidebro/bw-031-hair-marketplace,"T3_CONTENT_STRATEGIST_001","T4_OPS_COORDINATOR_001""],0,ventures-master.csv,medium,Venture #67 of 687
bw-032-stylist-booking-platform,BW-032-Stylist-Booking-Platform: Stylist Booking Platform - beauty-wellness venture,Venture,BW-032-Stylist-Booking-Platform,Stylist Booking Platform,beauty-wellness,planned,planned,https://github.com/Worldwidebro/bw-032-stylist-booking-platform,"T3_CONTENT_STRATEGIST_001","T4_OPS_COORDINATOR_001""],0,ventures-master.csv,medium,Venture #68 of 687
bw-033-ai-hairstyle-simulator,BW-033-AI-Hairstyle-Simulator: Ai Hairstyle Simulator - beauty-wellness venture,Venture,BW-033-AI-Hairstyle-Simulator,Ai Hairstyle Simulator,beauty-wellness,planned,planned,https://github.com/Worldwidebro/bw-033-ai-hairstyle-simulator,"T3_CONTENT_STRATEGIST_001","T4_OPS_COORDINATOR_001""],0,ventures-master.csv,medium,Venture #69 of 687
bw-034-salon-franchise-chain,BW-034-Salon-Franchise-Chain: Salon Franchise Chain - beauty-wellness venture,Venture,BW-034-Salon-Franchise-Chain,Salon Franchise Chain,beauty-wellness,planned,planned,https://github.com/Worldwidebro/bw-034-salon-franchise-chain,"T3_CONTENT_STRATEGIST_001","T4_OPS_COORDINATOR_001""],0,ventures-master.csv,medium,Venture #70 of 687
bw-035-makeup-studio,BW-035-Makeup-Studio: Makeup Studio - beauty-wellness venture,Venture,BW-035-Makeup-Studio,Makeup Studio,beauty-wellness,validation,validation,https://github.com/Worldwidebro/bw-035-makeup-studio,"T3_CONTENT_STRATEGIST_001","T4_OPS_COORDINATOR_001""],0,ventures-master.csv,medium,Venture #71 of 687
bw-036-bridal-makeup-service,BW-036-Bridal-Makeup-Service: Bridal Makeup Service - beauty-wellness venture,Venture,BW-036-Bridal-Makeup-Service,Bridal Makeup Service,beauty-wellness,mvp,development,https://github.com/Worldwidebro/bw-036-bridal-makeup-service,"T3_CONTENT_STRATEGIST_001","T4_OPS_COORDINATOR_001""],0,ventures-master.csv,medium,Venture #72 of 687
bw-037-mobile-makeup-artist,BW-037-Mobile-Makeup-Artist: Mobile Makeup Artist - beauty-wellness venture,Venture,BW-037-Mobile-Makeup-Artist,Mobile Makeup Artist,beauty-wellness,mvp,development,https://github.com/Worldwidebro/bw-037-mobile-makeup-artist,"T3_CONTENT_STRATEGIST_001","T4_OPS_COORDINATOR_001""],0,ventures-master.csv,medium,Venture #73 of 687
bw-038-photoshoot-makeup-team,BW-038-Photoshoot-Makeup-Team: Photoshoot Makeup Team - beauty-wellness venture,Venture,BW-038-Photoshoot-Makeup-Team,Photoshoot Makeup Team,beauty-wellness,validation,validation,https://github.com/Worldwidebro/bw-038-photoshoot-makeup-team,"T3_CONTENT_STRATEGIST_001","T4_OPS_COORDINATOR_001""],0,ventures-master.csv,medium,Venture #74 of 687
bw-039-cosmetics-brand,BW-039-Cosmetics-Brand: Cosmetics Brand - beauty-wellness venture,Venture,BW-039-Cosmetics-Brand,Cosmetics Brand,beauty-wellness,mvp,development,https://github.com/Worldwidebro/bw-039-cosmetics-brand,"T3_CONTENT_STRATEGIST_001","T4_OPS_COORDINATOR_001""],0,ventures-master.csv,medium,Venture #75 of 687
bw-040-beauty-tools-brand,BW-040-Beauty-Tools-Brand: Beauty Tools Brand - beauty-wellness venture,Venture,BW-040-Beauty-Tools-Brand,Beauty Tools Brand,beauty-wellness,mvp,development,https://github.com/Worldwidebro/bw-040-beauty-tools-brand,"T3_CONTENT_STRATEGIST_001","T4_OPS_COORDINATOR_001""],0,ventures-master.csv,medium,Venture #76 of 687
fh-001-personal-chef-service,FH-001-Personal-Chef-Service: Personal Chef Service - food-hospitality venture,Venture,FH-001-Personal-Chef-Service,Personal Chef Service,food-hospitality,mvp,development,https://github.com/Worldwidebro/fh-001-personal-chef-service,"T2_PRODUCT_SPECIALIST_001","T4_OPS_COORDINATOR_001""],0,ventures-master.csv,medium,Venture #77 of 687
fh-002-meal-prep-delivery,FH-002-Meal-Prep-Delivery: Meal Prep Delivery - food-hospitality venture,Venture,FH-002-Meal-Prep-Delivery,Meal Prep Delivery,food-hospitality,mvp,development,https://github.com/Worldwidebro/fh-002-meal-prep-delivery,"T2_PRODUCT_SPECIALIST_001","T4_OPS_COORDINATOR_001""],0,ventures-master.csv,medium,Venture #78 of 687
fh-003-private-dinner-experiences,FH-003-Private-Dinner-Experiences: Private Dinner Experiences - food-hospitality venture,Venture,FH-003-Private-Dinner-Experiences,Private Dinner Experiences,food-hospitality,validation,validation,https://github.com/Worldwidebro/fh-003-private-dinner-experiences,"T2_PRODUCT_SPECIALIST_001","T4_OPS_COORDINATOR_001""],0,ventures-master.csv,medium,Venture #79 of 687
fh-004-catering-company,FH-004-Catering-Company: Catering Company - food-hospitality venture,Venture,FH-004-Catering-Company,Catering Company,food-hospitality,validation,validation,https://github.com/Worldwidebro/fh-004-catering-company,"T2_PRODUCT_SPECIALIST_001","T4_OPS_COORDINATOR_001""],0,ventures-master.csv,medium,Venture #80 of 687
fh-005-corporate-lunch-service,FH-005-Corporate-Lunch-Service: Corporate Lunch Service - food-hospitality venture,Venture,FH-005-Corporate-Lunch-Service,Corporate Lunch Service,food-hospitality,mvp,development,https://github.com/Worldwidebro/fh-005-corporate-lunch-service,"T2_PRODUCT_SPECIALIST_001","T4_OPS_COORDINATOR_001""],0,ventures-master.csv,medium,Venture #81 of 687
fh-006-healthy-meal-prep-for-gyms,FH-006-Healthy-Meal-Prep-for-Gyms: Healthy Meal Prep For Gyms - food-hospitality venture,Venture,FH-006-Healthy-Meal-Prep-for-Gyms,Healthy Meal Prep For Gyms,food-hospitality,mvp,development,https://github.com/Worldwidebro/fh-006-healthy-meal-prep-for-gyms,"T2_PRODUCT_SPECIALIST_001","T4_OPS_COORDINATOR_001""],0,ventures-master.csv,medium,Venture #82 of 687
fh-007-elderly-meal-service,FH-007-Elderly-Meal-Service: Elderly Meal Service - food-hospitality venture,Venture,FH-007-Elderly-Meal-Service,Elderly Meal Service,food-hospitality,validation,validation,https://github.com/Worldwidebro/fh-007-elderly-meal-service,"T2_PRODUCT_SPECIALIST_001","T4_OPS_COORDINATOR_001""],0,ventures-master.csv,medium,Venture #83 of 687
fh-008-athlete-nutrition-service,FH-008-Athlete-Nutrition-Service: Athlete Nutrition Service - food-hospitality venture,Venture,FH-008-Athlete-Nutrition-Service,Athlete Nutrition Service,food-hospitality,mvp,development,https://github.com/Worldwidebro/fh-008-athlete-nutrition-service,"T2_PRODUCT_SPECIALIST_001","T4_OPS_COORDINATOR_001""],0,ventures-master.csv,medium,Venture #84 of 687
fh-009-packaged-food-brand,FH-009-Packaged-Food-Brand: Packaged Food Brand - food-hospitality venture,Venture,FH-009-Packaged-Food-Brand,Packaged Food Brand,food-hospitality,validation,validation,https://github.com/Worldwidebro/fh-009-packaged-food-brand,"T2_PRODUCT_SPECIALIST_001","T4_OPS_COORDINATOR_001""],0,ventures-master.csv,medium,Venture #85 of 687
fh-010-frozen-meals-company,FH-010-Frozen-Meals-Company: Frozen Meals Company - food-hospitality venture,Venture,FH-010-Frozen-Meals-Company,Frozen Meals Company,food-hospitality,validation,validation,https://github.com/Worldwidebro/fh-010-frozen-meals-company,"T2_PRODUCT_SPECIALIST_001","T4_OPS_COORDINATOR_001""],0,ventures-master.csv,medium,Venture #86 of 687
fh-011-sauce-or-seasoning-brand,FH-011-Sauce-or-Seasoning-Brand: Sauce Or Seasoning Brand - food-hospitality venture,Venture,FH-011-Sauce-or-Seasoning-Brand,Sauce Or Seasoning Brand,food-hospitality,mvp,development,https://github.com/Worldwidebro/fh-011-sauce-or-seasoning-brand,"T2_PRODUCT_SPECIALIST_001","T4_OPS_COORDINATOR_001""],0,ventures-master.csv,medium,Venture #87 of 687
fh-012-protein-snacks-brand,FH-012-Protein-Snacks-Brand: Protein Snacks Brand - food-hospitality venture,Venture,FH-012-Protein-Snacks-Brand,Protein Snacks Brand,food-hospitality,mvp,development,https://github.com/Worldwidebro/fh-012-protein-snacks-brand,"T2_PRODUCT_SPECIALIST_001","T4_OPS_COORDINATOR_001""],0,ventures-master.csv,medium,Venture #88 of 687
fh-013-meal-kit-company,FH-013-Meal-Kit-Company: Meal Kit Company - food-hospitality venture,Venture,FH-013-Meal-Kit-Company,Meal Kit Company,food-hospitality,validation,validation,https://github.com/Worldwidebro/fh-013-meal-kit-company,"T2_PRODUCT_SPECIALIST_001","T4_OPS_COORDINATOR_001""],0,ventures-master.csv,medium,Venture #89 of 687
fh-014-cloud-kitchen-,FH-014-Cloud-Kitchen-: Cloud Kitchen - food-hospitality venture,Venture,FH-014-Cloud-Kitchen-,Cloud Kitchen,food-hospitality,planned,planned,https://github.com/Worldwidebro/fh-014-cloud-kitchen-,"T2_PRODUCT_SPECIALIST_001","T4_OPS_COORDINATOR_001""],0,ventures-master.csv,medium,Venture #90 of 687
fh-015-ai-nutrition-planner,FH-015-AI-Nutrition-Planner: Ai Nutrition Planner - food-hospitality venture,Venture,FH-015-AI-Nutrition-Planner,Ai Nutrition Planner,food-hospitality,planned,planned,https://github.com/Worldwidebro/fh-015-ai-nutrition-planner,"T2_PRODUCT_SPECIALIST_001","T4_OPS_COORDINATOR_001""],0,ventures-master.csv,medium,Venture #91 of 687
fh-016-recipe-app,FH-016-Recipe-App: Recipe App - food-hospitality venture,Venture,FH-016-Recipe-App,Recipe App,food-hospitality,mvp,development,https://github.com/Worldwidebro/fh-016-recipe-app,"T2_PRODUCT_SPECIALIST_001","T4_OPS_COORDINATOR_001""],0,ventures-master.csv,medium,Venture #92 of 687
fh-017-cooking-content-brand,FH-017-Cooking-Content-Brand: Cooking Content Brand - food-hospitality venture,Venture,FH-017-Cooking-Content-Brand,Cooking Content Brand,food-hospitality,mvp,development,https://github.com/Worldwidebro/fh-017-cooking-content-brand,"T2_PRODUCT_SPECIALIST_001","T4_OPS_COORDINATOR_001""],0,ventures-master.csv,medium,Venture #93 of 687
fh-018-food-influencer-brand,FH-018-Food-Influencer-Brand: Food Influencer Brand - food-hospitality venture,Venture,FH-018-Food-Influencer-Brand,Food Influencer Brand,food-hospitality,mvp,development,https://github.com/Worldwidebro/fh-018-food-influencer-brand,"T2_PRODUCT_SPECIALIST_001","T4_OPS_COORDINATOR_001""],0,ventures-master.csv,medium,Venture #94 of 687
fh-019-cooking-course-platform,FH-019-Cooking-Course-Platform: Cooking Course Platform - food-hospitality venture,Venture,FH-019-Cooking-Course-Platform,Cooking Course Platform,food-hospitality,mvp,development,https://github.com/Worldwidebro/fh-019-cooking-course-platform,"T2_PRODUCT_SPECIALIST_001","T4_OPS_COORDINATOR_001""],0,ventures-master.csv,medium,Venture #95 of 687
fh-020-restaurant-pos-system,FH-020-Restaurant-POS-System: Restaurant Pos System - food-hospitality venture,Venture,FH-020-Restaurant-POS-System,Restaurant Pos System,food-hospitality,planned,planned,https://github.com/Worldwidebro/fh-020-restaurant-pos-system,"T2_PRODUCT_SPECIALIST_001","T4_OPS_COORDINATOR_001""],0,ventures-master.csv,medium,Venture #96 of 687
fh-021-food-truck-business,FH-021-Food-Truck-Business: Food Truck Business - food-hospitality venture,Venture,FH-021-Food-Truck-Business,Food Truck Business,food-hospitality,validation,validation,https://github.com/Worldwidebro/fh-021-food-truck-business,"T2_PRODUCT_SPECIALIST_001","T4_OPS_COORDINATOR_001""],0,ventures-master.csv,medium,Venture #97 of 687
fh-022-specialty-coffee-shop,FH-022-Specialty-Coffee-Shop: Specialty Coffee Shop - food-hospitality venture,Venture,FH-022-Specialty-Coffee-Shop,Specialty Coffee Shop,food-hospitality,validation,validation,https://github.com/Worldwidebro/fh-022-specialty-coffee-shop,"T2_PRODUCT_SPECIALIST_001","T4_OPS_COORDINATOR_001""],0,ventures-master.csv,medium,Venture #98 of 687
fh-023-bakery-&-pastry-shop,FH-023-Bakery-&-Pastry-Shop: Bakery & Pastry Shop - food-hospitality venture,Venture,FH-023-Bakery-&-Pastry-Shop,Bakery & Pastry Shop,food-hospitality,validation,validation,https://github.com/Worldwidebro/fh-023-bakery-&-pastry-shop,"T2_PRODUCT_SPECIALIST_001","T4_OPS_COORDINATOR_001""],0,ventures-master.csv,medium,Venture #99 of 687
fh-024-juice-bar,FH-024-Juice-Bar: Juice Bar - food-hospitality venture,Venture,FH-024-Juice-Bar,Juice Bar,food-hospitality,mvp,development,https://github.com/Worldwidebro/fh-024-juice-bar,"T2_PRODUCT_SPECIALIST_001","T4_OPS_COORDINATOR_001""],0,ventures-master.csv,medium,Venture #100 of 687
fh-025-ice-cream-shop,FH-025-Ice-Cream-Shop: Ice Cream Shop - food-hospitality venture,Venture,FH-025-Ice-Cream-Shop,Ice Cream Shop,food-hospitality,validation,validation,https://github.com/Worldwidebro/fh-025-ice-cream-shop,"T2_PRODUCT_SPECIALIST_001","T4_OPS_COORDINATOR_001""],0,ventures-master.csv,medium,Venture #101 of 687
fh-026-gourmet-food-market,FH-026-Gourmet-Food-Market: Gourmet Food Market - food-hospitality venture,Venture,FH-026-Gourmet-Food-Market,Gourmet Food Market,food-hospitality,validation,validation,https://github.com/Worldwidebro/fh-026-gourmet-food-market,"T2_PRODUCT_SPECIALIST_001","T4_OPS_COORDINATOR_001""],0,ventures-master.csv,medium,Venture #102 of 687
fh-027-food-delivery-platform,FH-027-Food-Delivery-Platform: Food Delivery Platform - food-hospitality venture,Venture,FH-027-Food-Delivery-Platform,Food Delivery Platform,food-hospitality,planned,planned,https://github.com/Worldwidebro/fh-027-food-delivery-platform,"T2_PRODUCT_SPECIALIST_001","T4_OPS_COORDINATOR_001""],0,ventures-master.csv,medium,Venture #103 of 687
fh-028-restaurant-management-saas,FH-028-Restaurant-Management-SaaS: Restaurant Management Saas - food-hospitality venture,Venture,FH-028-Restaurant-Management-SaaS,Restaurant Management Saas,food-hospitality,planned,planned,https://github.com/Worldwidebro/fh-028-restaurant-management-saas,"T2_PRODUCT_SPECIALIST_001","T4_OPS_COORDINATOR_001""],0,ventures-master.csv,medium,Venture #104 of 687
fh-029-food-quality-testing-lab,FH-029-Food-Quality-Testing-Lab: Food Quality Testing Lab - food-hospitality venture,Venture,FH-029-Food-Quality-Testing-Lab,Food Quality Testing Lab,food-hospitality,planned,planned,https://github.com/Worldwidebro/fh-029-food-quality-testing-lab,"T2_PRODUCT_SPECIALIST_001","T4_OPS_COORDINATOR_001""],0,ventures-master.csv,medium,Venture #105 of 687
fh-030-organic-food-brand,FH-030-Organic-Food-Brand: Organic Food Brand - food-hospitality venture,Venture,FH-030-Organic-Food-Brand,Organic Food Brand,food-hospitality,mvp,development,https://github.com/Worldwidebro/fh-030-organic-food-brand,"T2_PRODUCT_SPECIALIST_001","T4_OPS_COORDINATOR_001""],0,ventures-master.csv,medium,Venture #106 of 687
fh-031-vegan-food-company,FH-031-Vegan-Food-Company: Vegan Food Company - food-hospitality venture,Venture,FH-031-Vegan-Food-Company,Vegan Food Company,food-hospitality,mvp,development,https://github.com/Worldwidebro/fh-031-vegan-food-company,"T2_PRODUCT_SPECIALIST_001","T4_OPS_COORDINATOR_001""],0,ventures-master.csv,medium,Venture #107 of 687
fh-032-keto-meal-service,FH-032-Keto-Meal-Service: Keto Meal Service - food-hospitality venture,Venture,FH-032-Keto-Meal-Service,Keto Meal Service,food-hospitality,mvp,development,https://github.com/Worldwidebro/fh-032-keto-meal-service,"T2_PRODUCT_SPECIALIST_001","T4_OPS_COORDINATOR_001""],0,ventures-master.csv,medium,Venture #108 of 687
fh-033-food-photography-service,FH-033-Food-Photography-Service: Food Photography Service - food-hospitality venture,Venture,FH-033-Food-Photography-Service,Food Photography Service,food-hospitality,mvp,development,https://github.com/Worldwidebro/fh-033-food-photography-service,"T2_PRODUCT_SPECIALIST_001","T4_OPS_COORDINATOR_001""],0,ventures-master.csv,medium,Venture #109 of 687
fh-034-restaurant-consulting,FH-034-Restaurant-Consulting: Restaurant Consulting - food-hospitality venture,Venture,FH-034-Restaurant-Consulting,Restaurant Consulting,food-hospitality,mvp,development,https://github.com/Worldwidebro/fh-034-restaurant-consulting,"T2_PRODUCT_SPECIALIST_001","T4_OPS_COORDINATOR_001""],0,ventures-master.csv,medium,Venture #110 of 687
fh-035-food-safety-training,FH-035-Food-Safety-Training: Food Safety Training - food-hospitality venture,Venture,FH-035-Food-Safety-Training,Food Safety Training,food-hospitality,validation,validation,https://github.com/Worldwidebro/fh-035-food-safety-training,"T2_PRODUCT_SPECIALIST_001","T4_OPS_COORDINATOR_001""],0,ventures-master.csv,medium,Venture #111 of 687
fs-001-gym,FS-001-Gym: Gym - fitness-sports venture,Venture,FS-001-Gym,Gym,fitness-sports,validation,validation,https://github.com/Worldwidebro/fs-001-gym,"T3_GROWTH_HACKER_001","T4_OPS_COORDINATOR_001""],0,ventures-master.csv,medium,Venture #112 of 687
fs-002-boutique-fitness-studio,FS-002-Boutique-Fitness-Studio: Boutique Fitness Studio - fitness-sports venture,Venture,FS-002-Boutique-Fitness-Studio,Boutique Fitness Studio,fitness-sports,validation,validation,https://github.com/Worldwidebro/fs-002-boutique-fitness-studio,"T3_GROWTH_HACKER_001","T4_OPS_COORDINATOR_001""],0,ventures-master.csv,medium,Venture #113 of 687
fs-003-personal-training-studio,FS-003-Personal-Training-Studio: Personal Training Studio - fitness-sports venture,Venture,FS-003-Personal-Training-Studio,Personal Training Studio,fitness-sports,mvp,development,https://github.com/Worldwidebro/fs-003-personal-training-studio,"T3_GROWTH_HACKER_001","T4_OPS_COORDINATOR_001""],0,ventures-master.csv,medium,Venture #114 of 687
fs-004-women-only-gym,FS-004-Women-Only-Gym: Women Only Gym - fitness-sports venture,Venture,FS-004-Women-Only-Gym,Women Only Gym,fitness-sports,validation,validation,https://github.com/Worldwidebro/fs-004-women-only-gym,"T3_GROWTH_HACKER_001","T4_OPS_COORDINATOR_001""],0,ventures-master.csv,medium,Venture #115 of 687
fs-005-boxing-gym,FS-005-Boxing-Gym: Boxing Gym - fitness-sports venture,Venture,FS-005-Boxing-Gym,Boxing Gym,fitness-sports,validation,validation,https://github.com/Worldwidebro/fs-005-boxing-gym,"T3_GROWTH_HACKER_001","T4_OPS_COORDINATOR_001""],0,ventures-master.csv,medium,Venture #116 of 687
fs-006-crossfit-gym,FS-006-CrossFit-Gym: Crossfit Gym - fitness-sports venture,Venture,FS-006-CrossFit-Gym,Crossfit Gym,fitness-sports,validation,validation,https://github.com/Worldwidebro/fs-006-crossfit-gym,"T3_GROWTH_HACKER_001","T4_OPS_COORDINATOR_001""],0,ventures-master.csv,medium,Venture #117 of 687
fs-007-luxury-fitness-club,FS-007-Luxury-Fitness-Club: Luxury Fitness Club - fitness-sports venture,Venture,FS-007-Luxury-Fitness-Club,Luxury Fitness Club,fitness-sports,planned,planned,https://github.com/Worldwidebro/fs-007-luxury-fitness-club,"T3_GROWTH_HACKER_001","T4_OPS_COORDINATOR_001""],0,ventures-master.csv,medium,Venture #118 of 687
fs-008-online-coaching,FS-008-Online-Coaching: Online Coaching - fitness-sports venture,Venture,FS-008-Online-Coaching,Online Coaching,fitness-sports,mvp,development,https://github.com/Worldwidebro/fs-008-online-coaching,"T3_GROWTH_HACKER_001","T4_OPS_COORDINATOR_001""],0,ventures-master.csv,medium,Venture #119 of 687
fs-009-personal-trainer-business,FS-009-Personal-Trainer-Business: Personal Trainer Business - fitness-sports venture,Venture,FS-009-Personal-Trainer-Business,Personal Trainer Business,fitness-sports,mvp,development,https://github.com/Worldwidebro/fs-009-personal-trainer-business,"T3_GROWTH_HACKER_001","T4_OPS_COORDINATOR_001""],0,ventures-master.csv,medium,Venture #120 of 687
fs-010-transformation-program,FS-010-Transformation-Program: Transformation Program - fitness-sports venture,Venture,FS-010-Transformation-Program,Transformation Program,fitness-sports,mvp,development,https://github.com/Worldwidebro/fs-010-transformation-program,"T3_GROWTH_HACKER_001","T4_OPS_COORDINATOR_001""],0,ventures-master.csv,medium,Venture #121 of 687
fs-011-athlete-training-company,FS-011-Athlete-Training-Company: Athlete Training Company - fitness-sports venture,Venture,FS-011-Athlete-Training-Company,Athlete Training Company,fitness-sports,validation,validation,https://github.com/Worldwidebro/fs-011-athlete-training-company,"T3_GROWTH_HACKER_001","T4_OPS_COORDINATOR_001""],0,ventures-master.csv,medium,Venture #122 of 687
fs-012-supplement-brand,FS-012-Supplement-Brand: Supplement Brand - fitness-sports venture,Venture,FS-012-Supplement-Brand,Supplement Brand,fitness-sports,mvp,development,https://github.com/Worldwidebro/fs-012-supplement-brand,"T3_GROWTH_HACKER_001","T4_OPS_COORDINATOR_001""],0,ventures-master.csv,medium,Venture #123 of 687
fs-013-fitness-apparel,FS-013-Fitness-Apparel: Fitness Apparel - fitness-sports venture,Venture,FS-013-Fitness-Apparel,Fitness Apparel,fitness-sports,mvp,development,https://github.com/Worldwidebro/fs-013-fitness-apparel,"T3_GROWTH_HACKER_001","T4_OPS_COORDINATOR_001""],0,ventures-master.csv,medium,Venture #124 of 687
fs-014-workout-equipment-brand,FS-014-Workout-Equipment-Brand: Workout Equipment Brand - fitness-sports venture,Venture,FS-014-Workout-Equipment-Brand,Workout Equipment Brand,fitness-sports,validation,validation,https://github.com/Worldwidebro/fs-014-workout-equipment-brand,"T3_GROWTH_HACKER_001","T4_OPS_COORDINATOR_001""],0,ventures-master.csv,medium,Venture #125 of 687
fs-015-recovery-products,FS-015-Recovery-Products: Recovery Products - fitness-sports venture,Venture,FS-015-Recovery-Products,Recovery Products,fitness-sports,mvp,development,https://github.com/Worldwidebro/fs-015-recovery-products,"T3_GROWTH_HACKER_001","T4_OPS_COORDINATOR_001""],0,ventures-master.csv,medium,Venture #126 of 687
fs-016-fitness-app,FS-016-Fitness-App: Fitness App - fitness-sports venture,Venture,FS-016-Fitness-App,Fitness App,fitness-sports,mvp,development,https://github.com/Worldwidebro/fs-016-fitness-app,"T3_GROWTH_HACKER_001","T4_OPS_COORDINATOR_001""],0,ventures-master.csv,medium,Venture #127 of 687
fs-017-ai-personal-trainer,FS-017-AI-Personal-Trainer: Ai Personal Trainer - fitness-sports venture,Venture,FS-017-AI-Personal-Trainer,Ai Personal Trainer,fitness-sports,planned,planned,https://github.com/Worldwidebro/fs-017-ai-personal-trainer,"T3_GROWTH_HACKER_001","T4_OPS_COORDINATOR_001""],0,ventures-master.csv,medium,Venture #128 of 687
fs-018-gym-management-software,FS-018-Gym-Management-Software: Gym Management Software - fitness-sports venture,Venture,FS-018-Gym-Management-Software,Gym Management Software,fitness-sports,planned,planned,https://github.com/Worldwidebro/fs-018-gym-management-software,"T3_GROWTH_HACKER_001","T4_OPS_COORDINATOR_001""],0,ventures-master.csv,medium,Venture #129 of 687
fs-019-wearable-analytics-platform,FS-019-Wearable-Analytics-Platform: Wearable Analytics Platform - fitness-sports venture,Venture,FS-019-Wearable-Analytics-Platform,Wearable Analytics Platform,fitness-sports,planned,planned,https://github.com/Worldwidebro/fs-019-wearable-analytics-platform,"T3_GROWTH_HACKER_001","T4_OPS_COORDINATOR_001""],0,ventures-master.csv,medium,Venture #130 of 687
fs-020-yoga-studio,FS-020-Yoga-Studio: Yoga Studio - fitness-sports venture,Venture,FS-020-Yoga-Studio,Yoga Studio,fitness-sports,validation,validation,https://github.com/Worldwidebro/fs-020-yoga-studio,"T3_GROWTH_HACKER_001","T4_OPS_COORDINATOR_001""],0,ventures-master.csv,medium,Venture #131 of 687
fs-021-pilates-studio,FS-021-Pilates-Studio: Pilates Studio - fitness-sports venture,Venture,FS-021-Pilates-Studio,Pilates Studio,fitness-sports,validation,validation,https://github.com/Worldwidebro/fs-021-pilates-studio,"T3_GROWTH_HACKER_001","T4_OPS_COORDINATOR_001""],0,ventures-master.csv,medium,Venture #132 of 687
fs-022-dance-studio,FS-022-Dance-Studio: Dance Studio - fitness-sports venture,Venture,FS-022-Dance-Studio,Dance Studio,fitness-sports,validation,validation,https://github.com/Worldwidebro/fs-022-dance-studio,"T3_GROWTH_HACKER_001","T4_OPS_COORDINATOR_001""],0,ventures-master.csv,medium,Venture #133 of 687
fs-023-martial-arts-dojo,FS-023-Martial-Arts-Dojo: Martial Arts Dojo - fitness-sports venture,Venture,FS-023-Martial-Arts-Dojo,Martial Arts Dojo,fitness-sports,validation,validation,https://github.com/Worldwidebro/fs-023-martial-arts-dojo,"T3_GROWTH_HACKER_001","T4_OPS_COORDINATOR_001""],0,ventures-master.csv,medium,Venture #134 of 687
fs-024-sports-performance-center,FS-024-Sports-Performance-Center: Sports Performance Center - fitness-sports venture,Venture,FS-024-Sports-Performance-Center,Sports Performance Center,fitness-sports,planned,planned,https://github.com/Worldwidebro/fs-024-sports-performance-center,"T3_GROWTH_HACKER_001","T4_OPS_COORDINATOR_001""],0,ventures-master.csv,medium,Venture #135 of 687
fs-025-corporate-wellness-program,FS-025-Corporate-Wellness-Program: Corporate Wellness Program - fitness-sports venture,Venture,FS-025-Corporate-Wellness-Program,Corporate Wellness Program,fitness-sports,mvp,development,https://github.com/Worldwidebro/fs-025-corporate-wellness-program,"T3_GROWTH_HACKER_001","T4_OPS_COORDINATOR_001""],0,ventures-master.csv,medium,Venture #136 of 687
lt-001-truck-dispatch-company,LT-001-Truck-Dispatch-Company: Truck Dispatch Company - logistics-transport venture,Venture,LT-001-Truck-Dispatch-Company,Truck Dispatch Company,logistics-transport,validation,validation,https://github.com/Worldwidebro/lt-001-truck-dispatch-company,"T5_SYNC_ENGINE_001",[""system-design",0,ventures-master.csv,medium,Venture #137 of 687
lt-002-freight-brokerage,LT-002-Freight-Brokerage: Freight Brokerage - logistics-transport venture,Venture,LT-002-Freight-Brokerage,Freight Brokerage,logistics-transport,validation,validation,https://github.com/Worldwidebro/lt-002-freight-brokerage,"T5_SYNC_ENGINE_001",[""system-design",0,ventures-master.csv,medium,Venture #138 of 687
lt-003-logistics-dispatch-service,LT-003-Logistics-Dispatch-Service: Logistics Dispatch Service - logistics-transport venture,Venture,LT-003-Logistics-Dispatch-Service,Logistics Dispatch Service,logistics-transport,mvp,development,https://github.com/Worldwidebro/lt-003-logistics-dispatch-service,"T5_SYNC_ENGINE_001",[""system-design",0,ventures-master.csv,medium,Venture #139 of 687
lt-004-last-mile-delivery-dispatch,LT-004-Last-Mile-Delivery-Dispatch: Last Mile Delivery Dispatch - logistics-transport venture,Venture,LT-004-Last-Mile-Delivery-Dispatch,Last Mile Delivery Dispatch,logistics-transport,mvp,development,https://github.com/Worldwidebro/lt-004-last-mile-delivery-dispatch,"T5_SYNC_ENGINE_001",[""system-design",0,ventures-master.csv,medium,Venture #140 of 687
lt-005-medical-courier-dispatch,LT-005-Medical-Courier-Dispatch: Medical Courier Dispatch - logistics-transport venture,Venture,LT-005-Medical-Courier-Dispatch,Medical Courier Dispatch,logistics-transport,validation,validation,https://github.com/Worldwidebro/lt-005-medical-courier-dispatch,"T5_SYNC_ENGINE_001",[""system-design",0,ventures-master.csv,medium,Venture #141 of 687
lt-006-amazon,LT-006-Amazon: Amazon - logistics-transport venture,Venture,LT-006-Amazon,Amazon,logistics-transport,planned,planned,https://github.com/Worldwidebro/lt-006-amazon,"T5_SYNC_ENGINE_001",[""system-design",0,ventures-master.csv,medium,Venture #142 of 687
lt-007-construction-dispatch,LT-007-Construction-Dispatch: Construction Dispatch - logistics-transport venture,Venture,LT-007-Construction-Dispatch,Construction Dispatch,logistics-transport,validation,validation,https://github.com/Worldwidebro/lt-007-construction-dispatch,"T5_SYNC_ENGINE_001",[""system-design",0,ventures-master.csv,medium,Venture #143 of 687
lt-008-towing-dispatch,LT-008-Towing-Dispatch: Towing Dispatch - logistics-transport venture,Venture,LT-008-Towing-Dispatch,Towing Dispatch,logistics-transport,mvp,development,https://github.com/Worldwidebro/lt-008-towing-dispatch,"T5_SYNC_ENGINE_001",[""system-design",0,ventures-master.csv,medium,Venture #144 of 687
lt-009-hvac-technician-dispatch,LT-009-HVAC-Technician-Dispatch: Hvac Technician Dispatch - logistics-transport venture,Venture,LT-009-HVAC-Technician-Dispatch,Hvac Technician Dispatch,logistics-transport,mvp,development,https://github.com/Worldwidebro/lt-009-hvac-technician-dispatch,"T5_SYNC_ENGINE_001",[""system-design",0,ventures-master.csv,medium,Venture #145 of 687
lt-010-field-service-dispatch,LT-010-Field-Service-Dispatch: Field Service Dispatch - logistics-transport venture,Venture,LT-010-Field-Service-Dispatch,Field Service Dispatch,logistics-transport,mvp,development,https://github.com/Worldwidebro/lt-010-field-service-dispatch,"T5_SYNC_ENGINE_001",[""system-design",0,ventures-master.csv,medium,Venture #146 of 687
lt-011-dispatch-software,LT-011-Dispatch-Software: Dispatch Software - logistics-transport venture,Venture,LT-011-Dispatch-Software,Dispatch Software,logistics-transport,planned,planned,https://github.com/Worldwidebro/lt-011-dispatch-software,"T5_SYNC_ENGINE_001",[""system-design",0,ventures-master.csv,medium,Venture #147 of 687
lt-012-fleet-tracking-platform,LT-012-Fleet-Tracking-Platform: Fleet Tracking Platform - logistics-transport venture,Venture,LT-012-Fleet-Tracking-Platform,Fleet Tracking Platform,logistics-transport,planned,planned,https://github.com/Worldwidebro/lt-012-fleet-tracking-platform,"T5_SYNC_ENGINE_001",[""system-design",0,ventures-master.csv,medium,Venture #148 of 687
lt-013-logistics-automation-system,LT-013-Logistics-Automation-System: Logistics Automation System - logistics-transport venture,Venture,LT-013-Logistics-Automation-System,Logistics Automation System,logistics-transport,planned,planned,https://github.com/Worldwidebro/lt-013-logistics-automation-system,"T5_SYNC_ENGINE_001",[""system-design",0,ventures-master.csv,medium,Venture #149 of 687
lt-014-ai-route-optimization,LT-014-AI-Route-Optimization: Ai Route Optimization - logistics-transport venture,Venture,LT-014-AI-Route-Optimization,Ai Route Optimization,logistics-transport,planned,planned,https://github.com/Worldwidebro/lt-014-ai-route-optimization,"T5_SYNC_ENGINE_001",[""system-design",0,ventures-master.csv,medium,Venture #150 of 687
lt-015-driver-management-platform,LT-015-Driver-Management-Platform: Driver Management Platform - logistics-transport venture,Venture,LT-015-Driver-Management-Platform,Driver Management Platform,logistics-transport,planned,planned,https://github.com/Worldwidebro/lt-015-driver-management-platform,"T5_SYNC_ENGINE_001",[""system-design",0,ventures-master.csv,medium,Venture #151 of 687
lt-016-trucking-company,LT-016-Trucking-Company: Trucking Company - logistics-transport venture,Venture,LT-016-Trucking-Company,Trucking Company,logistics-transport,validation,validation,https://github.com/Worldwidebro/lt-016-trucking-company,"T5_SYNC_ENGINE_001",[""system-design",0,ventures-master.csv,medium,Venture #152 of 687
lt-017-courier-service,LT-017-Courier-Service: Courier Service - logistics-transport venture,Venture,LT-017-Courier-Service,Courier Service,logistics-transport,mvp,development,https://github.com/Worldwidebro/lt-017-courier-service,"T5_SYNC_ENGINE_001",[""system-design",0,ventures-master.csv,medium,Venture #153 of 687
lt-018-local-delivery-company,LT-018-Local-Delivery-Company: Local Delivery Company - logistics-transport venture,Venture,LT-018-Local-Delivery-Company,Local Delivery Company,logistics-transport,mvp,development,https://github.com/Worldwidebro/lt-018-local-delivery-company,"T5_SYNC_ENGINE_001",[""system-design",0,ventures-master.csv,medium,Venture #154 of 687
lt-019-moving-company,LT-019-Moving-Company: Moving Company - logistics-transport venture,Venture,LT-019-Moving-Company,Moving Company,logistics-transport,validation,validation,https://github.com/Worldwidebro/lt-019-moving-company,"T5_SYNC_ENGINE_001",[""system-design",0,ventures-master.csv,medium,Venture #155 of 687
lt-020-freight-company,LT-020-Freight-Company: Freight Company - logistics-transport venture,Venture,LT-020-Freight-Company,Freight Company,logistics-transport,validation,validation,https://github.com/Worldwidebro/lt-020-freight-company,"T5_SYNC_ENGINE_001",[""system-design",0,ventures-master.csv,medium,Venture #156 of 687
lt-021-warehouse-company,LT-021-Warehouse-Company: Warehouse Company - logistics-transport venture,Venture,LT-021-Warehouse-Company,Warehouse Company,logistics-transport,planned,planned,https://github.com/Worldwidebro/lt-021-warehouse-company,"T5_SYNC_ENGINE_001",[""system-design",0,ventures-master.csv,medium,Venture #157 of 687
lt-022-fulfillment-center,LT-022-Fulfillment-Center: Fulfillment Center - logistics-transport venture,Venture,LT-022-Fulfillment-Center,Fulfillment Center,logistics-transport,mvp,development,https://github.com/Worldwidebro/lt-022-fulfillment-center,"T5_SYNC_ENGINE_001",[""system-design",0,ventures-master.csv,medium,Venture #158 of 687
lt-023-storage-business,LT-023-Storage-Business: Storage Business - logistics-transport venture,Venture,LT-023-Storage-Business,Storage Business,logistics-transport,validation,validation,https://github.com/Worldwidebro/lt-023-storage-business,"T5_SYNC_ENGINE_001",[""system-design",0,ventures-master.csv,medium,Venture #159 of 687
lt-024-distribution-company,LT-024-Distribution-Company: Distribution Company - logistics-transport venture,Venture,LT-024-Distribution-Company,Distribution Company,logistics-transport,validation,validation,https://github.com/Worldwidebro/lt-024-distribution-company,"T5_SYNC_ENGINE_001",[""system-design",0,ventures-master.csv,medium,Venture #160 of 687
lt-025-logistics-marketplace,LT-025-Logistics-Marketplace: Logistics Marketplace - logistics-transport venture,Venture,LT-025-Logistics-Marketplace,Logistics Marketplace,logistics-transport,planned,planned,https://github.com/Worldwidebro/lt-025-logistics-marketplace,"T5_SYNC_ENGINE_001",[""system-design",0,ventures-master.csv,medium,Venture #161 of 687
lt-026-shipping-platform,LT-026-Shipping-Platform: Shipping Platform - logistics-transport venture,Venture,LT-026-Shipping-Platform,Shipping Platform,logistics-transport,planned,planned,https://github.com/Worldwidebro/lt-026-shipping-platform,"T5_SYNC_ENGINE_001",[""system-design",0,ventures-master.csv,medium,Venture #162 of 687
lt-027-fleet-management-saas,LT-027-Fleet-Management-SaaS: Fleet Management Saas - logistics-transport venture,Venture,LT-027-Fleet-Management-SaaS,Fleet Management Saas,logistics-transport,planned,planned,https://github.com/Worldwidebro/lt-027-fleet-management-saas,"T5_SYNC_ENGINE_001",[""system-design",0,ventures-master.csv,medium,Venture #163 of 687
lt-028-freight-ai-optimization,LT-028-Freight-AI-Optimization: Freight Ai Optimization - logistics-transport venture,Venture,LT-028-Freight-AI-Optimization,Freight Ai Optimization,logistics-transport,planned,planned,https://github.com/Worldwidebro/lt-028-freight-ai-optimization,"T5_SYNC_ENGINE_001",[""system-design",0,ventures-master.csv,medium,Venture #164 of 687
lt-029-supply-chain-analytics,LT-029-Supply-Chain-Analytics: Supply Chain Analytics - logistics-transport venture,Venture,LT-029-Supply-Chain-Analytics,Supply Chain Analytics,logistics-transport,planned,planned,https://github.com/Worldwidebro/lt-029-supply-chain-analytics,"T5_SYNC_ENGINE_001",[""system-design",0,ventures-master.csv,medium,Venture #165 of 687
lt-030-cold-chain-logistics,LT-030-Cold-Chain-Logistics: Cold Chain Logistics - logistics-transport venture,Venture,LT-030-Cold-Chain-Logistics,Cold Chain Logistics,logistics-transport,validation,validation,https://github.com/Worldwidebro/lt-030-cold-chain-logistics,"T5_SYNC_ENGINE_001",[""system-design",0,ventures-master.csv,medium,Venture #166 of 687
ps-001-business-consulting,PS-001-Business-Consulting: Business Consulting - professional-services venture,Venture,PS-001-Business-Consulting,Business Consulting,professional-services,mvp,development,https://github.com/Worldwidebro/ps-001-business-consulting,"T2_TECHNICAL_WRITER_001",[""business-strategy",0,ventures-master.csv,medium,Venture #167 of 687
ps-002-legal-services,PS-002-Legal-Services: Legal Services - professional-services venture,Venture,PS-002-Legal-Services,Legal Services,professional-services,validation,validation,https://github.com/Worldwidebro/ps-002-legal-services,"T2_TECHNICAL_WRITER_001",[""business-strategy",0,ventures-master.csv,medium,Venture #168 of 687
ps-003-accounting-services,PS-003-Accounting-Services: Accounting Services - professional-services venture,Venture,PS-003-Accounting-Services,Accounting Services,professional-services,mvp,development,https://github.com/Worldwidebro/ps-003-accounting-services,"T2_TECHNICAL_WRITER_001",[""business-strategy",0,ventures-master.csv,medium,Venture #169 of 687
ps-004-hr-consulting,PS-004-HR-Consulting: Hr Consulting - professional-services venture,Venture,PS-004-HR-Consulting,Hr Consulting,professional-services,validation,validation,https://github.com/Worldwidebro/ps-004-hr-consulting,"T2_TECHNICAL_WRITER_001",[""business-strategy",0,ventures-master.csv,medium,Venture #170 of 687
ps-005-marketing-agency,PS-005-Marketing-Agency: Marketing Agency - professional-services venture,Venture,PS-005-Marketing-Agency,Marketing Agency,professional-services,mvp,development,https://github.com/Worldwidebro/ps-005-marketing-agency,"T2_TECHNICAL_WRITER_001",[""business-strategy",0,ventures-master.csv,medium,Venture #171 of 687
ps-006-web-design-agency,PS-006-Web-Design-Agency: Web Design Agency - professional-services venture,Venture,PS-006-Web-Design-Agency,Web Design Agency,professional-services,mvp,development,https://github.com/Worldwidebro/ps-006-web-design-agency,"T2_TECHNICAL_WRITER_001",[""business-strategy",0,ventures-master.csv,medium,Venture #172 of 687
ps-007-it-support-services,PS-007-IT-Support-Services: It Support Services - professional-services venture,Venture,PS-007-IT-Support-Services,It Support Services,professional-services,mvp,development,https://github.com/Worldwidebro/ps-007-it-support-services,"T2_TECHNICAL_WRITER_001",[""business-strategy",0,ventures-master.csv,medium,Venture #173 of 687
ps-008-virtual-assistant-service,PS-008-Virtual-Assistant-Service: Virtual Assistant Service - professional-services venture,Venture,PS-008-Virtual-Assistant-Service,Virtual Assistant Service,professional-services,mvp,development,https://github.com/Worldwidebro/ps-008-virtual-assistant-service,"T2_TECHNICAL_WRITER_001",[""business-strategy",0,ventures-master.csv,medium,Venture #174 of 687
ps-009-bookkeeping-service,PS-009-Bookkeeping-Service: Bookkeeping Service - professional-services venture,Venture,PS-009-Bookkeeping-Service,Bookkeeping Service,professional-services,mvp,development,https://github.com/Worldwidebro/ps-009-bookkeeping-service,"T2_TECHNICAL_WRITER_001",[""business-strategy",0,ventures-master.csv,medium,Venture #175 of 687
ps-010-tax-preparation-service,PS-010-Tax-Preparation-Service: Tax Preparation Service - professional-services venture,Venture,PS-010-Tax-Preparation-Service,Tax Preparation Service,professional-services,mvp,development,https://github.com/Worldwidebro/ps-010-tax-preparation-service,"T2_TECHNICAL_WRITER_001",[""business-strategy",0,ventures-master.csv,medium,Venture #176 of 687
ps-011-real-estate-agency,PS-011-Real-Estate-Agency: Real Estate Agency - professional-services venture,Venture,PS-011-Real-Estate-Agency,Real Estate Agency,professional-services,validation,validation,https://github.com/Worldwidebro/ps-011-real-estate-agency,"T2_TECHNICAL_WRITER_001",[""business-strategy",0,ventures-master.csv,medium,Venture #177 of 687
ps-012-insurance-agency,PS-012-Insurance-Agency: Insurance Agency - professional-services venture,Venture,PS-012-Insurance-Agency,Insurance Agency,professional-services,validation,validation,https://github.com/Worldwidebro/ps-012-insurance-agency,"T2_TECHNICAL_WRITER_001",[""business-strategy",0,ventures-master.csv,medium,Venture #178 of 687
ps-013-financial-planning,PS-013-Financial-Planning: Financial Planning - professional-services venture,Venture,PS-013-Financial-Planning,Financial Planning,professional-services,mvp,development,https://github.com/Worldwidebro/ps-013-financial-planning,"T2_TECHNICAL_WRITER_001",[""business-strategy",0,ventures-master.csv,medium,Venture #179 of 687
ps-014-event-planning,PS-014-Event-Planning: Event Planning - professional-services venture,Venture,PS-014-Event-Planning,Event Planning,professional-services,validation,validation,https://github.com/Worldwidebro/ps-014-event-planning,"T2_TECHNICAL_WRITER_001",[""business-strategy",0,ventures-master.csv,medium,Venture #180 of 687
ps-015-interior-design,PS-015-Interior-Design: Interior Design - professional-services venture,Venture,PS-015-Interior-Design,Interior Design,professional-services,validation,validation,https://github.com/Worldwidebro/ps-015-interior-design,"T2_TECHNICAL_WRITER_001",[""business-strategy",0,ventures-master.csv,medium,Venture #181 of 687
ps-016-photography-service,PS-016-Photography-Service: Photography Service - professional-services venture,Venture,PS-016-Photography-Service,Photography Service,professional-services,mvp,development,https://github.com/Worldwidebro/ps-016-photography-service,"T2_TECHNICAL_WRITER_001",[""business-strategy",0,ventures-master.csv,medium,Venture #182 of 687
ps-017-videography-service,PS-017-Videography-Service: Videography Service - professional-services venture,Venture,PS-017-Videography-Service,Videography Service,professional-services,mvp,development,https://github.com/Worldwidebro/ps-017-videography-service,"T2_TECHNICAL_WRITER_001",[""business-strategy",0,ventures-master.csv,medium,Venture #183 of 687
ps-018-translation-services,PS-018-Translation-Services: Translation Services - professional-services venture,Venture,PS-018-Translation-Services,Translation Services,professional-services,validation,validation,https://github.com/Worldwidebro/ps-018-translation-services,"T2_TECHNICAL_WRITER_001",[""business-strategy",0,ventures-master.csv,medium,Venture #184 of 687
ps-019-copywriting-service,PS-019-Copywriting-Service: Copywriting Service - professional-services venture,Venture,PS-019-Copywriting-Service,Copywriting Service,professional-services,mvp,development,https://github.com/Worldwidebro/ps-019-copywriting-service,"T2_TECHNICAL_WRITER_001",[""business-strategy",0,ventures-master.csv,medium,Venture #185 of 687
ps-020-social-media-management,PS-020-Social-Media-Management: Social Media Management - professional-services venture,Venture,PS-020-Social-Media-Management,Social Media Management,professional-services,mvp,development,https://github.com/Worldwidebro/ps-020-social-media-management,"T2_TECHNICAL_WRITER_001",[""business-strategy",0,ventures-master.csv,medium,Venture #186 of 687
ps-021-seo-agency,PS-021-SEO-Agency: Seo Agency - professional-services venture,Venture,PS-021-SEO-Agency,Seo Agency,professional-services,mvp,development,https://github.com/Worldwidebro/ps-021-seo-agency,"T2_TECHNICAL_WRITER_001",[""business-strategy",0,ventures-master.csv,medium,Venture #187 of 687
ps-022-ppc-management,PS-022-PPC-Management: Ppc Management - professional-services venture,Venture,PS-022-PPC-Management,Ppc Management,professional-services,mvp,development,https://github.com/Worldwidebro/ps-022-ppc-management,"T2_TECHNICAL_WRITER_001",[""business-strategy",0,ventures-master.csv,medium,Venture #188 of 687
ps-023-pr-agency,PS-023-PR-Agency: Pr Agency - professional-services venture,Venture,PS-023-PR-Agency,Pr Agency,professional-services,validation,validation,https://github.com/Worldwidebro/ps-023-pr-agency,"T2_TECHNICAL_WRITER_001",[""business-strategy",0,ventures-master.csv,medium,Venture #189 of 687
ps-024-recruiting-agency,PS-024-Recruiting-Agency: Recruiting Agency - professional-services venture,Venture,PS-024-Recruiting-Agency,Recruiting Agency,professional-services,validation,validation,https://github.com/Worldwidebro/ps-024-recruiting-agency,"T2_TECHNICAL_WRITER_001",[""business-strategy",0,ventures-master.csv,medium,Venture #190 of 687
ps-025-business-brokerage,PS-025-Business-Brokerage: Business Brokerage - professional-services venture,Venture,PS-025-Business-Brokerage,Business Brokerage,professional-services,planned,planned,https://github.com/Worldwidebro/ps-025-business-brokerage,"T2_TECHNICAL_WRITER_001",[""business-strategy",0,ventures-master.csv,medium,Venture #191 of 687
mc-001-youtube-channel-network,MC-001-YouTube-Channel-Network: Youtube Channel Network - media-content venture,Venture,MC-001-YouTube-Channel-Network,Youtube Channel Network,media-content,mvp,development,https://github.com/Worldwidebro/mc-001-youtube-channel-network,"T3_SOCIAL_MEDIA_001","T4_OPS_COORDINATOR_001""],0,ventures-master.csv,medium,Venture #192 of 687
mc-002-podcast-network,MC-002-Podcast-Network: Podcast Network - media-content venture,Venture,MC-002-Podcast-Network,Podcast Network,media-content,mvp,development,https://github.com/Worldwidebro/mc-002-podcast-network,"T3_SOCIAL_MEDIA_001","T4_OPS_COORDINATOR_001""],0,ventures-master.csv,medium,Venture #193 of 687
mc-003-blog-network,MC-003-Blog-Network: Blog Network - media-content venture,Venture,MC-003-Blog-Network,Blog Network,media-content,mvp,development,https://github.com/Worldwidebro/mc-003-blog-network,"T3_SOCIAL_MEDIA_001","T4_OPS_COORDINATOR_001""],0,ventures-master.csv,medium,Venture #194 of 687
mc-004-influencer-agency,MC-004-Influencer-Agency: Influencer Agency - media-content venture,Venture,MC-004-Influencer-Agency,Influencer Agency,media-content,validation,validation,https://github.com/Worldwidebro/mc-004-influencer-agency,"T3_SOCIAL_MEDIA_001","T4_OPS_COORDINATOR_001""],0,ventures-master.csv,medium,Venture #195 of 687
mc-005-content-creation-studio,MC-005-Content-Creation-Studio: Content Creation Studio - media-content venture,Venture,MC-005-Content-Creation-Studio,Content Creation Studio,media-content,mvp,development,https://github.com/Worldwidebro/mc-005-content-creation-studio,"T3_SOCIAL_MEDIA_001","T4_OPS_COORDINATOR_001""],0,ventures-master.csv,medium,Venture #196 of 687
mc-006-video-production-company,MC-006-Video-Production-Company: Video Production Company - media-content venture,Venture,MC-006-Video-Production-Company,Video Production Company,media-content,validation,validation,https://github.com/Worldwidebro/mc-006-video-production-company,"T3_SOCIAL_MEDIA_001","T4_OPS_COORDINATOR_001""],0,ventures-master.csv,medium,Venture #197 of 687
mc-007-animation-studio,MC-007-Animation-Studio: Animation Studio - media-content venture,Venture,MC-007-Animation-Studio,Animation Studio,media-content,planned,planned,https://github.com/Worldwidebro/mc-007-animation-studio,"T3_SOCIAL_MEDIA_001","T4_OPS_COORDINATOR_001""],0,ventures-master.csv,medium,Venture #198 of 687
mc-008-music-production,MC-008-Music-Production: Music Production - media-content venture,Venture,MC-008-Music-Production,Music Production,media-content,validation,validation,https://github.com/Worldwidebro/mc-008-music-production,"T3_SOCIAL_MEDIA_001","T4_OPS_COORDINATOR_001""],0,ventures-master.csv,medium,Venture #199 of 687
mc-009-stock-photography,MC-009-Stock-Photography: Stock Photography - media-content venture,Venture,MC-009-Stock-Photography,Stock Photography,media-content,mvp,development,https://github.com/Worldwidebro/mc-009-stock-photography,"T3_SOCIAL_MEDIA_001","T4_OPS_COORDINATOR_001""],0,ventures-master.csv,medium,Venture #200 of 687
mc-010-stock-video,MC-010-Stock-Video: Stock Video - media-content venture,Venture,MC-010-Stock-Video,Stock Video,media-content,mvp,development,https://github.com/Worldwidebro/mc-010-stock-video,"T3_SOCIAL_MEDIA_001","T4_OPS_COORDINATOR_001""],0,ventures-master.csv,medium,Venture #201 of 687
mc-011-online-magazine,MC-011-Online-Magazine: Online Magazine - media-content venture,Venture,MC-011-Online-Magazine,Online Magazine,media-content,mvp,development,https://github.com/Worldwidebro/mc-011-online-magazine,"T3_SOCIAL_MEDIA_001","T4_OPS_COORDINATOR_001""],0,ventures-master.csv,medium,Venture #202 of 687
mc-012-news-website,MC-012-News-Website: News Website - media-content venture,Venture,MC-012-News-Website,News Website,media-content,validation,validation,https://github.com/Worldwidebro/mc-012-news-website,"T3_SOCIAL_MEDIA_001","T4_OPS_COORDINATOR_001""],0,ventures-master.csv,medium,Venture #203 of 687
mc-013-streaming-platform,MC-013-Streaming-Platform: Streaming Platform - media-content venture,Venture,MC-013-Streaming-Platform,Streaming Platform,media-content,planned,planned,https://github.com/Worldwidebro/mc-013-streaming-platform,"T3_SOCIAL_MEDIA_001","T4_OPS_COORDINATOR_001""],0,ventures-master.csv,medium,Venture #204 of 687
mc-014-gaming-channel,MC-014-Gaming-Channel: Gaming Channel - media-content venture,Venture,MC-014-Gaming-Channel,Gaming Channel,media-content,mvp,development,https://github.com/Worldwidebro/mc-014-gaming-channel,"T3_SOCIAL_MEDIA_001","T4_OPS_COORDINATOR_001""],0,ventures-master.csv,medium,Venture #205 of 687
mc-015-esports-team,MC-015-Esports-Team: Esports Team - media-content venture,Venture,MC-015-Esports-Team,Esports Team,media-content,planned,planned,https://github.com/Worldwidebro/mc-015-esports-team,"T3_SOCIAL_MEDIA_001","T4_OPS_COORDINATOR_001""],0,ventures-master.csv,medium,Venture #206 of 687
mc-016-virtual-events-platform,MC-016-Virtual-Events-Platform: Virtual Events Platform - media-content venture,Venture,MC-016-Virtual-Events-Platform,Virtual Events Platform,media-content,planned,planned,https://github.com/Worldwidebro/mc-016-virtual-events-platform,"T3_SOCIAL_MEDIA_001","T4_OPS_COORDINATOR_001""],0,ventures-master.csv,medium,Venture #207 of 687
mc-017-online-course-platform,MC-017-Online-Course-Platform: Online Course Platform - media-content venture,Venture,MC-017-Online-Course-Platform,Online Course Platform,media-content,mvp,development,https://github.com/Worldwidebro/mc-017-online-course-platform,"T3_SOCIAL_MEDIA_001","T4_OPS_COORDINATOR_001""],0,ventures-master.csv,medium,Venture #208 of 687
mc-018-membership-site,MC-018-Membership-Site: Membership Site - media-content venture,Venture,MC-018-Membership-Site,Membership Site,media-content,mvp,development,https://github.com/Worldwidebro/mc-018-membership-site,"T3_SOCIAL_MEDIA_001","T4_OPS_COORDINATOR_001""],0,ventures-master.csv,medium,Venture #209 of 687
mc-019-digital-download-store,MC-019-Digital-Download-Store: Digital Download Store - media-content venture,Venture,MC-019-Digital-Download-Store,Digital Download Store,media-content,mvp,development,https://github.com/Worldwidebro/mc-019-digital-download-store,"T3_SOCIAL_MEDIA_001","T4_OPS_COORDINATOR_001""],0,ventures-master.csv,medium,Venture #210 of 687
mc-020-nft-marketplace,MC-020-NFT-Marketplace: Nft Marketplace - media-content venture,Venture,MC-020-NFT-Marketplace,Nft Marketplace,media-content,planned,planned,https://github.com/Worldwidebro/mc-020-nft-marketplace,"T3_SOCIAL_MEDIA_001","T4_OPS_COORDINATOR_001""],0,ventures-master.csv,medium,Venture #211 of 687
et-001-online-tutoring-platform,ET-001-Online-Tutoring-Platform: Online Tutoring Platform - education-training venture,Venture,ET-001-Online-Tutoring-Platform,Online Tutoring Platform,education-training,mvp,development,https://github.com/Worldwidebro/et-001-online-tutoring-platform,"T3_CONTENT_STRATEGIST_001","T4_OPS_COORDINATOR_001""],0,ventures-master.csv,medium,Venture #212 of 687
et-002-language-learning-app,ET-002-Language-Learning-App: Language Learning App - education-training venture,Venture,ET-002-Language-Learning-App,Language Learning App,education-training,mvp,development,https://github.com/Worldwidebro/et-002-language-learning-app,"T3_CONTENT_STRATEGIST_001","T4_OPS_COORDINATOR_001""],0,ventures-master.csv,medium,Venture #213 of 687
et-003-test-prep-service,ET-003-Test-Prep-Service: Test Prep Service - education-training venture,Venture,ET-003-Test-Prep-Service,Test Prep Service,education-training,validation,validation,https://github.com/Worldwidebro/et-003-test-prep-service,"T3_CONTENT_STRATEGIST_001","T4_OPS_COORDINATOR_001""],0,ventures-master.csv,medium,Venture #214 of 687
et-004-coding-bootcamp,ET-004-Coding-Bootcamp: Coding Bootcamp - education-training venture,Venture,ET-004-Coding-Bootcamp,Coding Bootcamp,education-training,validation,validation,https://github.com/Worldwidebro/et-004-coding-bootcamp,"T3_CONTENT_STRATEGIST_001","T4_OPS_COORDINATOR_001""],0,ventures-master.csv,medium,Venture #215 of 687
et-005-professional-certification,ET-005-Professional-Certification: Professional Certification - education-training venture,Venture,ET-005-Professional-Certification,Professional Certification,education-training,validation,validation,https://github.com/Worldwidebro/et-005-professional-certification,"T3_CONTENT_STRATEGIST_001","T4_OPS_COORDINATOR_001""],0,ventures-master.csv,medium,Venture #216 of 687
et-006-corporate-training,ET-006-Corporate-Training: Corporate Training - education-training venture,Venture,ET-006-Corporate-Training,Corporate Training,education-training,validation,validation,https://github.com/Worldwidebro/et-006-corporate-training,"T3_CONTENT_STRATEGIST_001","T4_OPS_COORDINATOR_001""],0,ventures-master.csv,medium,Venture #217 of 687
et-007-skills-assessment-platform,ET-007-Skills-Assessment-Platform: Skills Assessment Platform - education-training venture,Venture,ET-007-Skills-Assessment-Platform,Skills Assessment Platform,education-training,planned,planned,https://github.com/Worldwidebro/et-007-skills-assessment-platform,"T3_CONTENT_STRATEGIST_001","T4_OPS_COORDINATOR_001""],0,ventures-master.csv,medium,Venture #218 of 687
et-008-career-coaching,ET-008-Career-Coaching: Career Coaching - education-training venture,Venture,ET-008-Career-Coaching,Career Coaching,education-training,mvp,development,https://github.com/Worldwidebro/et-008-career-coaching,"T3_CONTENT_STRATEGIST_001","T4_OPS_COORDINATOR_001""],0,ventures-master.csv,medium,Venture #219 of 687
et-009-resume-writing-service,ET-009-Resume-Writing-Service: Resume Writing Service - education-training venture,Venture,ET-009-Resume-Writing-Service,Resume Writing Service,education-training,mvp,development,https://github.com/Worldwidebro/et-009-resume-writing-service,"T3_CONTENT_STRATEGIST_001","T4_OPS_COORDINATOR_001""],0,ventures-master.csv,medium,Venture #220 of 687
et-010-interview-prep-platform,ET-010-Interview-Prep-Platform: Interview Prep Platform - education-training venture,Venture,ET-010-Interview-Prep-Platform,Interview Prep Platform,education-training,mvp,development,https://github.com/Worldwidebro/et-010-interview-prep-platform,"T3_CONTENT_STRATEGIST_001","T4_OPS_COORDINATOR_001""],0,ventures-master.csv,medium,Venture #221 of 687
et-011-mentorship-platform,ET-011-Mentorship-Platform: Mentorship Platform - education-training venture,Venture,ET-011-Mentorship-Platform,Mentorship Platform,education-training,planned,planned,https://github.com/Worldwidebro/et-011-mentorship-platform,"T3_CONTENT_STRATEGIST_001","T4_OPS_COORDINATOR_001""],0,ventures-master.csv,medium,Venture #222 of 687
et-012-educational-content-library,ET-012-Educational-Content-Library: Educational Content Library - education-training venture,Venture,ET-012-Educational-Content-Library,Educational Content Library,education-training,mvp,development,https://github.com/Worldwidebro/et-012-educational-content-library,"T3_CONTENT_STRATEGIST_001","T4_OPS_COORDINATOR_001""],0,ventures-master.csv,medium,Venture #223 of 687
et-013-vr-training-simulations,ET-013-VR-Training-Simulations: Vr Training Simulations - education-training venture,Venture,ET-013-VR-Training-Simulations,Vr Training Simulations,education-training,planned,planned,https://github.com/Worldwidebro/et-013-vr-training-simulations,"T3_CONTENT_STRATEGIST_001","T4_OPS_COORDINATOR_001""],0,ventures-master.csv,medium,Venture #224 of 687
et-014-gamified-learning-app,ET-014-Gamified-Learning-App: Gamified Learning App - education-training venture,Venture,ET-014-Gamified-Learning-App,Gamified Learning App,education-training,planned,planned,https://github.com/Worldwidebro/et-014-gamified-learning-app,"T3_CONTENT_STRATEGIST_001","T4_OPS_COORDINATOR_001""],0,ventures-master.csv,medium,Venture #225 of 687
et-015-homeschool-curriculum,ET-015-Homeschool-Curriculum: Homeschool Curriculum - education-training venture,Venture,ET-015-Homeschool-Curriculum,Homeschool Curriculum,education-training,validation,validation,https://github.com/Worldwidebro/et-015-homeschool-curriculum,"T3_CONTENT_STRATEGIST_001","T4_OPS_COORDINATOR_001""],0,ventures-master.csv,medium,Venture #226 of 687
st-001-saas-platform,ST-001-SaaS-Platform: Saas Platform - software-technology venture,Venture,ST-001-SaaS-Platform,Saas Platform,software-technology,mvp,development,https://github.com/Worldwidebro/st-001-saas-platform,"T2_DATA_SPECIALIST_001","T4_OPS_COORDINATOR_001""],0,ventures-master.csv,medium,Venture #227 of 687
st-002-mobile-app-development,ST-002-Mobile-App-Development: Mobile App Development - software-technology venture,Venture,ST-002-Mobile-App-Development,Mobile App Development,software-technology,mvp,development,https://github.com/Worldwidebro/st-002-mobile-app-development,"T2_DATA_SPECIALIST_001","T4_OPS_COORDINATOR_001""],0,ventures-master.csv,medium,Venture #228 of 687
st-003-web-development-agency,ST-003-Web-Development-Agency: Web Development Agency - software-technology venture,Venture,ST-003-Web-Development-Agency,Web Development Agency,software-technology,mvp,development,https://github.com/Worldwidebro/st-003-web-development-agency,"T2_DATA_SPECIALIST_001","T4_OPS_COORDINATOR_001""],0,ventures-master.csv,medium,Venture #229 of 687
st-004-custom-software-development,ST-004-Custom-Software-Development: Custom Software Development - software-technology venture,Venture,ST-004-Custom-Software-Development,Custom Software Development,software-technology,validation,validation,https://github.com/Worldwidebro/st-004-custom-software-development,"T2_DATA_SPECIALIST_001","T4_OPS_COORDINATOR_001""],0,ventures-master.csv,medium,Venture #230 of 687
st-005-api-development,ST-005-API-Development: Api Development - software-technology venture,Venture,ST-005-API-Development,Api Development,software-technology,mvp,development,https://github.com/Worldwidebro/st-005-api-development,"T2_DATA_SPECIALIST_001","T4_OPS_COORDINATOR_001""],0,ventures-master.csv,medium,Venture #231 of 687
st-006-cloud-infrastructure,ST-006-Cloud-Infrastructure: Cloud Infrastructure - software-technology venture,Venture,ST-006-Cloud-Infrastructure,Cloud Infrastructure,software-technology,planned,planned,https://github.com/Worldwidebro/st-006-cloud-infrastructure,"T2_DATA_SPECIALIST_001","T4_OPS_COORDINATOR_001""],0,ventures-master.csv,medium,Venture #232 of 687
st-007-devops-consulting,ST-007-DevOps-Consulting: Devops Consulting - software-technology venture,Venture,ST-007-DevOps-Consulting,Devops Consulting,software-technology,validation,validation,https://github.com/Worldwidebro/st-007-devops-consulting,"T2_DATA_SPECIALIST_001","T4_OPS_COORDINATOR_001""],0,ventures-master.csv,medium,Venture #233 of 687
st-008-cybersecurity-service,ST-008-Cybersecurity-Service: Cybersecurity Service - software-technology venture,Venture,ST-008-Cybersecurity-Service,Cybersecurity Service,software-technology,validation,validation,https://github.com/Worldwidebro/st-008-cybersecurity-service,"T2_DATA_SPECIALIST_001","T4_OPS_COORDINATOR_001""],0,ventures-master.csv,medium,Venture #234 of 687
st-009-data-analytics-platform,ST-009-Data-Analytics-Platform: Data Analytics Platform - software-technology venture,Venture,ST-009-Data-Analytics-Platform,Data Analytics Platform,software-technology,planned,planned,https://github.com/Worldwidebro/st-009-data-analytics-platform,"T2_DATA_SPECIALIST_001","T4_OPS_COORDINATOR_001""],0,ventures-master.csv,medium,Venture #235 of 687
st-010-business-intelligence-tool,ST-010-Business-Intelligence-Tool: Business Intelligence Tool - software-technology venture,Venture,ST-010-Business-Intelligence-Tool,Business Intelligence Tool,software-technology,planned,planned,https://github.com/Worldwidebro/st-010-business-intelligence-tool,"T2_DATA_SPECIALIST_001","T4_OPS_COORDINATOR_001""],0,ventures-master.csv,medium,Venture #236 of 687
st-011-crm-platform,ST-011-CRM-Platform: Crm Platform - software-technology venture,Venture,ST-011-CRM-Platform,Crm Platform,software-technology,planned,planned,https://github.com/Worldwidebro/st-011-crm-platform,"T2_DATA_SPECIALIST_001","T4_OPS_COORDINATOR_001""],0,ventures-master.csv,medium,Venture #237 of 687
st-012-project-management-tool,ST-012-Project-Management-Tool: Project Management Tool - software-technology venture,Venture,ST-012-Project-Management-Tool,Project Management Tool,software-technology,planned,planned,https://github.com/Worldwidebro/st-012-project-management-tool,"T2_DATA_SPECIALIST_001","T4_OPS_COORDINATOR_001""],0,ventures-master.csv,medium,Venture #238 of 687
st-013-communication-platform,ST-013-Communication-Platform: Communication Platform - software-technology venture,Venture,ST-013-Communication-Platform,Communication Platform,software-technology,planned,planned,https://github.com/Worldwidebro/st-013-communication-platform,"T2_DATA_SPECIALIST_001","T4_OPS_COORDINATOR_001""],0,ventures-master.csv,medium,Venture #239 of 687
st-014-collaboration-software,ST-014-Collaboration-Software: Collaboration Software - software-technology venture,Venture,ST-014-Collaboration-Software,Collaboration Software,software-technology,planned,planned,https://github.com/Worldwidebro/st-014-collaboration-software,"T2_DATA_SPECIALIST_001","T4_OPS_COORDINATOR_001""],0,ventures-master.csv,medium,Venture #240 of 687
st-015-automation-platform,ST-015-Automation-Platform: Automation Platform - software-technology venture,Venture,ST-015-Automation-Platform,Automation Platform,software-technology,planned,planned,https://github.com/Worldwidebro/st-015-automation-platform,"T2_DATA_SPECIALIST_001","T4_OPS_COORDINATOR_001""],0,ventures-master.csv,medium,Venture #241 of 687
st-016-ai,ST-016-AI: Ai - software-technology venture,Venture,ST-016-AI,Ai,software-technology,planned,planned,https://github.com/Worldwidebro/st-016-ai,"T2_DATA_SPECIALIST_001","T4_OPS_COORDINATOR_001""],0,ventures-master.csv,medium,Venture #242 of 687
st-017-chatbot-builder,ST-017-Chatbot-Builder: Chatbot Builder - software-technology venture,Venture,ST-017-Chatbot-Builder,Chatbot Builder,software-technology,mvp,development,https://github.com/Worldwidebro/st-017-chatbot-builder,"T2_DATA_SPECIALIST_001","T4_OPS_COORDINATOR_001""],0,ventures-master.csv,medium,Venture #243 of 687
st-018-e-commerce-platform,ST-018-E-commerce-Platform: E Commerce Platform - software-technology venture,Venture,ST-018-E-commerce-Platform,E Commerce Platform,software-technology,planned,planned,https://github.com/Worldwidebro/st-018-e-commerce-platform,"T2_DATA_SPECIALIST_001","T4_OPS_COORDINATOR_001""],0,ventures-master.csv,medium,Venture #244 of 687
st-019-payment-processing,ST-019-Payment-Processing: Payment Processing - software-technology venture,Venture,ST-019-Payment-Processing,Payment Processing,software-technology,validation,validation,https://github.com/Worldwidebro/st-019-payment-processing,"T2_DATA_SPECIALIST_001","T4_OPS_COORDINATOR_001""],0,ventures-master.csv,medium,Venture #245 of 687
st-020-blockchain-platform,ST-020-Blockchain-Platform: Blockchain Platform - software-technology venture,Venture,ST-020-Blockchain-Platform,Blockchain Platform,software-technology,planned,planned,https://github.com/Worldwidebro/st-020-blockchain-platform,"T2_DATA_SPECIALIST_001","T4_OPS_COORDINATOR_001""],0,ventures-master.csv,medium,Venture #246 of 687
st-021-iot-platform,ST-021-IoT-Platform: Iot Platform - software-technology venture,Venture,ST-021-IoT-Platform,Iot Platform,software-technology,planned,planned,https://github.com/Worldwidebro/st-021-iot-platform,"T2_DATA_SPECIALIST_001","T4_OPS_COORDINATOR_001""],0,ventures-master.csv,medium,Venture #247 of 687
st-022-ar,ST-022-AR: Ar - software-technology venture,Venture,ST-022-AR,Ar,software-technology,planned,planned,https://github.com/Worldwidebro/st-022-ar,"T2_DATA_SPECIALIST_001","T4_OPS_COORDINATOR_001""],0,ventures-master.csv,medium,Venture #248 of 687
st-023-game-development,ST-023-Game-Development: Game Development - software-technology venture,Venture,ST-023-Game-Development,Game Development,software-technology,validation,validation,https://github.com/Worldwidebro/st-023-game-development,"T2_DATA_SPECIALIST_001","T4_OPS_COORDINATOR_001""],0,ventures-master.csv,medium,Venture #249 of 687
st-024-marketing-automation,ST-024-Marketing-Automation: Marketing Automation - software-technology venture,Venture,ST-024-Marketing-Automation,Marketing Automation,software-technology,mvp,development,https://github.com/Worldwidebro/st-024-marketing-automation,"T2_DATA_SPECIALIST_001","T4_OPS_COORDINATOR_001""],0,ventures-master.csv,medium,Venture #250 of 687
st-025-sales-automation,ST-025-Sales-Automation: Sales Automation - software-technology venture,Venture,ST-025-Sales-Automation,Sales Automation,software-technology,mvp,development,https://github.com/Worldwidebro/st-025-sales-automation,"T2_DATA_SPECIALIST_001","T4_OPS_COORDINATOR_001""],0,ventures-master.csv,medium,Venture #251 of 687
st-026-hr-tech-platform,ST-026-HR-Tech-Platform: Hr Tech Platform - software-technology venture,Venture,ST-026-HR-Tech-Platform,Hr Tech Platform,software-technology,planned,planned,https://github.com/Worldwidebro/st-026-hr-tech-platform,"T2_DATA_SPECIALIST_001","T4_OPS_COORDINATOR_001""],0,ventures-master.csv,medium,Venture #252 of 687
st-027-legal-tech-platform,ST-027-Legal-Tech-Platform: Legal Tech Platform - software-technology venture,Venture,ST-027-Legal-Tech-Platform,Legal Tech Platform,software-technology,planned,planned,https://github.com/Worldwidebro/st-027-legal-tech-platform,"T2_DATA_SPECIALIST_001","T4_OPS_COORDINATOR_001""],0,ventures-master.csv,medium,Venture #253 of 687
st-028-health-tech-platform,ST-028-Health-Tech-Platform: Health Tech Platform - software-technology venture,Venture,ST-028-Health-Tech-Platform,Health Tech Platform,software-technology,planned,planned,https://github.com/Worldwidebro/st-028-health-tech-platform,"T2_DATA_SPECIALIST_001","T4_OPS_COORDINATOR_001""],0,ventures-master.csv,medium,Venture #254 of 687
st-029-edtech-platform,ST-029-EdTech-Platform: Edtech Platform - software-technology venture,Venture,ST-029-EdTech-Platform,Edtech Platform,software-technology,planned,planned,https://github.com/Worldwidebro/st-029-edtech-platform,"T2_DATA_SPECIALIST_001","T4_OPS_COORDINATOR_001""],0,ventures-master.csv,medium,Venture #255 of 687
st-030-proptech-platform,ST-030-PropTech-Platform: Proptech Platform - software-technology venture,Venture,ST-030-PropTech-Platform,Proptech Platform,software-technology,planned,planned,https://github.com/Worldwidebro/st-030-proptech-platform,"T2_DATA_SPECIALIST_001","T4_OPS_COORDINATOR_001""],0,ventures-master.csv,medium,Venture #256 of 687
ec-001-angels-in-daylight,EC-001-Angels-in-Daylight: Angels In Daylight - e-commerce venture,Venture,EC-001-Angels-in-Daylight,Angels In Daylight,e-commerce,planned,planned,https://github.com/Worldwidebro/ec-001-angels-in-daylight,"T3_GROWTH_HACKER_001","T4_OPS_COORDINATOR_001""],0,ventures-master.csv,medium,Venture #257 of 687
ec-002-new-world-apparel,EC-002-New-World-Apparel: New World Apparel - e-commerce venture,Venture,EC-002-New-World-Apparel,New World Apparel,e-commerce,planned,planned,https://github.com/Worldwidebro/ec-002-new-world-apparel,"T3_GROWTH_HACKER_001","T4_OPS_COORDINATOR_001""],0,ventures-master.csv,medium,Venture #258 of 687
ec-003-shopify-autopilot,EC-003-Shopify-Autopilot: Shopify Autopilot - e-commerce venture,Venture,EC-003-Shopify-Autopilot,Shopify Autopilot,e-commerce,planned,planned,https://github.com/Worldwidebro/ec-003-shopify-autopilot,"T3_GROWTH_HACKER_001","T4_OPS_COORDINATOR_001""],0,ventures-master.csv,medium,Venture #259 of 687
ec-004-shoe-customizer,EC-004-Shoe-Customizer: Shoe Customizer - e-commerce venture,Venture,EC-004-Shoe-Customizer,Shoe Customizer,e-commerce,planned,planned,https://github.com/Worldwidebro/ec-004-shoe-customizer,"T3_GROWTH_HACKER_001","T4_OPS_COORDINATOR_001""],0,ventures-master.csv,medium,Venture #260 of 687
ec-005-sunglasses-ai,EC-005-Sunglasses-AI: Sunglasses Ai - e-commerce venture,Venture,EC-005-Sunglasses-AI,Sunglasses Ai,e-commerce,planned,planned,https://github.com/Worldwidebro/ec-005-sunglasses-ai,"T3_GROWTH_HACKER_001","T4_OPS_COORDINATOR_001""],0,ventures-master.csv,medium,Venture #261 of 687
ec-006-dropship-hub,EC-006-Dropship-Hub: Dropship Hub - e-commerce venture,Venture,EC-006-Dropship-Hub,Dropship Hub,e-commerce,planned,planned,https://github.com/Worldwidebro/ec-006-dropship-hub,"T3_GROWTH_HACKER_001","T4_OPS_COORDINATOR_001""],0,ventures-master.csv,medium,Venture #262 of 687
ec-007-personal-shopper-ai,EC-007-Personal-Shopper-AI: Personal Shopper Ai - e-commerce venture,Venture,EC-007-Personal-Shopper-AI,Personal Shopper Ai,e-commerce,planned,planned,https://github.com/Worldwidebro/ec-007-personal-shopper-ai,"T3_GROWTH_HACKER_001","T4_OPS_COORDINATOR_001""],0,ventures-master.csv,medium,Venture #263 of 687
ec-008-custom-sneaker-ai,EC-008-Custom-Sneaker-AI: Custom Sneaker Ai - e-commerce venture,Venture,EC-008-Custom-Sneaker-AI,Custom Sneaker Ai,e-commerce,planned,planned,https://github.com/Worldwidebro/ec-008-custom-sneaker-ai,"T3_GROWTH_HACKER_001","T4_OPS_COORDINATOR_001""],0,ventures-master.csv,medium,Venture #264 of 687
ec-009-sustainable-fashion-ai,EC-009-Sustainable-Fashion-AI: Sustainable Fashion Ai - e-commerce venture,Venture,EC-009-Sustainable-Fashion-AI,Sustainable Fashion Ai,e-commerce,planned,planned,https://github.com/Worldwidebro/ec-009-sustainable-fashion-ai,"T3_GROWTH_HACKER_001","T4_OPS_COORDINATOR_001""],0,ventures-master.csv,medium,Venture #265 of 687
ec-010-jewelry-designer-ai,EC-010-Jewelry-Designer-AI: Jewelry Designer Ai - e-commerce venture,Venture,EC-010-Jewelry-Designer-AI,Jewelry Designer Ai,e-commerce,planned,planned,https://github.com/Worldwidebro/ec-010-jewelry-designer-ai,"T3_GROWTH_HACKER_001","T4_OPS_COORDINATOR_001""],0,ventures-master.csv,medium,Venture #266 of 687
ec-011-virtual-try-on-ai,EC-011-Virtual-Try-On-AI: Virtual Try On Ai - e-commerce venture,Venture,EC-011-Virtual-Try-On-AI,Virtual Try On Ai,e-commerce,planned,planned,https://github.com/Worldwidebro/ec-011-virtual-try-on-ai,"T3_GROWTH_HACKER_001","T4_OPS_COORDINATOR_001""],0,ventures-master.csv,medium,Venture #267 of 687
ec-012-fashion-designer-ai,EC-012-Fashion-Designer-AI: Fashion Designer Ai - e-commerce venture,Venture,EC-012-Fashion-Designer-AI,Fashion Designer Ai,e-commerce,planned,planned,https://github.com/Worldwidebro/ec-012-fashion-designer-ai,"T3_GROWTH_HACKER_001","T4_OPS_COORDINATOR_001""],0,ventures-master.csv,medium,Venture #268 of 687
ec-013-merch-licensing,EC-013-Merch-Licensing: Merch Licensing - e-commerce venture,Venture,EC-013-Merch-Licensing,Merch Licensing,e-commerce,planned,planned,https://github.com/Worldwidebro/ec-013-merch-licensing,"T3_GROWTH_HACKER_001","T4_OPS_COORDINATOR_001""],0,ventures-master.csv,medium,Venture #269 of 687
ec-014-subscription-box-ai,EC-014-Subscription-Box-AI: Subscription Box Ai - e-commerce venture,Venture,EC-014-Subscription-Box-AI,Subscription Box Ai,e-commerce,planned,planned,https://github.com/Worldwidebro/ec-014-subscription-box-ai,"T3_GROWTH_HACKER_001","T4_OPS_COORDINATOR_001""],0,ventures-master.csv,medium,Venture #270 of 687
ec-015-surf-gear-ai,EC-015-Surf-Gear-AI: Surf Gear Ai - e-commerce venture,Venture,EC-015-Surf-Gear-AI,Surf Gear Ai,e-commerce,planned,planned,https://github.com/Worldwidebro/ec-015-surf-gear-ai,"T3_GROWTH_HACKER_001","T4_OPS_COORDINATOR_001""],0,ventures-master.csv,medium,Venture #271 of 687
ec-016-ski-gear-ai,EC-016-Ski-Gear-AI: Ski Gear Ai - e-commerce venture,Venture,EC-016-Ski-Gear-AI,Ski Gear Ai,e-commerce,planned,planned,https://github.com/Worldwidebro/ec-016-ski-gear-ai,"T3_GROWTH_HACKER_001","T4_OPS_COORDINATOR_001""],0,ventures-master.csv,medium,Venture #272 of 687
ec-017-golf-gear-ai,EC-017-Golf-Gear-AI: Golf Gear Ai - e-commerce venture,Venture,EC-017-Golf-Gear-AI,Golf Gear Ai,e-commerce,planned,planned,https://github.com/Worldwidebro/ec-017-golf-gear-ai,"T3_GROWTH_HACKER_001","T4_OPS_COORDINATOR_001""],0,ventures-master.csv,medium,Venture #273 of 687
ec-018-fishing-gear-ai,EC-018-Fishing-Gear-AI: Fishing Gear Ai - e-commerce venture,Venture,EC-018-Fishing-Gear-AI,Fishing Gear Ai,e-commerce,planned,planned,https://github.com/Worldwidebro/ec-018-fishing-gear-ai,"T3_GROWTH_HACKER_001","T4_OPS_COORDINATOR_001""],0,ventures-master.csv,medium,Venture #274 of 687
ec-019-yoga-gear-ai,EC-019-Yoga-Gear-AI: Yoga Gear Ai - e-commerce venture,Venture,EC-019-Yoga-Gear-AI,Yoga Gear Ai,e-commerce,planned,planned,https://github.com/Worldwidebro/ec-019-yoga-gear-ai,"T3_GROWTH_HACKER_001","T4_OPS_COORDINATOR_001""],0,ventures-master.csv,medium,Venture #275 of 687
ec-020-costume-shop-ai,EC-020-Costume-Shop-AI: Costume Shop Ai - e-commerce venture,Venture,EC-020-Costume-Shop-AI,Costume Shop Ai,e-commerce,planned,planned,https://github.com/Worldwidebro/ec-020-costume-shop-ai,"T3_GROWTH_HACKER_001","T4_OPS_COORDINATOR_001""],0,ventures-master.csv,medium,Venture #276 of 687
ec-021-luggage-ai,EC-021-Luggage-AI: Luggage Ai - e-commerce venture,Venture,EC-021-Luggage-AI,Luggage Ai,e-commerce,planned,planned,https://github.com/Worldwidebro/ec-021-luggage-ai,"T3_GROWTH_HACKER_001","T4_OPS_COORDINATOR_001""],0,ventures-master.csv,medium,Venture #277 of 687
ec-022-home-appliance-ai,EC-022-Home-Appliance-AI: Home Appliance Ai - e-commerce venture,Venture,EC-022-Home-Appliance-AI,Home Appliance Ai,e-commerce,planned,planned,https://github.com/Worldwidebro/ec-022-home-appliance-ai,"T3_GROWTH_HACKER_001","T4_OPS_COORDINATOR_001""],0,ventures-master.csv,medium,Venture #278 of 687
ec-023-tool-shop-ai,EC-023-Tool-Shop-AI: Tool Shop Ai - e-commerce venture,Venture,EC-023-Tool-Shop-AI,Tool Shop Ai,e-commerce,planned,planned,https://github.com/Worldwidebro/ec-023-tool-shop-ai,"T3_GROWTH_HACKER_001","T4_OPS_COORDINATOR_001""],0,ventures-master.csv,medium,Venture #279 of 687
ec-024-garden-supply-ai,EC-024-Garden-Supply-AI: Garden Supply Ai - e-commerce venture,Venture,EC-024-Garden-Supply-AI,Garden Supply Ai,e-commerce,planned,planned,https://github.com/Worldwidebro/ec-024-garden-supply-ai,"T3_GROWTH_HACKER_001","T4_OPS_COORDINATOR_001""],0,ventures-master.csv,medium,Venture #280 of 687
ec-025-collectible-ai,EC-025-Collectible-AI: Collectible Ai - e-commerce venture,Venture,EC-025-Collectible-AI,Collectible Ai,e-commerce,planned,planned,https://github.com/Worldwidebro/ec-025-collectible-ai,"T3_GROWTH_HACKER_001","T4_OPS_COORDINATOR_001""],0,ventures-master.csv,medium,Venture #281 of 687
ec-026-hobby-shop-ai,EC-026-Hobby-Shop-AI: Hobby Shop Ai - e-commerce venture,Venture,EC-026-Hobby-Shop-AI,Hobby Shop Ai,e-commerce,planned,planned,https://github.com/Worldwidebro/ec-026-hobby-shop-ai,"T3_GROWTH_HACKER_001","T4_OPS_COORDINATOR_001""],0,ventures-master.csv,medium,Venture #282 of 687
ec-027-kids-toy-line,EC-027-Kids-Toy-Line: Kids Toy Line - e-commerce venture,Venture,EC-027-Kids-Toy-Line,Kids Toy Line,e-commerce,planned,planned,https://github.com/Worldwidebro/ec-027-kids-toy-line,"T3_GROWTH_HACKER_001","T4_OPS_COORDINATOR_001""],0,ventures-master.csv,medium,Venture #283 of 687
ec-028-nft-fashion-licensing,EC-028-NFT-Fashion-Licensing: Nft Fashion Licensing - e-commerce venture,Venture,EC-028-NFT-Fashion-Licensing,Nft Fashion Licensing,e-commerce,planned,planned,https://github.com/Worldwidebro/ec-028-nft-fashion-licensing,"T3_GROWTH_HACKER_001","T4_OPS_COORDINATOR_001""],0,ventures-master.csv,medium,Venture #284 of 687
ec-029-instant-brand-generator,EC-029-Instant-Brand-Generator: Instant Brand Generator - e-commerce venture,Venture,EC-029-Instant-Brand-Generator,Instant Brand Generator,e-commerce,planned,planned,https://github.com/Worldwidebro/ec-029-instant-brand-generator,"T3_GROWTH_HACKER_001","T4_OPS_COORDINATOR_001""],0,ventures-master.csv,medium,Venture #285 of 687
ec-030-ai-product-photographer,EC-030-AI-Product-Photographer: Ai Product Photographer - e-commerce venture,Venture,EC-030-AI-Product-Photographer,Ai Product Photographer,e-commerce,planned,planned,https://github.com/Worldwidebro/ec-030-ai-product-photographer,"T3_GROWTH_HACKER_001","T4_OPS_COORDINATOR_001""],0,ventures-master.csv,medium,Venture #286 of 687
ec-031-automated-inventory-forecaster,EC-031-Automated-Inventory-Forecaster: Automated Inventory Forecaster - e-commerce venture,Venture,EC-031-Automated-Inventory-Forecaster,Automated Inventory Forecaster,e-commerce,planned,planned,https://github.com/Worldwidebro/ec-031-automated-inventory-forecaster,"T3_GROWTH_HACKER_001","T4_OPS_COORDINATOR_001""],0,ventures-master.csv,medium,Venture #287 of 687
ec-032-dynamic-pricing-engine,EC-032-Dynamic-Pricing-Engine: Dynamic Pricing Engine - e-commerce venture,Venture,EC-032-Dynamic-Pricing-Engine,Dynamic Pricing Engine,e-commerce,planned,planned,https://github.com/Worldwidebro/ec-032-dynamic-pricing-engine,"T3_GROWTH_HACKER_001","T4_OPS_COORDINATOR_001""],0,ventures-master.csv,medium,Venture #288 of 687
ec-033-ad-optimizer-ai,EC-033-Ad-Optimizer-AI: Ad Optimizer Ai - e-commerce venture,Venture,EC-033-Ad-Optimizer-AI,Ad Optimizer Ai,e-commerce,planned,planned,https://github.com/Worldwidebro/ec-033-ad-optimizer-ai,"T3_GROWTH_HACKER_001","T4_OPS_COORDINATOR_001""],0,ventures-master.csv,medium,Venture #289 of 687
ec-034-recommendation-engine,EC-034-Recommendation-Engine: Recommendation Engine - e-commerce venture,Venture,EC-034-Recommendation-Engine,Recommendation Engine,e-commerce,planned,planned,https://github.com/Worldwidebro/ec-034-recommendation-engine,"T3_GROWTH_HACKER_001","T4_OPS_COORDINATOR_001""],0,ventures-master.csv,medium,Venture #290 of 687
ec-035-review-aggregator-ai,EC-035-Review-Aggregator-AI: Review Aggregator Ai - e-commerce venture,Venture,EC-035-Review-Aggregator-AI,Review Aggregator Ai,e-commerce,planned,planned,https://github.com/Worldwidebro/ec-035-review-aggregator-ai,"T3_GROWTH_HACKER_001","T4_OPS_COORDINATOR_001""],0,ventures-master.csv,medium,Venture #291 of 687
ec-036-fulfillment-network-ai,EC-036-Fulfillment-Network-AI: Fulfillment Network Ai - e-commerce venture,Venture,EC-036-Fulfillment-Network-AI,Fulfillment Network Ai,e-commerce,planned,planned,https://github.com/Worldwidebro/ec-036-fulfillment-network-ai,"T3_GROWTH_HACKER_001","T4_OPS_COORDINATOR_001""],0,ventures-master.csv,medium,Venture #292 of 687
ec-037-return-optimization-ai,EC-037-Return-Optimization-AI: Return Optimization Ai - e-commerce venture,Venture,EC-037-Return-Optimization-AI,Return Optimization Ai,e-commerce,planned,planned,https://github.com/Worldwidebro/ec-037-return-optimization-ai,"T3_GROWTH_HACKER_001","T4_OPS_COORDINATOR_001""],0,ventures-master.csv,medium,Venture #293 of 687
ec-038-chatbot-customer-service,EC-038-Chatbot-Customer-Service: Chatbot Customer Service - e-commerce venture,Venture,EC-038-Chatbot-Customer-Service,Chatbot Customer Service,e-commerce,planned,planned,https://github.com/Worldwidebro/ec-038-chatbot-customer-service,"T3_GROWTH_HACKER_001","T4_OPS_COORDINATOR_001""],0,ventures-master.csv,medium,Venture #294 of 687
ec-039-visual-search-ai,EC-039-Visual-Search-AI: Visual Search Ai - e-commerce venture,Venture,EC-039-Visual-Search-AI,Visual Search Ai,e-commerce,planned,planned,https://github.com/Worldwidebro/ec-039-visual-search-ai,"T3_GROWTH_HACKER_001","T4_OPS_COORDINATOR_001""],0,ventures-master.csv,medium,Venture #295 of 687
ec-040-abandoned-cart-recovery,EC-040-Abandoned-Cart-Recovery: Abandoned Cart Recovery - e-commerce venture,Venture,EC-040-Abandoned-Cart-Recovery,Abandoned Cart Recovery,e-commerce,planned,planned,https://github.com/Worldwidebro/ec-040-abandoned-cart-recovery,"T3_GROWTH_HACKER_001","T4_OPS_COORDINATOR_001""],0,ventures-master.csv,medium,Venture #296 of 687
ec-041-seasonal-trend-predictor,EC-041-Seasonal-Trend-Predictor: Seasonal Trend Predictor - e-commerce venture,Venture,EC-041-Seasonal-Trend-Predictor,Seasonal Trend Predictor,e-commerce,planned,planned,https://github.com/Worldwidebro/ec-041-seasonal-trend-predictor,"T3_GROWTH_HACKER_001","T4_OPS_COORDINATOR_001""],0,ventures-master.csv,medium,Venture #297 of 687
ec-042-influencer-matchmaker,EC-042-Influencer-Matchmaker: Influencer Matchmaker - e-commerce venture,Venture,EC-042-Influencer-Matchmaker,Influencer Matchmaker,e-commerce,planned,planned,https://github.com/Worldwidebro/ec-042-influencer-matchmaker,"T3_GROWTH_HACKER_001","T4_OPS_COORDINATOR_001""],0,ventures-master.csv,medium,Venture #298 of 687
ec-043-ugc-content-aggregator,EC-043-UGC-Content-Aggregator: Ugc Content Aggregator - e-commerce venture,Venture,EC-043-UGC-Content-Aggregator,Ugc Content Aggregator,e-commerce,planned,planned,https://github.com/Worldwidebro/ec-043-ugc-content-aggregator,"T3_GROWTH_HACKER_001","T4_OPS_COORDINATOR_001""],0,ventures-master.csv,medium,Venture #299 of 687
ec-044-live-commerce-platform,EC-044-Live-Commerce-Platform: Live Commerce Platform - e-commerce venture,Venture,EC-044-Live-Commerce-Platform,Live Commerce Platform,e-commerce,growth,active,https://github.com/Worldwidebro/ec-044-live-commerce-platform,"T3_GROWTH_HACKER_001","T4_OPS_COORDINATOR_001""],0,ventures-master.csv,medium,Venture #300 of 687
ec-045-ar-virtual-fitting-room,EC-045-AR-Virtual-Fitting-Room: Ar Virtual Fitting Room - e-commerce venture,Venture,EC-045-AR-Virtual-Fitting-Room,Ar Virtual Fitting Room,e-commerce,planned,planned,https://github.com/Worldwidebro/ec-045-ar-virtual-fitting-room,"T3_GROWTH_HACKER_001","T4_OPS_COORDINATOR_001""],0,ventures-master.csv,medium,Venture #301 of 687
ec-046-3d-product-viewer,EC-046-3D-Product-Viewer: 3D Product Viewer - e-commerce venture,Venture,EC-046-3D-Product-Viewer,3D Product Viewer,e-commerce,growth,active,https://github.com/Worldwidebro/ec-046-3d-product-viewer,"T3_GROWTH_HACKER_001","T4_OPS_COORDINATOR_001""],0,ventures-master.csv,medium,Venture #302 of 687
ec-047-carbon-footprint-tracker,EC-047-Carbon-Footprint-Tracker: Carbon Footprint Tracker - e-commerce venture,Venture,EC-047-Carbon-Footprint-Tracker,Carbon Footprint Tracker,e-commerce,planned,planned,https://github.com/Worldwidebro/ec-047-carbon-footprint-tracker,"T3_GROWTH_HACKER_001","T4_OPS_COORDINATOR_001""],0,ventures-master.csv,medium,Venture #303 of 687
ec-048-wholesale-marketplace-ai,EC-048-Wholesale-Marketplace-AI: Wholesale Marketplace Ai - e-commerce venture,Venture,EC-048-Wholesale-Marketplace-AI,Wholesale Marketplace Ai,e-commerce,planned,planned,https://github.com/Worldwidebro/ec-048-wholesale-marketplace-ai,"T3_GROWTH_HACKER_001","T4_OPS_COORDINATOR_001""],0,ventures-master.csv,medium,Venture #304 of 687
ec-049-rental-marketplace,EC-049-Rental-Marketplace: Rental Marketplace - e-commerce venture,Venture,EC-049-Rental-Marketplace,Rental Marketplace,e-commerce,planned,planned,https://github.com/Worldwidebro/ec-049-rental-marketplace,"T3_GROWTH_HACKER_001","T4_OPS_COORDINATOR_001""],0,ventures-master.csv,medium,Venture #305 of 687
ec-050-ai-product-descriptions,EC-050-AI-Product-Descriptions: Ai Product Descriptions - e-commerce venture,Venture,EC-050-AI-Product-Descriptions,Ai Product Descriptions,e-commerce,planned,planned,https://github.com/Worldwidebro/ec-050-ai-product-descriptions,"T3_GROWTH_HACKER_001","T4_OPS_COORDINATOR_001""],0,ventures-master.csv,medium,Venture #306 of 687
ec-051-ai-email-marketing,EC-051-AI-Email-Marketing: Ai Email Marketing - e-commerce venture,Venture,EC-051-AI-Email-Marketing,Ai Email Marketing,e-commerce,planned,planned,https://github.com/Worldwidebro/ec-051-ai-email-marketing,"T3_GROWTH_HACKER_001","T4_OPS_COORDINATOR_001""],0,ventures-master.csv,medium,Venture #307 of 687
ec-052-ai-product-bundler,EC-052-AI-Product-Bundler: Ai Product Bundler - e-commerce venture,Venture,EC-052-AI-Product-Bundler,Ai Product Bundler,e-commerce,planned,planned,https://github.com/Worldwidebro/ec-052-ai-product-bundler,"T3_GROWTH_HACKER_001","T4_OPS_COORDINATOR_001""],0,ventures-master.csv,medium,Venture #308 of 687
ec-053-ai-visual-merchandiser,EC-053-AI-Visual-Merchandiser: Ai Visual Merchandiser - e-commerce venture,Venture,EC-053-AI-Visual-Merchandiser,Ai Visual Merchandiser,e-commerce,planned,planned,https://github.com/Worldwidebro/ec-053-ai-visual-merchandiser,"T3_GROWTH_HACKER_001","T4_OPS_COORDINATOR_001""],0,ventures-master.csv,medium,Venture #309 of 687
ec-054-ai-demand-forecasting,EC-054-AI-Demand-Forecasting: Ai Demand Forecasting - e-commerce venture,Venture,EC-054-AI-Demand-Forecasting,Ai Demand Forecasting,e-commerce,planned,planned,https://github.com/Worldwidebro/ec-054-ai-demand-forecasting,"T3_GROWTH_HACKER_001","T4_OPS_COORDINATOR_001""],0,ventures-master.csv,medium,Venture #310 of 687
ec-055-ai-warehouse-management,EC-055-AI-Warehouse-Management: Ai Warehouse Management - e-commerce venture,Venture,EC-055-AI-Warehouse-Management,Ai Warehouse Management,e-commerce,planned,planned,https://github.com/Worldwidebro/ec-055-ai-warehouse-management,"T3_GROWTH_HACKER_001","T4_OPS_COORDINATOR_001""],0,ventures-master.csv,medium,Venture #311 of 687
ec-056-ai-supplier-matching,EC-056-AI-Supplier-Matching: Ai Supplier Matching - e-commerce venture,Venture,EC-056-AI-Supplier-Matching,Ai Supplier Matching,e-commerce,planned,planned,https://github.com/Worldwidebro/ec-056-ai-supplier-matching,"T3_GROWTH_HACKER_001","T4_OPS_COORDINATOR_001""],0,ventures-master.csv,medium,Venture #312 of 687
ec-057-ai-quality-control,EC-057-AI-Quality-Control: Ai Quality Control - e-commerce venture,Venture,EC-057-AI-Quality-Control,Ai Quality Control,e-commerce,planned,planned,https://github.com/Worldwidebro/ec-057-ai-quality-control,"T3_GROWTH_HACKER_001","T4_OPS_COORDINATOR_001""],0,ventures-master.csv,medium,Venture #313 of 687
ec-058-ai-packaging-designer,EC-058-AI-Packaging-Designer: Ai Packaging Designer - e-commerce venture,Venture,EC-058-AI-Packaging-Designer,Ai Packaging Designer,e-commerce,planned,planned,https://github.com/Worldwidebro/ec-058-ai-packaging-designer,"T3_GROWTH_HACKER_001","T4_OPS_COORDINATOR_001""],0,ventures-master.csv,medium,Venture #314 of 687
ec-059-ai-logistics-planner,EC-059-AI-Logistics-Planner: Ai Logistics Planner - e-commerce venture,Venture,EC-059-AI-Logistics-Planner,Ai Logistics Planner,e-commerce,planned,planned,https://github.com/Worldwidebro/ec-059-ai-logistics-planner,"T3_GROWTH_HACKER_001","T4_OPS_COORDINATOR_001""],0,ventures-master.csv,medium,Venture #315 of 687
ec-060-ai-customer-loyalty,EC-060-AI-Customer-Loyalty: Ai Customer Loyalty - e-commerce venture,Venture,EC-060-AI-Customer-Loyalty,Ai Customer Loyalty,e-commerce,planned,planned,https://github.com/Worldwidebro/ec-060-ai-customer-loyalty,"T3_GROWTH_HACKER_001","T4_OPS_COORDINATOR_001""],0,ventures-master.csv,medium,Venture #316 of 687
ec-061-ai-gift-finder,EC-061-AI-Gift-Finder: Ai Gift Finder - e-commerce venture,Venture,EC-061-AI-Gift-Finder,Ai Gift Finder,e-commerce,planned,planned,https://github.com/Worldwidebro/ec-061-ai-gift-finder,"T3_GROWTH_HACKER_001","T4_OPS_COORDINATOR_001""],0,ventures-master.csv,medium,Venture #317 of 687
ec-062-ai-trend-hunter,EC-062-AI-Trend-Hunter: Ai Trend Hunter - e-commerce venture,Venture,EC-062-AI-Trend-Hunter,Ai Trend Hunter,e-commerce,planned,planned,https://github.com/Worldwidebro/ec-062-ai-trend-hunter,"T3_GROWTH_HACKER_001","T4_OPS_COORDINATOR_001""],0,ventures-master.csv,medium,Venture #318 of 687
ec-063-ai-market-research,EC-063-AI-Market-Research: Ai Market Research - e-commerce venture,Venture,EC-063-AI-Market-Research,Ai Market Research,e-commerce,planned,planned,https://github.com/Worldwidebro/ec-063-ai-market-research,"T3_GROWTH_HACKER_001","T4_OPS_COORDINATOR_001""],0,ventures-master.csv,medium,Venture #319 of 687
ec-064-ai-competitor-watcher,EC-064-AI-Competitor-Watcher: Ai Competitor Watcher - e-commerce venture,Venture,EC-064-AI-Competitor-Watcher,Ai Competitor Watcher,e-commerce,planned,planned,https://github.com/Worldwidebro/ec-064-ai-competitor-watcher,"T3_GROWTH_HACKER_001","T4_OPS_COORDINATOR_001""],0,ventures-master.csv,medium,Venture #320 of 687
ec-065-ai-product-development,EC-065-AI-Product-Development: Ai Product Development - e-commerce venture,Venture,EC-065-AI-Product-Development,Ai Product Development,e-commerce,planned,planned,https://github.com/Worldwidebro/ec-065-ai-product-development,"T3_GROWTH_HACKER_001","T4_OPS_COORDINATOR_001""],0,ventures-master.csv,medium,Venture #321 of 687
ec-066-ai-customer-journey,EC-066-AI-Customer-Journey: Ai Customer Journey - e-commerce venture,Venture,EC-066-AI-Customer-Journey,Ai Customer Journey,e-commerce,planned,planned,https://github.com/Worldwidebro/ec-066-ai-customer-journey,"T3_GROWTH_HACKER_001","T4_OPS_COORDINATOR_001""],0,ventures-master.csv,medium,Venture #322 of 687
ec-067-ai-payment-optimization,EC-067-AI-Payment-Optimization: Ai Payment Optimization - e-commerce venture,Venture,EC-067-AI-Payment-Optimization,Ai Payment Optimization,e-commerce,planned,planned,https://github.com/Worldwidebro/ec-067-ai-payment-optimization,"T3_GROWTH_HACKER_001","T4_OPS_COORDINATOR_001""],0,ventures-master.csv,medium,Venture #323 of 687
ec-068-ai-returns-management,EC-068-AI-Returns-Management: Ai Returns Management - e-commerce venture,Venture,EC-068-AI-Returns-Management,Ai Returns Management,e-commerce,planned,planned,https://github.com/Worldwidebro/ec-068-ai-returns-management,"T3_GROWTH_HACKER_001","T4_OPS_COORDINATOR_001""],0,ventures-master.csv,medium,Venture #324 of 687
ec-069-ai-shipping-labeler,EC-069-AI-Shipping-Labeler: Ai Shipping Labeler - e-commerce venture,Venture,EC-069-AI-Shipping-Labeler,Ai Shipping Labeler,e-commerce,planned,planned,https://github.com/Worldwidebro/ec-069-ai-shipping-labeler,"T3_GROWTH_HACKER_001","T4_OPS_COORDINATOR_001""],0,ventures-master.csv,medium,Venture #325 of 687
ec-070-ai-product-launch-coach,EC-070-AI-Product-Launch-Coach: Ai Product Launch Coach - e-commerce venture,Venture,EC-070-AI-Product-Launch-Coach,Ai Product Launch Coach,e-commerce,planned,planned,https://github.com/Worldwidebro/ec-070-ai-product-launch-coach,"T3_GROWTH_HACKER_001","T4_OPS_COORDINATOR_001""],0,ventures-master.csv,medium,Venture #326 of 687
ec-071-ai-vendor-negotiator,EC-071-AI-Vendor-Negotiator: Ai Vendor Negotiator - e-commerce venture,Venture,EC-071-AI-Vendor-Negotiator,Ai Vendor Negotiator,e-commerce,planned,planned,https://github.com/Worldwidebro/ec-071-ai-vendor-negotiator,"T3_GROWTH_HACKER_001","T4_OPS_COORDINATOR_001""],0,ventures-master.csv,medium,Venture #327 of 687
ec-072-ai-product-cataloger,EC-072-AI-Product-Cataloger: Ai Product Cataloger - e-commerce venture,Venture,EC-072-AI-Product-Cataloger,Ai Product Cataloger,e-commerce,planned,planned,https://github.com/Worldwidebro/ec-072-ai-product-cataloger,"T3_GROWTH_HACKER_001","T4_OPS_COORDINATOR_001""],0,ventures-master.csv,medium,Venture #328 of 687
ec-073-ai-order-prioritizer,EC-073-AI-Order-Prioritizer: Ai Order Prioritizer - e-commerce venture,Venture,EC-073-AI-Order-Prioritizer,Ai Order Prioritizer,e-commerce,planned,planned,https://github.com/Worldwidebro/ec-073-ai-order-prioritizer,"T3_GROWTH_HACKER_001","T4_OPS_COORDINATOR_001""],0,ventures-master.csv,medium,Venture #329 of 687
ec-074-ai-customer-segmentation,EC-074-AI-Customer-Segmentation: Ai Customer Segmentation - e-commerce venture,Venture,EC-074-AI-Customer-Segmentation,Ai Customer Segmentation,e-commerce,planned,planned,https://github.com/Worldwidebro/ec-074-ai-customer-segmentation,"T3_GROWTH_HACKER_001","T4_OPS_COORDINATOR_001""],0,ventures-master.csv,medium,Venture #330 of 687
ec-075-ai-pricing-analyst,EC-075-AI-Pricing-Analyst: Ai Pricing Analyst - e-commerce venture,Venture,EC-075-AI-Pricing-Analyst,Ai Pricing Analyst,e-commerce,planned,planned,https://github.com/Worldwidebro/ec-075-ai-pricing-analyst,"T3_GROWTH_HACKER_001","T4_OPS_COORDINATOR_001""],0,ventures-master.csv,medium,Venture #331 of 687
ec-076-ai-sales-forecasting,EC-076-AI-Sales-Forecasting: Ai Sales Forecasting - e-commerce venture,Venture,EC-076-AI-Sales-Forecasting,Ai Sales Forecasting,e-commerce,planned,planned,https://github.com/Worldwidebro/ec-076-ai-sales-forecasting,"T3_GROWTH_HACKER_001","T4_OPS_COORDINATOR_001""],0,ventures-master.csv,medium,Venture #332 of 687
ec-077-ai-inventory-reordering,EC-077-AI-Inventory-Reordering: Ai Inventory Reordering - e-commerce venture,Venture,EC-077-AI-Inventory-Reordering,Ai Inventory Reordering,e-commerce,planned,planned,https://github.com/Worldwidebro/ec-077-ai-inventory-reordering,"T3_GROWTH_HACKER_001","T4_OPS_COORDINATOR_001""],0,ventures-master.csv,medium,Venture #333 of 687
ec-078-ai-product-comparison,EC-078-AI-Product-Comparison: Ai Product Comparison - e-commerce venture,Venture,EC-078-AI-Product-Comparison,Ai Product Comparison,e-commerce,planned,planned,https://github.com/Worldwidebro/ec-078-ai-product-comparison,"T3_GROWTH_HACKER_001","T4_OPS_COORDINATOR_001""],0,ventures-master.csv,medium,Venture #334 of 687
ec-079-ai-customer-feedback,EC-079-AI-Customer-Feedback: Ai Customer Feedback - e-commerce venture,Venture,EC-079-AI-Customer-Feedback,Ai Customer Feedback,e-commerce,planned,planned,https://github.com/Worldwidebro/ec-079-ai-customer-feedback,"T3_GROWTH_HACKER_001","T4_OPS_COORDINATOR_001""],0,ventures-master.csv,medium,Venture #335 of 687
ec-080-ai-product-updates,EC-080-AI-Product-Updates: Ai Product Updates - e-commerce venture,Venture,EC-080-AI-Product-Updates,Ai Product Updates,e-commerce,planned,planned,https://github.com/Worldwidebro/ec-080-ai-product-updates,"T3_GROWTH_HACKER_001","T4_OPS_COORDINATOR_001""],0,ventures-master.csv,medium,Venture #336 of 687
ec-081-ai-cross-selling,EC-081-AI-Cross-Selling: Ai Cross Selling - e-commerce venture,Venture,EC-081-AI-Cross-Selling,Ai Cross Selling,e-commerce,planned,planned,https://github.com/Worldwidebro/ec-081-ai-cross-selling,"T3_GROWTH_HACKER_001","T4_OPS_COORDINATOR_001""],0,ventures-master.csv,medium,Venture #337 of 687
ec-082-ai-up-selling,EC-082-AI-Up-Selling: Ai Up Selling - e-commerce venture,Venture,EC-082-AI-Up-Selling,Ai Up Selling,e-commerce,planned,planned,https://github.com/Worldwidebro/ec-082-ai-up-selling,"T3_GROWTH_HACKER_001","T4_OPS_COORDINATOR_001""],0,ventures-master.csv,medium,Venture #338 of 687
ec-083-ai-product-education,EC-083-AI-Product-Education: Ai Product Education - e-commerce venture,Venture,EC-083-AI-Product-Education,Ai Product Education,e-commerce,planned,planned,https://github.com/Worldwidebro/ec-083-ai-product-education,"T3_GROWTH_HACKER_001","T4_OPS_COORDINATOR_001""],0,ventures-master.csv,medium,Venture #339 of 687
ec-084-ai-purchase-timing,EC-084-AI-Purchase-Timing: Ai Purchase Timing - e-commerce venture,Venture,EC-084-AI-Purchase-Timing,Ai Purchase Timing,e-commerce,planned,planned,https://github.com/Worldwidebro/ec-084-ai-purchase-timing,"T3_GROWTH_HACKER_001","T4_OPS_COORDINATOR_001""],0,ventures-master.csv,medium,Venture #340 of 687
ec-085-ai-customer-support,EC-085-AI-Customer-Support: Ai Customer Support - e-commerce venture,Venture,EC-085-AI-Customer-Support,Ai Customer Support,e-commerce,planned,planned,https://github.com/Worldwidebro/ec-085-ai-customer-support,"T3_GROWTH_HACKER_001","T4_OPS_COORDINATOR_001""],0,ventures-master.csv,medium,Venture #341 of 687
ec-086-ai-order-tracking,EC-086-AI-Order-Tracking: Ai Order Tracking - e-commerce venture,Venture,EC-086-AI-Order-Tracking,Ai Order Tracking,e-commerce,planned,planned,https://github.com/Worldwidebro/ec-086-ai-order-tracking,"T3_GROWTH_HACKER_001","T4_OPS_COORDINATOR_001""],0,ventures-master.csv,medium,Venture #342 of 687
ec-087-ai-product-reviews,EC-087-AI-Product-Reviews: Ai Product Reviews - e-commerce venture,Venture,EC-087-AI-Product-Reviews,Ai Product Reviews,e-commerce,planned,planned,https://github.com/Worldwidebro/ec-087-ai-product-reviews,"T3_GROWTH_HACKER_001","T4_OPS_COORDINATOR_001""],0,ventures-master.csv,medium,Venture #343 of 687
ec-088-ai-customer-community,EC-088-AI-Customer-Community: Ai Customer Community - e-commerce venture,Venture,EC-088-AI-Customer-Community,Ai Customer Community,e-commerce,planned,planned,https://github.com/Worldwidebro/ec-088-ai-customer-community,"T3_GROWTH_HACKER_001","T4_OPS_COORDINATOR_001""],0,ventures-master.csv,medium,Venture #344 of 687
ec-089-ai-product-customization,EC-089-AI-Product-Customization: Ai Product Customization - e-commerce venture,Venture,EC-089-AI-Product-Customization,Ai Product Customization,e-commerce,planned,planned,https://github.com/Worldwidebro/ec-089-ai-product-customization,"T3_GROWTH_HACKER_001","T4_OPS_COORDINATOR_001""],0,ventures-master.csv,medium,Venture #345 of 687
ec-090-ai-gift-registry,EC-090-AI-Gift-Registry: Ai Gift Registry - e-commerce venture,Venture,EC-090-AI-Gift-Registry,Ai Gift Registry,e-commerce,planned,planned,https://github.com/Worldwidebro/ec-090-ai-gift-registry,"T3_GROWTH_HACKER_001","T4_OPS_COORDINATOR_001""],0,ventures-master.csv,medium,Venture #346 of 687
ec-091-ai-wedding-registry,EC-091-AI-Wedding-Registry: Ai Wedding Registry - e-commerce venture,Venture,EC-091-AI-Wedding-Registry,Ai Wedding Registry,e-commerce,planned,planned,https://github.com/Worldwidebro/ec-091-ai-wedding-registry,"T3_GROWTH_HACKER_001","T4_OPS_COORDINATOR_001""],0,ventures-master.csv,medium,Venture #347 of 687
ec-092-ai-baby-registry,EC-092-AI-Baby-Registry: Ai Baby Registry - e-commerce venture,Venture,EC-092-AI-Baby-Registry,Ai Baby Registry,e-commerce,planned,planned,https://github.com/Worldwidebro/ec-092-ai-baby-registry,"T3_GROWTH_HACKER_001","T4_OPS_COORDINATOR_001""],0,ventures-master.csv,medium,Venture #348 of 687
ec-093-ai-holiday-planner,EC-093-AI-Holiday-Planner: Ai Holiday Planner - e-commerce venture,Venture,EC-093-AI-Holiday-Planner,Ai Holiday Planner,e-commerce,planned,planned,https://github.com/Worldwidebro/ec-093-ai-holiday-planner,"T3_GROWTH_HACKER_001","T4_OPS_COORDINATOR_001""],0,ventures-master.csv,medium,Venture #349 of 687
ec-094-ai-personal-shopper,EC-094-AI-Personal-Shopper: Ai Personal Shopper - e-commerce venture,Venture,EC-094-AI-Personal-Shopper,Ai Personal Shopper,e-commerce,planned,planned,https://github.com/Worldwidebro/ec-094-ai-personal-shopper,"T3_GROWTH_HACKER_001","T4_OPS_COORDINATOR_001""],0,ventures-master.csv,medium,Venture #350 of 687
ec-095-ai-color-match,EC-095-AI-Color-Match: Ai Color Match - e-commerce venture,Venture,EC-095-AI-Color-Match,Ai Color Match,e-commerce,planned,planned,https://github.com/Worldwidebro/ec-095-ai-color-match,"T3_GROWTH_HACKER_001","T4_OPS_COORDINATOR_001""],0,ventures-master.csv,medium,Venture #351 of 687
ec-096-ai-fabric-advisor,EC-096-AI-Fabric-Advisor: Ai Fabric Advisor - e-commerce venture,Venture,EC-096-AI-Fabric-Advisor,Ai Fabric Advisor,e-commerce,planned,planned,https://github.com/Worldwidebro/ec-096-ai-fabric-advisor,"T3_GROWTH_HACKER_001","T4_OPS_COORDINATOR_001""],0,ventures-master.csv,medium,Venture #352 of 687
ec-097-ai-fit-recommendation,EC-097-AI-Fit-Recommendation: Ai Fit Recommendation - e-commerce venture,Venture,EC-097-AI-Fit-Recommendation,Ai Fit Recommendation,e-commerce,planned,planned,https://github.com/Worldwidebro/ec-097-ai-fit-recommendation,"T3_GROWTH_HACKER_001","T4_OPS_COORDINATOR_001""],0,ventures-master.csv,medium,Venture #353 of 687
ec-098-ai-outfit-builder,EC-098-AI-Outfit-Builder: Ai Outfit Builder - e-commerce venture,Venture,EC-098-AI-Outfit-Builder,Ai Outfit Builder,e-commerce,planned,planned,https://github.com/Worldwidebro/ec-098-ai-outfit-builder,"T3_GROWTH_HACKER_001","T4_OPS_COORDINATOR_001""],0,ventures-master.csv,medium,Venture #354 of 687
ec-099-ai-seasonal-forecast,EC-099-AI-Seasonal-Forecast: Ai Seasonal Forecast - e-commerce venture,Venture,EC-099-AI-Seasonal-Forecast,Ai Seasonal Forecast,e-commerce,planned,planned,https://github.com/Worldwidebro/ec-099-ai-seasonal-forecast,"T3_GROWTH_HACKER_001","T4_OPS_COORDINATOR_001""],0,ventures-master.csv,medium,Venture #355 of 687
ec-100-ai-wardrobe-planner,EC-100-AI-Wardrobe-Planner: Ai Wardrobe Planner - e-commerce venture,Venture,EC-100-AI-Wardrobe-Planner,Ai Wardrobe Planner,e-commerce,planned,planned,https://github.com/Worldwidebro/ec-100-ai-wardrobe-planner,"T3_GROWTH_HACKER_001","T4_OPS_COORDINATOR_001""],0,ventures-master.csv,medium,Venture #356 of 687
ec-101-ai-accessory-match,EC-101-AI-Accessory-Match: Ai Accessory Match - e-commerce venture,Venture,EC-101-AI-Accessory-Match,Ai Accessory Match,e-commerce,planned,planned,https://github.com/Worldwidebro/ec-101-ai-accessory-match,"T3_GROWTH_HACKER_001","T4_OPS_COORDINATOR_001""],0,ventures-master.csv,medium,Venture #357 of 687
ec-102-ai-shoe-match,EC-102-AI-Shoe-Match: Ai Shoe Match - e-commerce venture,Venture,EC-102-AI-Shoe-Match,Ai Shoe Match,e-commerce,planned,planned,https://github.com/Worldwidebro/ec-102-ai-shoe-match,"T3_GROWTH_HACKER_001","T4_OPS_COORDINATOR_001""],0,ventures-master.csv,medium,Venture #358 of 687
ec-103-ai-jewelry-match,EC-103-AI-Jewelry-Match: Ai Jewelry Match - e-commerce venture,Venture,EC-103-AI-Jewelry-Match,Ai Jewelry Match,e-commerce,planned,planned,https://github.com/Worldwidebro/ec-103-ai-jewelry-match,"T3_GROWTH_HACKER_001","T4_OPS_COORDINATOR_001""],0,ventures-master.csv,medium,Venture #359 of 687
ec-104-ai-bag-match,EC-104-AI-Bag-Match: Ai Bag Match - e-commerce venture,Venture,EC-104-AI-Bag-Match,Ai Bag Match,e-commerce,planned,planned,https://github.com/Worldwidebro/ec-104-ai-bag-match,"T3_GROWTH_HACKER_001","T4_OPS_COORDINATOR_001""],0,ventures-master.csv,medium,Venture #360 of 687
ec-105-ai-color-palette,EC-105-AI-Color-Palette: Ai Color Palette - e-commerce venture,Venture,EC-105-AI-Color-Palette,Ai Color Palette,e-commerce,planned,planned,https://github.com/Worldwidebro/ec-105-ai-color-palette,"T3_GROWTH_HACKER_001","T4_OPS_COORDINATOR_001""],0,ventures-master.csv,medium,Venture #361 of 687
ec-106-ai-outfit-recycling,EC-106-AI-Outfit-Recycling: Ai Outfit Recycling - e-commerce venture,Venture,EC-106-AI-Outfit-Recycling,Ai Outfit Recycling,e-commerce,planned,planned,https://github.com/Worldwidebro/ec-106-ai-outfit-recycling,"T3_GROWTH_HACKER_001","T4_OPS_COORDINATOR_001""],0,ventures-master.csv,medium,Venture #362 of 687
ec-107-ai-style-evolution,EC-107-AI-Style-Evolution: Ai Style Evolution - e-commerce venture,Venture,EC-107-AI-Style-Evolution,Ai Style Evolution,e-commerce,planned,planned,https://github.com/Worldwidebro/ec-107-ai-style-evolution,"T3_GROWTH_HACKER_001","T4_OPS_COORDINATOR_001""],0,ventures-master.csv,medium,Venture #363 of 687
ec-108-ai-budget-stylist,EC-108-AI-Budget-Stylist: Ai Budget Stylist - e-commerce venture,Venture,EC-108-AI-Budget-Stylist,Ai Budget Stylist,e-commerce,planned,planned,https://github.com/Worldwidebro/ec-108-ai-budget-stylist,"T3_GROWTH_HACKER_001","T4_OPS_COORDINATOR_001""],0,ventures-master.csv,medium,Venture #364 of 687
ec-109-ai-trend-archive,EC-109-AI-Trend-Archive: Ai Trend Archive - e-commerce venture,Venture,EC-109-AI-Trend-Archive,Ai Trend Archive,e-commerce,planned,planned,https://github.com/Worldwidebro/ec-109-ai-trend-archive,"T3_GROWTH_HACKER_001","T4_OPS_COORDINATOR_001""],0,ventures-master.csv,medium,Venture #365 of 687
ec-110-ai-vintage-advisor,EC-110-AI-Vintage-Advisor: Ai Vintage Advisor - e-commerce venture,Venture,EC-110-AI-Vintage-Advisor,Ai Vintage Advisor,e-commerce,planned,planned,https://github.com/Worldwidebro/ec-110-ai-vintage-advisor,"T3_GROWTH_HACKER_001","T4_OPS_COORDINATOR_001""],0,ventures-master.csv,medium,Venture #366 of 687
tech-001-quantum-algorithm-ai,TECH-001-Quantum-Algorithm-AI: Quantum Algorithm Ai - technology venture,Venture,TECH-001-Quantum-Algorithm-AI,Quantum Algorithm Ai,technology,planned,planned,https://github.com/Worldwidebro/tech-001-quantum-algorithm-ai,"T2_DATA_SPECIALIST_001","T4_OPS_COORDINATOR_001""],0,ventures-master.csv,medium,Venture #367 of 687
tech-002-ai-compliance-scanner,TECH-002-AI-Compliance-Scanner: Ai Compliance Scanner - technology venture,Venture,TECH-002-AI-Compliance-Scanner,Ai Compliance Scanner,technology,planned,planned,https://github.com/Worldwidebro/tech-002-ai-compliance-scanner,"T2_DATA_SPECIALIST_001","T4_OPS_COORDINATOR_001""],0,ventures-master.csv,medium,Venture #368 of 687
tech-003-cloud-management-ai,TECH-003-Cloud-Management-AI: Cloud Management Ai - technology venture,Venture,TECH-003-Cloud-Management-AI,Cloud Management Ai,technology,planned,planned,https://github.com/Worldwidebro/tech-003-cloud-management-ai,"T2_DATA_SPECIALIST_001","T4_OPS_COORDINATOR_001""],0,ventures-master.csv,medium,Venture #369 of 687
tech-004-robotics-training-ai,TECH-004-Robotics-Training-AI: Robotics Training Ai - technology venture,Venture,TECH-004-Robotics-Training-AI,Robotics Training Ai,technology,planned,planned,https://github.com/Worldwidebro/tech-004-robotics-training-ai,"T2_DATA_SPECIALIST_001","T4_OPS_COORDINATOR_001""],0,ventures-master.csv,medium,Venture #370 of 687
tech-005-customer-insights-ai,TECH-005-Customer-Insights-AI: Customer Insights Ai - technology venture,Venture,TECH-005-Customer-Insights-AI,Customer Insights Ai,technology,planned,planned,https://github.com/Worldwidebro/tech-005-customer-insights-ai,"T2_DATA_SPECIALIST_001","T4_OPS_COORDINATOR_001""],0,ventures-master.csv,medium,Venture #371 of 687
tech-006-voice-assistant-ai,TECH-006-Voice-Assistant-AI: Voice Assistant Ai - technology venture,Venture,TECH-006-Voice-Assistant-AI,Voice Assistant Ai,technology,planned,planned,https://github.com/Worldwidebro/tech-006-voice-assistant-ai,"T2_DATA_SPECIALIST_001","T4_OPS_COORDINATOR_001""],0,ventures-master.csv,medium,Venture #372 of 687
tech-007-blockchain-verifier-ai,TECH-007-Blockchain-Verifier-AI: Blockchain Verifier Ai - technology venture,Venture,TECH-007-Blockchain-Verifier-AI,Blockchain Verifier Ai,technology,planned,planned,https://github.com/Worldwidebro/tech-007-blockchain-verifier-ai,"T2_DATA_SPECIALIST_001","T4_OPS_COORDINATOR_001""],0,ventures-master.csv,medium,Venture #373 of 687
tech-008-cybersecurity-shield,TECH-008-Cybersecurity-Shield: Cybersecurity Shield - technology venture,Venture,TECH-008-Cybersecurity-Shield,Cybersecurity Shield,technology,planned,planned,https://github.com/Worldwidebro/tech-008-cybersecurity-shield,"T2_DATA_SPECIALIST_001","T4_OPS_COORDINATOR_001""],0,ventures-master.csv,medium,Venture #374 of 687
tech-009-content-studio-ai,TECH-009-Content-Studio-AI: Content Studio Ai - technology venture,Venture,TECH-009-Content-Studio-AI,Content Studio Ai,technology,planned,planned,https://github.com/Worldwidebro/tech-009-content-studio-ai,"T2_DATA_SPECIALIST_001","T4_OPS_COORDINATOR_001""],0,ventures-master.csv,medium,Venture #375 of 687
tech-010-smart-home-ai,TECH-010-Smart-Home-AI: Smart Home Ai - technology venture,Venture,TECH-010-Smart-Home-AI,Smart Home Ai,technology,planned,planned,https://github.com/Worldwidebro/tech-010-smart-home-ai,"T2_DATA_SPECIALIST_001","T4_OPS_COORDINATOR_001""],0,ventures-master.csv,medium,Venture #376 of 687
tech-011-supply-chain-optimizer,TECH-011-Supply-Chain-Optimizer: Supply Chain Optimizer - technology venture,Venture,TECH-011-Supply-Chain-Optimizer,Supply Chain Optimizer,technology,planned,planned,https://github.com/Worldwidebro/tech-011-supply-chain-optimizer,"T2_DATA_SPECIALIST_001","T4_OPS_COORDINATOR_001""],0,ventures-master.csv,medium,Venture #377 of 687
tech-012-data-visualization-ai,TECH-012-Data-Visualization-AI: Data Visualization Ai - technology venture,Venture,TECH-012-Data-Visualization-AI,Data Visualization Ai,technology,planned,planned,https://github.com/Worldwidebro/tech-012-data-visualization-ai,"T2_DATA_SPECIALIST_001","T4_OPS_COORDINATOR_001""],0,ventures-master.csv,medium,Venture #378 of 687
tech-013-workflow-automation,TECH-013-Workflow-Automation: Workflow Automation - technology venture,Venture,TECH-013-Workflow-Automation,Workflow Automation,technology,planned,planned,https://github.com/Worldwidebro/tech-013-workflow-automation,"T2_DATA_SPECIALIST_001","T4_OPS_COORDINATOR_001""],0,ventures-master.csv,medium,Venture #379 of 687
tech-014-sentiment-analyzer,TECH-014-Sentiment-Analyzer: Sentiment Analyzer - technology venture,Venture,TECH-014-Sentiment-Analyzer,Sentiment Analyzer,technology,planned,planned,https://github.com/Worldwidebro/tech-014-sentiment-analyzer,"T2_DATA_SPECIALIST_001","T4_OPS_COORDINATOR_001""],0,ventures-master.csv,medium,Venture #380 of 687
tech-015-image-recognition-ai,TECH-015-Image-Recognition-AI: Image Recognition Ai - technology venture,Venture,TECH-015-Image-Recognition-AI,Image Recognition Ai,technology,planned,planned,https://github.com/Worldwidebro/tech-015-image-recognition-ai,"T2_DATA_SPECIALIST_001","T4_OPS_COORDINATOR_001""],0,ventures-master.csv,medium,Venture #381 of 687
tech-016-video-editor-ai,TECH-016-Video-Editor-AI: Video Editor Ai - technology venture,Venture,TECH-016-Video-Editor-AI,Video Editor Ai,technology,planned,planned,https://github.com/Worldwidebro/tech-016-video-editor-ai,"T2_DATA_SPECIALIST_001","T4_OPS_COORDINATOR_001""],0,ventures-master.csv,medium,Venture #382 of 687
tech-017-speech-to-text-ai,TECH-017-Speech-to-Text-AI: Speech To Text Ai - technology venture,Venture,TECH-017-Speech-to-Text-AI,Speech To Text Ai,technology,planned,planned,https://github.com/Worldwidebro/tech-017-speech-to-text-ai,"T2_DATA_SPECIALIST_001","T4_OPS_COORDINATOR_001""],0,ventures-master.csv,medium,Venture #383 of 687
tech-018-text-to-speech-ai,TECH-018-Text-to-Speech-AI: Text To Speech Ai - technology venture,Venture,TECH-018-Text-to-Speech-AI,Text To Speech Ai,technology,planned,planned,https://github.com/Worldwidebro/tech-018-text-to-speech-ai,"T2_DATA_SPECIALIST_001","T4_OPS_COORDINATOR_001""],0,ventures-master.csv,medium,Venture #384 of 687
tech-019-fraud-prevention-ai,TECH-019-Fraud-Prevention-AI: Fraud Prevention Ai - technology venture,Venture,TECH-019-Fraud-Prevention-AI,Fraud Prevention Ai,technology,planned,planned,https://github.com/Worldwidebro/tech-019-fraud-prevention-ai,"T2_DATA_SPECIALIST_001","T4_OPS_COORDINATOR_001""],0,ventures-master.csv,medium,Venture #385 of 687
tech-020-recommendation-engine,TECH-020-Recommendation-Engine: Recommendation Engine - technology venture,Venture,TECH-020-Recommendation-Engine,Recommendation Engine,technology,planned,planned,https://github.com/Worldwidebro/tech-020-recommendation-engine,"T2_DATA_SPECIALIST_001","T4_OPS_COORDINATOR_001""],0,ventures-master.csv,medium,Venture #386 of 687
tech-021-network-security-ai,TECH-021-Network-Security-AI: Network Security Ai - technology venture,Venture,TECH-021-Network-Security-AI,Network Security Ai,technology,planned,planned,https://github.com/Worldwidebro/tech-021-network-security-ai,"T2_DATA_SPECIALIST_001","T4_OPS_COORDINATOR_001""],0,ventures-master.csv,medium,Venture #387 of 687
tech-022-database-optimizer,TECH-022-Database-Optimizer: Database Optimizer - technology venture,Venture,TECH-022-Database-Optimizer,Database Optimizer,technology,planned,planned,https://github.com/Worldwidebro/tech-022-database-optimizer,"T2_DATA_SPECIALIST_001","T4_OPS_COORDINATOR_001""],0,ventures-master.csv,medium,Venture #388 of 687
tech-023-ai-testing-platform,TECH-023-AI-Testing-Platform: Ai Testing Platform - technology venture,Venture,TECH-023-AI-Testing-Platform,Ai Testing Platform,technology,planned,planned,https://github.com/Worldwidebro/tech-023-ai-testing-platform,"T2_DATA_SPECIALIST_001","T4_OPS_COORDINATOR_001""],0,ventures-master.csv,medium,Venture #389 of 687
tech-024-virtual-assistant-builder,TECH-024-Virtual-Assistant-Builder: Virtual Assistant Builder - technology venture,Venture,TECH-024-Virtual-Assistant-Builder,Virtual Assistant Builder,technology,planned,planned,https://github.com/Worldwidebro/tech-024-virtual-assistant-builder,"T2_DATA_SPECIALIST_001","T4_OPS_COORDINATOR_001""],0,ventures-master.csv,medium,Venture #390 of 687
tech-025-machine-learning-builder,TECH-025-Machine-Learning-Builder: Machine Learning Builder - technology venture,Venture,TECH-025-Machine-Learning-Builder,Machine Learning Builder,technology,planned,planned,https://github.com/Worldwidebro/tech-025-machine-learning-builder,"T2_DATA_SPECIALIST_001","T4_OPS_COORDINATOR_001""],0,ventures-master.csv,medium,Venture #391 of 687
tech-026-ai-ethics-auditor,TECH-026-AI-Ethics-Auditor: Ai Ethics Auditor - technology venture,Venture,TECH-026-AI-Ethics-Auditor,Ai Ethics Auditor,technology,planned,planned,https://github.com/Worldwidebro/tech-026-ai-ethics-auditor,"T2_DATA_SPECIALIST_001","T4_OPS_COORDINATOR_001""],0,ventures-master.csv,medium,Venture #392 of 687
tech-027-predictive-analytics-ai,TECH-027-Predictive-Analytics-AI: Predictive Analytics Ai - technology venture,Venture,TECH-027-Predictive-Analytics-AI,Predictive Analytics Ai,technology,planned,planned,https://github.com/Worldwidebro/tech-027-predictive-analytics-ai,"T2_DATA_SPECIALIST_001","T4_OPS_COORDINATOR_001""],0,ventures-master.csv,medium,Venture #393 of 687
tech-028-ai-training-platform,TECH-028-AI-Training-Platform: Ai Training Platform - technology venture,Venture,TECH-028-AI-Training-Platform,Ai Training Platform,technology,planned,planned,https://github.com/Worldwidebro/tech-028-ai-training-platform,"T2_DATA_SPECIALIST_001","T4_OPS_COORDINATOR_001""],0,ventures-master.csv,medium,Venture #394 of 687
tech-029-digital-twin-ai,TECH-029-Digital-Twin-AI: Digital Twin Ai - technology venture,Venture,TECH-029-Digital-Twin-AI,Digital Twin Ai,technology,planned,planned,https://github.com/Worldwidebro/tech-029-digital-twin-ai,"T2_DATA_SPECIALIST_001","T4_OPS_COORDINATOR_001""],0,ventures-master.csv,medium,Venture #395 of 687
tech-030-ai-monitoring-system,TECH-030-AI-Monitoring-System: Ai Monitoring System - technology venture,Venture,TECH-030-AI-Monitoring-System,Ai Monitoring System,technology,planned,planned,https://github.com/Worldwidebro/tech-030-ai-monitoring-system,"T2_DATA_SPECIALIST_001","T4_OPS_COORDINATOR_001""],0,ventures-master.csv,medium,Venture #396 of 687
tech-031-edge-computing-ai,TECH-031-Edge-Computing-AI: Edge Computing Ai - technology venture,Venture,TECH-031-Edge-Computing-AI,Edge Computing Ai,technology,planned,planned,https://github.com/Worldwidebro/tech-031-edge-computing-ai,"T2_DATA_SPECIALIST_001","T4_OPS_COORDINATOR_001""],0,ventures-master.csv,medium,Venture #397 of 687
tech-032-ai-integration-hub,TECH-032-AI-Integration-Hub: Ai Integration Hub - technology venture,Venture,TECH-032-AI-Integration-Hub,Ai Integration Hub,technology,planned,planned,https://github.com/Worldwidebro/tech-032-ai-integration-hub,"T2_DATA_SPECIALIST_001","T4_OPS_COORDINATOR_001""],0,ventures-master.csv,medium,Venture #398 of 687
tech-033-quantum-algorithm-ai,TECH-033-Quantum-Algorithm-AI: Quantum Algorithm Ai - technology venture,Venture,TECH-033-Quantum-Algorithm-AI,Quantum Algorithm Ai,technology,planned,planned,https://github.com/Worldwidebro/tech-033-quantum-algorithm-ai,"T2_DATA_SPECIALIST_001","T4_OPS_COORDINATOR_001""],0,ventures-master.csv,medium,Venture #399 of 687
tech-034-ai-compliance-scanner,TECH-034-AI-Compliance-Scanner: Ai Compliance Scanner - technology venture,Venture,TECH-034-AI-Compliance-Scanner,Ai Compliance Scanner,technology,planned,planned,https://github.com/Worldwidebro/tech-034-ai-compliance-scanner,"T2_DATA_SPECIALIST_001","T4_OPS_COORDINATOR_001""],0,ventures-master.csv,medium,Venture #400 of 687
tech-035-cloud-management-ai,TECH-035-Cloud-Management-AI: Cloud Management Ai - technology venture,Venture,TECH-035-Cloud-Management-AI,Cloud Management Ai,technology,planned,planned,https://github.com/Worldwidebro/tech-035-cloud-management-ai,"T2_DATA_SPECIALIST_001","T4_OPS_COORDINATOR_001""],0,ventures-master.csv,medium,Venture #401 of 687
tech-036-robotics-training-ai,TECH-036-Robotics-Training-AI: Robotics Training Ai - technology venture,Venture,TECH-036-Robotics-Training-AI,Robotics Training Ai,technology,planned,planned,https://github.com/Worldwidebro/tech-036-robotics-training-ai,"T2_DATA_SPECIALIST_001","T4_OPS_COORDINATOR_001""],0,ventures-master.csv,medium,Venture #402 of 687
tech-037-customer-insights-ai,TECH-037-Customer-Insights-AI: Customer Insights Ai - technology venture,Venture,TECH-037-Customer-Insights-AI,Customer Insights Ai,technology,planned,planned,https://github.com/Worldwidebro/tech-037-customer-insights-ai,"T2_DATA_SPECIALIST_001","T4_OPS_COORDINATOR_001""],0,ventures-master.csv,medium,Venture #403 of 687
tech-038-voice-assistant-ai,TECH-038-Voice-Assistant-AI: Voice Assistant Ai - technology venture,Venture,TECH-038-Voice-Assistant-AI,Voice Assistant Ai,technology,planned,planned,https://github.com/Worldwidebro/tech-038-voice-assistant-ai,"T2_DATA_SPECIALIST_001","T4_OPS_COORDINATOR_001""],0,ventures-master.csv,medium,Venture #404 of 687
tech-039-blockchain-verifier-ai,TECH-039-Blockchain-Verifier-AI: Blockchain Verifier Ai - technology venture,Venture,TECH-039-Blockchain-Verifier-AI,Blockchain Verifier Ai,technology,validation,validation,https://github.com/Worldwidebro/tech-039-blockchain-verifier-ai,"T2_DATA_SPECIALIST_001","T4_OPS_COORDINATOR_001""],0,ventures-master.csv,medium,Venture #405 of 687
tech-040-cybersecurity-shield,TECH-040-Cybersecurity-Shield: Cybersecurity Shield - technology venture,Venture,TECH-040-Cybersecurity-Shield,Cybersecurity Shield,technology,planned,planned,https://github.com/Worldwidebro/tech-040-cybersecurity-shield,"T2_DATA_SPECIALIST_001","T4_OPS_COORDINATOR_001""],0,ventures-master.csv,medium,Venture #406 of 687
tech-041-content-studio-ai,TECH-041-Content-Studio-AI: Content Studio Ai - technology venture,Venture,TECH-041-Content-Studio-AI,Content Studio Ai,technology,planned,planned,https://github.com/Worldwidebro/tech-041-content-studio-ai,"T2_DATA_SPECIALIST_001","T4_OPS_COORDINATOR_001""],0,ventures-master.csv,medium,Venture #407 of 687
tech-042-smart-home-ai,TECH-042-Smart-Home-AI: Smart Home Ai - technology venture,Venture,TECH-042-Smart-Home-AI,Smart Home Ai,technology,planned,planned,https://github.com/Worldwidebro/tech-042-smart-home-ai,"T2_DATA_SPECIALIST_001","T4_OPS_COORDINATOR_001""],0,ventures-master.csv,medium,Venture #408 of 687
tech-043-supply-chain-optimizer,TECH-043-Supply-Chain-Optimizer: Supply Chain Optimizer - technology venture,Venture,TECH-043-Supply-Chain-Optimizer,Supply Chain Optimizer,technology,planned,planned,https://github.com/Worldwidebro/tech-043-supply-chain-optimizer,"T2_DATA_SPECIALIST_001","T4_OPS_COORDINATOR_001""],0,ventures-master.csv,medium,Venture #409 of 687
tech-044-data-visualization-ai,TECH-044-Data-Visualization-AI: Data Visualization Ai - technology venture,Venture,TECH-044-Data-Visualization-AI,Data Visualization Ai,technology,planned,planned,https://github.com/Worldwidebro/tech-044-data-visualization-ai,"T2_DATA_SPECIALIST_001","T4_OPS_COORDINATOR_001""],0,ventures-master.csv,medium,Venture #410 of 687
tech-045-workflow-automation,TECH-045-Workflow-Automation: Workflow Automation - technology venture,Venture,TECH-045-Workflow-Automation,Workflow Automation,technology,planned,planned,https://github.com/Worldwidebro/tech-045-workflow-automation,"T2_DATA_SPECIALIST_001","T4_OPS_COORDINATOR_001""],0,ventures-master.csv,medium,Venture #411 of 687
tech-046-sentiment-analyzer,TECH-046-Sentiment-Analyzer: Sentiment Analyzer - technology venture,Venture,TECH-046-Sentiment-Analyzer,Sentiment Analyzer,technology,planned,planned,https://github.com/Worldwidebro/tech-046-sentiment-analyzer,"T2_DATA_SPECIALIST_001","T4_OPS_COORDINATOR_001""],0,ventures-master.csv,medium,Venture #412 of 687
tech-047-image-recognition-ai,TECH-047-Image-Recognition-AI: Image Recognition Ai - technology venture,Venture,TECH-047-Image-Recognition-AI,Image Recognition Ai,technology,planned,planned,https://github.com/Worldwidebro/tech-047-image-recognition-ai,"T2_DATA_SPECIALIST_001","T4_OPS_COORDINATOR_001""],0,ventures-master.csv,medium,Venture #413 of 687
tech-048-video-editor-ai,TECH-048-Video-Editor-AI: Video Editor Ai - technology venture,Venture,TECH-048-Video-Editor-AI,Video Editor Ai,technology,planned,planned,https://github.com/Worldwidebro/tech-048-video-editor-ai,"T2_DATA_SPECIALIST_001","T4_OPS_COORDINATOR_001""],0,ventures-master.csv,medium,Venture #414 of 687
tech-049-speech-to-text-ai,TECH-049-Speech-to-Text-AI: Speech To Text Ai - technology venture,Venture,TECH-049-Speech-to-Text-AI,Speech To Text Ai,technology,planned,planned,https://github.com/Worldwidebro/tech-049-speech-to-text-ai,"T2_DATA_SPECIALIST_001","T4_OPS_COORDINATOR_001""],0,ventures-master.csv,medium,Venture #415 of 687
tech-050-text-to-speech-ai,TECH-050-Text-to-Speech-AI: Text To Speech Ai - technology venture,Venture,TECH-050-Text-to-Speech-AI,Text To Speech Ai,technology,planned,planned,https://github.com/Worldwidebro/tech-050-text-to-speech-ai,"T2_DATA_SPECIALIST_001","T4_OPS_COORDINATOR_001""],0,ventures-master.csv,medium,Venture #416 of 687
tech-051-fraud-prevention-ai,TECH-051-Fraud-Prevention-AI: Fraud Prevention Ai - technology venture,Venture,TECH-051-Fraud-Prevention-AI,Fraud Prevention Ai,technology,planned,planned,https://github.com/Worldwidebro/tech-051-fraud-prevention-ai,"T2_DATA_SPECIALIST_001","T4_OPS_COORDINATOR_001""],0,ventures-master.csv,medium,Venture #417 of 687
tech-052-recommendation-engine,TECH-052-Recommendation-Engine: Recommendation Engine - technology venture,Venture,TECH-052-Recommendation-Engine,Recommendation Engine,technology,planned,planned,https://github.com/Worldwidebro/tech-052-recommendation-engine,"T2_DATA_SPECIALIST_001","T4_OPS_COORDINATOR_001""],0,ventures-master.csv,medium,Venture #418 of 687
tech-053-network-security-ai,TECH-053-Network-Security-AI: Network Security Ai - technology venture,Venture,TECH-053-Network-Security-AI,Network Security Ai,technology,planned,planned,https://github.com/Worldwidebro/tech-053-network-security-ai,"T2_DATA_SPECIALIST_001","T4_OPS_COORDINATOR_001""],0,ventures-master.csv,medium,Venture #419 of 687
tech-054-database-optimizer,TECH-054-Database-Optimizer: Database Optimizer - technology venture,Venture,TECH-054-Database-Optimizer,Database Optimizer,technology,planned,planned,https://github.com/Worldwidebro/tech-054-database-optimizer,"T2_DATA_SPECIALIST_001","T4_OPS_COORDINATOR_001""],0,ventures-master.csv,medium,Venture #420 of 687
tech-055-ai-testing-platform,TECH-055-AI-Testing-Platform: Ai Testing Platform - technology venture,Venture,TECH-055-AI-Testing-Platform,Ai Testing Platform,technology,planned,planned,https://github.com/Worldwidebro/tech-055-ai-testing-platform,"T2_DATA_SPECIALIST_001","T4_OPS_COORDINATOR_001""],0,ventures-master.csv,medium,Venture #421 of 687
tech-056-virtual-assistant-builder,TECH-056-Virtual-Assistant-Builder: Virtual Assistant Builder - technology venture,Venture,TECH-056-Virtual-Assistant-Builder,Virtual Assistant Builder,technology,planned,planned,https://github.com/Worldwidebro/tech-056-virtual-assistant-builder,"T2_DATA_SPECIALIST_001","T4_OPS_COORDINATOR_001""],0,ventures-master.csv,medium,Venture #422 of 687
tech-057-machine-learning-builder,TECH-057-Machine-Learning-Builder: Machine Learning Builder - technology venture,Venture,TECH-057-Machine-Learning-Builder,Machine Learning Builder,technology,planned,planned,https://github.com/Worldwidebro/tech-057-machine-learning-builder,"T2_DATA_SPECIALIST_001","T4_OPS_COORDINATOR_001""],0,ventures-master.csv,medium,Venture #423 of 687
tech-058-ai-ethics-auditor,TECH-058-AI-Ethics-Auditor: Ai Ethics Auditor - technology venture,Venture,TECH-058-AI-Ethics-Auditor,Ai Ethics Auditor,technology,planned,planned,https://github.com/Worldwidebro/tech-058-ai-ethics-auditor,"T2_DATA_SPECIALIST_001","T4_OPS_COORDINATOR_001""],0,ventures-master.csv,medium,Venture #424 of 687
tech-059-predictive-analytics-ai,TECH-059-Predictive-Analytics-AI: Predictive Analytics Ai - technology venture,Venture,TECH-059-Predictive-Analytics-AI,Predictive Analytics Ai,technology,planned,planned,https://github.com/Worldwidebro/tech-059-predictive-analytics-ai,"T2_DATA_SPECIALIST_001","T4_OPS_COORDINATOR_001""],0,ventures-master.csv,medium,Venture #425 of 687
tech-060-ai-training-platform,TECH-060-AI-Training-Platform: Ai Training Platform - technology venture,Venture,TECH-060-AI-Training-Platform,Ai Training Platform,technology,planned,planned,https://github.com/Worldwidebro/tech-060-ai-training-platform,"T2_DATA_SPECIALIST_001","T4_OPS_COORDINATOR_001""],0,ventures-master.csv,medium,Venture #426 of 687
ops-001-fractional-cto-agency,OPS-001-Fractional-CTO-Agency: Fractional Cto Agency - operations venture,Venture,OPS-001-Fractional-CTO-Agency,Fractional Cto Agency,operations,planned,planned,https://github.com/Worldwidebro/ops-001-fractional-cto-agency,"T5_DEVOPS_AUTOMATION_001",[""operations",0,ventures-master.csv,medium,Venture #427 of 687
ops-002-supply-chain-optimizer,OPS-002-Supply-Chain-Optimizer: Supply Chain Optimizer - operations venture,Venture,OPS-002-Supply-Chain-Optimizer,Supply Chain Optimizer,operations,planned,planned,https://github.com/Worldwidebro/ops-002-supply-chain-optimizer,"T5_DEVOPS_AUTOMATION_001",[""operations",0,ventures-master.csv,medium,Venture #428 of 687
ops-003-event-planning-ai,OPS-003-Event-Planning-AI: Event Planning Ai - operations venture,Venture,OPS-003-Event-Planning-AI,Event Planning Ai,operations,planned,planned,https://github.com/Worldwidebro/ops-003-event-planning-ai,"T5_DEVOPS_AUTOMATION_001",[""operations",0,ventures-master.csv,medium,Venture #429 of 687
ops-004-inventory-management-ai,OPS-004-Inventory-Management-AI: Inventory Management Ai - operations venture,Venture,OPS-004-Inventory-Management-AI,Inventory Management Ai,operations,planned,planned,https://github.com/Worldwidebro/ops-004-inventory-management-ai,"T5_DEVOPS_AUTOMATION_001",[""operations",0,ventures-master.csv,medium,Venture #430 of 687
ops-005-project-management-ai,OPS-005-Project-Management-AI: Project Management Ai - operations venture,Venture,OPS-005-Project-Management-AI,Project Management Ai,operations,planned,planned,https://github.com/Worldwidebro/ops-005-project-management-ai,"T5_DEVOPS_AUTOMATION_001",[""operations",0,ventures-master.csv,medium,Venture #431 of 687
ops-006-document-automation-ai,OPS-006-Document-Automation-AI: Document Automation Ai - operations venture,Venture,OPS-006-Document-Automation-AI,Document Automation Ai,operations,planned,planned,https://github.com/Worldwidebro/ops-006-document-automation-ai,"T5_DEVOPS_AUTOMATION_001",[""operations",0,ventures-master.csv,medium,Venture #432 of 687
ops-007-meeting-assistant-ai,OPS-007-Meeting-Assistant-AI: Meeting Assistant Ai - operations venture,Venture,OPS-007-Meeting-Assistant-AI,Meeting Assistant Ai,operations,planned,planned,https://github.com/Worldwidebro/ops-007-meeting-assistant-ai,"T5_DEVOPS_AUTOMATION_001",[""operations",0,ventures-master.csv,medium,Venture #433 of 687
ops-008-recruitment-ai,OPS-008-Recruitment-AI: Recruitment Ai - operations venture,Venture,OPS-008-Recruitment-AI,Recruitment Ai,operations,planned,planned,https://github.com/Worldwidebro/ops-008-recruitment-ai,"T5_DEVOPS_AUTOMATION_001",[""operations",0,ventures-master.csv,medium,Venture #434 of 687
ops-009-onboarding-ai,OPS-009-Onboarding-AI: Onboarding Ai - operations venture,Venture,OPS-009-Onboarding-AI,Onboarding Ai,operations,planned,planned,https://github.com/Worldwidebro/ops-009-onboarding-ai,"T5_DEVOPS_AUTOMATION_001",[""operations",0,ventures-master.csv,medium,Venture #435 of 687
ops-010-training-platform-ai,OPS-010-Training-Platform-AI: Training Platform Ai - operations venture,Venture,OPS-010-Training-Platform-AI,Training Platform Ai,operations,planned,planned,https://github.com/Worldwidebro/ops-010-training-platform-ai,"T5_DEVOPS_AUTOMATION_001",[""operations",0,ventures-master.csv,medium,Venture #436 of 687
ops-011-performance-review-ai,OPS-011-Performance-Review-AI: Performance Review Ai - operations venture,Venture,OPS-011-Performance-Review-AI,Performance Review Ai,operations,planned,planned,https://github.com/Worldwidebro/ops-011-performance-review-ai,"T5_DEVOPS_AUTOMATION_001",[""operations",0,ventures-master.csv,medium,Venture #437 of 687
ops-012-it-support-ai,OPS-012-IT-Support-AI: It Support Ai - operations venture,Venture,OPS-012-IT-Support-AI,It Support Ai,operations,planned,planned,https://github.com/Worldwidebro/ops-012-it-support-ai,"T5_DEVOPS_AUTOMATION_001",[""operations",0,ventures-master.csv,medium,Venture #438 of 687
ops-013-facilities-management-ai,OPS-013-Facilities-Management-AI: Facilities Management Ai - operations venture,Venture,OPS-013-Facilities-Management-AI,Facilities Management Ai,operations,planned,planned,https://github.com/Worldwidebro/ops-013-facilities-management-ai,"T5_DEVOPS_AUTOMATION_001",[""operations",0,ventures-master.csv,medium,Venture #439 of 687
ops-014-travel-booking-ai,OPS-014-Travel-Booking-AI: Travel Booking Ai - operations venture,Venture,OPS-014-Travel-Booking-AI,Travel Booking Ai,operations,planned,planned,https://github.com/Worldwidebro/ops-014-travel-booking-ai,"T5_DEVOPS_AUTOMATION_001",[""operations",0,ventures-master.csv,medium,Venture #440 of 687
ops-015-expense-management-ai,OPS-015-Expense-Management-AI: Expense Management Ai - operations venture,Venture,OPS-015-Expense-Management-AI,Expense Management Ai,operations,planned,planned,https://github.com/Worldwidebro/ops-015-expense-management-ai,"T5_DEVOPS_AUTOMATION_001",[""operations",0,ventures-master.csv,medium,Venture #441 of 687
ops-016-contract-management-ai,OPS-016-Contract-Management-AI: Contract Management Ai - operations venture,Venture,OPS-016-Contract-Management-AI,Contract Management Ai,operations,planned,planned,https://github.com/Worldwidebro/ops-016-contract-management-ai,"T5_DEVOPS_AUTOMATION_001",[""operations",0,ventures-master.csv,medium,Venture #442 of 687
ops-017-compliance-monitoring-ai,OPS-017-Compliance-Monitoring-AI: Compliance Monitoring Ai - operations venture,Venture,OPS-017-Compliance-Monitoring-AI,Compliance Monitoring Ai,operations,planned,planned,https://github.com/Worldwidebro/ops-017-compliance-monitoring-ai,"T5_DEVOPS_AUTOMATION_001",[""operations",0,ventures-master.csv,medium,Venture #443 of 687
ops-018-quality-control-ai,OPS-018-Quality-Control-AI: Quality Control Ai - operations venture,Venture,OPS-018-Quality-Control-AI,Quality Control Ai,operations,planned,planned,https://github.com/Worldwidebro/ops-018-quality-control-ai,"T5_DEVOPS_AUTOMATION_001",[""operations",0,ventures-master.csv,medium,Venture #444 of 687
ops-019-asset-management-ai,OPS-019-Asset-Management-AI: Asset Management Ai - operations venture,Venture,OPS-019-Asset-Management-AI,Asset Management Ai,operations,planned,planned,https://github.com/Worldwidebro/ops-019-asset-management-ai,"T5_DEVOPS_AUTOMATION_001",[""operations",0,ventures-master.csv,medium,Venture #445 of 687
ops-020-time-tracking-ai,OPS-020-Time-Tracking-AI: Time Tracking Ai - operations venture,Venture,OPS-020-Time-Tracking-AI,Time Tracking Ai,operations,planned,planned,https://github.com/Worldwidebro/ops-020-time-tracking-ai,"T5_DEVOPS_AUTOMATION_001",[""operations",0,ventures-master.csv,medium,Venture #446 of 687
ops-021-document-security-ai,OPS-021-Document-Security-AI: Document Security Ai - operations venture,Venture,OPS-021-Document-Security-AI,Document Security Ai,operations,planned,planned,https://github.com/Worldwidebro/ops-021-document-security-ai,"T5_DEVOPS_AUTOMATION_001",[""operations",0,ventures-master.csv,medium,Venture #447 of 687
ops-022-knowledge-management-ai,OPS-022-Knowledge-Management-AI: Knowledge Management Ai - operations venture,Venture,OPS-022-Knowledge-Management-AI,Knowledge Management Ai,operations,planned,planned,https://github.com/Worldwidebro/ops-022-knowledge-management-ai,"T5_DEVOPS_AUTOMATION_001",[""operations",0,ventures-master.csv,medium,Venture #448 of 687
ops-023-meeting-transcription-ai,OPS-023-Meeting-Transcription-AI: Meeting Transcription Ai - operations venture,Venture,OPS-023-Meeting-Transcription-AI,Meeting Transcription Ai,operations,planned,planned,https://github.com/Worldwidebro/ops-023-meeting-transcription-ai,"T5_DEVOPS_AUTOMATION_001",[""operations",0,ventures-master.csv,medium,Venture #449 of 687
ops-024-task-automation-ai,OPS-024-Task-Automation-AI: Task Automation Ai - operations venture,Venture,OPS-024-Task-Automation-AI,Task Automation Ai,operations,planned,planned,https://github.com/Worldwidebro/ops-024-task-automation-ai,"T5_DEVOPS_AUTOMATION_001",[""operations",0,ventures-master.csv,medium,Venture #450 of 687
ops-025-resource-allocation-ai,OPS-025-Resource-Allocation-AI: Resource Allocation Ai - operations venture,Venture,OPS-025-Resource-Allocation-AI,Resource Allocation Ai,operations,planned,planned,https://github.com/Worldwidebro/ops-025-resource-allocation-ai,"T5_DEVOPS_AUTOMATION_001",[""operations",0,ventures-master.csv,medium,Venture #451 of 687
ops-026-budget-planning-ai,OPS-026-Budget-Planning-AI: Budget Planning Ai - operations venture,Venture,OPS-026-Budget-Planning-AI,Budget Planning Ai,operations,planned,planned,https://github.com/Worldwidebro/ops-026-budget-planning-ai,"T5_DEVOPS_AUTOMATION_001",[""operations",0,ventures-master.csv,medium,Venture #452 of 687
ops-027-cost-optimization-ai,OPS-027-Cost-Optimization-AI: Cost Optimization Ai - operations venture,Venture,OPS-027-Cost-Optimization-AI,Cost Optimization Ai,operations,planned,planned,https://github.com/Worldwidebro/ops-027-cost-optimization-ai,"T5_DEVOPS_AUTOMATION_001",[""operations",0,ventures-master.csv,medium,Venture #453 of 687
ops-028-procurement-ai,OPS-028-Procurement-AI: Procurement Ai - operations venture,Venture,OPS-028-Procurement-AI,Procurement Ai,operations,planned,planned,https://github.com/Worldwidebro/ops-028-procurement-ai,"T5_DEVOPS_AUTOMATION_001",[""operations",0,ventures-master.csv,medium,Venture #454 of 687
ops-029-vendor-management-ai,OPS-029-Vendor-Management-AI: Vendor Management Ai - operations venture,Venture,OPS-029-Vendor-Management-AI,Vendor Management Ai,operations,planned,planned,https://github.com/Worldwidebro/ops-029-vendor-management-ai,"T5_DEVOPS_AUTOMATION_001",[""operations",0,ventures-master.csv,medium,Venture #455 of 687
ops-030-contract-negotiation-ai,OPS-030-Contract-Negotiation-AI: Contract Negotiation Ai - operations venture,Venture,OPS-030-Contract-Negotiation-AI,Contract Negotiation Ai,operations,planned,planned,https://github.com/Worldwidebro/ops-030-contract-negotiation-ai,"T5_DEVOPS_AUTOMATION_001",[""operations",0,ventures-master.csv,medium,Venture #456 of 687
ops-031-legal-document-ai,OPS-031-Legal-Document-AI: Legal Document Ai - operations venture,Venture,OPS-031-Legal-Document-AI,Legal Document Ai,operations,planned,planned,https://github.com/Worldwidebro/ops-031-legal-document-ai,"T5_DEVOPS_AUTOMATION_001",[""operations",0,ventures-master.csv,medium,Venture #457 of 687
ops-032-compliance-reporting-ai,OPS-032-Compliance-Reporting-AI: Compliance Reporting Ai - operations venture,Venture,OPS-032-Compliance-Reporting-AI,Compliance Reporting Ai,operations,planned,planned,https://github.com/Worldwidebro/ops-032-compliance-reporting-ai,"T5_DEVOPS_AUTOMATION_001",[""operations",0,ventures-master.csv,medium,Venture #458 of 687
ops-033-training-content-ai,OPS-033-Training-Content-AI: Training Content Ai - operations venture,Venture,OPS-033-Training-Content-AI,Training Content Ai,operations,planned,planned,https://github.com/Worldwidebro/ops-033-training-content-ai,"T5_DEVOPS_AUTOMATION_001",[""operations",0,ventures-master.csv,medium,Venture #459 of 687
ops-034-employee-engagement-ai,OPS-034-Employee-Engagement-AI: Employee Engagement Ai - operations venture,Venture,OPS-034-Employee-Engagement-AI,Employee Engagement Ai,operations,planned,planned,https://github.com/Worldwidebro/ops-034-employee-engagement-ai,"T5_DEVOPS_AUTOMATION_001",[""operations",0,ventures-master.csv,medium,Venture #460 of 687
ops-035-succession-planning-ai,OPS-035-Succession-Planning-AI: Succession Planning Ai - operations venture,Venture,OPS-035-Succession-Planning-AI,Succession Planning Ai,operations,planned,planned,https://github.com/Worldwidebro/ops-035-succession-planning-ai,"T5_DEVOPS_AUTOMATION_001",[""operations",0,ventures-master.csv,medium,Venture #461 of 687
ops-036-workspace-design-ai,OPS-036-Workspace-Design-AI: Workspace Design Ai - operations venture,Venture,OPS-036-Workspace-Design-AI,Workspace Design Ai,operations,planned,planned,https://github.com/Worldwidebro/ops-036-workspace-design-ai,"T5_DEVOPS_AUTOMATION_001",[""operations",0,ventures-master.csv,medium,Venture #462 of 687
ops-037-energy-efficiency-ai,OPS-037-Energy-Efficiency-AI: Energy Efficiency Ai - operations venture,Venture,OPS-037-Energy-Efficiency-AI,Energy Efficiency Ai,operations,planned,planned,https://github.com/Worldwidebro/ops-037-energy-efficiency-ai,"T5_DEVOPS_AUTOMATION_001",[""operations",0,ventures-master.csv,medium,Venture #463 of 687
ops-038-security-monitoring-ai,OPS-038-Security-Monitoring-AI: Security Monitoring Ai - operations venture,Venture,OPS-038-Security-Monitoring-AI,Security Monitoring Ai,operations,planned,planned,https://github.com/Worldwidebro/ops-038-security-monitoring-ai,"T5_DEVOPS_AUTOMATION_001",[""operations",0,ventures-master.csv,medium,Venture #464 of 687
ops-039-health-safety-ai,OPS-039-Health-Safety-AI: Health Safety Ai - operations venture,Venture,OPS-039-Health-Safety-AI,Health Safety Ai,operations,planned,planned,https://github.com/Worldwidebro/ops-039-health-safety-ai,"T5_DEVOPS_AUTOMATION_001",[""operations",0,ventures-master.csv,medium,Venture #465 of 687
ops-040-disaster-recovery-ai,OPS-040-Disaster-Recovery-AI: Disaster Recovery Ai - operations venture,Venture,OPS-040-Disaster-Recovery-AI,Disaster Recovery Ai,operations,planned,planned,https://github.com/Worldwidebro/ops-040-disaster-recovery-ai,"T5_DEVOPS_AUTOMATION_001",[""operations",0,ventures-master.csv,medium,Venture #466 of 687
ops-041-it-asset-management,OPS-041-IT-Asset-Management: It Asset Management - operations venture,Venture,OPS-041-IT-Asset-Management,It Asset Management,operations,planned,planned,https://github.com/Worldwidebro/ops-041-it-asset-management,"T5_DEVOPS_AUTOMATION_001",[""operations",0,ventures-master.csv,medium,Venture #467 of 687
ops-042-cloud-cost-management,OPS-042-Cloud-Cost-Management: Cloud Cost Management - operations venture,Venture,OPS-042-Cloud-Cost-Management,Cloud Cost Management,operations,planned,planned,https://github.com/Worldwidebro/ops-042-cloud-cost-management,"T5_DEVOPS_AUTOMATION_001",[""operations",0,ventures-master.csv,medium,Venture #468 of 687
ops-043-data-governance-ai,OPS-043-Data-Governance-AI: Data Governance Ai - operations venture,Venture,OPS-043-Data-Governance-AI,Data Governance Ai,operations,planned,planned,https://github.com/Worldwidebro/ops-043-data-governance-ai,"T5_DEVOPS_AUTOMATION_001",[""operations",0,ventures-master.csv,medium,Venture #469 of 687
ops-044-network-monitoring-ai,OPS-044-Network-Monitoring-AI: Network Monitoring Ai - operations venture,Venture,OPS-044-Network-Monitoring-AI,Network Monitoring Ai,operations,planned,planned,https://github.com/Worldwidebro/ops-044-network-monitoring-ai,"T5_DEVOPS_AUTOMATION_001",[""operations",0,ventures-master.csv,medium,Venture #470 of 687
ops-045-software-licensing-ai,OPS-045-Software-Licensing-AI: Software Licensing Ai - operations venture,Venture,OPS-045-Software-Licensing-AI,Software Licensing Ai,operations,planned,planned,https://github.com/Worldwidebro/ops-045-software-licensing-ai,"T5_DEVOPS_AUTOMATION_001",[""operations",0,ventures-master.csv,medium,Venture #471 of 687
ops-046-it-procurement-ai,OPS-046-IT-Procurement-AI: It Procurement Ai - operations venture,Venture,OPS-046-IT-Procurement-AI,It Procurement Ai,operations,planned,planned,https://github.com/Worldwidebro/ops-046-it-procurement-ai,"T5_DEVOPS_AUTOMATION_001",[""operations",0,ventures-master.csv,medium,Venture #472 of 687
ops-047-system-integration-ai,OPS-047-System-Integration-AI: System Integration Ai - operations venture,Venture,OPS-047-System-Integration-AI,System Integration Ai,operations,planned,planned,https://github.com/Worldwidebro/ops-047-system-integration-ai,"T5_DEVOPS_AUTOMATION_001",[""operations",0,ventures-master.csv,medium,Venture #473 of 687
ops-048-data-backup-ai,OPS-048-Data-Backup-AI: Data Backup Ai - operations venture,Venture,OPS-048-Data-Backup-AI,Data Backup Ai,operations,planned,planned,https://github.com/Worldwidebro/ops-048-data-backup-ai,"T5_DEVOPS_AUTOMATION_001",[""operations",0,ventures-master.csv,medium,Venture #474 of 687
ops-049-business-continuity-ai,OPS-049-Business-Continuity-AI: Business Continuity Ai - operations venture,Venture,OPS-049-Business-Continuity-AI,Business Continuity Ai,operations,planned,planned,https://github.com/Worldwidebro/ops-049-business-continuity-ai,"T5_DEVOPS_AUTOMATION_001",[""operations",0,ventures-master.csv,medium,Venture #475 of 687
ops-050-compliance-audit-ai,OPS-050-Compliance-Audit-AI: Compliance Audit Ai - operations venture,Venture,OPS-050-Compliance-Audit-AI,Compliance Audit Ai,operations,planned,planned,https://github.com/Worldwidebro/ops-050-compliance-audit-ai,"T5_DEVOPS_AUTOMATION_001",[""operations",0,ventures-master.csv,medium,Venture #476 of 687
ops-051-document-collaboration-ai,OPS-051-Document-Collaboration-AI: Document Collaboration Ai - operations venture,Venture,OPS-051-Document-Collaboration-AI,Document Collaboration Ai,operations,planned,planned,https://github.com/Worldwidebro/ops-051-document-collaboration-ai,"T5_DEVOPS_AUTOMATION_001",[""operations",0,ventures-master.csv,medium,Venture #477 of 687
ops-052-video-conferencing-ai,OPS-052-Video-Conferencing-AI: Video Conferencing Ai - operations venture,Venture,OPS-052-Video-Conferencing-AI,Video Conferencing Ai,operations,planned,planned,https://github.com/Worldwidebro/ops-052-video-conferencing-ai,"T5_DEVOPS_AUTOMATION_001",[""operations",0,ventures-master.csv,medium,Venture #478 of 687
ops-053-email-management-ai,OPS-053-Email-Management-AI: Email Management Ai - operations venture,Venture,OPS-053-Email-Management-AI,Email Management Ai,operations,planned,planned,https://github.com/Worldwidebro/ops-053-email-management-ai,"T5_DEVOPS_AUTOMATION_001",[""operations",0,ventures-master.csv,medium,Venture #479 of 687
ops-054-calendar-optimization-ai,OPS-054-Calendar-Optimization-AI: Calendar Optimization Ai - operations venture,Venture,OPS-054-Calendar-Optimization-AI,Calendar Optimization Ai,operations,planned,planned,https://github.com/Worldwidebro/ops-054-calendar-optimization-ai,"T5_DEVOPS_AUTOMATION_001",[""operations",0,ventures-master.csv,medium,Venture #480 of 687
ops-055-project-budget-ai,OPS-055-Project-Budget-AI: Project Budget Ai - operations venture,Venture,OPS-055-Project-Budget-AI,Project Budget Ai,operations,planned,planned,https://github.com/Worldwidebro/ops-055-project-budget-ai,"T5_DEVOPS_AUTOMATION_001",[""operations",0,ventures-master.csv,medium,Venture #481 of 687
ops-056-resource-forecasting-ai,OPS-056-Resource-Forecasting-AI: Resource Forecasting Ai - operations venture,Venture,OPS-056-Resource-Forecasting-AI,Resource Forecasting Ai,operations,planned,planned,https://github.com/Worldwidebro/ops-056-resource-forecasting-ai,"T5_DEVOPS_AUTOMATION_001",[""operations",0,ventures-master.csv,medium,Venture #482 of 687
ops-057-task-prioritization-ai,OPS-057-Task-Prioritization-AI: Task Prioritization Ai - operations venture,Venture,OPS-057-Task-Prioritization-AI,Task Prioritization Ai,operations,planned,planned,https://github.com/Worldwidebro/ops-057-task-prioritization-ai,"T5_DEVOPS_AUTOMATION_001",[""operations",0,ventures-master.csv,medium,Venture #483 of 687
ops-058-time-management-ai,OPS-058-Time-Management-AI: Time Management Ai - operations venture,Venture,OPS-058-Time-Management-AI,Time Management Ai,operations,planned,planned,https://github.com/Worldwidebro/ops-058-time-management-ai,"T5_DEVOPS_AUTOMATION_001",[""operations",0,ventures-master.csv,medium,Venture #484 of 687
ops-059-meeting-minutes-ai,OPS-059-Meeting-Minutes-AI: Meeting Minutes Ai - operations venture,Venture,OPS-059-Meeting-Minutes-AI,Meeting Minutes Ai,operations,planned,planned,https://github.com/Worldwidebro/ops-059-meeting-minutes-ai,"T5_DEVOPS_AUTOMATION_001",[""operations",0,ventures-master.csv,medium,Venture #485 of 687
ops-060-document-translation-ai,OPS-060-Document-Translation-AI: Document Translation Ai - operations venture,Venture,OPS-060-Document-Translation-AI,Document Translation Ai,operations,planned,planned,https://github.com/Worldwidebro/ops-060-document-translation-ai,"T5_DEVOPS_AUTOMATION_001",[""operations",0,ventures-master.csv,medium,Venture #486 of 687
ops-061-form-automation-ai,OPS-061-Form-Automation-AI: Form Automation Ai - operations venture,Venture,OPS-061-Form-Automation-AI,Form Automation Ai,operations,planned,planned,https://github.com/Worldwidebro/ops-061-form-automation-ai,"T5_DEVOPS_AUTOMATION_001",[""operations",0,ventures-master.csv,medium,Venture #487 of 687
ops-062-report-generation-ai,OPS-062-Report-Generation-AI: Report Generation Ai - operations venture,Venture,OPS-062-Report-Generation-AI,Report Generation Ai,operations,planned,planned,https://github.com/Worldwidebro/ops-062-report-generation-ai,"T5_DEVOPS_AUTOMATION_001",[""operations",0,ventures-master.csv,medium,Venture #488 of 687
ops-063-dashboard-creation-ai,OPS-063-Dashboard-Creation-AI: Dashboard Creation Ai - operations venture,Venture,OPS-063-Dashboard-Creation-AI,Dashboard Creation Ai,operations,planned,planned,https://github.com/Worldwidebro/ops-063-dashboard-creation-ai,"T5_DEVOPS_AUTOMATION_001",[""operations",0,ventures-master.csv,medium,Venture #489 of 687
ops-064-analytics-platform-ai,OPS-064-Analytics-Platform-AI: Analytics Platform Ai - operations venture,Venture,OPS-064-Analytics-Platform-AI,Analytics Platform Ai,operations,planned,planned,https://github.com/Worldwidebro/ops-064-analytics-platform-ai,"T5_DEVOPS_AUTOMATION_001",[""operations",0,ventures-master.csv,medium,Venture #490 of 687
ops-065-data-cleaning-ai,OPS-065-Data-Cleaning-AI: Data Cleaning Ai - operations venture,Venture,OPS-065-Data-Cleaning-AI,Data Cleaning Ai,operations,planned,planned,https://github.com/Worldwidebro/ops-065-data-cleaning-ai,"T5_DEVOPS_AUTOMATION_001",[""operations",0,ventures-master.csv,medium,Venture #491 of 687
ops-066-workflow-management-ai,OPS-066-Workflow-Management-AI: Workflow Management Ai - operations venture,Venture,OPS-066-Workflow-Management-AI,Workflow Management Ai,operations,planned,planned,https://github.com/Worldwidebro/ops-066-workflow-management-ai,"T5_DEVOPS_AUTOMATION_001",[""operations",0,ventures-master.csv,medium,Venture #492 of 687
edu-001-youth-entrepreneurship-curriculum,EDU-001-Youth-Entrepreneurship-Curriculum: Youth Entrepreneurship Curriculum - education venture,Venture,EDU-001-Youth-Entrepreneurship-Curriculum,Youth Entrepreneurship Curriculum,education,planned,planned,https://github.com/Worldwidebro/edu-001-youth-entrepreneurship-curriculum,"T3_CONTENT_STRATEGIST_001","T4_OPS_COORDINATOR_001""],0,ventures-master.csv,medium,Venture #493 of 687
edu-002-ai-literacy-program,EDU-002-AI-Literacy-Program: Ai Literacy Program - education venture,Venture,EDU-002-AI-Literacy-Program,Ai Literacy Program,education,planned,planned,https://github.com/Worldwidebro/edu-002-ai-literacy-program,"T3_CONTENT_STRATEGIST_001","T4_OPS_COORDINATOR_001""],0,ventures-master.csv,medium,Venture #494 of 687
edu-003-coding-mentor-certification,EDU-003-Coding-Mentor-Certification: Coding Mentor Certification - education venture,Venture,EDU-003-Coding-Mentor-Certification,Coding Mentor Certification,education,planned,planned,https://github.com/Worldwidebro/edu-003-coding-mentor-certification,"T3_CONTENT_STRATEGIST_001","T4_OPS_COORDINATOR_001""],0,ventures-master.csv,medium,Venture #495 of 687
edu-004-real-estate-licensing-prep,EDU-004-Real-Estate-Licensing-Prep: Real Estate Licensing Prep - education venture,Venture,EDU-004-Real-Estate-Licensing-Prep,Real Estate Licensing Prep,education,planned,planned,https://github.com/Worldwidebro/edu-004-real-estate-licensing-prep,"T3_CONTENT_STRATEGIST_001","T4_OPS_COORDINATOR_001""],0,ventures-master.csv,medium,Venture #496 of 687
edu-005-coding-bootcamp,EDU-005-Coding-Bootcamp: Coding Bootcamp - education venture,Venture,EDU-005-Coding-Bootcamp,Coding Bootcamp,education,planned,planned,https://github.com/Worldwidebro/edu-005-coding-bootcamp,"T3_CONTENT_STRATEGIST_001","T4_OPS_COORDINATOR_001""],0,ventures-master.csv,medium,Venture #497 of 687
edu-006-homeschooling-content-ai,EDU-006-Homeschooling-Content-AI: Homeschooling Content Ai - education venture,Venture,EDU-006-Homeschooling-Content-AI,Homeschooling Content Ai,education,planned,planned,https://github.com/Worldwidebro/edu-006-homeschooling-content-ai,"T3_CONTENT_STRATEGIST_001","T4_OPS_COORDINATOR_001""],0,ventures-master.csv,medium,Venture #498 of 687
edu-007-ai-tutoring-platform,EDU-007-AI-Tutoring-Platform: Ai Tutoring Platform - education venture,Venture,EDU-007-AI-Tutoring-Platform,Ai Tutoring Platform,education,planned,planned,https://github.com/Worldwidebro/edu-007-ai-tutoring-platform,"T3_CONTENT_STRATEGIST_001","T4_OPS_COORDINATOR_001""],0,ventures-master.csv,medium,Venture #499 of 687
edu-008-branding-templates-marketplace,EDU-008-Branding-Templates-Marketplace: Branding Templates Marketplace - education venture,Venture,EDU-008-Branding-Templates-Marketplace,Branding Templates Marketplace,education,planned,planned,https://github.com/Worldwidebro/edu-008-branding-templates-marketplace,"T3_CONTENT_STRATEGIST_001","T4_OPS_COORDINATOR_001""],0,ventures-master.csv,medium,Venture #500 of 687
edu-009-voiceover-script-library,EDU-009-Voiceover-Script-Library: Voiceover Script Library - education venture,Venture,EDU-009-Voiceover-Script-Library,Voiceover Script Library,education,planned,planned,https://github.com/Worldwidebro/edu-009-voiceover-script-library,"T3_CONTENT_STRATEGIST_001","T4_OPS_COORDINATOR_001""],0,ventures-master.csv,medium,Venture #501 of 687
edu-010-trade-skills-bootcamp,EDU-010-Trade-Skills-Bootcamp: Trade Skills Bootcamp - education venture,Venture,EDU-010-Trade-Skills-Bootcamp,Trade Skills Bootcamp,education,planned,planned,https://github.com/Worldwidebro/edu-010-trade-skills-bootcamp,"T3_CONTENT_STRATEGIST_001","T4_OPS_COORDINATOR_001""],0,ventures-master.csv,medium,Venture #502 of 687
edu-011-franchise-blueprint-system,EDU-011-Franchise-Blueprint-System: Franchise Blueprint System - education venture,Venture,EDU-011-Franchise-Blueprint-System,Franchise Blueprint System,education,planned,planned,https://github.com/Worldwidebro/edu-011-franchise-blueprint-system,"T3_CONTENT_STRATEGIST_001","T4_OPS_COORDINATOR_001""],0,ventures-master.csv,medium,Venture #503 of 687
edu-012-low-income-housing-blueprint,EDU-012-Low-Income-Housing-Blueprint: Low Income Housing Blueprint - education venture,Venture,EDU-012-Low-Income-Housing-Blueprint,Low Income Housing Blueprint,education,planned,planned,https://github.com/Worldwidebro/edu-012-low-income-housing-blueprint,"T3_CONTENT_STRATEGIST_001","T4_OPS_COORDINATOR_001""],0,ventures-master.csv,medium,Venture #504 of 687
edu-013-automated-empire-book,EDU-013-Automated-Empire-Book: Automated Empire Book - education venture,Venture,EDU-013-Automated-Empire-Book,Automated Empire Book,education,planned,planned,https://github.com/Worldwidebro/edu-013-automated-empire-book,"T3_CONTENT_STRATEGIST_001","T4_OPS_COORDINATOR_001""],0,ventures-master.csv,medium,Venture #505 of 687
edu-014-bipoc-creator-incubator,EDU-014-BIPOC-Creator-Incubator: Bipoc Creator Incubator - education venture,Venture,EDU-014-BIPOC-Creator-Incubator,Bipoc Creator Incubator,education,planned,planned,https://github.com/Worldwidebro/edu-014-bipoc-creator-incubator,"T3_CONTENT_STRATEGIST_001","T4_OPS_COORDINATOR_001""],0,ventures-master.csv,medium,Venture #506 of 687
edu-015-ai-legal-doc-generator,EDU-015-AI-Legal-Doc-Generator: Ai Legal Doc Generator - education venture,Venture,EDU-015-AI-Legal-Doc-Generator,Ai Legal Doc Generator,education,planned,planned,https://github.com/Worldwidebro/edu-015-ai-legal-doc-generator,"T3_CONTENT_STRATEGIST_001","T4_OPS_COORDINATOR_001""],0,ventures-master.csv,medium,Venture #507 of 687
edu-016-virtual-black-art-museum,EDU-016-Virtual-Black-Art-Museum: Virtual Black Art Museum - education venture,Venture,EDU-016-Virtual-Black-Art-Museum,Virtual Black Art Museum,education,planned,planned,https://github.com/Worldwidebro/edu-016-virtual-black-art-museum,"T3_CONTENT_STRATEGIST_001","T4_OPS_COORDINATOR_001""],0,ventures-master.csv,medium,Venture #508 of 687
edu-017-ai-coding-tutor,EDU-017-AI-Coding-Tutor: Ai Coding Tutor - education venture,Venture,EDU-017-AI-Coding-Tutor,Ai Coding Tutor,education,growth,active,https://github.com/Worldwidebro/edu-017-ai-coding-tutor,"T3_CONTENT_STRATEGIST_001","T4_OPS_COORDINATOR_001""],0,ventures-master.csv,medium,Venture #509 of 687
edu-018-online-course-creator,EDU-018-Online-Course-Creator: Online Course Creator - education venture,Venture,EDU-018-Online-Course-Creator,Online Course Creator,education,planned,planned,https://github.com/Worldwidebro/edu-018-online-course-creator,"T3_CONTENT_STRATEGIST_001","T4_OPS_COORDINATOR_001""],0,ventures-master.csv,medium,Venture #510 of 687
edu-019-executive-education-program,EDU-019-Executive-Education-Program: Executive Education Program - education venture,Venture,EDU-019-Executive-Education-Program,Executive Education Program,education,planned,planned,https://github.com/Worldwidebro/edu-019-executive-education-program,"T3_CONTENT_STRATEGIST_001","T4_OPS_COORDINATOR_001""],0,ventures-master.csv,medium,Venture #511 of 687
edu-020-youth-stem-program,EDU-020-Youth-STEM-Program: Youth Stem Program - education venture,Venture,EDU-020-Youth-STEM-Program,Youth Stem Program,education,planned,planned,https://github.com/Worldwidebro/edu-020-youth-stem-program,"T3_CONTENT_STRATEGIST_001","T4_OPS_COORDINATOR_001""],0,ventures-master.csv,medium,Venture #512 of 687
edu-021-remote-work-certification,EDU-021-Remote-Work-Certification: Remote Work Certification - education venture,Venture,EDU-021-Remote-Work-Certification,Remote Work Certification,education,planned,planned,https://github.com/Worldwidebro/edu-021-remote-work-certification,"T3_CONTENT_STRATEGIST_001","T4_OPS_COORDINATOR_001""],0,ventures-master.csv,medium,Venture #513 of 687
edu-022-ai-research-assistant,EDU-022-AI-Research-Assistant: Ai Research Assistant - education venture,Venture,EDU-022-AI-Research-Assistant,Ai Research Assistant,education,planned,planned,https://github.com/Worldwidebro/edu-022-ai-research-assistant,"T3_CONTENT_STRATEGIST_001","T4_OPS_COORDINATOR_001""],0,ventures-master.csv,medium,Venture #514 of 687
edu-023-personal-finance-coach,EDU-023-Personal-Finance-Coach: Personal Finance Coach - education venture,Venture,EDU-023-Personal-Finance-Coach,Personal Finance Coach,education,planned,planned,https://github.com/Worldwidebro/edu-023-personal-finance-coach,"T3_CONTENT_STRATEGIST_001","T4_OPS_COORDINATOR_001""],0,ventures-master.csv,medium,Venture #515 of 687
edu-024-language-learning-ai,EDU-024-Language-Learning-AI: Language Learning Ai - education venture,Venture,EDU-024-Language-Learning-AI,Language Learning Ai,education,planned,planned,https://github.com/Worldwidebro/edu-024-language-learning-ai,"T3_CONTENT_STRATEGIST_001","T4_OPS_COORDINATOR_001""],0,ventures-master.csv,medium,Venture #516 of 687
edu-025-test-preparation-ai,EDU-025-Test-Preparation-AI: Test Preparation Ai - education venture,Venture,EDU-025-Test-Preparation-AI,Test Preparation Ai,education,planned,planned,https://github.com/Worldwidebro/edu-025-test-preparation-ai,"T3_CONTENT_STRATEGIST_001","T4_OPS_COORDINATOR_001""],0,ventures-master.csv,medium,Venture #517 of 687
edu-026-corporate-training-ai,EDU-026-Corporate-Training-AI: Corporate Training Ai - education venture,Venture,EDU-026-Corporate-Training-AI,Corporate Training Ai,education,planned,planned,https://github.com/Worldwidebro/edu-026-corporate-training-ai,"T3_CONTENT_STRATEGIST_001","T4_OPS_COORDINATOR_001""],0,ventures-master.csv,medium,Venture #518 of 687
edu-027-medical-education-ai,EDU-027-Medical-Education-AI: Medical Education Ai - education venture,Venture,EDU-027-Medical-Education-AI,Medical Education Ai,education,planned,planned,https://github.com/Worldwidebro/edu-027-medical-education-ai,"T3_CONTENT_STRATEGIST_001","T4_OPS_COORDINATOR_001""],0,ventures-master.csv,medium,Venture #519 of 687
edu-028-legal-education-ai,EDU-028-Legal-Education-AI: Legal Education Ai - education venture,Venture,EDU-028-Legal-Education-AI,Legal Education Ai,education,planned,planned,https://github.com/Worldwidebro/edu-028-legal-education-ai,"T3_CONTENT_STRATEGIST_001","T4_OPS_COORDINATOR_001""],0,ventures-master.csv,medium,Venture #520 of 687
edu-029-music-education-ai,EDU-029-Music-Education-AI: Music Education Ai - education venture,Venture,EDU-029-Music-Education-AI,Music Education Ai,education,planned,planned,https://github.com/Worldwidebro/edu-029-music-education-ai,"T3_CONTENT_STRATEGIST_001","T4_OPS_COORDINATOR_001""],0,ventures-master.csv,medium,Venture #521 of 687
edu-030-art-education-ai,EDU-030-Art-Education-AI: Art Education Ai - education venture,Venture,EDU-030-Art-Education-AI,Art Education Ai,education,planned,planned,https://github.com/Worldwidebro/edu-030-art-education-ai,"T3_CONTENT_STRATEGIST_001","T4_OPS_COORDINATOR_001""],0,ventures-master.csv,medium,Venture #522 of 687
edu-031-physical-education-ai,EDU-031-Physical-Education-AI: Physical Education Ai - education venture,Venture,EDU-031-Physical-Education-AI,Physical Education Ai,education,planned,planned,https://github.com/Worldwidebro/edu-031-physical-education-ai,"T3_CONTENT_STRATEGIST_001","T4_OPS_COORDINATOR_001""],0,ventures-master.csv,medium,Venture #523 of 687
edu-032-environmental-education-ai,EDU-032-Environmental-Education-AI: Environmental Education Ai - education venture,Venture,EDU-032-Environmental-Education-AI,Environmental Education Ai,education,planned,planned,https://github.com/Worldwidebro/edu-032-environmental-education-ai,"T3_CONTENT_STRATEGIST_001","T4_OPS_COORDINATOR_001""],0,ventures-master.csv,medium,Venture #524 of 687
edu-033-social-studies-ai,EDU-033-Social-Studies-AI: Social Studies Ai - education venture,Venture,EDU-033-Social-Studies-AI,Social Studies Ai,education,planned,planned,https://github.com/Worldwidebro/edu-033-social-studies-ai,"T3_CONTENT_STRATEGIST_001","T4_OPS_COORDINATOR_001""],0,ventures-master.csv,medium,Venture #525 of 687
edu-034-math-education-ai,EDU-034-Math-Education-AI: Math Education Ai - education venture,Venture,EDU-034-Math-Education-AI,Math Education Ai,education,planned,planned,https://github.com/Worldwidebro/edu-034-math-education-ai,"T3_CONTENT_STRATEGIST_001","T4_OPS_COORDINATOR_001""],0,ventures-master.csv,medium,Venture #526 of 687
edu-035-science-education-ai,EDU-035-Science-Education-AI: Science Education Ai - education venture,Venture,EDU-035-Science-Education-AI,Science Education Ai,education,planned,planned,https://github.com/Worldwidebro/edu-035-science-education-ai,"T3_CONTENT_STRATEGIST_001","T4_OPS_COORDINATOR_001""],0,ventures-master.csv,medium,Venture #527 of 687
edu-036-reading-comprehension-ai,EDU-036-Reading-Comprehension-AI: Reading Comprehension Ai - education venture,Venture,EDU-036-Reading-Comprehension-AI,Reading Comprehension Ai,education,planned,planned,https://github.com/Worldwidebro/edu-036-reading-comprehension-ai,"T3_CONTENT_STRATEGIST_001","T4_OPS_COORDINATOR_001""],0,ventures-master.csv,medium,Venture #528 of 687
edu-037-writing-instruction-ai,EDU-037-Writing-Instruction-AI: Writing Instruction Ai - education venture,Venture,EDU-037-Writing-Instruction-AI,Writing Instruction Ai,education,planned,planned,https://github.com/Worldwidebro/edu-037-writing-instruction-ai,"T3_CONTENT_STRATEGIST_001","T4_OPS_COORDINATOR_001""],0,ventures-master.csv,medium,Venture #529 of 687
edu-038-critical-thinking-ai,EDU-038-Critical-Thinking-AI: Critical Thinking Ai - education venture,Venture,EDU-038-Critical-Thinking-AI,Critical Thinking Ai,education,planned,planned,https://github.com/Worldwidebro/edu-038-critical-thinking-ai,"T3_CONTENT_STRATEGIST_001","T4_OPS_COORDINATOR_001""],0,ventures-master.csv,medium,Venture #530 of 687
edu-039-emotional-intelligence-ai,EDU-039-Emotional-Intelligence-AI: Emotional Intelligence Ai - education venture,Venture,EDU-039-Emotional-Intelligence-AI,Emotional Intelligence Ai,education,planned,planned,https://github.com/Worldwidebro/edu-039-emotional-intelligence-ai,"T3_CONTENT_STRATEGIST_001","T4_OPS_COORDINATOR_001""],0,ventures-master.csv,medium,Venture #531 of 687
edu-040-time-management-ai,EDU-040-Time-Management-AI: Time Management Ai - education venture,Venture,EDU-040-Time-Management-AI,Time Management Ai,education,planned,planned,https://github.com/Worldwidebro/edu-040-time-management-ai,"T3_CONTENT_STRATEGIST_001","T4_OPS_COORDINATOR_001""],0,ventures-master.csv,medium,Venture #532 of 687
comm-001-luminary-worldwide-events,COMM-001-Luminary-Worldwide-Events: Luminary Worldwide Events - community venture,Venture,COMM-001-Luminary-Worldwide-Events,Luminary Worldwide Events,community,planned,planned,https://github.com/Worldwidebro/comm-001-luminary-worldwide-events,"T4_OPS_COORDINATOR_001",[""social-media",0,ventures-master.csv,medium,Venture #533 of 687
comm-002-brotherhood-coaching-network,COMM-002-Brotherhood-Coaching-Network: Brotherhood Coaching Network - community venture,Venture,COMM-002-Brotherhood-Coaching-Network,Brotherhood Coaching Network,community,planned,planned,https://github.com/Worldwidebro/comm-002-brotherhood-coaching-network,"T4_OPS_COORDINATOR_001",[""social-media",0,ventures-master.csv,medium,Venture #534 of 687
comm-003-ace-senior-care-connect,COMM-003-Ace-Senior-Care-Connect: Ace Senior Care Connect - community venture,Venture,COMM-003-Ace-Senior-Care-Connect,Ace Senior Care Connect,community,planned,planned,https://github.com/Worldwidebro/comm-003-ace-senior-care-connect,"T4_OPS_COORDINATOR_001",[""social-media",0,ventures-master.csv,medium,Venture #535 of 687
comm-004-community-outreach-nonprofit,COMM-004-Community-Outreach-Nonprofit: Community Outreach Nonprofit - community venture,Venture,COMM-004-Community-Outreach-Nonprofit,Community Outreach Nonprofit,community,planned,planned,https://github.com/Worldwidebro/comm-004-community-outreach-nonprofit,"T4_OPS_COORDINATOR_001",[""social-media",0,ventures-master.csv,medium,Venture #536 of 687
comm-005-ace-food-security-ai,COMM-005-Ace-Food-Security-AI: Ace Food Security Ai - community venture,Venture,COMM-005-Ace-Food-Security-AI,Ace Food Security Ai,community,planned,planned,https://github.com/Worldwidebro/comm-005-ace-food-security-ai,"T4_OPS_COORDINATOR_001",[""social-media",0,ventures-master.csv,medium,Venture #537 of 687
comm-006-community-technology-access-ai,COMM-006-Community-Technology-Access-AI: Community Technology Access Ai - community venture,Venture,COMM-006-Community-Technology-Access-AI,Community Technology Access Ai,community,planned,planned,https://github.com/Worldwidebro/comm-006-community-technology-access-ai,"T4_OPS_COORDINATOR_001",[""social-media",0,ventures-master.csv,medium,Venture #538 of 687
comm-007-youth-leadership-ai,COMM-007-Youth-Leadership-AI: Youth Leadership Ai - community venture,Venture,COMM-007-Youth-Leadership-AI,Youth Leadership Ai,community,planned,planned,https://github.com/Worldwidebro/comm-007-youth-leadership-ai,"T4_OPS_COORDINATOR_001",[""social-media",0,ventures-master.csv,medium,Venture #539 of 687
comm-008-community-fundraising-ai,COMM-008-Community-Fundraising-AI: Community Fundraising Ai - community venture,Venture,COMM-008-Community-Fundraising-AI,Community Fundraising Ai,community,planned,planned,https://github.com/Worldwidebro/comm-008-community-fundraising-ai,"T4_OPS_COORDINATOR_001",[""social-media",0,ventures-master.csv,medium,Venture #540 of 687
comm-009-volunteer-hub-ai,COMM-009-Volunteer-Hub-AI: Volunteer Hub Ai - community venture,Venture,COMM-009-Volunteer-Hub-AI,Volunteer Hub Ai,community,planned,planned,https://github.com/Worldwidebro/comm-009-volunteer-hub-ai,"T4_OPS_COORDINATOR_001",[""social-media",0,ventures-master.csv,medium,Venture #541 of 687
comm-010-disaster-relief-ai,COMM-010-Disaster-Relief-AI: Disaster Relief Ai - community venture,Venture,COMM-010-Disaster-Relief-AI,Disaster Relief Ai,community,planned,planned,https://github.com/Worldwidebro/comm-010-disaster-relief-ai,"T4_OPS_COORDINATOR_001",[""social-media",0,ventures-master.csv,medium,Venture #542 of 687
comm-011-indigenous-creator-hub,COMM-011-Indigenous-Creator-Hub: Indigenous Creator Hub - community venture,Venture,COMM-011-Indigenous-Creator-Hub,Indigenous Creator Hub,community,planned,planned,https://github.com/Worldwidebro/comm-011-indigenous-creator-hub,"T4_OPS_COORDINATOR_001",[""social-media",0,ventures-master.csv,medium,Venture #543 of 687
comm-012-black-art-museum-ai,COMM-012-Black-Art-Museum-AI: Black Art Museum Ai - community venture,Venture,COMM-012-Black-Art-Museum-AI,Black Art Museum Ai,community,planned,planned,https://github.com/Worldwidebro/comm-012-black-art-museum-ai,"T4_OPS_COORDINATOR_001",[""social-media",0,ventures-master.csv,medium,Venture #544 of 687
comm-013-women-s-empowerment-network,COMM-013-Women-s-Empowerment-Network: Women S Empowerment Network - community venture,Venture,COMM-013-Women-s-Empowerment-Network,Women S Empowerment Network,community,planned,planned,https://github.com/Worldwidebro/comm-013-women-s-empowerment-network,"T4_OPS_COORDINATOR_001",[""social-media",0,ventures-master.csv,medium,Venture #545 of 687
comm-014-veterans-support-ai,COMM-014-Veterans-Support-AI: Veterans Support Ai - community venture,Venture,COMM-014-Veterans-Support-AI,Veterans Support Ai,community,planned,planned,https://github.com/Worldwidebro/comm-014-veterans-support-ai,"T4_OPS_COORDINATOR_001",[""social-media",0,ventures-master.csv,medium,Venture #546 of 687
comm-015-youth-mentorship-program,COMM-015-Youth-Mentorship-Program: Youth Mentorship Program - community venture,Venture,COMM-015-Youth-Mentorship-Program,Youth Mentorship Program,community,planned,planned,https://github.com/Worldwidebro/comm-015-youth-mentorship-program,"T4_OPS_COORDINATOR_001",[""social-media",0,ventures-master.csv,medium,Venture #547 of 687
comm-016-community-health-ai,COMM-016-Community-Health-AI: Community Health Ai - community venture,Venture,COMM-016-Community-Health-AI,Community Health Ai,community,planned,planned,https://github.com/Worldwidebro/comm-016-community-health-ai,"T4_OPS_COORDINATOR_001",[""social-media",0,ventures-master.csv,medium,Venture #548 of 687
comm-017-local-business-directory,COMM-017-Local-Business-Directory: Local Business Directory - community venture,Venture,COMM-017-Local-Business-Directory,Local Business Directory,community,planned,planned,https://github.com/Worldwidebro/comm-017-local-business-directory,"T4_OPS_COORDINATOR_001",[""social-media",0,ventures-master.csv,medium,Venture #549 of 687
comm-018-neighborhood-watch-ai,COMM-018-Neighborhood-Watch-AI: Neighborhood Watch Ai - community venture,Venture,COMM-018-Neighborhood-Watch-AI,Neighborhood Watch Ai,community,planned,planned,https://github.com/Worldwidebro/comm-018-neighborhood-watch-ai,"T4_OPS_COORDINATOR_001",[""social-media",0,ventures-master.csv,medium,Venture #550 of 687
comm-019-community-garden-ai,COMM-019-Community-Garden-AI: Community Garden Ai - community venture,Venture,COMM-019-Community-Garden-AI,Community Garden Ai,community,planned,planned,https://github.com/Worldwidebro/comm-019-community-garden-ai,"T4_OPS_COORDINATOR_001",[""social-media",0,ventures-master.csv,medium,Venture #551 of 687
comm-020-public-transportation-ai,COMM-020-Public-Transportation-AI: Public Transportation Ai - community venture,Venture,COMM-020-Public-Transportation-AI,Public Transportation Ai,community,planned,planned,https://github.com/Worldwidebro/comm-020-public-transportation-ai,"T4_OPS_COORDINATOR_001",[""social-media",0,ventures-master.csv,medium,Venture #552 of 687
comm-021-housing-assistance-ai,COMM-021-Housing-Assistance-AI: Housing Assistance Ai - community venture,Venture,COMM-021-Housing-Assistance-AI,Housing Assistance Ai,community,planned,planned,https://github.com/Worldwidebro/comm-021-housing-assistance-ai,"T4_OPS_COORDINATOR_001",[""social-media",0,ventures-master.csv,medium,Venture #553 of 687
comm-022-job-training-center,COMM-022-Job-Training-Center: Job Training Center - community venture,Venture,COMM-022-Job-Training-Center,Job Training Center,community,planned,planned,https://github.com/Worldwidebro/comm-022-job-training-center,"T4_OPS_COORDINATOR_001",[""social-media",0,ventures-master.csv,medium,Venture #554 of 687
comm-023-elder-companion-ai,COMM-023-Elder-Companion-AI: Elder Companion Ai - community venture,Venture,COMM-023-Elder-Companion-AI,Elder Companion Ai,community,planned,planned,https://github.com/Worldwidebro/comm-023-elder-companion-ai,"T4_OPS_COORDINATOR_001",[""social-media",0,ventures-master.csv,medium,Venture #555 of 687
comm-024-youth-sports-ai,COMM-024-Youth-Sports-AI: Youth Sports Ai - community venture,Venture,COMM-024-Youth-Sports-AI,Youth Sports Ai,community,planned,planned,https://github.com/Worldwidebro/comm-024-youth-sports-ai,"T4_OPS_COORDINATOR_001",[""social-media",0,ventures-master.csv,medium,Venture #556 of 687
comm-025-community-legal-aid,COMM-025-Community-Legal-Aid: Community Legal Aid - community venture,Venture,COMM-025-Community-Legal-Aid,Community Legal Aid,community,planned,planned,https://github.com/Worldwidebro/comm-025-community-legal-aid,"T4_OPS_COORDINATOR_001",[""social-media",0,ventures-master.csv,medium,Venture #557 of 687
comm-026-public-education-ai,COMM-026-Public-Education-AI: Public Education Ai - community venture,Venture,COMM-026-Public-Education-AI,Public Education Ai,community,planned,planned,https://github.com/Worldwidebro/comm-026-public-education-ai,"T4_OPS_COORDINATOR_001",[""social-media",0,ventures-master.csv,medium,Venture #558 of 687
comm-027-local-government-ai,COMM-027-Local-Government-AI: Local Government Ai - community venture,Venture,COMM-027-Local-Government-AI,Local Government Ai,community,planned,planned,https://github.com/Worldwidebro/comm-027-local-government-ai,"T4_OPS_COORDINATOR_001",[""social-media",0,ventures-master.csv,medium,Venture #559 of 687
comm-028-public-safety-ai,COMM-028-Public-Safety-AI: Public Safety Ai - community venture,Venture,COMM-028-Public-Safety-AI,Public Safety Ai,community,planned,planned,https://github.com/Worldwidebro/comm-028-public-safety-ai,"T4_OPS_COORDINATOR_001",[""social-media",0,ventures-master.csv,medium,Venture #560 of 687
comm-029-community-wellness-ai,COMM-029-Community-Wellness-AI: Community Wellness Ai - community venture,Venture,COMM-029-Community-Wellness-AI,Community Wellness Ai,community,planned,planned,https://github.com/Worldwidebro/comm-029-community-wellness-ai,"T4_OPS_COORDINATOR_001",[""social-media",0,ventures-master.csv,medium,Venture #561 of 687
comm-030-cultural-exchange-ai,COMM-030-Cultural-Exchange-AI: Cultural Exchange Ai - community venture,Venture,COMM-030-Cultural-Exchange-AI,Cultural Exchange Ai,community,planned,planned,https://github.com/Worldwidebro/comm-030-cultural-exchange-ai,"T4_OPS_COORDINATOR_001",[""social-media",0,ventures-master.csv,medium,Venture #562 of 687
comm-031-community-investment-ai,COMM-031-Community-Investment-AI: Community Investment Ai - community venture,Venture,COMM-031-Community-Investment-AI,Community Investment Ai,community,planned,planned,https://github.com/Worldwidebro/comm-031-community-investment-ai,"T4_OPS_COORDINATOR_001",[""social-media",0,ventures-master.csv,medium,Venture #563 of 687
comm-032-public-health-ai,COMM-032-Public-Health-AI: Public Health Ai - community venture,Venture,COMM-032-Public-Health-AI,Public Health Ai,community,planned,planned,https://github.com/Worldwidebro/comm-032-public-health-ai,"T4_OPS_COORDINATOR_001",[""social-media",0,ventures-master.csv,medium,Venture #564 of 687
comm-033-youth-innovation-hub,COMM-033-Youth-Innovation-Hub: Youth Innovation Hub - community venture,Venture,COMM-033-Youth-Innovation-Hub,Youth Innovation Hub,community,planned,planned,https://github.com/Worldwidebro/comm-033-youth-innovation-hub,"T4_OPS_COORDINATOR_001",[""social-media",0,ventures-master.csv,medium,Venture #565 of 687
comm-034-senior-tech-support,COMM-034-Senior-Tech-Support: Senior Tech Support - community venture,Venture,COMM-034-Senior-Tech-Support,Senior Tech Support,community,planned,planned,https://github.com/Worldwidebro/comm-034-senior-tech-support,"T4_OPS_COORDINATOR_001",[""social-media",0,ventures-master.csv,medium,Venture #566 of 687
comm-035-community-arts-ai,COMM-035-Community-Arts-AI: Community Arts Ai - community venture,Venture,COMM-035-Community-Arts-AI,Community Arts Ai,community,planned,planned,https://github.com/Worldwidebro/comm-035-community-arts-ai,"T4_OPS_COORDINATOR_001",[""social-media",0,ventures-master.csv,medium,Venture #567 of 687
comm-036-public-infrastructure-ai,COMM-036-Public-Infrastructure-AI: Public Infrastructure Ai - community venture,Venture,COMM-036-Public-Infrastructure-AI,Public Infrastructure Ai,community,planned,planned,https://github.com/Worldwidebro/comm-036-public-infrastructure-ai,"T4_OPS_COORDINATOR_001",[""social-media",0,ventures-master.csv,medium,Venture #568 of 687
comm-037-neighborhood-development-ai,COMM-037-Neighborhood-Development-AI: Neighborhood Development Ai - community venture,Venture,COMM-037-Neighborhood-Development-AI,Neighborhood Development Ai,community,planned,planned,https://github.com/Worldwidebro/comm-037-neighborhood-development-ai,"T4_OPS_COORDINATOR_001",[""social-media",0,ventures-master.csv,medium,Venture #569 of 687
comm-038-community-policing-ai,COMM-038-Community-Policing-AI: Community Policing Ai - community venture,Venture,COMM-038-Community-Policing-AI,Community Policing Ai,community,planned,planned,https://github.com/Worldwidebro/comm-038-community-policing-ai,"T4_OPS_COORDINATOR_001",[""social-media",0,ventures-master.csv,medium,Venture #570 of 687
comm-039-public-space-ai,COMM-039-Public-Space-AI: Public Space Ai - community venture,Venture,COMM-039-Public-Space-AI,Public Space Ai,community,planned,planned,https://github.com/Worldwidebro/comm-039-public-space-ai,"T4_OPS_COORDINATOR_001",[""social-media",0,ventures-master.csv,medium,Venture #571 of 687
comm-040-community-recycling-ai,COMM-040-Community-Recycling-AI: Community Recycling Ai - community venture,Venture,COMM-040-Community-Recycling-AI,Community Recycling Ai,community,planned,planned,https://github.com/Worldwidebro/comm-040-community-recycling-ai,"T4_OPS_COORDINATOR_001",[""social-media",0,ventures-master.csv,medium,Venture #572 of 687
comm-041-public-wi-fi-ai,COMM-041-Public-Wi-Fi-AI: Public Wi Fi Ai - community venture,Venture,COMM-041-Public-Wi-Fi-AI,Public Wi Fi Ai,community,planned,planned,https://github.com/Worldwidebro/comm-041-public-wi-fi-ai,"T4_OPS_COORDINATOR_001",[""social-media",0,ventures-master.csv,medium,Venture #573 of 687
comm-042-community-energy-ai,COMM-042-Community-Energy-AI: Community Energy Ai - community venture,Venture,COMM-042-Community-Energy-AI,Community Energy Ai,community,planned,planned,https://github.com/Worldwidebro/comm-042-community-energy-ai,"T4_OPS_COORDINATOR_001",[""social-media",0,ventures-master.csv,medium,Venture #574 of 687
comm-043-local-food-network-ai,COMM-043-Local-Food-Network-AI: Local Food Network Ai - community venture,Venture,COMM-043-Local-Food-Network-AI,Local Food Network Ai,community,planned,planned,https://github.com/Worldwidebro/comm-043-local-food-network-ai,"T4_OPS_COORDINATOR_001",[""social-media",0,ventures-master.csv,medium,Venture #575 of 687
comm-044-community-volunteering-ai,COMM-044-Community-Volunteering-AI: Community Volunteering Ai - community venture,Venture,COMM-044-Community-Volunteering-AI,Community Volunteering Ai,community,planned,planned,https://github.com/Worldwidebro/comm-044-community-volunteering-ai,"T4_OPS_COORDINATOR_001",[""social-media",0,ventures-master.csv,medium,Venture #576 of 687
comm-045-public-childcare-ai,COMM-045-Public-Childcare-AI: Public Childcare Ai - community venture,Venture,COMM-045-Public-Childcare-AI,Public Childcare Ai,community,planned,planned,https://github.com/Worldwidebro/comm-045-public-childcare-ai,"T4_OPS_COORDINATOR_001",[""social-media",0,ventures-master.csv,medium,Venture #577 of 687
comm-046-community-pet-care-ai,COMM-046-Community-Pet-Care-AI: Community Pet Care Ai - community venture,Venture,COMM-046-Community-Pet-Care-AI,Community Pet Care Ai,community,planned,planned,https://github.com/Worldwidebro/comm-046-community-pet-care-ai,"T4_OPS_COORDINATOR_001",[""social-media",0,ventures-master.csv,medium,Venture #578 of 687
comm-047-public-fitness-ai,COMM-047-Public-Fitness-AI: Public Fitness Ai - community venture,Venture,COMM-047-Public-Fitness-AI,Public Fitness Ai,community,planned,planned,https://github.com/Worldwidebro/comm-047-public-fitness-ai,"T4_OPS_COORDINATOR_001",[""social-media",0,ventures-master.csv,medium,Venture #579 of 687
comm-048-community-transportation-ai,COMM-048-Community-Transportation-AI: Community Transportation Ai - community venture,Venture,COMM-048-Community-Transportation-AI,Community Transportation Ai,community,planned,planned,https://github.com/Worldwidebro/comm-048-community-transportation-ai,"T4_OPS_COORDINATOR_001",[""social-media",0,ventures-master.csv,medium,Venture #580 of 687
comm-049-public-event-ai,COMM-049-Public-Event-AI: Public Event Ai - community venture,Venture,COMM-049-Public-Event-AI,Public Event Ai,community,planned,planned,https://github.com/Worldwidebro/comm-049-public-event-ai,"T4_OPS_COORDINATOR_001",[""social-media",0,ventures-master.csv,medium,Venture #581 of 687
comm-050-community-cultural-ai,COMM-050-Community-Cultural-AI: Community Cultural Ai - community venture,Venture,COMM-050-Community-Cultural-AI,Community Cultural Ai,community,planned,planned,https://github.com/Worldwidebro/comm-050-community-cultural-ai,"T4_OPS_COORDINATOR_001",[""social-media",0,ventures-master.csv,medium,Venture #582 of 687
em-001-space-habitat-ai,EM-001-Space-Habitat-AI: Space Habitat Ai - emerging venture,Venture,EM-001-Space-Habitat-AI,Space Habitat Ai,emerging,planned,planned,https://github.com/Worldwidebro/em-001-space-habitat-ai,"T5_DEVOPS_AUTOMATION_001",[""operations",0,ventures-master.csv,medium,Venture #583 of 687
em-002-fusion-energy-ai,EM-002-Fusion-Energy-AI: Fusion Energy Ai - emerging venture,Venture,EM-002-Fusion-Energy-AI,Fusion Energy Ai,emerging,planned,planned,https://github.com/Worldwidebro/em-002-fusion-energy-ai,"T5_DEVOPS_AUTOMATION_001",[""operations",0,ventures-master.csv,medium,Venture #584 of 687
em-003-teleportation-research-ai,EM-003-Teleportation-Research-AI: Teleportation Research Ai - emerging venture,Venture,EM-003-Teleportation-Research-AI,Teleportation Research Ai,emerging,planned,planned,https://github.com/Worldwidebro/em-003-teleportation-research-ai,"T5_DEVOPS_AUTOMATION_001",[""operations",0,ventures-master.csv,medium,Venture #585 of 687
em-004-climate-solutions-ai,EM-004-Climate-Solutions-AI: Climate Solutions Ai - emerging venture,Venture,EM-004-Climate-Solutions-AI,Climate Solutions Ai,emerging,planned,planned,https://github.com/Worldwidebro/em-004-climate-solutions-ai,"T5_DEVOPS_AUTOMATION_001",[""operations",0,ventures-master.csv,medium,Venture #586 of 687
em-005-holographic-events-ai,EM-005-Holographic-Events-AI: Holographic Events Ai - emerging venture,Venture,EM-005-Holographic-Events-AI,Holographic Events Ai,emerging,planned,planned,https://github.com/Worldwidebro/em-005-holographic-events-ai,"T5_DEVOPS_AUTOMATION_001",[""operations",0,ventures-master.csv,medium,Venture #587 of 687
em-006-neurofeedback-ai,EM-006-Neurofeedback-AI: Neurofeedback Ai - emerging venture,Venture,EM-006-Neurofeedback-AI,Neurofeedback Ai,emerging,planned,planned,https://github.com/Worldwidebro/em-006-neurofeedback-ai,"T5_DEVOPS_AUTOMATION_001",[""operations",0,ventures-master.csv,medium,Venture #588 of 687
em-007-autonomous-delivery-ai,EM-007-Autonomous-Delivery-AI: Autonomous Delivery Ai - emerging venture,Venture,EM-007-Autonomous-Delivery-AI,Autonomous Delivery Ai,emerging,planned,planned,https://github.com/Worldwidebro/em-007-autonomous-delivery-ai,"T5_DEVOPS_AUTOMATION_001",[""operations",0,ventures-master.csv,medium,Venture #589 of 687
em-008-gene-editing-ai,EM-008-Gene-Editing-AI: Gene Editing Ai - emerging venture,Venture,EM-008-Gene-Editing-AI,Gene Editing Ai,emerging,planned,planned,https://github.com/Worldwidebro/em-008-gene-editing-ai,"T5_DEVOPS_AUTOMATION_001",[""operations",0,ventures-master.csv,medium,Venture #590 of 687
em-009-space-tourism-ai,EM-009-Space-Tourism-AI: Space Tourism Ai - emerging venture,Venture,EM-009-Space-Tourism-AI,Space Tourism Ai,emerging,planned,planned,https://github.com/Worldwidebro/em-009-space-tourism-ai,"T5_DEVOPS_AUTOMATION_001",[""operations",0,ventures-master.csv,medium,Venture #591 of 687
em-010-wearables-ai,EM-010-Wearables-AI: Wearables Ai - emerging venture,Venture,EM-010-Wearables-AI,Wearables Ai,emerging,planned,planned,https://github.com/Worldwidebro/em-010-wearables-ai,"T5_DEVOPS_AUTOMATION_001",[""operations",0,ventures-master.csv,medium,Venture #592 of 687
em-011-metaverse-hub-ai,EM-011-Metaverse-Hub-AI: Metaverse Hub Ai - emerging venture,Venture,EM-011-Metaverse-Hub-AI,Metaverse Hub Ai,emerging,planned,planned,https://github.com/Worldwidebro/em-011-metaverse-hub-ai,"T5_DEVOPS_AUTOMATION_001",[""operations",0,ventures-master.csv,medium,Venture #593 of 687
em-012-energy-grid-ai,EM-012-Energy-Grid-AI: Energy Grid Ai - emerging venture,Venture,EM-012-Energy-Grid-AI,Energy Grid Ai,emerging,planned,planned,https://github.com/Worldwidebro/em-012-energy-grid-ai,"T5_DEVOPS_AUTOMATION_001",[""operations",0,ventures-master.csv,medium,Venture #594 of 687
em-013-brain-computer-interface,EM-013-Brain-Computer-Interface: Brain Computer Interface - emerging venture,Venture,EM-013-Brain-Computer-Interface,Brain Computer Interface,emerging,planned,planned,https://github.com/Worldwidebro/em-013-brain-computer-interface,"T5_DEVOPS_AUTOMATION_001",[""operations",0,ventures-master.csv,medium,Venture #595 of 687
em-014-ocean-cleanup-ai,EM-014-Ocean-Cleanup-AI: Ocean Cleanup Ai - emerging venture,Venture,EM-014-Ocean-Cleanup-AI,Ocean Cleanup Ai,emerging,planned,planned,https://github.com/Worldwidebro/em-014-ocean-cleanup-ai,"T5_DEVOPS_AUTOMATION_001",[""operations",0,ventures-master.csv,medium,Venture #596 of 687
em-015-crypto-trading-ai,EM-015-Crypto-Trading-AI: Crypto Trading Ai - emerging venture,Venture,EM-015-Crypto-Trading-AI,Crypto Trading Ai,emerging,planned,planned,https://github.com/Worldwidebro/em-015-crypto-trading-ai,"T5_DEVOPS_AUTOMATION_001",[""operations",0,ventures-master.csv,medium,Venture #597 of 687
em-016-synthetic-media-ai,EM-016-Synthetic-Media-AI: Synthetic Media Ai - emerging venture,Venture,EM-016-Synthetic-Media-AI,Synthetic Media Ai,emerging,planned,planned,https://github.com/Worldwidebro/em-016-synthetic-media-ai,"T5_DEVOPS_AUTOMATION_001",[""operations",0,ventures-master.csv,medium,Venture #598 of 687
em-017-space-mining-ai,EM-017-Space-Mining-AI: Space Mining Ai - emerging venture,Venture,EM-017-Space-Mining-AI,Space Mining Ai,emerging,planned,planned,https://github.com/Worldwidebro/em-017-space-mining-ai,"T5_DEVOPS_AUTOMATION_001",[""operations",0,ventures-master.csv,medium,Venture #599 of 687
em-018-vr-therapy-ai,EM-018-VR-Therapy-AI: Vr Therapy Ai - emerging venture,Venture,EM-018-VR-Therapy-AI,Vr Therapy Ai,emerging,planned,planned,https://github.com/Worldwidebro/em-018-vr-therapy-ai,"T5_DEVOPS_AUTOMATION_001",[""operations",0,ventures-master.csv,medium,Venture #600 of 687
em-019-weather-prediction-ai,EM-019-Weather-Prediction-AI: Weather Prediction Ai - emerging venture,Venture,EM-019-Weather-Prediction-AI,Weather Prediction Ai,emerging,planned,planned,https://github.com/Worldwidebro/em-019-weather-prediction-ai,"T5_DEVOPS_AUTOMATION_001",[""operations",0,ventures-master.csv,medium,Venture #601 of 687
em-020-autonomous-farming-ai,EM-020-Autonomous-Farming-AI: Autonomous Farming Ai - emerging venture,Venture,EM-020-Autonomous-Farming-AI,Autonomous Farming Ai,emerging,planned,planned,https://github.com/Worldwidebro/em-020-autonomous-farming-ai,"T5_DEVOPS_AUTOMATION_001",[""operations",0,ventures-master.csv,medium,Venture #602 of 687
em-021-traffic-optimizer-ai,EM-021-Traffic-Optimizer-AI: Traffic Optimizer Ai - emerging venture,Venture,EM-021-Traffic-Optimizer-AI,Traffic Optimizer Ai,emerging,planned,planned,https://github.com/Worldwidebro/em-021-traffic-optimizer-ai,"T5_DEVOPS_AUTOMATION_001",[""operations",0,ventures-master.csv,medium,Venture #603 of 687
em-022-smart-grid-ai,EM-022-Smart-Grid-AI: Smart Grid Ai - emerging venture,Venture,EM-022-Smart-Grid-AI,Smart Grid Ai,emerging,planned,planned,https://github.com/Worldwidebro/em-022-smart-grid-ai,"T5_DEVOPS_AUTOMATION_001",[""operations",0,ventures-master.csv,medium,Venture #604 of 687
em-023-disaster-prediction-ai,EM-023-Disaster-Prediction-AI: Disaster Prediction Ai - emerging venture,Venture,EM-023-Disaster-Prediction-AI,Disaster Prediction Ai,emerging,planned,planned,https://github.com/Worldwidebro/em-023-disaster-prediction-ai,"T5_DEVOPS_AUTOMATION_001",[""operations",0,ventures-master.csv,medium,Venture #605 of 687
em-024-nanotech-ai,EM-024-Nanotech-AI: Nanotech Ai - emerging venture,Venture,EM-024-Nanotech-AI,Nanotech Ai,emerging,planned,planned,https://github.com/Worldwidebro/em-024-nanotech-ai,"T5_DEVOPS_AUTOMATION_001",[""operations",0,ventures-master.csv,medium,Venture #606 of 687
em-025-personalized-medicine-ai,EM-025-Personalized-Medicine-AI: Personalized Medicine Ai - emerging venture,Venture,EM-025-Personalized-Medicine-AI,Personalized Medicine Ai,emerging,planned,planned,https://github.com/Worldwidebro/em-025-personalized-medicine-ai,"T5_DEVOPS_AUTOMATION_001",[""operations",0,ventures-master.csv,medium,Venture #607 of 687
em-026-ai-diagnostic-lab,EM-026-AI-Diagnostic-Lab: Ai Diagnostic Lab - emerging venture,Venture,EM-026-AI-Diagnostic-Lab,Ai Diagnostic Lab,emerging,planned,planned,https://github.com/Worldwidebro/em-026-ai-diagnostic-lab,"T5_DEVOPS_AUTOMATION_001",[""operations",0,ventures-master.csv,medium,Venture #608 of 687
em-027-sustainable-cities-ai,EM-027-Sustainable-Cities-AI: Sustainable Cities Ai - emerging venture,Venture,EM-027-Sustainable-Cities-AI,Sustainable Cities Ai,emerging,planned,planned,https://github.com/Worldwidebro/em-027-sustainable-cities-ai,"T5_DEVOPS_AUTOMATION_001",[""operations",0,ventures-master.csv,medium,Venture #609 of 687
em-028-renewable-energy-ai,EM-028-Renewable-Energy-AI: Renewable Energy Ai - emerging venture,Venture,EM-028-Renewable-Energy-AI,Renewable Energy Ai,emerging,planned,planned,https://github.com/Worldwidebro/em-028-renewable-energy-ai,"T5_DEVOPS_AUTOMATION_001",[""operations",0,ventures-master.csv,medium,Venture #610 of 687
em-029-climate-modeling-ai,EM-029-Climate-Modeling-AI: Climate Modeling Ai - emerging venture,Venture,EM-029-Climate-Modeling-AI,Climate Modeling Ai,emerging,planned,planned,https://github.com/Worldwidebro/em-029-climate-modeling-ai,"T5_DEVOPS_AUTOMATION_001",[""operations",0,ventures-master.csv,medium,Venture #611 of 687
em-030-policy-advisor-ai,EM-030-Policy-Advisor-AI: Policy Advisor Ai - emerging venture,Venture,EM-030-Policy-Advisor-AI,Policy Advisor Ai,emerging,planned,planned,https://github.com/Worldwidebro/em-030-policy-advisor-ai,"T5_DEVOPS_AUTOMATION_001",[""operations",0,ventures-master.csv,medium,Venture #612 of 687
em-031-governance-hub-ai,EM-031-Governance-Hub-AI: Governance Hub Ai - emerging venture,Venture,EM-031-Governance-Hub-AI,Governance Hub Ai,emerging,planned,planned,https://github.com/Worldwidebro/em-031-governance-hub-ai,"T5_DEVOPS_AUTOMATION_001",[""operations",0,ventures-master.csv,medium,Venture #613 of 687
em-032-global-challenges-ai,EM-032-Global-Challenges-AI: Global Challenges Ai - emerging venture,Venture,EM-032-Global-Challenges-AI,Global Challenges Ai,emerging,planned,planned,https://github.com/Worldwidebro/em-032-global-challenges-ai,"T5_DEVOPS_AUTOMATION_001",[""operations",0,ventures-master.csv,medium,Venture #614 of 687
em-033-space-exploration-ai,EM-033-Space-Exploration-AI: Space Exploration Ai - emerging venture,Venture,EM-033-Space-Exploration-AI,Space Exploration Ai,emerging,planned,planned,https://github.com/Worldwidebro/em-033-space-exploration-ai,"T5_DEVOPS_AUTOMATION_001",[""operations",0,ventures-master.csv,medium,Venture #615 of 687
em-034-education-equity-ai,EM-034-Education-Equity-AI: Education Equity Ai - emerging venture,Venture,EM-034-Education-Equity-AI,Education Equity Ai,emerging,planned,planned,https://github.com/Worldwidebro/em-034-education-equity-ai,"T5_DEVOPS_AUTOMATION_001",[""operations",0,ventures-master.csv,medium,Venture #616 of 687
em-035-health-equity-ai,EM-035-Health-Equity-AI: Health Equity Ai - emerging venture,Venture,EM-035-Health-Equity-AI,Health Equity Ai,emerging,planned,planned,https://github.com/Worldwidebro/em-035-health-equity-ai,"T5_DEVOPS_AUTOMATION_001",[""operations",0,ventures-master.csv,medium,Venture #617 of 687
em-036-economic-equity-ai,EM-036-Economic-Equity-AI: Economic Equity Ai - emerging venture,Venture,EM-036-Economic-Equity-AI,Economic Equity Ai,emerging,planned,planned,https://github.com/Worldwidebro/em-036-economic-equity-ai,"T5_DEVOPS_AUTOMATION_001",[""operations",0,ventures-master.csv,medium,Venture #618 of 687
em-037-environmental-justice-ai,EM-037-Environmental-Justice-AI: Environmental Justice Ai - emerging venture,Venture,EM-037-Environmental-Justice-AI,Environmental Justice Ai,emerging,planned,planned,https://github.com/Worldwidebro/em-037-environmental-justice-ai,"T5_DEVOPS_AUTOMATION_001",[""operations",0,ventures-master.csv,medium,Venture #619 of 687
em-038-human-rights-ai,EM-038-Human-Rights-AI: Human Rights Ai - emerging venture,Venture,EM-038-Human-Rights-AI,Human Rights Ai,emerging,planned,planned,https://github.com/Worldwidebro/em-038-human-rights-ai,"T5_DEVOPS_AUTOMATION_001",[""operations",0,ventures-master.csv,medium,Venture #620 of 687
em-039-peacebuilding-ai,EM-039-Peacebuilding-AI: Peacebuilding Ai - emerging venture,Venture,EM-039-Peacebuilding-AI,Peacebuilding Ai,emerging,planned,planned,https://github.com/Worldwidebro/em-039-peacebuilding-ai,"T5_DEVOPS_AUTOMATION_001",[""operations",0,ventures-master.csv,medium,Venture #621 of 687
em-040-telemedicine-ai,EM-040-Telemedicine-AI: Telemedicine Ai - emerging venture,Venture,EM-040-Telemedicine-AI,Telemedicine Ai,emerging,planned,planned,https://github.com/Worldwidebro/em-040-telemedicine-ai,"T5_DEVOPS_AUTOMATION_001",[""operations",0,ventures-master.csv,medium,Venture #622 of 687
em-041-ai-climate-adaptation,EM-041-AI-Climate-Adaptation: Ai Climate Adaptation - emerging venture,Venture,EM-041-AI-Climate-Adaptation,Ai Climate Adaptation,emerging,planned,planned,https://github.com/Worldwidebro/em-041-ai-climate-adaptation,"T5_DEVOPS_AUTOMATION_001",[""operations",0,ventures-master.csv,medium,Venture #623 of 687
em-042-space-agriculture-ai,EM-042-Space-Agriculture-AI: Space Agriculture Ai - emerging venture,Venture,EM-042-Space-Agriculture-AI,Space Agriculture Ai,emerging,planned,planned,https://github.com/Worldwidebro/em-042-space-agriculture-ai,"T5_DEVOPS_AUTOMATION_001",[""operations",0,ventures-master.csv,medium,Venture #624 of 687
em-043-quantum-communication-ai,EM-043-Quantum-Communication-AI: Quantum Communication Ai - emerging venture,Venture,EM-043-Quantum-Communication-AI,Quantum Communication Ai,emerging,planned,planned,https://github.com/Worldwidebro/em-043-quantum-communication-ai,"T5_DEVOPS_AUTOMATION_001",[""operations",0,ventures-master.csv,medium,Venture #625 of 687
em-044-robotics-surgery-ai,EM-044-Robotics-Surgery-AI: Robotics Surgery Ai - emerging venture,Venture,EM-044-Robotics-Surgery-AI,Robotics Surgery Ai,emerging,planned,planned,https://github.com/Worldwidebro/em-044-robotics-surgery-ai,"T5_DEVOPS_AUTOMATION_001",[""operations",0,ventures-master.csv,medium,Venture #626 of 687
em-045-ai-disaster-response,EM-045-AI-Disaster-Response: Ai Disaster Response - emerging venture,Venture,EM-045-AI-Disaster-Response,Ai Disaster Response,emerging,planned,planned,https://github.com/Worldwidebro/em-045-ai-disaster-response,"T5_DEVOPS_AUTOMATION_001",[""operations",0,ventures-master.csv,medium,Venture #627 of 687
em-046-smart-city-governance,EM-046-Smart-City-Governance: Smart City Governance - emerging venture,Venture,EM-046-Smart-City-Governance,Smart City Governance,emerging,planned,planned,https://github.com/Worldwidebro/em-046-smart-city-governance,"T5_DEVOPS_AUTOMATION_001",[""operations",0,ventures-master.csv,medium,Venture #628 of 687
em-047-ai-environmental-monitoring,EM-047-AI-Environmental-Monitoring: Ai Environmental Monitoring - emerging venture,Venture,EM-047-AI-Environmental-Monitoring,Ai Environmental Monitoring,emerging,planned,planned,https://github.com/Worldwidebro/em-047-ai-environmental-monitoring,"T5_DEVOPS_AUTOMATION_001",[""operations",0,ventures-master.csv,medium,Venture #629 of 687
em-048-space-manufacturing-ai,EM-048-Space-Manufacturing-AI: Space Manufacturing Ai - emerging venture,Venture,EM-048-Space-Manufacturing-AI,Space Manufacturing Ai,emerging,planned,planned,https://github.com/Worldwidebro/em-048-space-manufacturing-ai,"T5_DEVOPS_AUTOMATION_001",[""operations",0,ventures-master.csv,medium,Venture #630 of 687
em-049-ai-ocean-exploration,EM-049-AI-Ocean-Exploration: Ai Ocean Exploration - emerging venture,Venture,EM-049-AI-Ocean-Exploration,Ai Ocean Exploration,emerging,planned,planned,https://github.com/Worldwidebro/em-049-ai-ocean-exploration,"T5_DEVOPS_AUTOMATION_001",[""operations",0,ventures-master.csv,medium,Venture #631 of 687
em-050-ai-archaeology,EM-050-AI-Archaeology: Ai Archaeology - emerging venture,Venture,EM-050-AI-Archaeology,Ai Archaeology,emerging,planned,planned,https://github.com/Worldwidebro/em-050-ai-archaeology,"T5_DEVOPS_AUTOMATION_001",[""operations",0,ventures-master.csv,medium,Venture #632 of 687
spec-001-ai-auction-house,SPEC-001-AI-Auction-House: Ai Auction House - specialized venture,Venture,SPEC-001-AI-Auction-House,Ai Auction House,specialized,planned,planned,https://github.com/Worldwidebro/spec-001-ai-auction-house,"T5_DEVOPS_AUTOMATION_001",[""operations",0,ventures-master.csv,medium,Venture #633 of 687
spec-002-smart-marina-management,SPEC-002-Smart-Marina-Management: Smart Marina Management - specialized venture,Venture,SPEC-002-Smart-Marina-Management,Smart Marina Management,specialized,planned,planned,https://github.com/Worldwidebro/spec-002-smart-marina-management,"T5_DEVOPS_AUTOMATION_001",[""operations",0,ventures-master.csv,medium,Venture #634 of 687
spec-003-ai-surf-report,SPEC-003-AI-Surf-Report: Ai Surf Report - specialized venture,Venture,SPEC-003-AI-Surf-Report,Ai Surf Report,specialized,planned,planned,https://github.com/Worldwidebro/spec-003-ai-surf-report,"T5_DEVOPS_AUTOMATION_001",[""operations",0,ventures-master.csv,medium,Venture #635 of 687
spec-004-private-chef-ai,SPEC-004-Private-Chef-AI: Private Chef Ai - specialized venture,Venture,SPEC-004-Private-Chef-AI,Private Chef Ai,specialized,planned,planned,https://github.com/Worldwidebro/spec-004-private-chef-ai,"T5_DEVOPS_AUTOMATION_001",[""operations",0,ventures-master.csv,medium,Venture #636 of 687
spec-005-virtual-concierge-ai,SPEC-005-Virtual-Concierge-AI: Virtual Concierge Ai - specialized venture,Venture,SPEC-005-Virtual-Concierge-AI,Virtual Concierge Ai,specialized,planned,planned,https://github.com/Worldwidebro/spec-005-virtual-concierge-ai,"T5_DEVOPS_AUTOMATION_001",[""operations",0,ventures-master.csv,medium,Venture #637 of 687
spec-006-smart-parking-ai,SPEC-006-Smart-Parking-AI: Smart Parking Ai - specialized venture,Venture,SPEC-006-Smart-Parking-AI,Smart Parking Ai,specialized,planned,planned,https://github.com/Worldwidebro/spec-006-smart-parking-ai,"T5_DEVOPS_AUTOMATION_001",[""operations",0,ventures-master.csv,medium,Venture #638 of 687
spec-007-ai-interior-design,SPEC-007-AI-Interior-Design: Ai Interior Design - specialized venture,Venture,SPEC-007-AI-Interior-Design,Ai Interior Design,specialized,planned,planned,https://github.com/Worldwidebro/spec-007-ai-interior-design,"T5_DEVOPS_AUTOMATION_001",[""operations",0,ventures-master.csv,medium,Venture #639 of 687
spec-008-personal-stylist-ai,SPEC-008-Personal-Stylist-AI: Personal Stylist Ai - specialized venture,Venture,SPEC-008-Personal-Stylist-AI,Personal Stylist Ai,specialized,planned,planned,https://github.com/Worldwidebro/spec-008-personal-stylist-ai,"T5_DEVOPS_AUTOMATION_001",[""operations",0,ventures-master.csv,medium,Venture #640 of 687
spec-009-smart-locker-system,SPEC-009-Smart-Locker-System: Smart Locker System - specialized venture,Venture,SPEC-009-Smart-Locker-System,Smart Locker System,specialized,planned,planned,https://github.com/Worldwidebro/spec-009-smart-locker-system,"T5_DEVOPS_AUTOMATION_001",[""operations",0,ventures-master.csv,medium,Venture #641 of 687
spec-010-ai-fitness-coach,SPEC-010-AI-Fitness-Coach: Ai Fitness Coach - specialized venture,Venture,SPEC-010-AI-Fitness-Coach,Ai Fitness Coach,specialized,planned,planned,https://github.com/Worldwidebro/spec-010-ai-fitness-coach,"T5_DEVOPS_AUTOMATION_001",[""operations",0,ventures-master.csv,medium,Venture #642 of 687
spec-011-smart-golf-caddie,SPEC-011-Smart-Golf-Caddie: Smart Golf Caddie - specialized venture,Venture,SPEC-011-Smart-Golf-Caddie,Smart Golf Caddie,specialized,planned,planned,https://github.com/Worldwidebro/spec-011-smart-golf-caddie,"T5_DEVOPS_AUTOMATION_001",[""operations",0,ventures-master.csv,medium,Venture #643 of 687
spec-012-ai-nutritionist,SPEC-012-AI-Nutritionist: Ai Nutritionist - specialized venture,Venture,SPEC-012-AI-Nutritionist,Ai Nutritionist,specialized,planned,planned,https://github.com/Worldwidebro/spec-012-ai-nutritionist,"T5_DEVOPS_AUTOMATION_001",[""operations",0,ventures-master.csv,medium,Venture #644 of 687
spec-013-smart-hotel-butler,SPEC-013-Smart-Hotel-Butler: Smart Hotel Butler - specialized venture,Venture,SPEC-013-Smart-Hotel-Butler,Smart Hotel Butler,specialized,planned,planned,https://github.com/Worldwidebro/spec-013-smart-hotel-butler,"T5_DEVOPS_AUTOMATION_001",[""operations",0,ventures-master.csv,medium,Venture #645 of 687
spec-014-ai-language-tutor,SPEC-014-AI-Language-Tutor: Ai Language Tutor - specialized venture,Venture,SPEC-014-AI-Language-Tutor,Ai Language Tutor,specialized,planned,planned,https://github.com/Worldwidebro/spec-014-ai-language-tutor,"T5_DEVOPS_AUTOMATION_001",[""operations",0,ventures-master.csv,medium,Venture #646 of 687
spec-015-smart-transportation-ai,SPEC-015-Smart-Transportation-AI: Smart Transportation Ai - specialized venture,Venture,SPEC-015-Smart-Transportation-AI,Smart Transportation Ai,specialized,planned,planned,https://github.com/Worldwidebro/spec-015-smart-transportation-ai,"T5_DEVOPS_AUTOMATION_001",[""operations",0,ventures-master.csv,medium,Venture #647 of 687
spec-016-ai-travel-planner,SPEC-016-AI-Travel-Planner: Ai Travel Planner - specialized venture,Venture,SPEC-016-AI-Travel-Planner,Ai Travel Planner,specialized,planned,planned,https://github.com/Worldwidebro/spec-016-ai-travel-planner,"T5_DEVOPS_AUTOMATION_001",[""operations",0,ventures-master.csv,medium,Venture #648 of 687
spec-017-smart-agriculture-ai,SPEC-017-Smart-Agriculture-AI: Smart Agriculture Ai - specialized venture,Venture,SPEC-017-Smart-Agriculture-AI,Smart Agriculture Ai,specialized,planned,planned,https://github.com/Worldwidebro/spec-017-smart-agriculture-ai,"T5_DEVOPS_AUTOMATION_001",[""operations",0,ventures-master.csv,medium,Venture #649 of 687
spec-018-ai-personal-shopper,SPEC-018-AI-Personal-Shopper: Ai Personal Shopper - specialized venture,Venture,SPEC-018-AI-Personal-Shopper,Ai Personal Shopper,specialized,planned,planned,https://github.com/Worldwidebro/spec-018-ai-personal-shopper,"T5_DEVOPS_AUTOMATION_001",[""operations",0,ventures-master.csv,medium,Venture #650 of 687
spec-019-smart-home-security,SPEC-019-Smart-Home-Security: Smart Home Security - specialized venture,Venture,SPEC-019-Smart-Home-Security,Smart Home Security,specialized,planned,planned,https://github.com/Worldwidebro/spec-019-smart-home-security,"T5_DEVOPS_AUTOMATION_001",[""operations",0,ventures-master.csv,medium,Venture #651 of 687
spec-020-ai-music-producer,SPEC-020-AI-Music-Producer: Ai Music Producer - specialized venture,Venture,SPEC-020-AI-Music-Producer,Ai Music Producer,specialized,planned,planned,https://github.com/Worldwidebro/spec-020-ai-music-producer,"T5_DEVOPS_AUTOMATION_001",[""operations",0,ventures-master.csv,medium,Venture #652 of 687
spec-021-smart-restaurant-ai,SPEC-021-Smart-Restaurant-AI: Smart Restaurant Ai - specialized venture,Venture,SPEC-021-Smart-Restaurant-AI,Smart Restaurant Ai,specialized,planned,planned,https://github.com/Worldwidebro/spec-021-smart-restaurant-ai,"T5_DEVOPS_AUTOMATION_001",[""operations",0,ventures-master.csv,medium,Venture #653 of 687
spec-022-ai-movie-critic,SPEC-022-AI-Movie-Critic: Ai Movie Critic - specialized venture,Venture,SPEC-022-AI-Movie-Critic,Ai Movie Critic,specialized,planned,planned,https://github.com/Worldwidebro/spec-022-ai-movie-critic,"T5_DEVOPS_AUTOMATION_001",[""operations",0,ventures-master.csv,medium,Venture #654 of 687
spec-023-smart-museum-guide,SPEC-023-Smart-Museum-Guide: Smart Museum Guide - specialized venture,Venture,SPEC-023-Smart-Museum-Guide,Smart Museum Guide,specialized,planned,planned,https://github.com/Worldwidebro/spec-023-smart-museum-guide,"T5_DEVOPS_AUTOMATION_001",[""operations",0,ventures-master.csv,medium,Venture #655 of 687
spec-024-ai-sports-analyst,SPEC-024-AI-Sports-Analyst: Ai Sports Analyst - specialized venture,Venture,SPEC-024-AI-Sports-Analyst,Ai Sports Analyst,specialized,planned,planned,https://github.com/Worldwidebro/spec-024-ai-sports-analyst,"T5_DEVOPS_AUTOMATION_001",[""operations",0,ventures-master.csv,medium,Venture #656 of 687
spec-025-smart-library-ai,SPEC-025-Smart-Library-AI: Smart Library Ai - specialized venture,Venture,SPEC-025-Smart-Library-AI,Smart Library Ai,specialized,planned,planned,https://github.com/Worldwidebro/spec-025-smart-library-ai,"T5_DEVOPS_AUTOMATION_001",[""operations",0,ventures-master.csv,medium,Venture #657 of 687
spec-026-ai-art-curator,SPEC-026-AI-Art-Curator: Ai Art Curator - specialized venture,Venture,SPEC-026-AI-Art-Curator,Ai Art Curator,specialized,planned,planned,https://github.com/Worldwidebro/spec-026-ai-art-curator,"T5_DEVOPS_AUTOMATION_001",[""operations",0,ventures-master.csv,medium,Venture #658 of 687
spec-027-smart-fitness-ai,SPEC-027-Smart-Fitness-AI: Smart Fitness Ai - specialized venture,Venture,SPEC-027-Smart-Fitness-AI,Smart Fitness Ai,specialized,planned,planned,https://github.com/Worldwidebro/spec-027-smart-fitness-ai,"T5_DEVOPS_AUTOMATION_001",[""operations",0,ventures-master.csv,medium,Venture #659 of 687
spec-028-ai-poetry-generator,SPEC-028-AI-Poetry-Generator: Ai Poetry Generator - specialized venture,Venture,SPEC-028-AI-Poetry-Generator,Ai Poetry Generator,specialized,planned,planned,https://github.com/Worldwidebro/spec-028-ai-poetry-generator,"T5_DEVOPS_AUTOMATION_001",[""operations",0,ventures-master.csv,medium,Venture #660 of 687
spec-029-smart-dating-ai,SPEC-029-Smart-Dating-AI: Smart Dating Ai - specialized venture,Venture,SPEC-029-Smart-Dating-AI,Smart Dating Ai,specialized,planned,planned,https://github.com/Worldwidebro/spec-029-smart-dating-ai,"T5_DEVOPS_AUTOMATION_001",[""operations",0,ventures-master.csv,medium,Venture #661 of 687
spec-030-ai-journalism-tool,SPEC-030-AI-Journalism-Tool: Ai Journalism Tool - specialized venture,Venture,SPEC-030-AI-Journalism-Tool,Ai Journalism Tool,specialized,planned,planned,https://github.com/Worldwidebro/spec-030-ai-journalism-tool,"T5_DEVOPS_AUTOMATION_001",[""operations",0,ventures-master.csv,medium,Venture #662 of 687
spec-031-smart-legal-ai,SPEC-031-Smart-Legal-AI: Smart Legal Ai - specialized venture,Venture,SPEC-031-Smart-Legal-AI,Smart Legal Ai,specialized,planned,planned,https://github.com/Worldwidebro/spec-031-smart-legal-ai,"T5_DEVOPS_AUTOMATION_001",[""operations",0,ventures-master.csv,medium,Venture #663 of 687
spec-032-ai-game-designer,SPEC-032-AI-Game-Designer: Ai Game Designer - specialized venture,Venture,SPEC-032-AI-Game-Designer,Ai Game Designer,specialized,growth,active,https://github.com/Worldwidebro/spec-032-ai-game-designer,"T5_DEVOPS_AUTOMATION_001",[""operations",0,ventures-master.csv,medium,Venture #664 of 687
spec-033-smart-real-estate-ai,SPEC-033-Smart-Real-Estate-AI: Smart Real Estate Ai - specialized venture,Venture,SPEC-033-Smart-Real-Estate-AI,Smart Real Estate Ai,specialized,planned,planned,https://github.com/Worldwidebro/spec-033-smart-real-estate-ai,"T5_DEVOPS_AUTOMATION_001",[""operations",0,ventures-master.csv,medium,Venture #665 of 687
spec-034-ai-cooking-assistant,SPEC-034-AI-Cooking-Assistant: Ai Cooking Assistant - specialized venture,Venture,SPEC-034-AI-Cooking-Assistant,Ai Cooking Assistant,specialized,planned,planned,https://github.com/Worldwidebro/spec-034-ai-cooking-assistant,"T5_DEVOPS_AUTOMATION_001",[""operations",0,ventures-master.csv,medium,Venture #666 of 687
spec-035-smart-health-ai,SPEC-035-Smart-Health-AI: Smart Health Ai - specialized venture,Venture,SPEC-035-Smart-Health-AI,Smart Health Ai,specialized,planned,planned,https://github.com/Worldwidebro/spec-035-smart-health-ai,"T5_DEVOPS_AUTOMATION_001",[""operations",0,ventures-master.csv,medium,Venture #667 of 687
spec-036-ai-photography-tool,SPEC-036-AI-Photography-Tool: Ai Photography Tool - specialized venture,Venture,SPEC-036-AI-Photography-Tool,Ai Photography Tool,specialized,planned,planned,https://github.com/Worldwidebro/spec-036-ai-photography-tool,"T5_DEVOPS_AUTOMATION_001",[""operations",0,ventures-master.csv,medium,Venture #668 of 687
spec-037-smart-writing-ai,SPEC-037-Smart-Writing-AI: Smart Writing Ai - specialized venture,Venture,SPEC-037-Smart-Writing-AI,Smart Writing Ai,specialized,planned,planned,https://github.com/Worldwidebro/spec-037-smart-writing-ai,"T5_DEVOPS_AUTOMATION_001",[""operations",0,ventures-master.csv,medium,Venture #669 of 687
spec-038-ai-comedy-writer,SPEC-038-AI-Comedy-Writer: Ai Comedy Writer - specialized venture,Venture,SPEC-038-AI-Comedy-Writer,Ai Comedy Writer,specialized,planned,planned,https://github.com/Worldwidebro/spec-038-ai-comedy-writer,"T5_DEVOPS_AUTOMATION_001",[""operations",0,ventures-master.csv,medium,Venture #670 of 687
spec-039-smart-meditation-ai,SPEC-039-Smart-Meditation-AI: Smart Meditation Ai - specialized venture,Venture,SPEC-039-Smart-Meditation-AI,Smart Meditation Ai,specialized,planned,planned,https://github.com/Worldwidebro/spec-039-smart-meditation-ai,"T5_DEVOPS_AUTOMATION_001",[""operations",0,ventures-master.csv,medium,Venture #671 of 687
spec-040-ai-debate-coach,SPEC-040-AI-Debate-Coach: Ai Debate Coach - specialized venture,Venture,SPEC-040-AI-Debate-Coach,Ai Debate Coach,specialized,planned,planned,https://github.com/Worldwidebro/spec-040-ai-debate-coach,"T5_DEVOPS_AUTOMATION_001",[""operations",0,ventures-master.csv,medium,Venture #672 of 687
spec-041-smart-parenting-ai,SPEC-041-Smart-Parenting-AI: Smart Parenting Ai - specialized venture,Venture,SPEC-041-Smart-Parenting-AI,Smart Parenting Ai,specialized,planned,planned,https://github.com/Worldwidebro/spec-041-smart-parenting-ai,"T5_DEVOPS_AUTOMATION_001",[""operations",0,ventures-master.csv,medium,Venture #673 of 687
spec-042-ai-financial-advisor,SPEC-042-AI-Financial-Advisor: Ai Financial Advisor - specialized venture,Venture,SPEC-042-AI-Financial-Advisor,Ai Financial Advisor,specialized,planned,planned,https://github.com/Worldwidebro/spec-042-ai-financial-advisor,"T5_DEVOPS_AUTOMATION_001",[""operations",0,ventures-master.csv,medium,Venture #674 of 687
spec-043-smart-automotive-ai,SPEC-043-Smart-Automotive-AI: Smart Automotive Ai - specialized venture,Venture,SPEC-043-Smart-Automotive-AI,Smart Automotive Ai,specialized,planned,planned,https://github.com/Worldwidebro/spec-043-smart-automotive-ai,"T5_DEVOPS_AUTOMATION_001",[""operations",0,ventures-master.csv,medium,Venture #675 of 687
spec-044-ai-aviation-planner,SPEC-044-AI-Aviation-Planner: Ai Aviation Planner - specialized venture,Venture,SPEC-044-AI-Aviation-Planner,Ai Aviation Planner,specialized,planned,planned,https://github.com/Worldwidebro/spec-044-ai-aviation-planner,"T5_DEVOPS_AUTOMATION_001",[""operations",0,ventures-master.csv,medium,Venture #676 of 687
spec-045-smart-maritime-ai,SPEC-045-Smart-Maritime-AI: Smart Maritime Ai - specialized venture,Venture,SPEC-045-Smart-Maritime-AI,Smart Maritime Ai,specialized,planned,planned,https://github.com/Worldwidebro/spec-045-smart-maritime-ai,"T5_DEVOPS_AUTOMATION_001",[""operations",0,ventures-master.csv,medium,Venture #677 of 687
spec-046-ai-weather-forecast,SPEC-046-AI-Weather-Forecast: Ai Weather Forecast - specialized venture,Venture,SPEC-046-AI-Weather-Forecast,Ai Weather Forecast,specialized,planned,planned,https://github.com/Worldwidebro/spec-046-ai-weather-forecast,"T5_DEVOPS_AUTOMATION_001",[""operations",0,ventures-master.csv,medium,Venture #678 of 687
spec-047-smart-energy-ai,SPEC-047-Smart-Energy-AI: Smart Energy Ai - specialized venture,Venture,SPEC-047-Smart-Energy-AI,Smart Energy Ai,specialized,planned,planned,https://github.com/Worldwidebro/spec-047-smart-energy-ai,"T5_DEVOPS_AUTOMATION_001",[""operations",0,ventures-master.csv,medium,Venture #679 of 687
spec-048-ai-sports-coach,SPEC-048-AI-Sports-Coach: Ai Sports Coach - specialized venture,Venture,SPEC-048-AI-Sports-Coach,Ai Sports Coach,specialized,planned,planned,https://github.com/Worldwidebro/spec-048-ai-sports-coach,"T5_DEVOPS_AUTOMATION_001",[""operations",0,ventures-master.csv,medium,Venture #680 of 687
spec-049-smart-education-ai,SPEC-049-Smart-Education-AI: Smart Education Ai - specialized venture,Venture,SPEC-049-Smart-Education-AI,Smart Education Ai,specialized,planned,planned,https://github.com/Worldwidebro/spec-049-smart-education-ai,"T5_DEVOPS_AUTOMATION_001",[""operations",0,ventures-master.csv,medium,Venture #681 of 687
spec-050-ai-language-translator,SPEC-050-AI-Language-Translator: Ai Language Translator - specialized venture,Venture,SPEC-050-AI-Language-Translator,Ai Language Translator,specialized,planned,planned,https://github.com/Worldwidebro/spec-050-ai-language-translator,"T5_DEVOPS_AUTOMATION_001",[""operations",0,ventures-master.csv,medium,Venture #682 of 687
dist,FI-dist: Dist - financial venture,Venture,FI-dist,Dist,financial,planned,planned,https://github.com/Worldwidebro/dist,"T2_FINANCIAL_SPECIALIST_001","T4_OPS_COORDINATOR_001""],0,ventures-master.csv,medium,Venture #683 of 687
node_modules,FI-node_modules: Node_Modules - financial venture,Venture,FI-node_modules,Node_Modules,financial,planned,planned,https://github.com/Worldwidebro/node_modules,"T2_FINANCIAL_SPECIALIST_001","T4_OPS_COORDINATOR_001""],0,ventures-master.csv,medium,Venture #684 of 687
public,FI-public: Public - financial venture,Venture,FI-public,Public,financial,planned,planned,https://github.com/Worldwidebro/public,"T2_FINANCIAL_SPECIALIST_001","T4_OPS_COORDINATOR_001""],0,ventures-master.csv,medium,Venture #685 of 687
src,FI-src: Src - financial venture,Venture,FI-src,Src,financial,planned,planned,https://github.com/Worldwidebro/src,"T2_FINANCIAL_SPECIALIST_001","T4_OPS_COORDINATOR_001""],0,ventures-master.csv,medium,Venture #686 of 687
supabase,FI-supabase: Supabase - financial venture,Venture,FI-supabase,Supabase,financial,planned,planned,https://github.com/Worldwidebro/supabase,"T2_FINANCIAL_SPECIALIST_001","T4_OPS_COORDINATOR_001""],0,ventures-master.csv,medium,Venture #687 of 687
con-001-ace-construction,CON-001: Ace Construction - Construction services venture,Venture,,,construction,,,https://github.com/Worldwidebro/con-001-ace-construction,,,,UNCLASSIFIED-REPOS-FOR-CATEGORIZATION-V2.csv,high,Unclassified repo #1 of 299
con-002-residential-construction,,Venture,,,construction,,,https://github.com/Worldwidebro/con-002-residential-construction,,,,UNCLASSIFIED-REPOS-FOR-CATEGORIZATION-V2.csv,high,Unclassified repo #2 of 299
con-003-commercial-construction,,Venture,,,construction,,,https://github.com/Worldwidebro/con-003-commercial-construction,,,,UNCLASSIFIED-REPOS-FOR-CATEGORIZATION-V2.csv,high,Unclassified repo #3 of 299
con-004-industrial-construction,,Venture,,,construction,,,https://github.com/Worldwidebro/con-004-industrial-construction,,,,UNCLASSIFIED-REPOS-FOR-CATEGORIZATION-V2.csv,high,Unclassified repo #4 of 299
con-005-construction-equipment-rental,,Venture,,,construction,,,https://github.com/Worldwidebro/con-005-construction-equipment-rental,,,,UNCLASSIFIED-REPOS-FOR-CATEGORIZATION-V2.csv,high,Unclassified repo #5 of 299
con-006-construction-project-management,,Venture,,,construction,,,https://github.com/Worldwidebro/con-006-construction-project-management,,,,UNCLASSIFIED-REPOS-FOR-CATEGORIZATION-V2.csv,high,Unclassified repo #6 of 299
con-007-green-building-services,,Venture,,,construction,,,https://github.com/Worldwidebro/con-007-green-building-services,,,,UNCLASSIFIED-REPOS-FOR-CATEGORIZATION-V2.csv,high,Unclassified repo #7 of 299
con-008-home-renovation-services,,Venture,,,construction,,,https://github.com/Worldwidebro/con-008-home-renovation-services,,,,UNCLASSIFIED-REPOS-FOR-CATEGORIZATION-V2.csv,high,Unclassified repo #8 of 299
con-009-roofing-company,,Venture,,,construction,,,https://github.com/Worldwidebro/con-009-roofing-company,,,,UNCLASSIFIED-REPOS-FOR-CATEGORIZATION-V2.csv,high,Unclassified repo #9 of 299
con-010-plumbing-services,,Venture,,,construction,,,https://github.com/Worldwidebro/con-010-plumbing-services,,,,UNCLASSIFIED-REPOS-FOR-CATEGORIZATION-V2.csv,high,Unclassified repo #10 of 299
con-011-electrical-services,,Venture,,,construction,,,https://github.com/Worldwidebro/con-011-electrical-services,,,,UNCLASSIFIED-REPOS-FOR-CATEGORIZATION-V2.csv,high,Unclassified repo #11 of 299
con-012-hvac-services,,Venture,,,construction,,,https://github.com/Worldwidebro/con-012-hvac-services,,,,UNCLASSIFIED-REPOS-FOR-CATEGORIZATION-V2.csv,high,Unclassified repo #12 of 299
con-013-painting-services,,Venture,,,construction,,,https://github.com/Worldwidebro/con-013-painting-services,,,,UNCLASSIFIED-REPOS-FOR-CATEGORIZATION-V2.csv,high,Unclassified repo #13 of 299
con-014-flooring-services,,Venture,,,construction,,,https://github.com/Worldwidebro/con-014-flooring-services,,,,UNCLASSIFIED-REPOS-FOR-CATEGORIZATION-V2.csv,high,Unclassified repo #14 of 299
con-015-landscaping-services,,Venture,,,construction,,,https://github.com/Worldwidebro/con-015-landscaping-services,,,,UNCLASSIFIED-REPOS-FOR-CATEGORIZATION-V2.csv,high,Unclassified repo #15 of 299
con-016-demolition-services,,Venture,,,construction,,,https://github.com/Worldwidebro/con-016-demolition-services,,,,UNCLASSIFIED-REPOS-FOR-CATEGORIZATION-V2.csv,high,Unclassified repo #16 of 299
con-017-concrete-services,,Venture,,,construction,,,https://github.com/Worldwidebro/con-017-concrete-services,,,,UNCLASSIFIED-REPOS-FOR-CATEGORIZATION-V2.csv,high,Unclassified repo #17 of 299
con-018-carpentry-services,,Venture,,,construction,,,https://github.com/Worldwidebro/con-018-carpentry-services,,,,UNCLASSIFIED-REPOS-FOR-CATEGORIZATION-V2.csv,high,Unclassified repo #18 of 299
con-019-window-installation,,Venture,,,construction,,,https://github.com/Worldwidebro/con-019-window-installation,,,,UNCLASSIFIED-REPOS-FOR-CATEGORIZATION-V2.csv,high,Unclassified repo #19 of 299
con-020-insulation-services,,Venture,,,construction,,,https://github.com/Worldwidebro/con-020-insulation-services,,,,UNCLASSIFIED-REPOS-FOR-CATEGORIZATION-V2.csv,high,Unclassified repo #20 of 299
re-001-property-holdings,"Civilization OS: Real estate + equipment leasing for 749 ventures (SBA 504 loans, property mgmt)",Gear,,,real-estate,,,https://github.com/Worldwidebro/re-001-property-holdings,,,,UNCLASSIFIED-REPOS-FOR-CATEGORIZATION-V2.csv,medium,Unclassified repo #21 of 299
real-estate-empire,Real estate operations platform for billionaire consciousness empire,Gear,,,real-estate,,,https://github.com/Worldwidebro/real-estate-empire,,,,UNCLASSIFIED-REPOS-FOR-CATEGORIZATION-V2.csv,medium,Unclassified repo #22 of 299
ai-001-ai-command-center,OpenClaw orchestration dashboard with AI agent management - Part of Civilization OS venture ecosystem,Infrastructure,,,,,,https://github.com/Worldwidebro/ai-001-ai-command-center,,,,UNCLASSIFIED-REPOS-FOR-CATEGORIZATION-V2.csv,medium,Unclassified repo #23 of 299
ai-002-api,Backend API for the CogniFlow web application.,Infrastructure,,,,,,https://github.com/Worldwidebro/ai-002-api,,,,UNCLASSIFIED-REPOS-FOR-CATEGORIZATION-V2.csv,medium,Unclassified repo #24 of 299
ai-002-ml-engine,Machine learning models and training pipelines for CogniFlow.,Infrastructure,,,,,,https://github.com/Worldwidebro/ai-002-ml-engine,,,,UNCLASSIFIED-REPOS-FOR-CATEGORIZATION-V2.csv,medium,Unclassified repo #25 of 299
ai-002-web-app,Frontend application for CogniFlow's workflow management.,Infrastructure,,,,,,https://github.com/Worldwidebro/ai-002-web-app,,,,UNCLASSIFIED-REPOS-FOR-CATEGORIZATION-V2.csv,medium,Unclassified repo #26 of 299
ai-boss-holdings-v4,AI Boss Holdings platform v4,Infrastructure,,,,,,https://github.com/Worldwidebro/ai-boss-holdings-v4,,,,UNCLASSIFIED-REPOS-FOR-CATEGORIZATION-V2.csv,medium,Unclassified repo #27 of 299
ai-business-commander,AI-powered business management command center,Infrastructure,,,,,,https://github.com/Worldwidebro/ai-business-commander,,,,UNCLASSIFIED-REPOS-FOR-CATEGORIZATION-V2.csv,medium,Unclassified repo #28 of 299
ai-venture-studio-template,Template for creating AI-powered venture studios,Infrastructure,,,,,,https://github.com/Worldwidebro/ai-venture-studio-template,,,,UNCLASSIFIED-REPOS-FOR-CATEGORIZATION-V2.csv,medium,Unclassified repo #29 of 299
Resume,Personal resume,Gear,,,,,,https://github.com/Worldwidebro/Resume,,,,UNCLASSIFIED-REPOS-FOR-CATEGORIZATION-V2.csv,medium,Unclassified repo #30 of 299
Worldwidebro,Antwuan Johns — @Worldwidebro profile,Gear,,,,,,https://github.com/Worldwidebro/Worldwidebro,,,,UNCLASSIFIED-REPOS-FOR-CATEGORIZATION-V2.csv,medium,Unclassified repo #31 of 299
_master-governance,"Civilization OS — Chairman's Handbook, master CLAUDE.md, agent architecture, shared governance for all 835 repos",Gear,,,,,,https://github.com/Worldwidebro/_master-governance,,,,UNCLASSIFIED-REPOS-FOR-CATEGORIZATION-V2.csv,medium,Unclassified repo #32 of 299
ace-community-impact-templates,"Community Impact Business Templates (#273-312) - Social enterprises, nonprofits, and community-driven business models with impact measurement",Gear,,,,,,https://github.com/Worldwidebro/ace-community-impact-templates,,,,UNCLASSIFIED-REPOS-FOR-CATEGORIZATION-V2.csv,medium,Unclassified repo #33 of 299
ace-ecommerce-templates,"E-commerce Business Templates (#133-192) - Complete dropshipping, DTC, and online retail business templates with AI automation",Gear,,,,,,https://github.com/Worldwidebro/ace-ecommerce-templates,,,,UNCLASSIFIED-REPOS-FOR-CATEGORIZATION-V2.csv,medium,Unclassified repo #34 of 299
acquisition-vehicle-automation,M&A operations automation for billionaire consciousness empire,Gear,,,,,,https://github.com/Worldwidebro/acquisition-vehicle-automation,,,,UNCLASSIFIED-REPOS-FOR-CATEGORIZATION-V2.csv,medium,Unclassified repo #35 of 299
arbitrage-nexus,Arbitrage opportunity detection and execution platform,Gear,,,,,,https://github.com/Worldwidebro/arbitrage-nexus,,,,UNCLASSIFIED-REPOS-FOR-CATEGORIZATION-V2.csv,medium,Unclassified repo #36 of 299
avs-omni,IZA OS: avs-omni,Gear,,,,,,https://github.com/Worldwidebro/avs-omni,,,,UNCLASSIFIED-REPOS-FOR-CATEGORIZATION-V2.csv,medium,Unclassified repo #37 of 299
babystepsmatrix1,Archive: Old project (candidate for deletion),Gear,,,,,,https://github.com/Worldwidebro/babystepsmatrix1,,,,UNCLASSIFIED-REPOS-FOR-CATEGORIZATION-V2.csv,medium,Unclassified repo #38 of 299
billionaire-brain-assistant,AI-powered business intelligence for billionaire consciousness empire,Gear,,,,,,https://github.com/Worldwidebro/billionaire-brain-assistant,,,,UNCLASSIFIED-REPOS-FOR-CATEGORIZATION-V2.csv,medium,Unclassified repo #39 of 299
billionaire-consciousness-empire,Main business entity for billionaire consciousness empire operations,Gear,,,,,,https://github.com/Worldwidebro/billionaire-consciousness-empire,,,,UNCLASSIFIED-REPOS-FOR-CATEGORIZATION-V2.csv,medium,Unclassified repo #40 of 299
billionaire-workflow-automation,Workflow automation for billionaire consciousness empire,Gear,,,,,,https://github.com/Worldwidebro/billionaire-workflow-automation,,,,UNCLASSIFIED-REPOS-FOR-CATEGORIZATION-V2.csv,medium,Unclassified repo #41 of 299
business-template-marketplace,"🏪 Complete Business Template Marketplace - 487 AI-powered business templates with automated generation, payment processing, and digital delivery system",Gear,,,,,,https://github.com/Worldwidebro/business-template-marketplace,,,,UNCLASSIFIED-REPOS-FOR-CATEGORIZATION-V2.csv,medium,Unclassified repo #42 of 299
capital-orchestrator,Capital allocation and orchestration platform,Gear,,,,,,https://github.com/Worldwidebro/capital-orchestrator,,,,UNCLASSIFIED-REPOS-FOR-CATEGORIZATION-V2.csv,medium,Unclassified repo #43 of 299
civilization-os,"🌍 Civilization OS - Master orchestrator for the entire IZA-OS ecosystem, managing 101 genius folders, 553 AI agents, 100+ MCP servers, and 238 repositories",Gear,,,,,,https://github.com/Worldwidebro/civilization-os,,,,UNCLASSIFIED-REPOS-FOR-CATEGORIZATION-V2.csv,medium,Unclassified repo #44 of 299
civilization-os-infra,"Civilization OS infrastructure — scripts, configs, Docker stack, AOC, DeerFlow skills, agent workflows for 687 ventures",Gear,,,,,,https://github.com/Worldwidebro/civilization-os-infra,,,,UNCLASSIFIED-REPOS-FOR-CATEGORIZATION-V2.csv,medium,Unclassified repo #45 of 299
civilization-website,"Full-stack website built with React, Vite, and Supabase - Part of Civilization OS integration",Gear,,,,,,https://github.com/Worldwidebro/civilization-website,,,,UNCLASSIFIED-REPOS-FOR-CATEGORIZATION-V2.csv,medium,Unclassified repo #46 of 299
claude-workflow-demo,Demo of Claude PR review automation with GitHub Actions,Gear,,,,,,https://github.com/Worldwidebro/claude-workflow-demo,,,,UNCLASSIFIED-REPOS-FOR-CATEGORIZATION-V2.csv,medium,Unclassified repo #47 of 299
clients,"Client management, agreements, onboarding systems, and lead generation",Gear,,,,,,https://github.com/Worldwidebro/clients,,,,UNCLASSIFIED-REPOS-FOR-CATEGORIZATION-V2.csv,medium,Unclassified repo #48 of 299
data-management,Unified data schemas and management systems,Gear,,,,,,https://github.com/Worldwidebro/data-management,,,,UNCLASSIFIED-REPOS-FOR-CATEGORIZATION-V2.csv,medium,Unclassified repo #49 of 299
deployment-orchestrator,Complete Docker & deployment automation system,Gear,,,,,,https://github.com/Worldwidebro/deployment-orchestrator,,,,UNCLASSIFIED-REPOS-FOR-CATEGORIZATION-V2.csv,medium,Unclassified repo #50 of 299
divine-johns-portfolio,Personal portfolio website,Gear,,,,,,https://github.com/Worldwidebro/divine-johns-portfolio,,,,UNCLASSIFIED-REPOS-FOR-CATEGORIZATION-V2.csv,medium,Unclassified repo #51 of 299
enhanced-cursor-rules,"Enhanced Cursor Rules for AI Development: 47+ comprehensive rule files for Cursor, Windsurf, Claude Code. Business logic, AI orchestration, security standards, revenue optimization.",Gear,,,,,,https://github.com/Worldwidebro/enhanced-cursor-rules,,,,UNCLASSIFIED-REPOS-FOR-CATEGORIZATION-V2.csv,medium,Unclassified repo #52 of 299
fund-001-civilization-credit-fund,"Civilization OS: Internal lending + grant writing for 749 ventures (loans, SBIR/STTR grants, equipment financing)",Gear,,,,,,https://github.com/Worldwidebro/fund-001-civilization-credit-fund,,,,UNCLASSIFIED-REPOS-FOR-CATEGORIZATION-V2.csv,medium,Unclassified repo #53 of 299
genixbank-financial-system,Comprehensive financial operations & banking platform,Gear,,,,,,https://github.com/Worldwidebro/genixbank-financial-system,,,,UNCLASSIFIED-REPOS-FOR-CATEGORIZATION-V2.csv,medium,Unclassified repo #54 of 299
genixbank-insight-compass,GenixBank financial insights and analytics platform,Gear,,,,,,https://github.com/Worldwidebro/genixbank-insight-compass,,,,UNCLASSIFIED-REPOS-FOR-CATEGORIZATION-V2.csv,medium,Unclassified repo #55 of 299
global-operations-automation,International operations automation for billionaire consciousness empire,Gear,,,,,,https://github.com/Worldwidebro/global-operations-automation,,,,UNCLASSIFIED-REPOS-FOR-CATEGORIZATION-V2.csv,medium,Unclassified repo #56 of 299
innovation-hub-platform,Innovation and R&D platform for billionaire consciousness empire,Gear,,,,,,https://github.com/Worldwidebro/innovation-hub-platform,,,,UNCLASSIFIED-REPOS-FOR-CATEGORIZATION-V2.csv,medium,Unclassified repo #57 of 299
ins-001-venture-insurance,"Civilization OS: Insurance broker for 749 ventures (liability, property, workers comp, cyber)",Gear,,,,,,https://github.com/Worldwidebro/ins-001-venture-insurance,,,,UNCLASSIFIED-REPOS-FOR-CATEGORIZATION-V2.csv,medium,Unclassified repo #58 of 299
intellectual-property-management,IP management system for billionaire consciousness empire,Gear,,,,,,https://github.com/Worldwidebro/intellectual-property-management,,,,UNCLASSIFIED-REPOS-FOR-CATEGORIZATION-V2.csv,medium,Unclassified repo #59 of 299
investment-fund-management,Investment management system for billionaire consciousness empire,Gear,,,,,,https://github.com/Worldwidebro/investment-fund-management,,,,UNCLASSIFIED-REPOS-FOR-CATEGORIZATION-V2.csv,medium,Unclassified repo #60 of 299
iza-os-agents,"Modular agents (finance, marketing, QA, etc.)",Gear,,,,,,https://github.com/Worldwidebro/iza-os-agents,,,,UNCLASSIFIED-REPOS-FOR-CATEGORIZATION-V2.csv,medium,Unclassified repo #61 of 299
iza-os-ai-consciousness-platform,Consciousness AI platform for billionaire consciousness empire,Gear,,,,,,https://github.com/Worldwidebro/iza-os-ai-consciousness-platform,,,,UNCLASSIFIED-REPOS-FOR-CATEGORIZATION-V2.csv,medium,Unclassified repo #62 of 299
iza-os-ai-core-platform,Core AI systems platform for billionaire consciousness empire,Gear,,,,,,https://github.com/Worldwidebro/iza-os-ai-core-platform,,,,UNCLASSIFIED-REPOS-FOR-CATEGORIZATION-V2.csv,medium,Unclassified repo #63 of 299
iza-os-ai-nlp-platform,Natural language processing platform for billionaire consciousness empire,Gear,,,,,,https://github.com/Worldwidebro/iza-os-ai-nlp-platform,,,,UNCLASSIFIED-REPOS-FOR-CATEGORIZATION-V2.csv,medium,Unclassified repo #64 of 299
iza-os-ai-optimization-platform,Optimization algorithms platform for billionaire consciousness empire,Gear,,,,,,https://github.com/Worldwidebro/iza-os-ai-optimization-platform,,,,UNCLASSIFIED-REPOS-FOR-CATEGORIZATION-V2.csv,medium,Unclassified repo #65 of 299
iza-os-ai-orchestration,🎪 AI Orchestration - Multi-AI coordination,Gear,,,,,,https://github.com/Worldwidebro/iza-os-ai-orchestration,,,,UNCLASSIFIED-REPOS-FOR-CATEGORIZATION-V2.csv,medium,Unclassified repo #66 of 299
iza-os-ai-prediction-platform,Predictive analytics platform for billionaire consciousness empire,Gear,,,,,,https://github.com/Worldwidebro/iza-os-ai-prediction-platform,,,,UNCLASSIFIED-REPOS-FOR-CATEGORIZATION-V2.csv,medium,Unclassified repo #67 of 299
iza-os-ai-vision-platform,Computer vision platform for billionaire consciousness empire,Gear,,,,,,https://github.com/Worldwidebro/iza-os-ai-vision-platform,,,,UNCLASSIFIED-REPOS-FOR-CATEGORIZATION-V2.csv,medium,Unclassified repo #68 of 299
iza-os-analytics,IZA OS: Analytics and reporting engine,Gear,,,,,,https://github.com/Worldwidebro/iza-os-analytics,,,,UNCLASSIFIED-REPOS-FOR-CATEGORIZATION-V2.csv,medium,Unclassified repo #69 of 299
iza-os-api-gateway-bot,🌐 API Gateway Bot - API management and routing automation,Gear,,,,,,https://github.com/Worldwidebro/iza-os-api-gateway-bot,,,,UNCLASSIFIED-REPOS-FOR-CATEGORIZATION-V2.csv,medium,Unclassified repo #70 of 299
iza-os-automation,⚙️ IZA OS Automation - Workflow automation and orchestration,Gear,,,,,,https://github.com/Worldwidebro/iza-os-automation,,,,UNCLASSIFIED-REPOS-FOR-CATEGORIZATION-V2.csv,medium,Unclassified repo #71 of 299
iza-os-automation-integration,Automation integration platform for billionaire consciousness empire,Gear,,,,,,https://github.com/Worldwidebro/iza-os-automation-integration,,,,UNCLASSIFIED-REPOS-FOR-CATEGORIZATION-V2.csv,medium,Unclassified repo #72 of 299
iza-os-blockchain-core,Blockchain core platform for billionaire consciousness empire,Gear,,,,,,https://github.com/Worldwidebro/iza-os-blockchain-core,,,,UNCLASSIFIED-REPOS-FOR-CATEGORIZATION-V2.csv,medium,Unclassified repo #73 of 299
iza-os-business,IZA OS: Business logic core module,Gear,,,,,,https://github.com/Worldwidebro/iza-os-business,,,,UNCLASSIFIED-REPOS-FOR-CATEGORIZATION-V2.csv,medium,Unclassified repo #74 of 299
iza-os-cli,IZA OS: iza-os-cli,Gear,,,,,,https://github.com/Worldwidebro/iza-os-cli,,,,UNCLASSIFIED-REPOS-FOR-CATEGORIZATION-V2.csv,medium,Unclassified repo #75 of 299
iza-os-computer-vision,👁️ Computer Vision - Image and video analysis,Gear,,,,,,https://github.com/Worldwidebro/iza-os-computer-vision,,,,UNCLASSIFIED-REPOS-FOR-CATEGORIZATION-V2.csv,medium,Unclassified repo #76 of 299
iza-os-core,"🧠 IZA OS - Intelligent Zero-Administration Operating System | Your AI CEO that finds problems, launches ventures, and generates income | Mobile-optimized for Cursor IDE",Gear,,,,,,https://github.com/Worldwidebro/iza-os-core,,,,UNCLASSIFIED-REPOS-FOR-CATEGORIZATION-V2.csv,medium,Unclassified repo #77 of 299
iza-os-cryptocurrency-management,Cryptocurrency management platform for billionaire consciousness empire,Gear,,,,,,https://github.com/Worldwidebro/iza-os-cryptocurrency-management,,,,UNCLASSIFIED-REPOS-FOR-CATEGORIZATION-V2.csv,medium,Unclassified repo #78 of 299
iza-os-customer-core,"🤝 Unified Customer Experience Platform - Support, Communication, Satisfaction, Engagement",Gear,,,,,,https://github.com/Worldwidebro/iza-os-customer-core,,,,UNCLASSIFIED-REPOS-FOR-CATEGORIZATION-V2.csv,medium,Unclassified repo #79 of 299
iza-os-customer-service-automation-bot,Advanced customer service automation for billionaire consciousness empire,Gear,,,,,,https://github.com/Worldwidebro/iza-os-customer-service-automation-bot,,,,UNCLASSIFIED-REPOS-FOR-CATEGORIZATION-V2.csv,medium,Unclassified repo #80 of 299
iza-os-customer-service-chatbot-bot,Advanced customer service chatbot for billionaire consciousness empire,Gear,,,,,,https://github.com/Worldwidebro/iza-os-customer-service-chatbot-bot,,,,UNCLASSIFIED-REPOS-FOR-CATEGORIZATION-V2.csv,medium,Unclassified repo #81 of 299
iza-os-customer-service-email-bot,Advanced customer service email automation for billionaire consciousness empire,Gear,,,,,,https://github.com/Worldwidebro/iza-os-customer-service-email-bot,,,,UNCLASSIFIED-REPOS-FOR-CATEGORIZATION-V2.csv,medium,Unclassified repo #82 of 299
iza-os-customer-service-escalation-bot,Advanced customer service escalation automation for billionaire consciousness empire,Gear,,,,,,https://github.com/Worldwidebro/iza-os-customer-service-escalation-bot,,,,UNCLASSIFIED-REPOS-FOR-CATEGORIZATION-V2.csv,medium,Unclassified repo #83 of 299
iza-os-customer-service-faq-bot,Advanced customer service FAQ automation for billionaire consciousness empire,Gear,,,,,,https://github.com/Worldwidebro/iza-os-customer-service-faq-bot,,,,UNCLASSIFIED-REPOS-FOR-CATEGORIZATION-V2.csv,medium,Unclassified repo #84 of 299
iza-os-customer-service-knowledge-bot,Advanced customer service knowledge management for billionaire consciousness empire,Gear,,,,,,https://github.com/Worldwidebro/iza-os-customer-service-knowledge-bot,,,,UNCLASSIFIED-REPOS-FOR-CATEGORIZATION-V2.csv,medium,Unclassified repo #85 of 299
iza-os-customer-service-phone-bot,Advanced customer service phone automation for billionaire consciousness empire,Gear,,,,,,https://github.com/Worldwidebro/iza-os-customer-service-phone-bot,,,,UNCLASSIFIED-REPOS-FOR-CATEGORIZATION-V2.csv,medium,Unclassified repo #86 of 299
iza-os-customer-service-social-bot,Advanced customer service social media automation for billionaire consciousness empire,Gear,,,,,,https://github.com/Worldwidebro/iza-os-customer-service-social-bot,,,,UNCLASSIFIED-REPOS-FOR-CATEGORIZATION-V2.csv,medium,Unclassified repo #87 of 299
iza-os-customer-service-ticket-bot,Advanced customer service ticket management for billionaire consciousness empire,Gear,,,,,,https://github.com/Worldwidebro/iza-os-customer-service-ticket-bot,,,,UNCLASSIFIED-REPOS-FOR-CATEGORIZATION-V2.csv,medium,Unclassified repo #88 of 299
iza-os-cybersecurity-monitoring-bot,🔒 Cybersecurity Monitoring Bot - Advanced threat detection and response,Gear,,,,,,https://github.com/Worldwidebro/iza-os-cybersecurity-monitoring-bot,,,,UNCLASSIFIED-REPOS-FOR-CATEGORIZATION-V2.csv,medium,Unclassified repo #89 of 299
iza-os-data,ETL pipelines + datasets + knowledge graph,Gear,,,,,,https://github.com/Worldwidebro/iza-os-data,,,,UNCLASSIFIED-REPOS-FOR-CATEGORIZATION-V2.csv,medium,Unclassified repo #90 of 299
iza-os-data-integration-hub,Data integration hub for billionaire consciousness empire,Gear,,,,,,https://github.com/Worldwidebro/iza-os-data-integration-hub,,,,UNCLASSIFIED-REPOS-FOR-CATEGORIZATION-V2.csv,medium,Unclassified repo #91 of 299
iza-os-defi-platform,DeFi operations platform for billionaire consciousness empire,Gear,,,,,,https://github.com/Worldwidebro/iza-os-defi-platform,,,,UNCLASSIFIED-REPOS-FOR-CATEGORIZATION-V2.csv,medium,Unclassified repo #92 of 299
iza-os-deployment-automation-bot,🚀 Deployment Automation Bot - Automated deployment and scaling,Gear,,,,,,https://github.com/Worldwidebro/iza-os-deployment-automation-bot,,,,UNCLASSIFIED-REPOS-FOR-CATEGORIZATION-V2.csv,medium,Unclassified repo #93 of 299
iza-os-docs,IZA OS: iza-os-docs,Gear,,,,,,https://github.com/Worldwidebro/iza-os-docs,,,,UNCLASSIFIED-REPOS-FOR-CATEGORIZATION-V2.csv,medium,Unclassified repo #94 of 299
iza-os-ecosystem,IZA OS: Core ecosystem integration layer,Gear,,,,,,https://github.com/Worldwidebro/iza-os-ecosystem,,,,UNCLASSIFIED-REPOS-FOR-CATEGORIZATION-V2.csv,medium,Unclassified repo #95 of 299
iza-os-embedding-service,📊 Embedding Service - Text and data embedding,Gear,,,,,,https://github.com/Worldwidebro/iza-os-embedding-service,,,,UNCLASSIFIED-REPOS-FOR-CATEGORIZATION-V2.csv,medium,Unclassified repo #96 of 299
iza-os-enterprise,🏢 IZA OS Enterprise - Business intelligence and revenue optimization,Gear,,,,,,https://github.com/Worldwidebro/iza-os-enterprise,,,,UNCLASSIFIED-REPOS-FOR-CATEGORIZATION-V2.csv,medium,Unclassified repo #97 of 299
iza-os-enterprise-integrations,Enterprise integrations platform for billionaire consciousness empire,Gear,,,,,,https://github.com/Worldwidebro/iza-os-enterprise-integrations,,,,UNCLASSIFIED-REPOS-FOR-CATEGORIZATION-V2.csv,medium,Unclassified repo #98 of 299
iza-os-finance-advisor-alerting-bot,🤖 Finance Advisor Bot - Alerting automation and intelligence,Gear,,,,,,https://github.com/Worldwidebro/iza-os-finance-advisor-alerting-bot,,,,UNCLASSIFIED-REPOS-FOR-CATEGORIZATION-V2.csv,medium,Unclassified repo #99 of 299
iza-os-finance-advisor-analytics-bot,🤖 Finance Advisor Bot - Analytics automation and intelligence,Gear,,,,,,https://github.com/Worldwidebro/iza-os-finance-advisor-analytics-bot,,,,UNCLASSIFIED-REPOS-FOR-CATEGORIZATION-V2.csv,medium,Unclassified repo #100 of 299
iza-os-finance-advisor-automation-bot,🤖 Finance Advisor Bot - Automation automation and intelligence,Gear,,,,,,https://github.com/Worldwidebro/iza-os-finance-advisor-automation-bot,,,,UNCLASSIFIED-REPOS-FOR-CATEGORIZATION-V2.csv,medium,Unclassified repo #101 of 299
iza-os-finance-advisor-compliance-bot,🤖 Finance Advisor Bot - Compliance automation and intelligence,Gear,,,,,,https://github.com/Worldwidebro/iza-os-finance-advisor-compliance-bot,,,,UNCLASSIFIED-REPOS-FOR-CATEGORIZATION-V2.csv,medium,Unclassified repo #102 of 299
iza-os-finance-advisor-discovery-bot,🤖 Finance Advisor Bot - Discovery automation and intelligence,Gear,,,,,,https://github.com/Worldwidebro/iza-os-finance-advisor-discovery-bot,,,,UNCLASSIFIED-REPOS-FOR-CATEGORIZATION-V2.csv,medium,Unclassified repo #103 of 299
iza-os-finance-advisor-forecasting-bot,Advanced financial forecasting bot for billionaire consciousness empire,Gear,,,,,,https://github.com/Worldwidebro/iza-os-finance-advisor-forecasting-bot,,,,UNCLASSIFIED-REPOS-FOR-CATEGORIZATION-V2.csv,medium,Unclassified repo #104 of 299
iza-os-finance-advisor-integration-bot,🤖 Finance Advisor Bot - Integration automation and intelligence,Gear,,,,,,https://github.com/Worldwidebro/iza-os-finance-advisor-integration-bot,,,,UNCLASSIFIED-REPOS-FOR-CATEGORIZATION-V2.csv,medium,Unclassified repo #105 of 299
iza-os-finance-advisor-intelligence-bot,🤖 Finance Advisor Bot - Intelligence automation and intelligence,Gear,,,,,,https://github.com/Worldwidebro/iza-os-finance-advisor-intelligence-bot,,,,UNCLASSIFIED-REPOS-FOR-CATEGORIZATION-V2.csv,medium,Unclassified repo #106 of 299
iza-os-finance-advisor-management-bot,🤖 Finance Advisor Bot - Management automation and intelligence,Gear,,,,,,https://github.com/Worldwidebro/iza-os-finance-advisor-management-bot,,,,UNCLASSIFIED-REPOS-FOR-CATEGORIZATION-V2.csv,medium,Unclassified repo #107 of 299
iza-os-finance-advisor-monitoring-bot,🤖 Finance Advisor Bot - Monitoring automation and intelligence,Gear,,,,,,https://github.com/Worldwidebro/iza-os-finance-advisor-monitoring-bot,,,,UNCLASSIFIED-REPOS-FOR-CATEGORIZATION-V2.csv,medium,Unclassified repo #108 of 299
iza-os-finance-advisor-optimization-bot,🤖 Finance Advisor Bot - Optimization automation and intelligence,Gear,,,,,,https://github.com/Worldwidebro/iza-os-finance-advisor-optimization-bot,,,,UNCLASSIFIED-REPOS-FOR-CATEGORIZATION-V2.csv,medium,Unclassified repo #109 of 299
iza-os-finance-advisor-orchestration-bot,🤖 Finance Advisor Bot - Orchestration automation and intelligence,Gear,,,,,,https://github.com/Worldwidebro/iza-os-finance-advisor-orchestration-bot,,,,UNCLASSIFIED-REPOS-FOR-CATEGORIZATION-V2.csv,medium,Unclassified repo #110 of 299
iza-os-finance-advisor-processing-bot,🤖 Finance Advisor Bot - Processing automation and intelligence,Gear,,,,,,https://github.com/Worldwidebro/iza-os-finance-advisor-processing-bot,,,,UNCLASSIFIED-REPOS-FOR-CATEGORIZATION-V2.csv,medium,Unclassified repo #111 of 299
iza-os-finance-advisor-reporting-bot,🤖 Finance Advisor Bot - Reporting automation and intelligence,Gear,,,,,,https://github.com/Worldwidebro/iza-os-finance-advisor-reporting-bot,,,,UNCLASSIFIED-REPOS-FOR-CATEGORIZATION-V2.csv,medium,Unclassified repo #112 of 299
iza-os-finance-advisor-security-bot,🤖 Finance Advisor Bot - Security automation and intelligence,Gear,,,,,,https://github.com/Worldwidebro/iza-os-finance-advisor-security-bot,,,,UNCLASSIFIED-REPOS-FOR-CATEGORIZATION-V2.csv,medium,Unclassified repo #113 of 299
iza-os-finance-advisor-synthesis-bot,🤖 Finance Advisor Bot - Synthesis automation and intelligence,Gear,,,,,,https://github.com/Worldwidebro/iza-os-finance-advisor-synthesis-bot,,,,UNCLASSIFIED-REPOS-FOR-CATEGORIZATION-V2.csv,medium,Unclassified repo #114 of 299
iza-os-financial-core,"🏦 Unified Financial Services Platform - Forecasting, Advisory, Compliance, Analytics, Investment Management",Gear,,,,,,https://github.com/Worldwidebro/iza-os-financial-core,,,,UNCLASSIFIED-REPOS-FOR-CATEGORIZATION-V2.csv,medium,Unclassified repo #115 of 299
iza-os-funding,IZA OS: iza-os-funding,Gear,,,,,,https://github.com/Worldwidebro/iza-os-funding,,,,UNCLASSIFIED-REPOS-FOR-CATEGORIZATION-V2.csv,medium,Unclassified repo #116 of 299
iza-os-hr-analytics-bot,Advanced HR analytics automation for billionaire consciousness empire,Gear,,,,,,https://github.com/Worldwidebro/iza-os-hr-analytics-bot,,,,UNCLASSIFIED-REPOS-FOR-CATEGORIZATION-V2.csv,medium,Unclassified repo #117 of 299
iza-os-hr-benefits-bot,Advanced HR benefits management for billionaire consciousness empire,Gear,,,,,,https://github.com/Worldwidebro/iza-os-hr-benefits-bot,,,,UNCLASSIFIED-REPOS-FOR-CATEGORIZATION-V2.csv,medium,Unclassified repo #118 of 299
iza-os-hr-compliance-bot,Advanced HR compliance automation for billionaire consciousness empire,Gear,,,,,,https://github.com/Worldwidebro/iza-os-hr-compliance-bot,,,,UNCLASSIFIED-REPOS-FOR-CATEGORIZATION-V2.csv,medium,Unclassified repo #119 of 299
iza-os-hr-core,"👥 Unified HR Platform - Recruitment, Benefits, Performance, Compliance, Employee Experience",Gear,,,,,,https://github.com/Worldwidebro/iza-os-hr-core,,,,UNCLASSIFIED-REPOS-FOR-CATEGORIZATION-V2.csv,medium,Unclassified repo #120 of 299
iza-os-hr-onboarding-bot,Advanced HR onboarding automation for billionaire consciousness empire,Gear,,,,,,https://github.com/Worldwidebro/iza-os-hr-onboarding-bot,,,,UNCLASSIFIED-REPOS-FOR-CATEGORIZATION-V2.csv,medium,Unclassified repo #121 of 299
iza-os-hr-payroll-bot,Advanced HR payroll automation for billionaire consciousness empire,Gear,,,,,,https://github.com/Worldwidebro/iza-os-hr-payroll-bot,,,,UNCLASSIFIED-REPOS-FOR-CATEGORIZATION-V2.csv,medium,Unclassified repo #122 of 299
iza-os-hr-performance-bot,Advanced HR performance management for billionaire consciousness empire,Gear,,,,,,https://github.com/Worldwidebro/iza-os-hr-performance-bot,,,,UNCLASSIFIED-REPOS-FOR-CATEGORIZATION-V2.csv,medium,Unclassified repo #123 of 299
iza-os-hr-recruitment-bot,Advanced HR recruitment automation for billionaire consciousness empire,Gear,,,,,,https://github.com/Worldwidebro/iza-os-hr-recruitment-bot,,,,UNCLASSIFIED-REPOS-FOR-CATEGORIZATION-V2.csv,medium,Unclassified repo #124 of 299
iza-os-hr-training-bot,Advanced HR training automation for billionaire consciousness empire,Gear,,,,,,https://github.com/Worldwidebro/iza-os-hr-training-bot,,,,UNCLASSIFIED-REPOS-FOR-CATEGORIZATION-V2.csv,medium,Unclassified repo #125 of 299
iza-os-inference-engine,⚡ Inference Engine - Fast AI model inference,Gear,,,,,,https://github.com/Worldwidebro/iza-os-inference-engine,,,,UNCLASSIFIED-REPOS-FOR-CATEGORIZATION-V2.csv,medium,Unclassified repo #126 of 299
iza-os-infra,IZA OS: iza-os-infra,Gear,,,,,,https://github.com/Worldwidebro/iza-os-infra,,,,UNCLASSIFIED-REPOS-FOR-CATEGORIZATION-V2.csv,medium,Unclassified repo #127 of 299
iza-os-infrastructure,"🏗️ IZA OS Infrastructure - DevOps, deployment, and infrastructure",Gear,,,,,,https://github.com/Worldwidebro/iza-os-infrastructure,,,,UNCLASSIFIED-REPOS-FOR-CATEGORIZATION-V2.csv,medium,Unclassified repo #128 of 299
iza-os-infrastructure-monitoring-bot,🏗️ Infrastructure Monitoring Bot - Automated system monitoring and alerting,Gear,,,,,,https://github.com/Worldwidebro/iza-os-infrastructure-monitoring-bot,,,,UNCLASSIFIED-REPOS-FOR-CATEGORIZATION-V2.csv,medium,Unclassified repo #129 of 299
iza-os-integrations,🔗 IZA OS Integrations - Third-party integrations and APIs,Gear,,,,,,https://github.com/Worldwidebro/iza-os-integrations,,,,UNCLASSIFIED-REPOS-FOR-CATEGORIZATION-V2.csv,medium,Unclassified repo #130 of 299
iza-os-intelligence-core,"🧠 Unified Intelligence Platform - Analytics, Reporting, AI/ML, Insights, Data Science",Gear,,,,,,https://github.com/Worldwidebro/iza-os-intelligence-core,,,,UNCLASSIFIED-REPOS-FOR-CATEGORIZATION-V2.csv,medium,Unclassified repo #131 of 299
iza-os-inventory-management-analytics-bot,🤖 Inventory Management Bot - Analytics automation and intelligence,Gear,,,,,,https://github.com/Worldwidebro/iza-os-inventory-management-analytics-bot,,,,UNCLASSIFIED-REPOS-FOR-CATEGORIZATION-V2.csv,medium,Unclassified repo #132 of 299
iza-os-inventory-management-automation-bot,🤖 Inventory Management Bot - Automation automation and intelligence,Gear,,,,,,https://github.com/Worldwidebro/iza-os-inventory-management-automation-bot,,,,UNCLASSIFIED-REPOS-FOR-CATEGORIZATION-V2.csv,medium,Unclassified repo #133 of 299
iza-os-inventory-management-compliance-bot,🤖 Inventory Management Bot - Compliance automation and intelligence,Gear,,,,,,https://github.com/Worldwidebro/iza-os-inventory-management-compliance-bot,,,,UNCLASSIFIED-REPOS-FOR-CATEGORIZATION-V2.csv,medium,Unclassified repo #134 of 299
iza-os-inventory-management-integration-bot,🤖 Inventory Management Bot - Integration automation and intelligence,Gear,,,,,,https://github.com/Worldwidebro/iza-os-inventory-management-integration-bot,,,,UNCLASSIFIED-REPOS-FOR-CATEGORIZATION-V2.csv,medium,Unclassified repo #135 of 299
iza-os-inventory-management-monitoring-bot,🤖 Inventory Management Bot - Monitoring automation and intelligence,Gear,,,,,,https://github.com/Worldwidebro/iza-os-inventory-management-monitoring-bot,,,,UNCLASSIFIED-REPOS-FOR-CATEGORIZATION-V2.csv,medium,Unclassified repo #136 of 299
iza-os-inventory-management-optimization-bot,🤖 Inventory Management Bot - Optimization automation and intelligence,Gear,,,,,,https://github.com/Worldwidebro/iza-os-inventory-management-optimization-bot,,,,UNCLASSIFIED-REPOS-FOR-CATEGORIZATION-V2.csv,medium,Unclassified repo #137 of 299
iza-os-inventory-management-reporting-bot,🤖 Inventory Management Bot - Reporting automation and intelligence,Gear,,,,,,https://github.com/Worldwidebro/iza-os-inventory-management-reporting-bot,,,,UNCLASSIFIED-REPOS-FOR-CATEGORIZATION-V2.csv,medium,Unclassified repo #138 of 299
iza-os-inventory-management-security-bot,🤖 Inventory Management Bot - Security automation and intelligence,Gear,,,,,,https://github.com/Worldwidebro/iza-os-inventory-management-security-bot,,,,UNCLASSIFIED-REPOS-FOR-CATEGORIZATION-V2.csv,medium,Unclassified repo #139 of 299
iza-os-knowledge-graph,🕸️ Knowledge Graph - Entity relationship mapping,Gear,,,,,,https://github.com/Worldwidebro/iza-os-knowledge-graph,,,,UNCLASSIFIED-REPOS-FOR-CATEGORIZATION-V2.csv,medium,Unclassified repo #140 of 299
iza-os-legal-core,"⚖️ Unified Legal Platform - Contracts, Compliance, IP, Risk Management, Regulatory Affairs",Gear,,,,,,https://github.com/Worldwidebro/iza-os-legal-core,,,,UNCLASSIFIED-REPOS-FOR-CATEGORIZATION-V2.csv,medium,Unclassified repo #141 of 299
iza-os-legal-research-alerting-bot,🤖 Legal Research Bot - Alerting automation and intelligence,Gear,,,,,,https://github.com/Worldwidebro/iza-os-legal-research-alerting-bot,,,,UNCLASSIFIED-REPOS-FOR-CATEGORIZATION-V2.csv,medium,Unclassified repo #142 of 299
iza-os-legal-research-compliance-bot,🤖 Legal Research Bot - Compliance automation and intelligence,Gear,,,,,,https://github.com/Worldwidebro/iza-os-legal-research-compliance-bot,,,,UNCLASSIFIED-REPOS-FOR-CATEGORIZATION-V2.csv,medium,Unclassified repo #143 of 299
iza-os-legal-research-discovery-bot,🤖 Legal Research Bot - Discovery automation and intelligence,Gear,,,,,,https://github.com/Worldwidebro/iza-os-legal-research-discovery-bot,,,,UNCLASSIFIED-REPOS-FOR-CATEGORIZATION-V2.csv,medium,Unclassified repo #144 of 299
iza-os-legal-research-integration-bot,🤖 Legal Research Bot - Integration automation and intelligence,Gear,,,,,,https://github.com/Worldwidebro/iza-os-legal-research-integration-bot,,,,UNCLASSIFIED-REPOS-FOR-CATEGORIZATION-V2.csv,medium,Unclassified repo #145 of 299
iza-os-legal-research-intelligence-bot,🤖 Legal Research Bot - Intelligence automation and intelligence,Gear,,,,,,https://github.com/Worldwidebro/iza-os-legal-research-intelligence-bot,,,,UNCLASSIFIED-REPOS-FOR-CATEGORIZATION-V2.csv,medium,Unclassified repo #146 of 299
iza-os-legal-research-management-bot,🤖 Legal Research Bot - Management automation and intelligence,Gear,,,,,,https://github.com/Worldwidebro/iza-os-legal-research-management-bot,,,,UNCLASSIFIED-REPOS-FOR-CATEGORIZATION-V2.csv,medium,Unclassified repo #147 of 299
iza-os-legal-research-optimization-bot,🤖 Legal Research Bot - Optimization automation and intelligence,Gear,,,,,,https://github.com/Worldwidebro/iza-os-legal-research-optimization-bot,,,,UNCLASSIFIED-REPOS-FOR-CATEGORIZATION-V2.csv,medium,Unclassified repo #148 of 299
iza-os-legal-research-orchestration-bot,🤖 Legal Research Bot - Orchestration automation and intelligence,Gear,,,,,,https://github.com/Worldwidebro/iza-os-legal-research-orchestration-bot,,,,UNCLASSIFIED-REPOS-FOR-CATEGORIZATION-V2.csv,medium,Unclassified repo #149 of 299
iza-os-legal-research-processing-bot,🤖 Legal Research Bot - Processing automation and intelligence,Gear,,,,,,https://github.com/Worldwidebro/iza-os-legal-research-processing-bot,,,,UNCLASSIFIED-REPOS-FOR-CATEGORIZATION-V2.csv,medium,Unclassified repo #150 of 299
iza-os-legal-research-reporting-bot,🤖 Legal Research Bot - Reporting automation and intelligence,Gear,,,,,,https://github.com/Worldwidebro/iza-os-legal-research-reporting-bot,,,,UNCLASSIFIED-REPOS-FOR-CATEGORIZATION-V2.csv,medium,Unclassified repo #151 of 299
iza-os-legal-research-security-bot,🤖 Legal Research Bot - Security automation and intelligence,Gear,,,,,,https://github.com/Worldwidebro/iza-os-legal-research-security-bot,,,,UNCLASSIFIED-REPOS-FOR-CATEGORIZATION-V2.csv,medium,Unclassified repo #152 of 299
iza-os-legal-research-synthesis-bot,🤖 Legal Research Bot - Synthesis automation and intelligence,Gear,,,,,,https://github.com/Worldwidebro/iza-os-legal-research-synthesis-bot,,,,UNCLASSIFIED-REPOS-FOR-CATEGORIZATION-V2.csv,medium,Unclassified repo #153 of 299
iza-os-llm-adapter,🧠 LLM Adapter - Large language model integration,Gear,,,,,,https://github.com/Worldwidebro/iza-os-llm-adapter,,,,UNCLASSIFIED-REPOS-FOR-CATEGORIZATION-V2.csv,medium,Unclassified repo #154 of 299
iza-os-market,IZA OS: iza-os-market,Gear,,,,,,https://github.com/Worldwidebro/iza-os-market,,,,UNCLASSIFIED-REPOS-FOR-CATEGORIZATION-V2.csv,medium,Unclassified repo #155 of 299
iza-os-marketing-automation-alerting-bot,🤖 Marketing Automation Bot - Alerting automation and intelligence,Gear,,,,,,https://github.com/Worldwidebro/iza-os-marketing-automation-alerting-bot,,,,UNCLASSIFIED-REPOS-FOR-CATEGORIZATION-V2.csv,medium,Unclassified repo #156 of 299
iza-os-marketing-automation-analytics-bot,🤖 Marketing Automation Bot - Analytics automation and intelligence,Gear,,,,,,https://github.com/Worldwidebro/iza-os-marketing-automation-analytics-bot,,,,UNCLASSIFIED-REPOS-FOR-CATEGORIZATION-V2.csv,medium,Unclassified repo #157 of 299
iza-os-marketing-automation-automation-bot,🤖 Marketing Automation Bot - Automation automation and intelligence,Gear,,,,,,https://github.com/Worldwidebro/iza-os-marketing-automation-automation-bot,,,,UNCLASSIFIED-REPOS-FOR-CATEGORIZATION-V2.csv,medium,Unclassified repo #158 of 299
iza-os-marketing-automation-campaign-bot,Advanced marketing campaign bot for billionaire consciousness empire,Gear,,,,,,https://github.com/Worldwidebro/iza-os-marketing-automation-campaign-bot,,,,UNCLASSIFIED-REPOS-FOR-CATEGORIZATION-V2.csv,medium,Unclassified repo #159 of 299
iza-os-marketing-automation-compliance-bot,🤖 Marketing Automation Bot - Compliance automation and intelligence,Gear,,,,,,https://github.com/Worldwidebro/iza-os-marketing-automation-compliance-bot,,,,UNCLASSIFIED-REPOS-FOR-CATEGORIZATION-V2.csv,medium,Unclassified repo #160 of 299
iza-os-marketing-automation-discovery-bot,🤖 Marketing Automation Bot - Discovery automation and intelligence,Gear,,,,,,https://github.com/Worldwidebro/iza-os-marketing-automation-discovery-bot,,,,UNCLASSIFIED-REPOS-FOR-CATEGORIZATION-V2.csv,medium,Unclassified repo #161 of 299
iza-os-marketing-automation-integration-bot,🤖 Marketing Automation Bot - Integration automation and intelligence,Gear,,,,,,https://github.com/Worldwidebro/iza-os-marketing-automation-integration-bot,,,,UNCLASSIFIED-REPOS-FOR-CATEGORIZATION-V2.csv,medium,Unclassified repo #162 of 299
iza-os-marketing-automation-intelligence-bot,🤖 Marketing Automation Bot - Intelligence automation and intelligence,Gear,,,,,,https://github.com/Worldwidebro/iza-os-marketing-automation-intelligence-bot,,,,UNCLASSIFIED-REPOS-FOR-CATEGORIZATION-V2.csv,medium,Unclassified repo #163 of 299
iza-os-marketing-automation-management-bot,🤖 Marketing Automation Bot - Management automation and intelligence,Gear,,,,,,https://github.com/Worldwidebro/iza-os-marketing-automation-management-bot,,,,UNCLASSIFIED-REPOS-FOR-CATEGORIZATION-V2.csv,medium,Unclassified repo #164 of 299
iza-os-marketing-automation-monitoring-bot,🤖 Marketing Automation Bot - Monitoring automation and intelligence,Gear,,,,,,https://github.com/Worldwidebro/iza-os-marketing-automation-monitoring-bot,,,,UNCLASSIFIED-REPOS-FOR-CATEGORIZATION-V2.csv,medium,Unclassified repo #165 of 299
iza-os-marketing-automation-optimization-bot,🤖 Marketing Automation Bot - Optimization automation and intelligence,Gear,,,,,,https://github.com/Worldwidebro/iza-os-marketing-automation-optimization-bot,,,,UNCLASSIFIED-REPOS-FOR-CATEGORIZATION-V2.csv,medium,Unclassified repo #166 of 299
iza-os-marketing-automation-orchestration-bot,🤖 Marketing Automation Bot - Orchestration automation and intelligence,Gear,,,,,,https://github.com/Worldwidebro/iza-os-marketing-automation-orchestration-bot,,,,UNCLASSIFIED-REPOS-FOR-CATEGORIZATION-V2.csv,medium,Unclassified repo #167 of 299
iza-os-marketing-automation-processing-bot,🤖 Marketing Automation Bot - Processing automation and intelligence,Gear,,,,,,https://github.com/Worldwidebro/iza-os-marketing-automation-processing-bot,,,,UNCLASSIFIED-REPOS-FOR-CATEGORIZATION-V2.csv,medium,Unclassified repo #168 of 299
iza-os-marketing-automation-reporting-bot,🤖 Marketing Automation Bot - Reporting automation and intelligence,Gear,,,,,,https://github.com/Worldwidebro/iza-os-marketing-automation-reporting-bot,,,,UNCLASSIFIED-REPOS-FOR-CATEGORIZATION-V2.csv,medium,Unclassified repo #169 of 299
iza-os-marketing-automation-security-bot,🤖 Marketing Automation Bot - Security automation and intelligence,Gear,,,,,,https://github.com/Worldwidebro/iza-os-marketing-automation-security-bot,,,,UNCLASSIFIED-REPOS-FOR-CATEGORIZATION-V2.csv,medium,Unclassified repo #170 of 299
iza-os-marketing-automation-synthesis-bot,🤖 Marketing Automation Bot - Synthesis automation and intelligence,Gear,,,,,,https://github.com/Worldwidebro/iza-os-marketing-automation-synthesis-bot,,,,UNCLASSIFIED-REPOS-FOR-CATEGORIZATION-V2.csv,medium,Unclassified repo #171 of 299
iza-os-marketing-core,"📈 Unified Marketing Platform - Campaigns, Content, Analytics, Growth, Attribution",Gear,,,,,,https://github.com/Worldwidebro/iza-os-marketing-core,,,,UNCLASSIFIED-REPOS-FOR-CATEGORIZATION-V2.csv,medium,Unclassified repo #172 of 299
iza-os-mcp,IZA OS: iza-os-mcp,Gear,,,,,,https://github.com/Worldwidebro/iza-os-mcp,,,,UNCLASSIFIED-REPOS-FOR-CATEGORIZATION-V2.csv,medium,Unclassified repo #173 of 299
iza-os-ml,IZA OS: iza-os-ml,Gear,,,,,,https://github.com/Worldwidebro/iza-os-ml,,,,UNCLASSIFIED-REPOS-FOR-CATEGORIZATION-V2.csv,medium,Unclassified repo #174 of 299
iza-os-mobile,IZA OS: iza-os-mobile,Gear,,,,,,https://github.com/Worldwidebro/iza-os-mobile,,,,UNCLASSIFIED-REPOS-FOR-CATEGORIZATION-V2.csv,medium,Unclassified repo #175 of 299
iza-os-model-training,🎯 Model Training - AI model training pipeline,Gear,,,,,,https://github.com/Worldwidebro/iza-os-model-training,,,,UNCLASSIFIED-REPOS-FOR-CATEGORIZATION-V2.csv,medium,Unclassified repo #176 of 299
iza-os-monitoring,IZA OS: iza-os-monitoring,Gear,,,,,,https://github.com/Worldwidebro/iza-os-monitoring,,,,UNCLASSIFIED-REPOS-FOR-CATEGORIZATION-V2.csv,medium,Unclassified repo #177 of 299
iza-os-monitoring-integration,Monitoring integration platform for billionaire consciousness empire,Gear,,,,,,https://github.com/Worldwidebro/iza-os-monitoring-integration,,,,UNCLASSIFIED-REPOS-FOR-CATEGORIZATION-V2.csv,medium,Unclassified repo #178 of 299
iza-os-nft-platform,NFT operations platform for billionaire consciousness empire,Gear,,,,,,https://github.com/Worldwidebro/iza-os-nft-platform,,,,UNCLASSIFIED-REPOS-FOR-CATEGORIZATION-V2.csv,medium,Unclassified repo #179 of 299
iza-os-nlp-pipeline,📝 NLP Pipeline - Natural language processing,Gear,,,,,,https://github.com/Worldwidebro/iza-os-nlp-pipeline,,,,UNCLASSIFIED-REPOS-FOR-CATEGORIZATION-V2.csv,medium,Unclassified repo #180 of 299
iza-os-notification-bot,🔔 Notification Bot - Intelligent notification and alerting system,Gear,,,,,,https://github.com/Worldwidebro/iza-os-notification-bot,,,,UNCLASSIFIED-REPOS-FOR-CATEGORIZATION-V2.csv,medium,Unclassified repo #181 of 299
iza-os-operations-analytics-bot,Advanced operations analytics for billionaire consciousness empire,Gear,,,,,,https://github.com/Worldwidebro/iza-os-operations-analytics-bot,,,,UNCLASSIFIED-REPOS-FOR-CATEGORIZATION-V2.csv,medium,Unclassified repo #182 of 299
iza-os-operations-automation-bot,Advanced operations automation for billionaire consciousness empire,Gear,,,,,,https://github.com/Worldwidebro/iza-os-operations-automation-bot,,,,UNCLASSIFIED-REPOS-FOR-CATEGORIZATION-V2.csv,medium,Unclassified repo #183 of 299
iza-os-operations-compliance-bot,Advanced operations compliance for billionaire consciousness empire,Gear,,,,,,https://github.com/Worldwidebro/iza-os-operations-compliance-bot,,,,UNCLASSIFIED-REPOS-FOR-CATEGORIZATION-V2.csv,medium,Unclassified repo #184 of 299
iza-os-operations-core,"🔧 Unified Operations Platform - Workflows, Integration, Monitoring, Security, Automation",Gear,,,,,,https://github.com/Worldwidebro/iza-os-operations-core,,,,UNCLASSIFIED-REPOS-FOR-CATEGORIZATION-V2.csv,medium,Unclassified repo #185 of 299
iza-os-operations-integration-bot,Advanced operations integration for billionaire consciousness empire,Gear,,,,,,https://github.com/Worldwidebro/iza-os-operations-integration-bot,,,,UNCLASSIFIED-REPOS-FOR-CATEGORIZATION-V2.csv,medium,Unclassified repo #186 of 299
iza-os-operations-intelligence-bot,Advanced operations intelligence for billionaire consciousness empire,Gear,,,,,,https://github.com/Worldwidebro/iza-os-operations-intelligence-bot,,,,UNCLASSIFIED-REPOS-FOR-CATEGORIZATION-V2.csv,medium,Unclassified repo #187 of 299
iza-os-operations-monitoring-bot,Advanced operations monitoring for billionaire consciousness empire,Gear,,,,,,https://github.com/Worldwidebro/iza-os-operations-monitoring-bot,,,,UNCLASSIFIED-REPOS-FOR-CATEGORIZATION-V2.csv,medium,Unclassified repo #188 of 299
iza-os-operations-optimization-bot,Advanced operations optimization for billionaire consciousness empire,Gear,,,,,,https://github.com/Worldwidebro/iza-os-operations-optimization-bot,,,,UNCLASSIFIED-REPOS-FOR-CATEGORIZATION-V2.csv,medium,Unclassified repo #189 of 299
iza-os-operations-reporting-bot,Advanced operations reporting for billionaire consciousness empire,Gear,,,,,,https://github.com/Worldwidebro/iza-os-operations-reporting-bot,,,,UNCLASSIFIED-REPOS-FOR-CATEGORIZATION-V2.csv,medium,Unclassified repo #190 of 299
iza-os-operations-security-bot,Advanced operations security for billionaire consciousness empire,Gear,,,,,,https://github.com/Worldwidebro/iza-os-operations-security-bot,,,,UNCLASSIFIED-REPOS-FOR-CATEGORIZATION-V2.csv,medium,Unclassified repo #191 of 299
iza-os-ops,"CI/CD, monitoring, DevOps infrastructure",Gear,,,,,,https://github.com/Worldwidebro/iza-os-ops,,,,UNCLASSIFIED-REPOS-FOR-CATEGORIZATION-V2.csv,medium,Unclassified repo #192 of 299
iza-os-orchestrator,IZA OS: Main orchestration engine,Gear,,,,,,https://github.com/Worldwidebro/iza-os-orchestrator,,,,UNCLASSIFIED-REPOS-FOR-CATEGORIZATION-V2.csv,medium,Unclassified repo #193 of 299
iza-os-platform-core,"🏗️ Unified Platform Infrastructure - Core Systems, APIs, Deployment, Scaling, MCP Integration",Gear,,,,,,https://github.com/Worldwidebro/iza-os-platform-core,,,,UNCLASSIFIED-REPOS-FOR-CATEGORIZATION-V2.csv,medium,Unclassified repo #194 of 299
iza-os-playgrounds,IZA OS: iza-os-playgrounds,Gear,,,,,,https://github.com/Worldwidebro/iza-os-playgrounds,,,,UNCLASSIFIED-REPOS-FOR-CATEGORIZATION-V2.csv,medium,Unclassified repo #195 of 299
iza-os-predictive-analytics-bot,📊 Predictive Analytics Bot - AI-powered forecasting and predictions,Gear,,,,,,https://github.com/Worldwidebro/iza-os-predictive-analytics-bot,,,,UNCLASSIFIED-REPOS-FOR-CATEGORIZATION-V2.csv,medium,Unclassified repo #196 of 299
iza-os-predictive-modeling,📈 Predictive Modeling - Future prediction models,Gear,,,,,,https://github.com/Worldwidebro/iza-os-predictive-modeling,,,,UNCLASSIFIED-REPOS-FOR-CATEGORIZATION-V2.csv,medium,Unclassified repo #197 of 299
iza-os-project-management-alerting-bot,🤖 Project Management Bot - Alerting automation and intelligence,Gear,,,,,,https://github.com/Worldwidebro/iza-os-project-management-alerting-bot,,,,UNCLASSIFIED-REPOS-FOR-CATEGORIZATION-V2.csv,medium,Unclassified repo #198 of 299
iza-os-project-management-analytics-bot,🤖 Project Management Bot - Analytics automation and intelligence,Gear,,,,,,https://github.com/Worldwidebro/iza-os-project-management-analytics-bot,,,,UNCLASSIFIED-REPOS-FOR-CATEGORIZATION-V2.csv,medium,Unclassified repo #199 of 299
iza-os-project-management-automation-bot,🤖 Project Management Bot - Automation automation and intelligence,Gear,,,,,,https://github.com/Worldwidebro/iza-os-project-management-automation-bot,,,,UNCLASSIFIED-REPOS-FOR-CATEGORIZATION-V2.csv,medium,Unclassified repo #200 of 299
iza-os-project-management-compliance-bot,🤖 Project Management Bot - Compliance automation and intelligence,Gear,,,,,,https://github.com/Worldwidebro/iza-os-project-management-compliance-bot,,,,UNCLASSIFIED-REPOS-FOR-CATEGORIZATION-V2.csv,medium,Unclassified repo #201 of 299
iza-os-project-management-discovery-bot,🤖 Project Management Bot - Discovery automation and intelligence,Gear,,,,,,https://github.com/Worldwidebro/iza-os-project-management-discovery-bot,,,,UNCLASSIFIED-REPOS-FOR-CATEGORIZATION-V2.csv,medium,Unclassified repo #202 of 299
iza-os-project-management-integration-bot,🤖 Project Management Bot - Integration automation and intelligence,Gear,,,,,,https://github.com/Worldwidebro/iza-os-project-management-integration-bot,,,,UNCLASSIFIED-REPOS-FOR-CATEGORIZATION-V2.csv,medium,Unclassified repo #203 of 299
iza-os-project-management-intelligence-bot,🤖 Project Management Bot - Intelligence automation and intelligence,Gear,,,,,,https://github.com/Worldwidebro/iza-os-project-management-intelligence-bot,,,,UNCLASSIFIED-REPOS-FOR-CATEGORIZATION-V2.csv,medium,Unclassified repo #204 of 299
iza-os-project-management-management-bot,🤖 Project Management Bot - Management automation and intelligence,Gear,,,,,,https://github.com/Worldwidebro/iza-os-project-management-management-bot,,,,UNCLASSIFIED-REPOS-FOR-CATEGORIZATION-V2.csv,medium,Unclassified repo #205 of 299
iza-os-project-management-monitoring-bot,🤖 Project Management Bot - Monitoring automation and intelligence,Gear,,,,,,https://github.com/Worldwidebro/iza-os-project-management-monitoring-bot,,,,UNCLASSIFIED-REPOS-FOR-CATEGORIZATION-V2.csv,medium,Unclassified repo #206 of 299
iza-os-project-management-optimization-bot,🤖 Project Management Bot - Optimization automation and intelligence,Gear,,,,,,https://github.com/Worldwidebro/iza-os-project-management-optimization-bot,,,,UNCLASSIFIED-REPOS-FOR-CATEGORIZATION-V2.csv,medium,Unclassified repo #207 of 299
iza-os-project-management-orchestration-bot,🤖 Project Management Bot - Orchestration automation and intelligence,Gear,,,,,,https://github.com/Worldwidebro/iza-os-project-management-orchestration-bot,,,,UNCLASSIFIED-REPOS-FOR-CATEGORIZATION-V2.csv,medium,Unclassified repo #208 of 299
iza-os-project-management-processing-bot,🤖 Project Management Bot - Processing automation and intelligence,Gear,,,,,,https://github.com/Worldwidebro/iza-os-project-management-processing-bot,,,,UNCLASSIFIED-REPOS-FOR-CATEGORIZATION-V2.csv,medium,Unclassified repo #209 of 299
iza-os-project-management-reporting-bot,🤖 Project Management Bot - Reporting automation and intelligence,Gear,,,,,,https://github.com/Worldwidebro/iza-os-project-management-reporting-bot,,,,UNCLASSIFIED-REPOS-FOR-CATEGORIZATION-V2.csv,medium,Unclassified repo #210 of 299
iza-os-project-management-security-bot,🤖 Project Management Bot - Security automation and intelligence,Gear,,,,,,https://github.com/Worldwidebro/iza-os-project-management-security-bot,,,,UNCLASSIFIED-REPOS-FOR-CATEGORIZATION-V2.csv,medium,Unclassified repo #211 of 299
iza-os-project-management-synthesis-bot,🤖 Project Management Bot - Synthesis automation and intelligence,Gear,,,,,,https://github.com/Worldwidebro/iza-os-project-management-synthesis-bot,,,,UNCLASSIFIED-REPOS-FOR-CATEGORIZATION-V2.csv,medium,Unclassified repo #212 of 299
iza-os-prompt-engineering,💬 Prompt Engineering - LLM prompt optimization,Gear,,,,,,https://github.com/Worldwidebro/iza-os-prompt-engineering,,,,UNCLASSIFIED-REPOS-FOR-CATEGORIZATION-V2.csv,medium,Unclassified repo #213 of 299
iza-os-quality-assurance-bot,✅ Quality Assurance Bot - Automated testing and quality control,Gear,,,,,,https://github.com/Worldwidebro/iza-os-quality-assurance-bot,,,,UNCLASSIFIED-REPOS-FOR-CATEGORIZATION-V2.csv,medium,Unclassified repo #214 of 299
iza-os-recommendation-engine,🎯 Recommendation Engine - AI recommendations,Gear,,,,,,https://github.com/Worldwidebro/iza-os-recommendation-engine,,,,UNCLASSIFIED-REPOS-FOR-CATEGORIZATION-V2.csv,medium,Unclassified repo #215 of 299
iza-os-revenue,IZA OS: Revenue tracking and optimization module,Gear,,,,,,https://github.com/Worldwidebro/iza-os-revenue,,,,UNCLASSIFIED-REPOS-FOR-CATEGORIZATION-V2.csv,medium,Unclassified repo #216 of 299
iza-os-sales-automation-alerting-bot,🤖 Sales Automation Bot - Alerting automation and intelligence,Gear,,,,,,https://github.com/Worldwidebro/iza-os-sales-automation-alerting-bot,,,,UNCLASSIFIED-REPOS-FOR-CATEGORIZATION-V2.csv,medium,Unclassified repo #217 of 299
iza-os-sales-automation-analytics-bot,🤖 Sales Automation Bot - Analytics automation and intelligence,Gear,,,,,,https://github.com/Worldwidebro/iza-os-sales-automation-analytics-bot,,,,UNCLASSIFIED-REPOS-FOR-CATEGORIZATION-V2.csv,medium,Unclassified repo #218 of 299
iza-os-sales-automation-automation-bot,🤖 Sales Automation Bot - Automation automation and intelligence,Gear,,,,,,https://github.com/Worldwidebro/iza-os-sales-automation-automation-bot,,,,UNCLASSIFIED-REPOS-FOR-CATEGORIZATION-V2.csv,medium,Unclassified repo #219 of 299
iza-os-sales-automation-compliance-bot,🤖 Sales Automation Bot - Compliance automation and intelligence,Gear,,,,,,https://github.com/Worldwidebro/iza-os-sales-automation-compliance-bot,,,,UNCLASSIFIED-REPOS-FOR-CATEGORIZATION-V2.csv,medium,Unclassified repo #220 of 299
iza-os-sales-automation-discovery-bot,🤖 Sales Automation Bot - Discovery automation and intelligence,Gear,,,,,,https://github.com/Worldwidebro/iza-os-sales-automation-discovery-bot,,,,UNCLASSIFIED-REPOS-FOR-CATEGORIZATION-V2.csv,medium,Unclassified repo #221 of 299
iza-os-sales-automation-integration-bot,🤖 Sales Automation Bot - Integration automation and intelligence,Gear,,,,,,https://github.com/Worldwidebro/iza-os-sales-automation-integration-bot,,,,UNCLASSIFIED-REPOS-FOR-CATEGORIZATION-V2.csv,medium,Unclassified repo #222 of 299
iza-os-sales-automation-intelligence-bot,🤖 Sales Automation Bot - Intelligence automation and intelligence,Gear,,,,,,https://github.com/Worldwidebro/iza-os-sales-automation-intelligence-bot,,,,UNCLASSIFIED-REPOS-FOR-CATEGORIZATION-V2.csv,medium,Unclassified repo #223 of 299
iza-os-sales-automation-management-bot,🤖 Sales Automation Bot - Management automation and intelligence,Gear,,,,,,https://github.com/Worldwidebro/iza-os-sales-automation-management-bot,,,,UNCLASSIFIED-REPOS-FOR-CATEGORIZATION-V2.csv,medium,Unclassified repo #224 of 299
iza-os-sales-automation-monitoring-bot,🤖 Sales Automation Bot - Monitoring automation and intelligence,Gear,,,,,,https://github.com/Worldwidebro/iza-os-sales-automation-monitoring-bot,,,,UNCLASSIFIED-REPOS-FOR-CATEGORIZATION-V2.csv,medium,Unclassified repo #225 of 299
iza-os-sales-automation-optimization-bot,🤖 Sales Automation Bot - Optimization automation and intelligence,Gear,,,,,,https://github.com/Worldwidebro/iza-os-sales-automation-optimization-bot,,,,UNCLASSIFIED-REPOS-FOR-CATEGORIZATION-V2.csv,medium,Unclassified repo #226 of 299
iza-os-sales-automation-orchestration-bot,🤖 Sales Automation Bot - Orchestration automation and intelligence,Gear,,,,,,https://github.com/Worldwidebro/iza-os-sales-automation-orchestration-bot,,,,UNCLASSIFIED-REPOS-FOR-CATEGORIZATION-V2.csv,medium,Unclassified repo #227 of 299
iza-os-sales-automation-processing-bot,🤖 Sales Automation Bot - Processing automation and intelligence,Gear,,,,,,https://github.com/Worldwidebro/iza-os-sales-automation-processing-bot,,,,UNCLASSIFIED-REPOS-FOR-CATEGORIZATION-V2.csv,medium,Unclassified repo #228 of 299
iza-os-sales-automation-reporting-bot,🤖 Sales Automation Bot - Reporting automation and intelligence,Gear,,,,,,https://github.com/Worldwidebro/iza-os-sales-automation-reporting-bot,,,,UNCLASSIFIED-REPOS-FOR-CATEGORIZATION-V2.csv,medium,Unclassified repo #229 of 299
iza-os-sales-automation-security-bot,🤖 Sales Automation Bot - Security automation and intelligence,Gear,,,,,,https://github.com/Worldwidebro/iza-os-sales-automation-security-bot,,,,UNCLASSIFIED-REPOS-FOR-CATEGORIZATION-V2.csv,medium,Unclassified repo #230 of 299
iza-os-sales-automation-synthesis-bot,🤖 Sales Automation Bot - Synthesis automation and intelligence,Gear,,,,,,https://github.com/Worldwidebro/iza-os-sales-automation-synthesis-bot,,,,UNCLASSIFIED-REPOS-FOR-CATEGORIZATION-V2.csv,medium,Unclassified repo #231 of 299
iza-os-sales-core,"💰 Unified Sales Platform - Pipeline, CRM, Automation, Performance, Revenue Optimization",Gear,,,,,,https://github.com/Worldwidebro/iza-os-sales-core,,,,UNCLASSIFIED-REPOS-FOR-CATEGORIZATION-V2.csv,medium,Unclassified repo #232 of 299
iza-os-security,IZA OS: iza-os-security,Gear,,,,,,https://github.com/Worldwidebro/iza-os-security,,,,UNCLASSIFIED-REPOS-FOR-CATEGORIZATION-V2.csv,medium,Unclassified repo #233 of 299
iza-os-security-compliance-bot,🛡️ Security Compliance Bot - Automated security compliance monitoring,Gear,,,,,,https://github.com/Worldwidebro/iza-os-security-compliance-bot,,,,UNCLASSIFIED-REPOS-FOR-CATEGORIZATION-V2.csv,medium,Unclassified repo #234 of 299
iza-os-semantic-search,🔍 Semantic Search - AI-powered search,Gear,,,,,,https://github.com/Worldwidebro/iza-os-semantic-search,,,,UNCLASSIFIED-REPOS-FOR-CATEGORIZATION-V2.csv,medium,Unclassified repo #235 of 299
iza-os-smart-contracts,Smart contracts platform for billionaire consciousness empire,Gear,,,,,,https://github.com/Worldwidebro/iza-os-smart-contracts,,,,UNCLASSIFIED-REPOS-FOR-CATEGORIZATION-V2.csv,medium,Unclassified repo #236 of 299
iza-os-specs,Enhanced AI Orchestrator - The operating system for an autonomous venture studio,Gear,,,,,,https://github.com/Worldwidebro/iza-os-specs,,,,UNCLASSIFIED-REPOS-FOR-CATEGORIZATION-V2.csv,medium,Unclassified repo #237 of 299
iza-os-speech-processing,🎤 Speech Processing - Audio analysis and synthesis,Gear,,,,,,https://github.com/Worldwidebro/iza-os-speech-processing,,,,UNCLASSIFIED-REPOS-FOR-CATEGORIZATION-V2.csv,medium,Unclassified repo #238 of 299
iza-os-templates,IZA OS: iza-os-templates,Gear,,,,,,https://github.com/Worldwidebro/iza-os-templates,,,,UNCLASSIFIED-REPOS-FOR-CATEGORIZATION-V2.csv,medium,Unclassified repo #239 of 299
iza-os-third-party-apis,Third-party APIs platform for billionaire consciousness empire,Gear,,,,,,https://github.com/Worldwidebro/iza-os-third-party-apis,,,,UNCLASSIFIED-REPOS-FOR-CATEGORIZATION-V2.csv,medium,Unclassified repo #240 of 299
iza-os-tree-of-life,"Iza OS scaffold — the source of truth for all machines, MCP servers, agents, ventures, and skills",Gear,,,,,,https://github.com/Worldwidebro/iza-os-tree-of-life,,,,UNCLASSIFIED-REPOS-FOR-CATEGORIZATION-V2.csv,medium,Unclassified repo #241 of 299
iza-os-vector-database,🔢 Vector Database - Vector storage and retrieval,Gear,,,,,,https://github.com/Worldwidebro/iza-os-vector-database,,,,UNCLASSIFIED-REPOS-FOR-CATEGORIZATION-V2.csv,medium,Unclassified repo #242 of 299
iza-os-web,IZA OS: iza-os-web,Gear,,,,,,https://github.com/Worldwidebro/iza-os-web,,,,UNCLASSIFIED-REPOS-FOR-CATEGORIZATION-V2.csv,medium,Unclassified repo #243 of 299
iza-os-web3-integration,Web3 integration platform for billionaire consciousness empire,Gear,,,,,,https://github.com/Worldwidebro/iza-os-web3-integration,,,,UNCLASSIFIED-REPOS-FOR-CATEGORIZATION-V2.csv,medium,Unclassified repo #244 of 299
iza-os-workflow-integration,Workflow integration platform for billionaire consciousness empire,Gear,,,,,,https://github.com/Worldwidebro/iza-os-workflow-integration,,,,UNCLASSIFIED-REPOS-FOR-CATEGORIZATION-V2.csv,medium,Unclassified repo #245 of 299
maps,"Ecosystem mapping, cartography system, licensing, and capital management",Gear,,,,,,https://github.com/Worldwidebro/maps,,,,UNCLASSIFIED-REPOS-FOR-CATEGORIZATION-V2.csv,medium,Unclassified repo #246 of 299
media-empire-platform,Media and content creation platform for billionaire consciousness empire,Gear,,,,,,https://github.com/Worldwidebro/media-empire-platform,,,,UNCLASSIFIED-REPOS-FOR-CATEGORIZATION-V2.csv,medium,Unclassified repo #247 of 299
mobile-access-manager,Complete mobile optimization system for autonomous venture studio,Gear,,,,,,https://github.com/Worldwidebro/mobile-access-manager,,,,UNCLASSIFIED-REPOS-FOR-CATEGORIZATION-V2.csv,medium,Unclassified repo #248 of 299
nexus-ai-enterprise-platform,"Production-ready enterprise AI platform integrating ROMA hierarchical agents, Dria distributed network, and advanced ETL pipelines for Fortune 500 companies. Features microservices architecture, real-time monitoring, enterprise security, and multi-cloud deployment capabilities.",Gear,,,,,,https://github.com/Worldwidebro/nexus-ai-enterprise-platform,,,,UNCLASSIFIED-REPOS-FOR-CATEGORIZATION-V2.csv,medium,Unclassified repo #249 of 299
obsidian-vault,"Knowledge base with venture memory, graphs, and documentation",Gear,,,,,,https://github.com/Worldwidebro/obsidian-vault,,,,UNCLASSIFIED-REPOS-FOR-CATEGORIZATION-V2.csv,medium,Unclassified repo #250 of 299
op-001-venture-automation-agency,,Gear,,,,,,https://github.com/Worldwidebro/op-001-venture-automation-agency,,,,UNCLASSIFIED-REPOS-FOR-CATEGORIZATION-V2.csv,medium,Unclassified repo #251 of 299
op-002-template-marketplace,,Gear,,,,,,https://github.com/Worldwidebro/op-002-template-marketplace,,,,UNCLASSIFIED-REPOS-FOR-CATEGORIZATION-V2.csv,medium,Unclassified repo #252 of 299
op-003-agent-services-hub,,Gear,,,,,,https://github.com/Worldwidebro/op-003-agent-services-hub,,,,UNCLASSIFIED-REPOS-FOR-CATEGORIZATION-V2.csv,medium,Unclassified repo #253 of 299
partnership-network-management,Strategic partnerships management for billionaire consciousness empire,Gear,,,,,,https://github.com/Worldwidebro/partnership-network-management,,,,UNCLASSIFIED-REPOS-FOR-CATEGORIZATION-V2.csv,medium,Unclassified repo #254 of 299
quantum-brain-sync-website,Professional website for Quantum Brain Sync - AI research automation package,Gear,,,,,,https://github.com/Worldwidebro/quantum-brain-sync-website,,,,UNCLASSIFIED-REPOS-FOR-CATEGORIZATION-V2.csv,medium,Unclassified repo #255 of 299
repo-template,,Gear,,,,,,https://github.com/Worldwidebro/repo-template,,,,UNCLASSIFIED-REPOS-FOR-CATEGORIZATION-V2.csv,medium,Unclassified repo #256 of 299
research-lab-automation,Research and development automation for billionaire consciousness empire,Gear,,,,,,https://github.com/Worldwidebro/research-lab-automation,,,,UNCLASSIFIED-REPOS-FOR-CATEGORIZATION-V2.csv,medium,Unclassified repo #257 of 299
research-processing-pipeline,Advanced research analysis & knowledge management system,Gear,,,,,,https://github.com/Worldwidebro/research-processing-pipeline,,,,UNCLASSIFIED-REPOS-FOR-CATEGORIZATION-V2.csv,medium,Unclassified repo #258 of 299
revenue-multiplication-system,Revenue optimization system for billionaire consciousness empire,Gear,,,,,,https://github.com/Worldwidebro/revenue-multiplication-system,,,,UNCLASSIFIED-REPOS-FOR-CATEGORIZATION-V2.csv,medium,Unclassified repo #259 of 299
shared-kernels,"Civilization OS shared modules — intake forms, Stripe, auth, Supabase schema, dispatch logic. Every venture imports, never rebuilds.",Gear,,,,,,https://github.com/Worldwidebro/shared-kernels,,,,UNCLASSIFIED-REPOS-FOR-CATEGORIZATION-V2.csv,medium,Unclassified repo #260 of 299
sovereign-life,Sovereign Life - Complete system organization and agentic ecosystem,Gear,,,,,,https://github.com/Worldwidebro/sovereign-life,,,,UNCLASSIFIED-REPOS-FOR-CATEGORIZATION-V2.csv,medium,Unclassified repo #261 of 299
staff-001-venture-staffing,"Civilization OS: Staffing + HR + AI agent deployment for 749 ventures (human + AI workers, payroll)",Gear,,,,,,https://github.com/Worldwidebro/staff-001-venture-staffing,,,,UNCLASSIFIED-REPOS-FOR-CATEGORIZATION-V2.csv,medium,Unclassified repo #262 of 299
tax-company-2026,Civilization OS Venture: Tax preparation service,Gear,,,,,,https://github.com/Worldwidebro/tax-company-2026,,,,UNCLASSIFIED-REPOS-FOR-CATEGORIZATION-V2.csv,medium,Unclassified repo #263 of 299
unified-dashboard-system,Complete dashboard & monitoring system for autonomous venture studio,Gear,,,,,,https://github.com/Worldwidebro/unified-dashboard-system,,,,UNCLASSIFIED-REPOS-FOR-CATEGORIZATION-V2.csv,medium,Unclassified repo #264 of 299
up-next-marketplace,ARCHIVED → merged into bw-001-up-next-code,Gear,,,,,,https://github.com/Worldwidebro/up-next-marketplace,,,,UNCLASSIFIED-REPOS-FOR-CATEGORIZATION-V2.csv,medium,Unclassified repo #265 of 299
venture-contract-engine,Auto-generate complete contract packages for any Civilization OS venture,Gear,,,,,,https://github.com/Worldwidebro/venture-contract-engine,,,,UNCLASSIFIED-REPOS-FOR-CATEGORIZATION-V2.csv,medium,Unclassified repo #266 of 299
venture-studio-core,Venture creation platform for billionaire consciousness empire,Gear,,,,,,https://github.com/Worldwidebro/venture-studio-core,,,,UNCLASSIFIED-REPOS-FOR-CATEGORIZATION-V2.csv,medium,Unclassified repo #267 of 299
ventures,Sector-organized venture database with 800+ ventures across 22 sectors,Gear,,,,,,https://github.com/Worldwidebro/ventures,,,,UNCLASSIFIED-REPOS-FOR-CATEGORIZATION-V2.csv,medium,Unclassified repo #268 of 299
wealth-optimization-platform,Wealth management platform for billionaire consciousness empire,Gear,,,,,,https://github.com/Worldwidebro/wealth-optimization-platform,,,,UNCLASSIFIED-REPOS-FOR-CATEGORIZATION-V2.csv,medium,Unclassified repo #269 of 299
design-system,,Tool,,,,,,https://github.com/Worldwidebro/design-system,,,,UNCLASSIFIED-REPOS-FOR-CATEGORIZATION-V2.csv,medium,Unclassified repo #270 of 299
design-team,"Design system, brand guidelines, and 250+ prompts for venture studio",Tool,,,,,,https://github.com/Worldwidebro/design-team,,,,UNCLASSIFIED-REPOS-FOR-CATEGORIZATION-V2.csv,medium,Unclassified repo #271 of 299
legal-001-ai-boss-holdings,Civilization OS: Parent holding company (AI Boss Holdings LLC) - Owns all 749 ventures,Tool,,,,,,https://github.com/Worldwidebro/legal-001-ai-boss-holdings,,,,UNCLASSIFIED-REPOS-FOR-CATEGORIZATION-V2.csv,medium,Unclassified repo #272 of 299
legal-contract-templates,Universal contract templates for all Civilization OS ventures (749+ businesses),Tool,,,,,,https://github.com/Worldwidebro/legal-contract-templates,,,,UNCLASSIFIED-REPOS-FOR-CATEGORIZATION-V2.csv,medium,Unclassified repo #273 of 299
bw-001-contracts,ARCHIVED → merged into bw-001-up-next-business,Venture,,,,,,https://github.com/Worldwidebro/bw-001-contracts,,,,UNCLASSIFIED-REPOS-FOR-CATEGORIZATION-V2.csv,high,Unclassified repo #274 of 299
bw-001-up-next-business,"BW-001 Up Next: Client intake, contracts, pricing & project planning",Venture,,,,,,https://github.com/Worldwidebro/bw-001-up-next-business,,,,UNCLASSIFIED-REPOS-FOR-CATEGORIZATION-V2.csv,high,Unclassified repo #275 of 299
bw-001-up-next-code,"BW-001 Up Next: Monorepo - web app, mobile, backend (Appwrite + Supabase), AI, automation",Venture,,,,,,https://github.com/Worldwidebro/bw-001-up-next-code,,,,UNCLASSIFIED-REPOS-FOR-CATEGORIZATION-V2.csv,high,Unclassified repo #276 of 299
bw-001-up-next-web,ARCHIVED → merged into bw-001-up-next-code,Venture,,,,,,https://github.com/Worldwidebro/bw-001-up-next-web,,,,UNCLASSIFIED-REPOS-FOR-CATEGORIZATION-V2.csv,high,Unclassified repo #277 of 299
bw-007-lash-kits---tools,Civilization OS — BW-007-Lash-Kits-&-Tools,Venture,,,,,,https://github.com/Worldwidebro/bw-007-lash-kits---tools,,,,UNCLASSIFIED-REPOS-FOR-CATEGORIZATION-V2.csv,high,Unclassified repo #278 of 299
consciousness-deployment-system,Autonomous deployment system for billionaire consciousness empire,Venture,,,,,,https://github.com/Worldwidebro/consciousness-deployment-system,,,,UNCLASSIFIED-REPOS-FOR-CATEGORIZATION-V2.csv,high,Unclassified repo #279 of 299
consult-001-venture-consulting,"Civilization OS: Strategy + operations consulting for 749 ventures (growth, M&A, board advisory)",Venture,,,,,,https://github.com/Worldwidebro/consult-001-venture-consulting,,,,UNCLASSIFIED-REPOS-FOR-CATEGORIZATION-V2.csv,high,Unclassified repo #280 of 299
consulting-services-automation,Consulting and advisory automation for billionaire consciousness empire,Venture,,,,,,https://github.com/Worldwidebro/consulting-services-automation,,,,UNCLASSIFIED-REPOS-FOR-CATEGORIZATION-V2.csv,high,Unclassified repo #281 of 299
ec-003-hella-scars,EC-003: Hella Scars - Urban streetwear + edgy fragrances,Venture,,,,,,https://github.com/Worldwidebro/ec-003-hella-scars,,,,UNCLASSIFIED-REPOS-FOR-CATEGORIZATION-V2.csv,high,Unclassified repo #282 of 299
ec-004-godbody-luxuries,EC-004: GodBody Luxuries - Ultra-premium luxury fragrances,Venture,,,,,,https://github.com/Worldwidebro/ec-004-godbody-luxuries,,,,UNCLASSIFIED-REPOS-FOR-CATEGORIZATION-V2.csv,high,Unclassified repo #283 of 299
ec-005-nwa-products,"EC-005: NWA Products - General marketplace, all categories",Venture,,,,,,https://github.com/Worldwidebro/ec-005-nwa-products,,,,UNCLASSIFIED-REPOS-FOR-CATEGORIZATION-V2.csv,high,Unclassified repo #284 of 299
ec-111-tve-fragrance,,Venture,,,,,,https://github.com/Worldwidebro/ec-111-tve-fragrance,,,,UNCLASSIFIED-REPOS-FOR-CATEGORIZATION-V2.csv,high,Unclassified repo #285 of 299
education-platform-system,Educational services platform for billionaire consciousness empire,Venture,,,,,,https://github.com/Worldwidebro/education-platform-system,,,,UNCLASSIFIED-REPOS-FOR-CATEGORIZATION-V2.csv,high,Unclassified repo #286 of 299
et-003-content,Instructional content and course materials for SkillForge.,Venture,,,,,,https://github.com/Worldwidebro/et-003-content,,,,UNCLASSIFIED-REPOS-FOR-CATEGORIZATION-V2.csv,high,Unclassified repo #287 of 299
et-003-platform,Monorepo for the main SkillForge learning platform (frontend/backend).,Venture,,,,,,https://github.com/Worldwidebro/et-003-platform,,,,UNCLASSIFIED-REPOS-FOR-CATEGORIZATION-V2.csv,high,Unclassified repo #288 of 299
fh-014-cloud-kitchen,Civilization OS — FH-014-Cloud-Kitchen-,Venture,,,,,,https://github.com/Worldwidebro/fh-014-cloud-kitchen,,,,UNCLASSIFIED-REPOS-FOR-CATEGORIZATION-V2.csv,high,Unclassified repo #289 of 299
fh-023-bakery---pastry-shop,Civilization OS — FH-023-Bakery-&-Pastry-Shop,Venture,,,,,,https://github.com/Worldwidebro/fh-023-bakery---pastry-shop,,,,UNCLASSIFIED-REPOS-FOR-CATEGORIZATION-V2.csv,high,Unclassified repo #290 of 299
fin-033-legal-toolkit-ai,Civilization OS Venture: AI-powered legal toolkit,Venture,,,,,,https://github.com/Worldwidebro/fin-033-legal-toolkit-ai,,,,UNCLASSIFIED-REPOS-FOR-CATEGORIZATION-V2.csv,high,Unclassified repo #291 of 299
ft-001-api-gateway,API gateway for external services to interact with the QuantumLedger.,Venture,,,,,,https://github.com/Worldwidebro/ft-001-api-gateway,,,,UNCLASSIFIED-REPOS-FOR-CATEGORIZATION-V2.csv,high,Unclassified repo #292 of 299
ft-001-core-ledger,Core decentralized ledger and smart contract code for QuantumLedger.,Venture,,,,,,https://github.com/Worldwidebro/ft-001-core-ledger,,,,UNCLASSIFIED-REPOS-FOR-CATEGORIZATION-V2.csv,high,Unclassified repo #293 of 299
ft-001-docs,"Documentation, whitepapers, and technical specifications for QuantumLedger.",Venture,,,,,,https://github.com/Worldwidebro/ft-001-docs,,,,UNCLASSIFIED-REPOS-FOR-CATEGORIZATION-V2.csv,high,Unclassified repo #294 of 299
ht-004-data-api,Secure API for handling sensitive patient data for VitalSense.,Venture,,,,,,https://github.com/Worldwidebro/ht-004-data-api,,,,UNCLASSIFIED-REPOS-FOR-CATEGORIZATION-V2.csv,high,Unclassified repo #295 of 299
ht-004-firmware,Embedded software for the VitalSense wearable device.,Venture,,,,,,https://github.com/Worldwidebro/ht-004-firmware,,,,UNCLASSIFIED-REPOS-FOR-CATEGORIZATION-V2.csv,high,Unclassified repo #296 of 299
ht-004-mobile-app,Mobile application (iOS/Android) for VitalSense data visualization.,Venture,,,,,,https://github.com/Worldwidebro/ht-004-mobile-app,,,,UNCLASSIFIED-REPOS-FOR-CATEGORIZATION-V2.csv,high,Unclassified repo #297 of 299
mcp-integration-hub,Model Context Protocol servers & integration system,Venture,,,,,,https://github.com/Worldwidebro/mcp-integration-hub,,,,UNCLASSIFIED-REPOS-FOR-CATEGORIZATION-V2.csv,high,Unclassified repo #298 of 299
tech-ventures-portfolio,Technology venture portfolio management for billionaire consciousness empire,Venture,,,,,,https://github.com/Worldwidebro/tech-ventures-portfolio,,,,UNCLASSIFIED-REPOS-FOR-CATEGORIZATION-V2.csv,high,Unclassified repo #299 of 299