ID,Name,Sector,Stage,GitHub URL,GitHub Pages URL,Repo Match
null,Genixbank Lite,Financial,planned,https://github.com/Worldwidebro/fin-001-genixbank-lite,https://worldwidebro.github.io/genixbank-lite/,fin-001-genixbank-lite
null,Credit Repair Automation,Financial,planned,https://github.com/Worldwidebro/fin-002-credit-repair-automation,https://worldwidebro.github.io/credit-repair-automation/,fin-002-credit-repair-automation
null,Ai Boss Hub Lite,Financial,planned,https://github.com/Worldwidebro/fin-003-ai-boss-hub-lite,https://worldwidebro.github.io/ai-boss-hub-lite/,fin-003-ai-boss-hub-lite
null,Genixbanks Ai Treasurer,Financial,planned,https://github.com/Worldwidebro/fin-004-genixbanks-ai-treasurer,https://worldwidebro.github.io/genixbanks-ai-treasurer/,fin-004-genixbanks-ai-treasurer
null,U Haul Rental Affiliate,Financial,planned,https://github.com/Worldwidebro/fin-005-u-haul-rental-affiliate,https://worldwidebro.github.io/u-haul-rental-affiliate/,fin-005-u-haul-rental-affiliate
null,Tax Prep Filing Services,Financial,planned,https://github.com/Worldwidebro/fin-006-tax-prep-filing-services,https://worldwidebro.github.io/tax-prep-filing-services/,fin-006-tax-prep-filing-services
null,Business Credit Building,Financial,planned,https://github.com/Worldwidebro/fin-007-business-credit-building,https://worldwidebro.github.io/business-credit-building/,fin-007-business-credit-building
null,Business Formation Services,Financial,planned,https://github.com/Worldwidebro/fin-008-business-formation-services,https://worldwidebro.github.io/business-formation-services/,fin-008-business-formation-services
null,Crypto Tax Optimizer,Financial,planned,https://github.com/Worldwidebro/fin-009-crypto-tax-optimizer,https://worldwidebro.github.io/crypto-tax-optimizer/,fin-009-crypto-tax-optimizer
null,Ai Powered Garbage Collection,Financial,planned,https://github.com/Worldwidebro/fin-010-ai-powered-garbage-collection,https://worldwidebro.github.io/ai-powered-garbage-collection/,fin-010-ai-powered-garbage-collection
null,Automated Bookkeeping,Financial,planned,https://github.com/Worldwidebro/fin-011-automated-bookkeeping,https://worldwidebro.github.io/automated-bookkeeping/,fin-011-automated-bookkeeping
null,Invoice Factoring Ai,Financial,planned,https://github.com/Worldwidebro/fin-012-invoice-factoring-ai,https://worldwidebro.github.io/invoice-factoring-ai/,fin-012-invoice-factoring-ai
null,Charity Donation Ai,Financial,planned,https://github.com/Worldwidebro/fin-013-charity-donation-ai,https://worldwidebro.github.io/charity-donation-ai/,fin-013-charity-donation-ai
null,Expense Tracker Ai,Financial,planned,https://github.com/Worldwidebro/fin-014-expense-tracker-ai,https://worldwidebro.github.io/expense-tracker-ai/,fin-014-expense-tracker-ai
null,Financial Wellness Coach,Financial,planned,https://github.com/Worldwidebro/fin-015-financial-wellness-coach,https://worldwidebro.github.io/financial-wellness-coach/,fin-015-financial-wellness-coach
null,Trade Finance Ai,Financial,planned,https://github.com/Worldwidebro/fin-016-trade-finance-ai,https://worldwidebro.github.io/trade-finance-ai/,fin-016-trade-finance-ai
null,Remittance Ai,Financial,planned,https://github.com/Worldwidebro/fin-017-remittance-ai,https://worldwidebro.github.io/remittance-ai/,fin-017-remittance-ai
null,Wealth Transfer Ai,Financial,planned,https://github.com/Worldwidebro/fin-018-wealth-transfer-ai,https://worldwidebro.github.io/wealth-transfer-ai/,fin-018-wealth-transfer-ai
null,Payment Gateway Ai,Financial,planned,https://github.com/Worldwidebro/fin-019-payment-gateway-ai,https://worldwidebro.github.io/payment-gateway-ai/,fin-019-payment-gateway-ai
null,Debt Consolidation Ai,Financial,planned,https://github.com/Worldwidebro/fin-020-debt-consolidation-ai,https://worldwidebro.github.io/debt-consolidation-ai/,fin-020-debt-consolidation-ai
null,Tax Deduction Finder,Financial,planned,https://github.com/Worldwidebro/fin-021-tax-deduction-finder,https://worldwidebro.github.io/tax-deduction-finder/,fin-021-tax-deduction-finder
null,Budget Forecasting Ai,Financial,planned,https://github.com/Worldwidebro/fin-022-budget-forecasting-ai,https://worldwidebro.github.io/budget-forecasting-ai/,fin-022-budget-forecasting-ai
null,Investment Portfolio Ai,Financial,planned,https://github.com/Worldwidebro/fin-023-investment-portfolio-ai,https://worldwidebro.github.io/investment-portfolio-ai/,fin-023-investment-portfolio-ai
null,Crowdfunding Ai,Financial,planned,https://github.com/Worldwidebro/fin-024-crowdfunding-ai,https://worldwidebro.github.io/crowdfunding-ai/,fin-024-crowdfunding-ai
null,Escrow Automation,Financial,planned,https://github.com/Worldwidebro/fin-025-escrow-automation,https://worldwidebro.github.io/escrow-automation/,fin-025-escrow-automation
null,Financial Compliance Scanner,Financial,planned,https://github.com/Worldwidebro/fin-026-financial-compliance-scanner,https://worldwidebro.github.io/financial-compliance-scanner/,fin-026-financial-compliance-scanner
null,Patent Writer Ai,Financial,planned,https://github.com/Worldwidebro/fin-027-patent-writer-ai,https://worldwidebro.github.io/patent-writer-ai/,fin-027-patent-writer-ai
null,Legal Analyzer Ai,Financial,planned,https://github.com/Worldwidebro/fin-028-legal-analyzer-ai,https://worldwidebro.github.io/legal-analyzer-ai/,fin-028-legal-analyzer-ai
null,Compliance Wallet Saas,Financial,planned,https://github.com/Worldwidebro/fin-029-compliance-wallet-saas,https://worldwidebro.github.io/compliance-wallet-saas/,fin-029-compliance-wallet-saas
null,Local Seo Ranker Ai,Financial,planned,https://github.com/Worldwidebro/fin-030-local-seo-ranker-ai,https://worldwidebro.github.io/local-seo-ranker-ai/,fin-030-local-seo-ranker-ai
null,Investor Dashboard Builder,Financial,planned,https://github.com/Worldwidebro/fin-031-investor-dashboard-builder,https://worldwidebro.github.io/investor-dashboard-builder/,fin-031-investor-dashboard-builder
null,Legal Toolkit Ai,Financial,planned,https://github.com/Worldwidebro/fin-032-legal-toolkit-ai,https://worldwidebro.github.io/legal-toolkit-ai/,fin-032-legal-toolkit-ai
null,Ai Tax Preparation Service,Financial,planned,https://github.com/Worldwidebro/fin-033-ai-tax-preparation-service,https://worldwidebro.github.io/ai-tax-preparation-service/,fin-033-ai-tax-preparation-service
null,Payroll Automation,Financial,planned,https://github.com/Worldwidebro/fin-034-payroll-automation,https://worldwidebro.github.io/payroll-automation/,fin-034-payroll-automation
null,Insurance Underwriting Ai,Financial,planned,https://github.com/Worldwidebro/fin-035-insurance-underwriting-ai,https://worldwidebro.github.io/insurance-underwriting-ai/,fin-035-insurance-underwriting-ai
null,Arbitrage Nexus Platform,Financial,growth,https://github.com/Worldwidebro/fin-036-arbitrage-nexus-platform,https://worldwidebro.github.io/arbitrage-nexus-platform/,fin-036-arbitrage-nexus-platform
null,Lash Extension Studio,Beauty Wellness,validation,https://github.com/Worldwidebro/bw-001-lash-extension-studio,https://worldwidebro.github.io/lash-extension-studio/,bw-001-lash-extension-studio
null,Mobile Lash Service,Beauty Wellness,mvp,https://github.com/Worldwidebro/bw-002-mobile-lash-service,https://worldwidebro.github.io/mobile-lash-service/,bw-002-mobile-lash-service
null,Luxury Lash Bar,Beauty Wellness,validation,https://github.com/Worldwidebro/bw-003-luxury-lash-bar,https://worldwidebro.github.io/luxury-lash-bar/,bw-003-luxury-lash-bar
null,Lash Training Academy,Beauty Wellness,validation,https://github.com/Worldwidebro/bw-004-lash-training-academy,https://worldwidebro.github.io/lash-training-academy/,bw-004-lash-training-academy
null,Lash Supply Company,Beauty Wellness,mvp,https://github.com/Worldwidebro/bw-005-lash-supply-company,https://worldwidebro.github.io/lash-supply-company/,bw-005-lash-supply-company
null,Lash Glue Brand,Beauty Wellness,validation,https://github.com/Worldwidebro/bw-006-lash-glue-brand,https://worldwidebro.github.io/lash-glue-brand/,bw-006-lash-glue-brand
null,Lash Kits & Tools,Beauty Wellness,mvp,https://github.com/zquestz/s,https://worldwidebro.github.io/lash-kits-and-tools/,s
null,Private Label Lashes,Beauty Wellness,planned,https://github.com/Worldwidebro/bw-008-private-label-lashes,https://worldwidebro.github.io/private-label-lashes/,bw-008-private-label-lashes
null,Franchise Lash Salons,Beauty Wellness,planned,https://github.com/Worldwidebro/bw-009-franchise-lash-salons,https://worldwidebro.github.io/franchise-lash-salons/,bw-009-franchise-lash-salons
null,Online Lash Education,Beauty Wellness,mvp,https://github.com/Worldwidebro/bw-010-online-lash-education,https://worldwidebro.github.io/online-lash-education/,bw-010-online-lash-education
null,Nail Salon,Beauty Wellness,validation,https://github.com/Worldwidebro/bw-011-nail-salon,https://worldwidebro.github.io/nail-salon/,bw-011-nail-salon
null,Mobile Nail Tech,Beauty Wellness,mvp,https://github.com/Worldwidebro/bw-012-mobile-nail-tech,https://worldwidebro.github.io/mobile-nail-tech/,bw-012-mobile-nail-tech
null,Luxury Nail Spa,Beauty Wellness,validation,https://github.com/Worldwidebro/bw-013-luxury-nail-spa,https://worldwidebro.github.io/luxury-nail-spa/,bw-013-luxury-nail-spa
null,Press On Nail Brand,Beauty Wellness,mvp,https://github.com/Worldwidebro/bw-014-press-on-nail-brand,https://worldwidebro.github.io/press-on-nail-brand/,bw-014-press-on-nail-brand
null,Nail Art Studio,Beauty Wellness,validation,https://github.com/Worldwidebro/bw-015-nail-art-studio,https://worldwidebro.github.io/nail-art-studio/,bw-015-nail-art-studio
null,Nail Polish Brand,Beauty Wellness,mvp,https://github.com/Worldwidebro/bw-016-nail-polish-brand,https://worldwidebro.github.io/nail-polish-brand/,bw-016-nail-polish-brand
null,Nail Care Products,Beauty Wellness,mvp,https://github.com/Worldwidebro/bw-017-nail-care-products,https://worldwidebro.github.io/nail-care-products/,bw-017-nail-care-products
null,Nail Booking Marketplace,Beauty Wellness,planned,https://github.com/Worldwidebro/bw-018-nail-booking-marketplace,https://worldwidebro.github.io/nail-booking-marketplace/,bw-018-nail-booking-marketplace
null,Salon Management Software,Beauty Wellness,planned,https://github.com/Worldwidebro/bw-019-salon-management-software,https://worldwidebro.github.io/salon-management-software/,bw-019-salon-management-software
null,Ai Nail Design Generator,Beauty Wellness,planned,https://github.com/Worldwidebro/bw-020-ai-nail-design-generator,https://worldwidebro.github.io/ai-nail-design-generator/,bw-020-ai-nail-design-generator
null,Hair Salon,Beauty Wellness,validation,https://github.com/Worldwidebro/bw-021-hair-salon,https://worldwidebro.github.io/hair-salon/,bw-021-hair-salon
null,Barbershop,Beauty Wellness,validation,https://github.com/Worldwidebro/bw-022-barbershop,https://worldwidebro.github.io/barbershop/,bw-022-barbershop
null,Mobile Hairstyling,Beauty Wellness,mvp,https://github.com/Worldwidebro/bw-023-mobile-hairstyling,https://worldwidebro.github.io/mobile-hairstyling/,bw-023-mobile-hairstyling
null,Hair Braiding Studio,Beauty Wellness,validation,https://github.com/Worldwidebro/bw-024-hair-braiding-studio,https://worldwidebro.github.io/hair-braiding-studio/,bw-024-hair-braiding-studio
null,Wig Installation Studio,Beauty Wellness,validation,https://github.com/Worldwidebro/bw-025-wig-installation-studio,https://worldwidebro.github.io/wig-installation-studio/,bw-025-wig-installation-studio
null,Hair Extension Salon,Beauty Wellness,validation,https://github.com/Worldwidebro/bw-026-hair-extension-salon,https://worldwidebro.github.io/hair-extension-salon/,bw-026-hair-extension-salon
null,Hair Care Line,Beauty Wellness,mvp,https://github.com/Worldwidebro/bw-027-hair-care-line,https://worldwidebro.github.io/hair-care-line/,bw-027-hair-care-line
null,Wig Brand,Beauty Wellness,mvp,https://github.com/Worldwidebro/bw-028-wig-brand,https://worldwidebro.github.io/wig-brand/,bw-028-wig-brand
null,Hair Extensions Brand,Beauty Wellness,mvp,https://github.com/Worldwidebro/bw-029-hair-extensions-brand,https://worldwidebro.github.io/hair-extensions-brand/,bw-029-hair-extensions-brand
null,Scalp Treatment Products,Beauty Wellness,validation,https://github.com/Worldwidebro/bw-030-scalp-treatment-products,https://worldwidebro.github.io/scalp-treatment-products/,bw-030-scalp-treatment-products
null,Hair Marketplace,Beauty Wellness,planned,https://github.com/Worldwidebro/bw-031-hair-marketplace,https://worldwidebro.github.io/hair-marketplace/,bw-031-hair-marketplace
null,Stylist Booking Platform,Beauty Wellness,planned,https://github.com/Worldwidebro/bw-032-stylist-booking-platform,https://worldwidebro.github.io/stylist-booking-platform/,bw-032-stylist-booking-platform
null,Ai Hairstyle Simulator,Beauty Wellness,planned,https://github.com/Worldwidebro/bw-033-ai-hairstyle-simulator,https://worldwidebro.github.io/ai-hairstyle-simulator/,bw-033-ai-hairstyle-simulator
null,Salon Franchise Chain,Beauty Wellness,planned,https://github.com/Worldwidebro/bw-034-salon-franchise-chain,https://worldwidebro.github.io/salon-franchise-chain/,bw-034-salon-franchise-chain
null,Makeup Studio,Beauty Wellness,validation,https://github.com/Worldwidebro/bw-035-makeup-studio,https://worldwidebro.github.io/makeup-studio/,bw-035-makeup-studio
null,Bridal Makeup Service,Beauty Wellness,mvp,https://github.com/Worldwidebro/bw-036-bridal-makeup-service,https://worldwidebro.github.io/bridal-makeup-service/,bw-036-bridal-makeup-service
null,Mobile Makeup Artist,Beauty Wellness,mvp,https://github.com/Worldwidebro/bw-037-mobile-makeup-artist,https://worldwidebro.github.io/mobile-makeup-artist/,bw-037-mobile-makeup-artist
null,Photoshoot Makeup Team,Beauty Wellness,validation,https://github.com/Worldwidebro/bw-038-photoshoot-makeup-team,https://worldwidebro.github.io/photoshoot-makeup-team/,bw-038-photoshoot-makeup-team
null,Cosmetics Brand,Beauty Wellness,mvp,https://github.com/Worldwidebro/bw-039-cosmetics-brand,https://worldwidebro.github.io/cosmetics-brand/,bw-039-cosmetics-brand
null,Beauty Tools Brand,Beauty Wellness,mvp,https://github.com/Worldwidebro/bw-040-beauty-tools-brand,https://worldwidebro.github.io/beauty-tools-brand/,bw-040-beauty-tools-brand
null,Personal Chef Service,Hospitality,mvp,https://github.com/Worldwidebro/fh-001-personal-chef-service,https://worldwidebro.github.io/personal-chef-service/,fh-001-personal-chef-service
null,Meal Prep Delivery,Hospitality,mvp,https://github.com/Worldwidebro/fh-002-meal-prep-delivery,https://worldwidebro.github.io/meal-prep-delivery/,fh-002-meal-prep-delivery
null,Private Dinner Experiences,Hospitality,validation,https://github.com/Worldwidebro/fh-003-private-dinner-experiences,https://worldwidebro.github.io/private-dinner-experiences/,fh-003-private-dinner-experiences
null,Catering Company,Hospitality,validation,https://github.com/Worldwidebro/fh-004-catering-company,https://worldwidebro.github.io/catering-company/,fh-004-catering-company
null,Corporate Lunch Service,Hospitality,mvp,https://github.com/Worldwidebro/fh-005-corporate-lunch-service,https://worldwidebro.github.io/corporate-lunch-service/,fh-005-corporate-lunch-service
null,Healthy Meal Prep For Gyms,Hospitality,mvp,https://github.com/Worldwidebro/fh-006-healthy-meal-prep-for-gyms,https://worldwidebro.github.io/healthy-meal-prep-for-gyms/,fh-006-healthy-meal-prep-for-gyms
null,Elderly Meal Service,Hospitality,validation,https://github.com/Worldwidebro/fh-007-elderly-meal-service,https://worldwidebro.github.io/elderly-meal-service/,fh-007-elderly-meal-service
null,Athlete Nutrition Service,Hospitality,mvp,https://github.com/Worldwidebro/fh-008-athlete-nutrition-service,https://worldwidebro.github.io/athlete-nutrition-service/,fh-008-athlete-nutrition-service
null,Packaged Food Brand,Hospitality,validation,https://github.com/Worldwidebro/fh-009-packaged-food-brand,https://worldwidebro.github.io/packaged-food-brand/,fh-009-packaged-food-brand
null,Frozen Meals Company,Hospitality,validation,https://github.com/Worldwidebro/fh-010-frozen-meals-company,https://worldwidebro.github.io/frozen-meals-company/,fh-010-frozen-meals-company
null,Sauce Or Seasoning Brand,Hospitality,mvp,https://github.com/Worldwidebro/fh-011-sauce-or-seasoning-brand,https://worldwidebro.github.io/sauce-or-seasoning-brand/,fh-011-sauce-or-seasoning-brand
null,Protein Snacks Brand,Hospitality,mvp,https://github.com/Worldwidebro/fh-012-protein-snacks-brand,https://worldwidebro.github.io/protein-snacks-brand/,fh-012-protein-snacks-brand
null,Meal Kit Company,Hospitality,validation,https://github.com/Worldwidebro/fh-013-meal-kit-company,https://worldwidebro.github.io/meal-kit-company/,fh-013-meal-kit-company
null,Cloud Kitchen ,Hospitality,planned,https://github.com/Worldwidebro/fh-014-cloud-kitchen-,https://worldwidebro.github.io/cloud-kitchen-/,fh-014-cloud-kitchen-
null,Ai Nutrition Planner,Hospitality,planned,https://github.com/Worldwidebro/fh-015-ai-nutrition-planner,https://worldwidebro.github.io/ai-nutrition-planner/,fh-015-ai-nutrition-planner
null,Recipe App,Hospitality,mvp,https://github.com/Worldwidebro/fh-016-recipe-app,https://worldwidebro.github.io/recipe-app/,fh-016-recipe-app
null,Cooking Content Brand,Hospitality,mvp,https://github.com/Worldwidebro/fh-017-cooking-content-brand,https://worldwidebro.github.io/cooking-content-brand/,fh-017-cooking-content-brand
null,Food Influencer Brand,Hospitality,mvp,https://github.com/Worldwidebro/fh-018-food-influencer-brand,https://worldwidebro.github.io/food-influencer-brand/,fh-018-food-influencer-brand
null,Cooking Course Platform,Hospitality,mvp,https://github.com/Worldwidebro/fh-019-cooking-course-platform,https://worldwidebro.github.io/cooking-course-platform/,fh-019-cooking-course-platform
null,Restaurant Pos System,Hospitality,planned,https://github.com/Worldwidebro/fh-020-restaurant-pos-system,https://worldwidebro.github.io/restaurant-pos-system/,fh-020-restaurant-pos-system
null,Food Truck Business,Hospitality,validation,https://github.com/Worldwidebro/fh-021-food-truck-business,https://worldwidebro.github.io/food-truck-business/,fh-021-food-truck-business
null,Specialty Coffee Shop,Hospitality,validation,https://github.com/Worldwidebro/fh-022-specialty-coffee-shop,https://worldwidebro.github.io/specialty-coffee-shop/,fh-022-specialty-coffee-shop
null,Bakery & Pastry Shop,Hospitality,validation,https://github.com/zquestz/s,https://worldwidebro.github.io/bakery-and-pastry-shop/,s
null,Juice Bar,Hospitality,mvp,https://github.com/Worldwidebro/fh-024-juice-bar,https://worldwidebro.github.io/juice-bar/,fh-024-juice-bar
null,Ice Cream Shop,Hospitality,validation,https://github.com/Worldwidebro/fh-025-ice-cream-shop,https://worldwidebro.github.io/ice-cream-shop/,fh-025-ice-cream-shop
null,Gourmet Food Market,Hospitality,validation,https://github.com/Worldwidebro/fh-026-gourmet-food-market,https://worldwidebro.github.io/gourmet-food-market/,fh-026-gourmet-food-market
null,Food Delivery Platform,Hospitality,planned,https://github.com/Worldwidebro/fh-027-food-delivery-platform,https://worldwidebro.github.io/food-delivery-platform/,fh-027-food-delivery-platform
null,Restaurant Management Saas,Hospitality,planned,https://github.com/Worldwidebro/fh-028-restaurant-management-saas,https://worldwidebro.github.io/restaurant-management-saas/,fh-028-restaurant-management-saas
null,Food Quality Testing Lab,Hospitality,planned,https://github.com/Worldwidebro/fh-029-food-quality-testing-lab,https://worldwidebro.github.io/food-quality-testing-lab/,fh-029-food-quality-testing-lab
null,Organic Food Brand,Hospitality,mvp,https://github.com/Worldwidebro/fh-030-organic-food-brand,https://worldwidebro.github.io/organic-food-brand/,fh-030-organic-food-brand
null,Vegan Food Company,Hospitality,mvp,https://github.com/Worldwidebro/fh-031-vegan-food-company,https://worldwidebro.github.io/vegan-food-company/,fh-031-vegan-food-company
null,Keto Meal Service,Hospitality,mvp,https://github.com/Worldwidebro/fh-032-keto-meal-service,https://worldwidebro.github.io/keto-meal-service/,fh-032-keto-meal-service
null,Food Photography Service,Hospitality,mvp,https://github.com/Worldwidebro/fh-033-food-photography-service,https://worldwidebro.github.io/food-photography-service/,fh-033-food-photography-service
null,Restaurant Consulting,Hospitality,mvp,https://github.com/Worldwidebro/fh-034-restaurant-consulting,https://worldwidebro.github.io/restaurant-consulting/,fh-034-restaurant-consulting
null,Food Safety Training,Hospitality,validation,https://github.com/Worldwidebro/fh-035-food-safety-training,https://worldwidebro.github.io/food-safety-training/,fh-035-food-safety-training
null,Gym,Staffing,validation,https://github.com/Worldwidebro/fh-006-healthy-meal-prep-for-gyms,https://worldwidebro.github.io/gym/,fh-006-healthy-meal-prep-for-gyms
null,Boutique Fitness Studio,Staffing,validation,https://github.com/Worldwidebro/fs-002-boutique-fitness-studio,https://worldwidebro.github.io/boutique-fitness-studio/,fs-002-boutique-fitness-studio
null,Personal Training Studio,Staffing,mvp,https://github.com/Worldwidebro/fs-003-personal-training-studio,https://worldwidebro.github.io/personal-training-studio/,fs-003-personal-training-studio
null,Women Only Gym,Staffing,validation,https://github.com/Worldwidebro/fs-004-women-only-gym,https://worldwidebro.github.io/women-only-gym/,fs-004-women-only-gym
null,Boxing Gym,Staffing,validation,https://github.com/Worldwidebro/fs-005-boxing-gym,https://worldwidebro.github.io/boxing-gym/,fs-005-boxing-gym
null,Crossfit Gym,Staffing,validation,https://github.com/Worldwidebro/fs-006-crossfit-gym,https://worldwidebro.github.io/crossfit-gym/,fs-006-crossfit-gym
null,Luxury Fitness Club,Staffing,planned,https://github.com/Worldwidebro/fs-007-luxury-fitness-club,https://worldwidebro.github.io/luxury-fitness-club/,fs-007-luxury-fitness-club
null,Online Coaching,Staffing,mvp,https://github.com/Worldwidebro/fs-008-online-coaching,https://worldwidebro.github.io/online-coaching/,fs-008-online-coaching
null,Personal Trainer Business,Staffing,mvp,https://github.com/Worldwidebro/fs-009-personal-trainer-business,https://worldwidebro.github.io/personal-trainer-business/,fs-009-personal-trainer-business
null,Transformation Program,Staffing,mvp,https://github.com/Worldwidebro/fs-010-transformation-program,https://worldwidebro.github.io/transformation-program/,fs-010-transformation-program
null,Athlete Training Company,Staffing,validation,https://github.com/Worldwidebro/fs-011-athlete-training-company,https://worldwidebro.github.io/athlete-training-company/,fs-011-athlete-training-company
null,Supplement Brand,Staffing,mvp,https://github.com/Worldwidebro/fs-012-supplement-brand,https://worldwidebro.github.io/supplement-brand/,fs-012-supplement-brand
null,Fitness Apparel,Staffing,mvp,https://github.com/Worldwidebro/fs-013-fitness-apparel,https://worldwidebro.github.io/fitness-apparel/,fs-013-fitness-apparel
null,Workout Equipment Brand,Staffing,validation,https://github.com/Worldwidebro/fs-014-workout-equipment-brand,https://worldwidebro.github.io/workout-equipment-brand/,fs-014-workout-equipment-brand
null,Recovery Products,Staffing,mvp,https://github.com/Worldwidebro/fs-015-recovery-products,https://worldwidebro.github.io/recovery-products/,fs-015-recovery-products
null,Fitness App,Staffing,mvp,https://github.com/Worldwidebro/fs-013-fitness-apparel,https://worldwidebro.github.io/fitness-app/,fs-013-fitness-apparel
null,Ai Personal Trainer,Staffing,planned,https://github.com/Worldwidebro/fs-017-ai-personal-trainer,https://worldwidebro.github.io/ai-personal-trainer/,fs-017-ai-personal-trainer
null,Gym Management Software,Staffing,planned,https://github.com/Worldwidebro/fs-018-gym-management-software,https://worldwidebro.github.io/gym-management-software/,fs-018-gym-management-software
null,Wearable Analytics Platform,Staffing,planned,https://github.com/Worldwidebro/fs-019-wearable-analytics-platform,https://worldwidebro.github.io/wearable-analytics-platform/,fs-019-wearable-analytics-platform
null,Yoga Studio,Staffing,validation,https://github.com/Worldwidebro/fs-020-yoga-studio,https://worldwidebro.github.io/yoga-studio/,fs-020-yoga-studio
null,Pilates Studio,Staffing,validation,https://github.com/Worldwidebro/fs-021-pilates-studio,https://worldwidebro.github.io/pilates-studio/,fs-021-pilates-studio
null,Dance Studio,Staffing,validation,https://github.com/Worldwidebro/fs-022-dance-studio,https://worldwidebro.github.io/dance-studio/,fs-022-dance-studio
null,Martial Arts Dojo,Staffing,validation,https://github.com/Worldwidebro/fs-023-martial-arts-dojo,https://worldwidebro.github.io/martial-arts-dojo/,fs-023-martial-arts-dojo
null,Sports Performance Center,Staffing,planned,https://github.com/Worldwidebro/fs-024-sports-performance-center,https://worldwidebro.github.io/sports-performance-center/,fs-024-sports-performance-center
null,Corporate Wellness Program,Staffing,mvp,https://github.com/Worldwidebro/fs-025-corporate-wellness-program,https://worldwidebro.github.io/corporate-wellness-program/,fs-025-corporate-wellness-program
null,Truck Dispatch Company,Transportation,validation,https://github.com/Worldwidebro/lt-001-truck-dispatch-company,https://worldwidebro.github.io/truck-dispatch-company/,lt-001-truck-dispatch-company
null,Freight Brokerage,Transportation,validation,https://github.com/Worldwidebro/lt-002-freight-brokerage,https://worldwidebro.github.io/freight-brokerage/,lt-002-freight-brokerage
null,Logistics Dispatch Service,Transportation,mvp,https://github.com/Worldwidebro/lt-003-logistics-dispatch-service,https://worldwidebro.github.io/logistics-dispatch-service/,lt-003-logistics-dispatch-service
null,Last Mile Delivery Dispatch,Transportation,mvp,https://github.com/Worldwidebro/lt-004-last-mile-delivery-dispatch,https://worldwidebro.github.io/last-mile-delivery-dispatch/,lt-004-last-mile-delivery-dispatch
null,Medical Courier Dispatch,Transportation,validation,https://github.com/Worldwidebro/lt-005-medical-courier-dispatch,https://worldwidebro.github.io/medical-courier-dispatch/,lt-005-medical-courier-dispatch
null,Amazon,Transportation,planned,https://github.com/Worldwidebro/lt-006-amazon,https://worldwidebro.github.io/amazon/,lt-006-amazon
null,Construction Dispatch,Transportation,validation,https://github.com/Worldwidebro/lt-007-construction-dispatch,https://worldwidebro.github.io/construction-dispatch/,lt-007-construction-dispatch
null,Towing Dispatch,Transportation,mvp,https://github.com/Worldwidebro/lt-008-towing-dispatch,https://worldwidebro.github.io/towing-dispatch/,lt-008-towing-dispatch
null,Hvac Technician Dispatch,Transportation,mvp,https://github.com/Worldwidebro/lt-009-hvac-technician-dispatch,https://worldwidebro.github.io/hvac-technician-dispatch/,lt-009-hvac-technician-dispatch
null,Field Service Dispatch,Transportation,mvp,https://github.com/Worldwidebro/lt-010-field-service-dispatch,https://worldwidebro.github.io/field-service-dispatch/,lt-010-field-service-dispatch
null,Dispatch Software,Transportation,planned,https://github.com/Worldwidebro/lt-011-dispatch-software,https://worldwidebro.github.io/dispatch-software/,lt-011-dispatch-software
null,Fleet Tracking Platform,Transportation,planned,https://github.com/Worldwidebro/lt-012-fleet-tracking-platform,https://worldwidebro.github.io/fleet-tracking-platform/,lt-012-fleet-tracking-platform
null,Logistics Automation System,Transportation,planned,https://github.com/Worldwidebro/lt-013-logistics-automation-system,https://worldwidebro.github.io/logistics-automation-system/,lt-013-logistics-automation-system
null,Ai Route Optimization,Transportation,planned,https://github.com/Worldwidebro/lt-014-ai-route-optimization,https://worldwidebro.github.io/ai-route-optimization/,lt-014-ai-route-optimization
null,Driver Management Platform,Transportation,planned,https://github.com/Worldwidebro/lt-015-driver-management-platform,https://worldwidebro.github.io/driver-management-platform/,lt-015-driver-management-platform
null,Trucking Company,Transportation,validation,https://github.com/Worldwidebro/lt-016-trucking-company,https://worldwidebro.github.io/trucking-company/,lt-016-trucking-company
null,Courier Service,Transportation,mvp,https://github.com/Worldwidebro/lt-017-courier-service,https://worldwidebro.github.io/courier-service/,lt-017-courier-service
null,Local Delivery Company,Transportation,mvp,https://github.com/Worldwidebro/lt-018-local-delivery-company,https://worldwidebro.github.io/local-delivery-company/,lt-018-local-delivery-company
null,Moving Company,Transportation,validation,https://github.com/Worldwidebro/lt-019-moving-company,https://worldwidebro.github.io/moving-company/,lt-019-moving-company
null,Freight Company,Transportation,validation,https://github.com/Worldwidebro/lt-020-freight-company,https://worldwidebro.github.io/freight-company/,lt-020-freight-company
null,Warehouse Company,Transportation,planned,https://github.com/Worldwidebro/lt-021-warehouse-company,https://worldwidebro.github.io/warehouse-company/,lt-021-warehouse-company
null,Fulfillment Center,Transportation,mvp,https://github.com/Worldwidebro/lt-022-fulfillment-center,https://worldwidebro.github.io/fulfillment-center/,lt-022-fulfillment-center
null,Storage Business,Transportation,validation,https://github.com/Worldwidebro/lt-023-storage-business,https://worldwidebro.github.io/storage-business/,lt-023-storage-business
null,Distribution Company,Transportation,validation,https://github.com/Worldwidebro/lt-024-distribution-company,https://worldwidebro.github.io/distribution-company/,lt-024-distribution-company
null,Logistics Marketplace,Transportation,planned,https://github.com/Worldwidebro/lt-025-logistics-marketplace,https://worldwidebro.github.io/logistics-marketplace/,lt-025-logistics-marketplace
null,Shipping Platform,Transportation,planned,https://github.com/Worldwidebro/lt-026-shipping-platform,https://worldwidebro.github.io/shipping-platform/,lt-026-shipping-platform
null,Fleet Management Saas,Transportation,planned,https://github.com/Worldwidebro/lt-027-fleet-management-saas,https://worldwidebro.github.io/fleet-management-saas/,lt-027-fleet-management-saas
null,Freight Ai Optimization,Transportation,planned,https://github.com/Worldwidebro/lt-028-freight-ai-optimization,https://worldwidebro.github.io/freight-ai-optimization/,lt-028-freight-ai-optimization
null,Supply Chain Analytics,Transportation,planned,https://github.com/Worldwidebro/lt-029-supply-chain-analytics,https://worldwidebro.github.io/supply-chain-analytics/,lt-029-supply-chain-analytics
null,Cold Chain Logistics,Transportation,validation,https://github.com/Worldwidebro/lt-030-cold-chain-logistics,https://worldwidebro.github.io/cold-chain-logistics/,lt-030-cold-chain-logistics
null,Business Consulting,Operations,mvp,https://github.com/Worldwidebro/ps-001-business-consulting,https://worldwidebro.github.io/business-consulting/,ps-001-business-consulting
null,Legal Services,Operations,validation,https://github.com/Worldwidebro/ps-002-legal-services,https://worldwidebro.github.io/legal-services/,ps-002-legal-services
null,Accounting Services,Operations,mvp,https://github.com/Worldwidebro/ps-003-accounting-services,https://worldwidebro.github.io/accounting-services/,ps-003-accounting-services
null,Hr Consulting,Operations,validation,https://github.com/Worldwidebro/ps-004-hr-consulting,https://worldwidebro.github.io/hr-consulting/,ps-004-hr-consulting
null,Marketing Agency,Operations,mvp,https://github.com/Worldwidebro/ps-005-marketing-agency,https://worldwidebro.github.io/marketing-agency/,ps-005-marketing-agency
null,Web Design Agency,Operations,mvp,https://github.com/Worldwidebro/ps-006-web-design-agency,https://worldwidebro.github.io/web-design-agency/,ps-006-web-design-agency
null,It Support Services,Operations,mvp,https://github.com/Worldwidebro/ps-007-it-support-services,https://worldwidebro.github.io/it-support-services/,ps-007-it-support-services
null,Virtual Assistant Service,Operations,mvp,https://github.com/Worldwidebro/ps-008-virtual-assistant-service,https://worldwidebro.github.io/virtual-assistant-service/,ps-008-virtual-assistant-service
null,Bookkeeping Service,Operations,mvp,https://github.com/Worldwidebro/ps-009-bookkeeping-service,https://worldwidebro.github.io/bookkeeping-service/,ps-009-bookkeeping-service
null,Tax Preparation Service,Operations,mvp,https://github.com/Worldwidebro/fin-033-ai-tax-preparation-service,https://worldwidebro.github.io/tax-preparation-service/,fin-033-ai-tax-preparation-service
null,Real Estate Agency,Operations,validation,https://github.com/Worldwidebro/ps-011-real-estate-agency,https://worldwidebro.github.io/real-estate-agency/,ps-011-real-estate-agency
null,Insurance Agency,Operations,validation,https://github.com/Worldwidebro/ps-012-insurance-agency,https://worldwidebro.github.io/insurance-agency/,ps-012-insurance-agency
null,Financial Planning,Operations,mvp,,,
null,Event Planning,Operations,validation,https://github.com/Worldwidebro/ops-003-event-planning-ai,https://worldwidebro.github.io/event-planning/,ops-003-event-planning-ai
null,Interior Design,Operations,validation,https://github.com/zquestz/s,https://worldwidebro.github.io/interior-design/,s
null,Photography Service,Operations,mvp,https://github.com/Worldwidebro/fh-033-food-photography-service,https://worldwidebro.github.io/photography-service/,fh-033-food-photography-service
null,Videography Service,Operations,mvp,https://github.com/Worldwidebro/ps-017-videography-service,https://worldwidebro.github.io/videography-service/,ps-017-videography-service
null,Translation Services,Operations,validation,https://github.com/Worldwidebro/ps-018-translation-services,https://worldwidebro.github.io/translation-services/,ps-018-translation-services
null,Copywriting Service,Operations,mvp,https://github.com/Worldwidebro/ps-019-copywriting-service,https://worldwidebro.github.io/copywriting-service/,ps-019-copywriting-service
null,Social Media Management,Operations,mvp,https://github.com/Worldwidebro/ps-020-social-media-management,https://worldwidebro.github.io/social-media-management/,ps-020-social-media-management
null,Seo Agency,Operations,mvp,https://github.com/Worldwidebro/ps-021-seo-agency,https://worldwidebro.github.io/seo-agency/,ps-021-seo-agency
null,Ppc Management,Operations,mvp,https://github.com/Worldwidebro/ps-022-ppc-management,https://worldwidebro.github.io/ppc-management/,ps-022-ppc-management
null,Pr Agency,Operations,validation,https://github.com/Worldwidebro/ps-023-pr-agency,https://worldwidebro.github.io/pr-agency/,ps-023-pr-agency
null,Recruiting Agency,Operations,validation,https://github.com/Worldwidebro/ps-024-recruiting-agency,https://worldwidebro.github.io/recruiting-agency/,ps-024-recruiting-agency
null,Business Brokerage,Operations,planned,https://github.com/Worldwidebro/ps-025-business-brokerage,https://worldwidebro.github.io/business-brokerage/,ps-025-business-brokerage
null,Youtube Channel Network,Media,mvp,https://github.com/Worldwidebro/mc-001-youtube-channel-network,https://worldwidebro.github.io/youtube-channel-network/,mc-001-youtube-channel-network
null,Podcast Network,Media,mvp,https://github.com/Worldwidebro/mc-002-podcast-network,https://worldwidebro.github.io/podcast-network/,mc-002-podcast-network
null,Blog Network,Media,mvp,https://github.com/Worldwidebro/mc-003-blog-network,https://worldwidebro.github.io/blog-network/,mc-003-blog-network
null,Influencer Agency,Media,validation,https://github.com/Worldwidebro/mc-004-influencer-agency,https://worldwidebro.github.io/influencer-agency/,mc-004-influencer-agency
null,Content Creation Studio,Media,mvp,https://github.com/Worldwidebro/mc-005-content-creation-studio,https://worldwidebro.github.io/content-creation-studio/,mc-005-content-creation-studio
null,Video Production Company,Media,validation,https://github.com/Worldwidebro/mc-006-video-production-company,https://worldwidebro.github.io/video-production-company/,mc-006-video-production-company
null,Animation Studio,Media,planned,https://github.com/Worldwidebro/mc-007-animation-studio,https://worldwidebro.github.io/animation-studio/,mc-007-animation-studio
null,Music Production,Media,validation,https://github.com/Worldwidebro/mc-008-music-production,https://worldwidebro.github.io/music-production/,mc-008-music-production
null,Stock Photography,Media,mvp,https://github.com/Worldwidebro/mc-009-stock-photography,https://worldwidebro.github.io/stock-photography/,mc-009-stock-photography
null,Stock Video,Media,mvp,https://github.com/Worldwidebro/mc-010-stock-video,https://worldwidebro.github.io/stock-video/,mc-010-stock-video
null,Online Magazine,Media,mvp,https://github.com/Worldwidebro/mc-011-online-magazine,https://worldwidebro.github.io/online-magazine/,mc-011-online-magazine
null,News Website,Media,validation,https://github.com/Worldwidebro/mc-012-news-website,https://worldwidebro.github.io/news-website/,mc-012-news-website
null,Streaming Platform,Media,planned,https://github.com/Worldwidebro/mc-013-streaming-platform,https://worldwidebro.github.io/streaming-platform/,mc-013-streaming-platform
null,Gaming Channel,Media,mvp,https://github.com/Worldwidebro/mc-014-gaming-channel,https://worldwidebro.github.io/gaming-channel/,mc-014-gaming-channel
null,Esports Team,Media,planned,https://github.com/Worldwidebro/mc-015-esports-team,https://worldwidebro.github.io/esports-team/,mc-015-esports-team
null,Virtual Events Platform,Media,planned,https://github.com/Worldwidebro/mc-016-virtual-events-platform,https://worldwidebro.github.io/virtual-events-platform/,mc-016-virtual-events-platform
null,Online Course Platform,Media,mvp,https://github.com/Worldwidebro/mc-017-online-course-platform,https://worldwidebro.github.io/online-course-platform/,mc-017-online-course-platform
null,Membership Site,Media,mvp,https://github.com/Worldwidebro/mc-018-membership-site,https://worldwidebro.github.io/membership-site/,mc-018-membership-site
null,Digital Download Store,Media,mvp,https://github.com/Worldwidebro/mc-019-digital-download-store,https://worldwidebro.github.io/digital-download-store/,mc-019-digital-download-store
null,Nft Marketplace,Media,planned,https://github.com/Worldwidebro/mc-020-nft-marketplace,https://worldwidebro.github.io/nft-marketplace/,mc-020-nft-marketplace
null,Online Tutoring Platform,Education,mvp,https://github.com/Worldwidebro/et-001-online-tutoring-platform,https://worldwidebro.github.io/online-tutoring-platform/,et-001-online-tutoring-platform
null,Language Learning App,Education,mvp,https://github.com/Worldwidebro/et-002-language-learning-app,https://worldwidebro.github.io/language-learning-app/,et-002-language-learning-app
null,Test Prep Service,Education,validation,https://github.com/Worldwidebro/et-003-test-prep-service,https://worldwidebro.github.io/test-prep-service/,et-003-test-prep-service
null,Coding Bootcamp,Education,validation,https://github.com/Worldwidebro/edu-005-coding-bootcamp,https://worldwidebro.github.io/coding-bootcamp/,edu-005-coding-bootcamp
null,Professional Certification,Education,validation,https://github.com/Worldwidebro/et-005-professional-certification,https://worldwidebro.github.io/professional-certification/,et-005-professional-certification
null,Corporate Training,Education,validation,https://github.com/Worldwidebro/edu-026-corporate-training-ai,https://worldwidebro.github.io/corporate-training/,edu-026-corporate-training-ai
null,Skills Assessment Platform,Education,planned,https://github.com/Worldwidebro/et-007-skills-assessment-platform,https://worldwidebro.github.io/skills-assessment-platform/,et-007-skills-assessment-platform
null,Career Coaching,Education,mvp,https://github.com/Worldwidebro/et-008-career-coaching,https://worldwidebro.github.io/career-coaching/,et-008-career-coaching
null,Resume Writing Service,Education,mvp,https://github.com/Worldwidebro/et-009-resume-writing-service,https://worldwidebro.github.io/resume-writing-service/,et-009-resume-writing-service
null,Interview Prep Platform,Education,mvp,https://github.com/Worldwidebro/et-010-interview-prep-platform,https://worldwidebro.github.io/interview-prep-platform/,et-010-interview-prep-platform
null,Mentorship Platform,Education,planned,https://github.com/Worldwidebro/et-011-mentorship-platform,https://worldwidebro.github.io/mentorship-platform/,et-011-mentorship-platform
null,Educational Content Library,Education,mvp,https://github.com/Worldwidebro/et-012-educational-content-library,https://worldwidebro.github.io/educational-content-library/,et-012-educational-content-library
null,Vr Training Simulations,Education,planned,https://github.com/Worldwidebro/et-013-vr-training-simulations,https://worldwidebro.github.io/vr-training-simulations/,et-013-vr-training-simulations
null,Gamified Learning App,Education,planned,https://github.com/Worldwidebro/et-014-gamified-learning-app,https://worldwidebro.github.io/gamified-learning-app/,et-014-gamified-learning-app
null,Homeschool Curriculum,Education,validation,https://github.com/Worldwidebro/et-015-homeschool-curriculum,https://worldwidebro.github.io/homeschool-curriculum/,et-015-homeschool-curriculum
null,Saas Platform,Technology,mvp,https://github.com/async-labs/saas,https://worldwidebro.github.io/saas-platform/,saas
null,Mobile App Development,Technology,mvp,,,
null,Web Development Agency,Technology,mvp,,,
null,Custom Software Development,Technology,validation,https://github.com/zquestz/s,https://worldwidebro.github.io/custom-software-development/,s
null,Api Development,Technology,mvp,https://github.com/earendil-works/pi,https://worldwidebro.github.io/api-development/,pi
null,Cloud Infrastructure,Technology,planned,https://github.com/zquestz/s,https://worldwidebro.github.io/cloud-infrastructure/,s
null,Devops Consulting,Technology,validation,https://github.com/zquestz/s,https://worldwidebro.github.io/devops-consulting/,s
null,Cybersecurity Service,Technology,validation,https://github.com/zquestz/s,https://worldwidebro.github.io/cybersecurity-service/,s
null,Data Analytics Platform,Technology,planned,https://github.com/zquestz/s,https://worldwidebro.github.io/data-analytics-platform/,s
null,Business Intelligence Tool,Technology,planned,https://github.com/zquestz/s,https://worldwidebro.github.io/business-intelligence-tool/,s
null,Crm Platform,Technology,planned,https://github.com/trycompai/crm,https://worldwidebro.github.io/crm-platform/,crm
null,Project Management Tool,Technology,planned,,,
null,Communication Platform,Technology,planned,https://github.com/hcengineering/platform,https://worldwidebro.github.io/communication-platform/,platform
null,Collaboration Software,Technology,planned,https://github.com/zquestz/s,https://worldwidebro.github.io/collaboration-software/,s
null,Automation Platform,Technology,planned,https://github.com/hcengineering/platform,https://worldwidebro.github.io/automation-platform/,platform
null,Ai,Technology,planned,https://github.com/Worldwidebro/fin-033-ai-tax-preparation-service,https://worldwidebro.github.io/ai/,fin-033-ai-tax-preparation-service
null,Chatbot Builder,Technology,mvp,,,
null,E Commerce Platform,Technology,planned,https://github.com/Worldwidebro/ec-044-live-commerce-platform,https://worldwidebro.github.io/e-commerce-platform/,ec-044-live-commerce-platform
null,Payment Processing,Technology,validation,https://github.com/zquestz/s,https://worldwidebro.github.io/payment-processing/,s
null,Blockchain Platform,Technology,planned,https://github.com/hcengineering/platform,https://worldwidebro.github.io/blockchain-platform/,platform
null,Iot Platform,Technology,planned,https://github.com/hcengineering/platform,https://worldwidebro.github.io/iot-platform/,platform
null,Ar,Technology,planned,https://github.com/santifer/career-ops,https://worldwidebro.github.io/ar/,career-ops
null,Game Development,Technology,validation,,,
null,Marketing Automation,Technology,mvp,https://github.com/Worldwidebro/iza-os-marketing-automation-analytics-bot,https://worldwidebro.github.io/marketing-automation/,iza-os-marketing-automation-analytics-bot
null,Sales Automation,Technology,mvp,https://github.com/Worldwidebro/iza-os-sales-automation-monitoring-bot,https://worldwidebro.github.io/sales-automation/,iza-os-sales-automation-monitoring-bot
null,Hr Tech Platform,Technology,planned,https://github.com/hcengineering/platform,https://worldwidebro.github.io/hr-tech-platform/,platform
null,Legal Tech Platform,Technology,planned,https://github.com/hcengineering/platform,https://worldwidebro.github.io/legal-tech-platform/,platform
null,Health Tech Platform,Technology,planned,https://github.com/hcengineering/platform,https://worldwidebro.github.io/health-tech-platform/,platform
null,Edtech Platform,Technology,planned,https://github.com/hcengineering/platform,https://worldwidebro.github.io/edtech-platform/,platform
null,Proptech Platform,Technology,planned,https://github.com/hcengineering/platform,https://worldwidebro.github.io/proptech-platform/,platform
null,Angels In Daylight,Marketplace,planned,https://github.com/Worldwidebro/ec-001-angels-in-daylight,https://worldwidebro.github.io/angels-in-daylight/,ec-001-angels-in-daylight
null,New World Apparel,Marketplace,planned,https://github.com/Worldwidebro/ec-002-new-world-apparel,https://worldwidebro.github.io/new-world-apparel/,ec-002-new-world-apparel
null,Shopify Autopilot,Marketplace,planned,https://github.com/Worldwidebro/ec-003-shopify-autopilot,https://worldwidebro.github.io/shopify-autopilot/,ec-003-shopify-autopilot
null,Shoe Customizer,Marketplace,planned,https://github.com/Worldwidebro/ec-004-shoe-customizer,https://worldwidebro.github.io/shoe-customizer/,ec-004-shoe-customizer
null,Sunglasses Ai,Marketplace,planned,https://github.com/Worldwidebro/ec-005-sunglasses-ai,https://worldwidebro.github.io/sunglasses-ai/,ec-005-sunglasses-ai
null,Dropship Hub,Marketplace,planned,https://github.com/Worldwidebro/ec-006-dropship-hub,https://worldwidebro.github.io/dropship-hub/,ec-006-dropship-hub
null,Personal Shopper Ai,Marketplace,planned,https://github.com/Worldwidebro/ec-007-personal-shopper-ai,https://worldwidebro.github.io/personal-shopper-ai/,ec-007-personal-shopper-ai
null,Custom Sneaker Ai,Marketplace,planned,https://github.com/Worldwidebro/ec-008-custom-sneaker-ai,https://worldwidebro.github.io/custom-sneaker-ai/,ec-008-custom-sneaker-ai
null,Sustainable Fashion Ai,Marketplace,planned,https://github.com/Worldwidebro/ec-009-sustainable-fashion-ai,https://worldwidebro.github.io/sustainable-fashion-ai/,ec-009-sustainable-fashion-ai
null,Jewelry Designer Ai,Marketplace,planned,https://github.com/Worldwidebro/ec-010-jewelry-designer-ai,https://worldwidebro.github.io/jewelry-designer-ai/,ec-010-jewelry-designer-ai
null,Virtual Try On Ai,Marketplace,planned,https://github.com/Worldwidebro/ec-011-virtual-try-on-ai,https://worldwidebro.github.io/virtual-try-on-ai/,ec-011-virtual-try-on-ai
null,Fashion Designer Ai,Marketplace,planned,https://github.com/Worldwidebro/ec-012-fashion-designer-ai,https://worldwidebro.github.io/fashion-designer-ai/,ec-012-fashion-designer-ai
null,Merch Licensing,Marketplace,planned,https://github.com/Worldwidebro/ec-013-merch-licensing,https://worldwidebro.github.io/merch-licensing/,ec-013-merch-licensing
null,Subscription Box Ai,Marketplace,planned,https://github.com/Worldwidebro/ec-014-subscription-box-ai,https://worldwidebro.github.io/subscription-box-ai/,ec-014-subscription-box-ai
null,Surf Gear Ai,Marketplace,planned,https://github.com/Worldwidebro/ec-015-surf-gear-ai,https://worldwidebro.github.io/surf-gear-ai/,ec-015-surf-gear-ai
null,Ski Gear Ai,Marketplace,planned,https://github.com/Worldwidebro/ec-016-ski-gear-ai,https://worldwidebro.github.io/ski-gear-ai/,ec-016-ski-gear-ai
null,Golf Gear Ai,Marketplace,planned,https://github.com/Worldwidebro/ec-017-golf-gear-ai,https://worldwidebro.github.io/golf-gear-ai/,ec-017-golf-gear-ai
null,Fishing Gear Ai,Marketplace,planned,https://github.com/Worldwidebro/ec-018-fishing-gear-ai,https://worldwidebro.github.io/fishing-gear-ai/,ec-018-fishing-gear-ai
null,Yoga Gear Ai,Marketplace,planned,https://github.com/Worldwidebro/ec-019-yoga-gear-ai,https://worldwidebro.github.io/yoga-gear-ai/,ec-019-yoga-gear-ai
null,Costume Shop Ai,Marketplace,planned,https://github.com/Worldwidebro/ec-020-costume-shop-ai,https://worldwidebro.github.io/costume-shop-ai/,ec-020-costume-shop-ai
null,Luggage Ai,Marketplace,planned,https://github.com/Worldwidebro/ec-021-luggage-ai,https://worldwidebro.github.io/luggage-ai/,ec-021-luggage-ai
null,Home Appliance Ai,Marketplace,planned,https://github.com/Worldwidebro/ec-022-home-appliance-ai,https://worldwidebro.github.io/home-appliance-ai/,ec-022-home-appliance-ai
null,Tool Shop Ai,Marketplace,planned,https://github.com/Worldwidebro/ec-023-tool-shop-ai,https://worldwidebro.github.io/tool-shop-ai/,ec-023-tool-shop-ai
null,Garden Supply Ai,Marketplace,planned,https://github.com/Worldwidebro/ec-024-garden-supply-ai,https://worldwidebro.github.io/garden-supply-ai/,ec-024-garden-supply-ai
null,Collectible Ai,Marketplace,planned,https://github.com/Worldwidebro/ec-025-collectible-ai,https://worldwidebro.github.io/collectible-ai/,ec-025-collectible-ai
null,Hobby Shop Ai,Marketplace,planned,https://github.com/Worldwidebro/ec-026-hobby-shop-ai,https://worldwidebro.github.io/hobby-shop-ai/,ec-026-hobby-shop-ai
null,Kids Toy Line,Marketplace,planned,https://github.com/Worldwidebro/ec-027-kids-toy-line,https://worldwidebro.github.io/kids-toy-line/,ec-027-kids-toy-line
null,Nft Fashion Licensing,Marketplace,planned,https://github.com/Worldwidebro/ec-028-nft-fashion-licensing,https://worldwidebro.github.io/nft-fashion-licensing/,ec-028-nft-fashion-licensing
null,Instant Brand Generator,Marketplace,planned,https://github.com/Worldwidebro/ec-029-instant-brand-generator,https://worldwidebro.github.io/instant-brand-generator/,ec-029-instant-brand-generator
null,Ai Product Photographer,Marketplace,planned,https://github.com/Worldwidebro/ec-030-ai-product-photographer,https://worldwidebro.github.io/ai-product-photographer/,ec-030-ai-product-photographer
null,Automated Inventory Forecaster,Marketplace,planned,https://github.com/Worldwidebro/ec-031-automated-inventory-forecaster,https://worldwidebro.github.io/automated-inventory-forecaster/,ec-031-automated-inventory-forecaster
null,Dynamic Pricing Engine,Marketplace,planned,https://github.com/Worldwidebro/ec-032-dynamic-pricing-engine,https://worldwidebro.github.io/dynamic-pricing-engine/,ec-032-dynamic-pricing-engine
null,Ad Optimizer Ai,Marketplace,planned,https://github.com/Worldwidebro/ec-033-ad-optimizer-ai,https://worldwidebro.github.io/ad-optimizer-ai/,ec-033-ad-optimizer-ai
null,Recommendation Engine,Marketplace,planned,https://github.com/Worldwidebro/ec-034-recommendation-engine,https://worldwidebro.github.io/recommendation-engine/,ec-034-recommendation-engine
null,Review Aggregator Ai,Marketplace,planned,https://github.com/Worldwidebro/ec-035-review-aggregator-ai,https://worldwidebro.github.io/review-aggregator-ai/,ec-035-review-aggregator-ai
null,Fulfillment Network Ai,Marketplace,planned,https://github.com/Worldwidebro/ec-036-fulfillment-network-ai,https://worldwidebro.github.io/fulfillment-network-ai/,ec-036-fulfillment-network-ai
null,Return Optimization Ai,Marketplace,planned,https://github.com/Worldwidebro/ec-037-return-optimization-ai,https://worldwidebro.github.io/return-optimization-ai/,ec-037-return-optimization-ai
null,Chatbot Customer Service,Marketplace,planned,https://github.com/Worldwidebro/ec-038-chatbot-customer-service,https://worldwidebro.github.io/chatbot-customer-service/,ec-038-chatbot-customer-service
null,Visual Search Ai,Marketplace,planned,https://github.com/Worldwidebro/ec-039-visual-search-ai,https://worldwidebro.github.io/visual-search-ai/,ec-039-visual-search-ai
null,Abandoned Cart Recovery,Marketplace,planned,https://github.com/Worldwidebro/ec-040-abandoned-cart-recovery,https://worldwidebro.github.io/abandoned-cart-recovery/,ec-040-abandoned-cart-recovery
null,Seasonal Trend Predictor,Marketplace,planned,https://github.com/Worldwidebro/ec-041-seasonal-trend-predictor,https://worldwidebro.github.io/seasonal-trend-predictor/,ec-041-seasonal-trend-predictor
null,Influencer Matchmaker,Marketplace,planned,https://github.com/Worldwidebro/ec-042-influencer-matchmaker,https://worldwidebro.github.io/influencer-matchmaker/,ec-042-influencer-matchmaker
null,Ugc Content Aggregator,Marketplace,planned,https://github.com/Worldwidebro/ec-043-ugc-content-aggregator,https://worldwidebro.github.io/ugc-content-aggregator/,ec-043-ugc-content-aggregator
null,Live Commerce Platform,Marketplace,growth,https://github.com/Worldwidebro/ec-044-live-commerce-platform,https://worldwidebro.github.io/live-commerce-platform/,ec-044-live-commerce-platform
null,Ar Virtual Fitting Room,Marketplace,planned,https://github.com/Worldwidebro/ec-045-ar-virtual-fitting-room,https://worldwidebro.github.io/ar-virtual-fitting-room/,ec-045-ar-virtual-fitting-room
null,3D Product Viewer,Marketplace,growth,https://github.com/Worldwidebro/ec-046-3d-product-viewer,https://worldwidebro.github.io/3d-product-viewer/,ec-046-3d-product-viewer
null,Carbon Footprint Tracker,Marketplace,planned,https://github.com/Worldwidebro/ec-047-carbon-footprint-tracker,https://worldwidebro.github.io/carbon-footprint-tracker/,ec-047-carbon-footprint-tracker
null,Wholesale Marketplace Ai,Marketplace,planned,https://github.com/Worldwidebro/ec-048-wholesale-marketplace-ai,https://worldwidebro.github.io/wholesale-marketplace-ai/,ec-048-wholesale-marketplace-ai
null,Rental Marketplace,Marketplace,planned,https://github.com/Worldwidebro/ec-049-rental-marketplace,https://worldwidebro.github.io/rental-marketplace/,ec-049-rental-marketplace
null,Ai Product Descriptions,Marketplace,planned,https://github.com/Worldwidebro/ec-050-ai-product-descriptions,https://worldwidebro.github.io/ai-product-descriptions/,ec-050-ai-product-descriptions
null,Ai Email Marketing,Marketplace,planned,https://github.com/Worldwidebro/ec-051-ai-email-marketing,https://worldwidebro.github.io/ai-email-marketing/,ec-051-ai-email-marketing
null,Ai Product Bundler,Marketplace,planned,https://github.com/Worldwidebro/ec-052-ai-product-bundler,https://worldwidebro.github.io/ai-product-bundler/,ec-052-ai-product-bundler
null,Ai Visual Merchandiser,Marketplace,planned,https://github.com/Worldwidebro/ec-053-ai-visual-merchandiser,https://worldwidebro.github.io/ai-visual-merchandiser/,ec-053-ai-visual-merchandiser
null,Ai Demand Forecasting,Marketplace,planned,https://github.com/Worldwidebro/ec-054-ai-demand-forecasting,https://worldwidebro.github.io/ai-demand-forecasting/,ec-054-ai-demand-forecasting
null,Ai Warehouse Management,Marketplace,planned,https://github.com/Worldwidebro/ec-055-ai-warehouse-management,https://worldwidebro.github.io/ai-warehouse-management/,ec-055-ai-warehouse-management
null,Ai Supplier Matching,Marketplace,planned,https://github.com/Worldwidebro/ec-056-ai-supplier-matching,https://worldwidebro.github.io/ai-supplier-matching/,ec-056-ai-supplier-matching
null,Ai Quality Control,Marketplace,planned,https://github.com/Worldwidebro/ec-057-ai-quality-control,https://worldwidebro.github.io/ai-quality-control/,ec-057-ai-quality-control
null,Ai Packaging Designer,Marketplace,planned,https://github.com/Worldwidebro/ec-058-ai-packaging-designer,https://worldwidebro.github.io/ai-packaging-designer/,ec-058-ai-packaging-designer
null,Ai Logistics Planner,Marketplace,planned,https://github.com/Worldwidebro/ec-059-ai-logistics-planner,https://worldwidebro.github.io/ai-logistics-planner/,ec-059-ai-logistics-planner
null,Ai Customer Loyalty,Marketplace,planned,https://github.com/Worldwidebro/ec-060-ai-customer-loyalty,https://worldwidebro.github.io/ai-customer-loyalty/,ec-060-ai-customer-loyalty
null,Ai Gift Finder,Marketplace,planned,https://github.com/Worldwidebro/ec-061-ai-gift-finder,https://worldwidebro.github.io/ai-gift-finder/,ec-061-ai-gift-finder
null,Ai Trend Hunter,Marketplace,planned,https://github.com/Worldwidebro/ec-062-ai-trend-hunter,https://worldwidebro.github.io/ai-trend-hunter/,ec-062-ai-trend-hunter
null,Ai Market Research,Marketplace,planned,https://github.com/Worldwidebro/ec-063-ai-market-research,https://worldwidebro.github.io/ai-market-research/,ec-063-ai-market-research
null,Ai Competitor Watcher,Marketplace,planned,https://github.com/Worldwidebro/ec-064-ai-competitor-watcher,https://worldwidebro.github.io/ai-competitor-watcher/,ec-064-ai-competitor-watcher
null,Ai Product Development,Marketplace,planned,https://github.com/Worldwidebro/ec-065-ai-product-development,https://worldwidebro.github.io/ai-product-development/,ec-065-ai-product-development
null,Ai Customer Journey,Marketplace,planned,https://github.com/Worldwidebro/ec-066-ai-customer-journey,https://worldwidebro.github.io/ai-customer-journey/,ec-066-ai-customer-journey
null,Ai Payment Optimization,Marketplace,planned,https://github.com/Worldwidebro/ec-067-ai-payment-optimization,https://worldwidebro.github.io/ai-payment-optimization/,ec-067-ai-payment-optimization
null,Ai Returns Management,Marketplace,planned,https://github.com/Worldwidebro/ec-068-ai-returns-management,https://worldwidebro.github.io/ai-returns-management/,ec-068-ai-returns-management
null,Ai Shipping Labeler,Marketplace,planned,https://github.com/Worldwidebro/ec-069-ai-shipping-labeler,https://worldwidebro.github.io/ai-shipping-labeler/,ec-069-ai-shipping-labeler
null,Ai Product Launch Coach,Marketplace,planned,https://github.com/Worldwidebro/ec-070-ai-product-launch-coach,https://worldwidebro.github.io/ai-product-launch-coach/,ec-070-ai-product-launch-coach
null,Ai Vendor Negotiator,Marketplace,planned,https://github.com/Worldwidebro/ec-071-ai-vendor-negotiator,https://worldwidebro.github.io/ai-vendor-negotiator/,ec-071-ai-vendor-negotiator
null,Ai Product Cataloger,Marketplace,planned,https://github.com/Worldwidebro/ec-072-ai-product-cataloger,https://worldwidebro.github.io/ai-product-cataloger/,ec-072-ai-product-cataloger
null,Ai Order Prioritizer,Marketplace,planned,https://github.com/Worldwidebro/ec-073-ai-order-prioritizer,https://worldwidebro.github.io/ai-order-prioritizer/,ec-073-ai-order-prioritizer
null,Ai Customer Segmentation,Marketplace,planned,https://github.com/Worldwidebro/ec-074-ai-customer-segmentation,https://worldwidebro.github.io/ai-customer-segmentation/,ec-074-ai-customer-segmentation
null,Ai Pricing Analyst,Marketplace,planned,https://github.com/Worldwidebro/ec-075-ai-pricing-analyst,https://worldwidebro.github.io/ai-pricing-analyst/,ec-075-ai-pricing-analyst
null,Ai Sales Forecasting,Marketplace,planned,https://github.com/Worldwidebro/ec-076-ai-sales-forecasting,https://worldwidebro.github.io/ai-sales-forecasting/,ec-076-ai-sales-forecasting
null,Ai Inventory Reordering,Marketplace,planned,https://github.com/Worldwidebro/ec-077-ai-inventory-reordering,https://worldwidebro.github.io/ai-inventory-reordering/,ec-077-ai-inventory-reordering
null,Ai Product Comparison,Marketplace,planned,https://github.com/Worldwidebro/ec-078-ai-product-comparison,https://worldwidebro.github.io/ai-product-comparison/,ec-078-ai-product-comparison
null,Ai Customer Feedback,Marketplace,planned,https://github.com/Worldwidebro/ec-079-ai-customer-feedback,https://worldwidebro.github.io/ai-customer-feedback/,ec-079-ai-customer-feedback
null,Ai Product Updates,Marketplace,planned,https://github.com/Worldwidebro/ec-080-ai-product-updates,https://worldwidebro.github.io/ai-product-updates/,ec-080-ai-product-updates
null,Ai Cross Selling,Marketplace,planned,https://github.com/Worldwidebro/ec-081-ai-cross-selling,https://worldwidebro.github.io/ai-cross-selling/,ec-081-ai-cross-selling
null,Ai Up Selling,Marketplace,planned,https://github.com/Worldwidebro/ec-082-ai-up-selling,https://worldwidebro.github.io/ai-up-selling/,ec-082-ai-up-selling
null,Ai Product Education,Marketplace,planned,https://github.com/Worldwidebro/ec-083-ai-product-education,https://worldwidebro.github.io/ai-product-education/,ec-083-ai-product-education
null,Ai Purchase Timing,Marketplace,planned,https://github.com/Worldwidebro/ec-084-ai-purchase-timing,https://worldwidebro.github.io/ai-purchase-timing/,ec-084-ai-purchase-timing
null,Ai Customer Support,Marketplace,planned,https://github.com/Worldwidebro/ec-085-ai-customer-support,https://worldwidebro.github.io/ai-customer-support/,ec-085-ai-customer-support
null,Ai Order Tracking,Marketplace,planned,https://github.com/Worldwidebro/ec-086-ai-order-tracking,https://worldwidebro.github.io/ai-order-tracking/,ec-086-ai-order-tracking
null,Ai Product Reviews,Marketplace,planned,https://github.com/Worldwidebro/ec-087-ai-product-reviews,https://worldwidebro.github.io/ai-product-reviews/,ec-087-ai-product-reviews
null,Ai Customer Community,Marketplace,planned,https://github.com/Worldwidebro/ec-088-ai-customer-community,https://worldwidebro.github.io/ai-customer-community/,ec-088-ai-customer-community
null,Ai Product Customization,Marketplace,planned,https://github.com/Worldwidebro/ec-089-ai-product-customization,https://worldwidebro.github.io/ai-product-customization/,ec-089-ai-product-customization
null,Ai Gift Registry,Marketplace,planned,https://github.com/Worldwidebro/ec-090-ai-gift-registry,https://worldwidebro.github.io/ai-gift-registry/,ec-090-ai-gift-registry
null,Ai Wedding Registry,Marketplace,planned,https://github.com/Worldwidebro/ec-091-ai-wedding-registry,https://worldwidebro.github.io/ai-wedding-registry/,ec-091-ai-wedding-registry
null,Ai Baby Registry,Marketplace,planned,https://github.com/Worldwidebro/ec-092-ai-baby-registry,https://worldwidebro.github.io/ai-baby-registry/,ec-092-ai-baby-registry
null,Ai Holiday Planner,Marketplace,planned,https://github.com/Worldwidebro/ec-093-ai-holiday-planner,https://worldwidebro.github.io/ai-holiday-planner/,ec-093-ai-holiday-planner
null,Ai Personal Shopper,Marketplace,planned,https://github.com/Worldwidebro/spec-018-ai-personal-shopper,https://worldwidebro.github.io/ai-personal-shopper/,spec-018-ai-personal-shopper
null,Ai Color Match,Marketplace,planned,https://github.com/Worldwidebro/ec-095-ai-color-match,https://worldwidebro.github.io/ai-color-match/,ec-095-ai-color-match
null,Ai Fabric Advisor,Marketplace,planned,https://github.com/Worldwidebro/ec-096-ai-fabric-advisor,https://worldwidebro.github.io/ai-fabric-advisor/,ec-096-ai-fabric-advisor
null,Ai Fit Recommendation,Marketplace,planned,https://github.com/Worldwidebro/ec-097-ai-fit-recommendation,https://worldwidebro.github.io/ai-fit-recommendation/,ec-097-ai-fit-recommendation
null,Ai Outfit Builder,Marketplace,planned,https://github.com/Worldwidebro/ec-098-ai-outfit-builder,https://worldwidebro.github.io/ai-outfit-builder/,ec-098-ai-outfit-builder
null,Ai Seasonal Forecast,Marketplace,planned,https://github.com/Worldwidebro/ec-099-ai-seasonal-forecast,https://worldwidebro.github.io/ai-seasonal-forecast/,ec-099-ai-seasonal-forecast
null,Ai Wardrobe Planner,Marketplace,planned,https://github.com/Worldwidebro/ec-100-ai-wardrobe-planner,https://worldwidebro.github.io/ai-wardrobe-planner/,ec-100-ai-wardrobe-planner
null,Ai Accessory Match,Marketplace,planned,https://github.com/Worldwidebro/ec-101-ai-accessory-match,https://worldwidebro.github.io/ai-accessory-match/,ec-101-ai-accessory-match
null,Ai Shoe Match,Marketplace,planned,https://github.com/Worldwidebro/ec-102-ai-shoe-match,https://worldwidebro.github.io/ai-shoe-match/,ec-102-ai-shoe-match
null,Ai Jewelry Match,Marketplace,planned,https://github.com/Worldwidebro/ec-103-ai-jewelry-match,https://worldwidebro.github.io/ai-jewelry-match/,ec-103-ai-jewelry-match
null,Ai Bag Match,Marketplace,planned,https://github.com/Worldwidebro/ec-104-ai-bag-match,https://worldwidebro.github.io/ai-bag-match/,ec-104-ai-bag-match
null,Ai Color Palette,Marketplace,planned,https://github.com/Worldwidebro/ec-105-ai-color-palette,https://worldwidebro.github.io/ai-color-palette/,ec-105-ai-color-palette
null,Ai Outfit Recycling,Marketplace,planned,https://github.com/Worldwidebro/ec-106-ai-outfit-recycling,https://worldwidebro.github.io/ai-outfit-recycling/,ec-106-ai-outfit-recycling
null,Ai Style Evolution,Marketplace,planned,https://github.com/Worldwidebro/ec-107-ai-style-evolution,https://worldwidebro.github.io/ai-style-evolution/,ec-107-ai-style-evolution
null,Ai Budget Stylist,Marketplace,planned,https://github.com/Worldwidebro/ec-108-ai-budget-stylist,https://worldwidebro.github.io/ai-budget-stylist/,ec-108-ai-budget-stylist
null,Ai Trend Archive,Marketplace,planned,https://github.com/Worldwidebro/ec-109-ai-trend-archive,https://worldwidebro.github.io/ai-trend-archive/,ec-109-ai-trend-archive
null,Ai Vintage Advisor,Marketplace,planned,https://github.com/Worldwidebro/ec-110-ai-vintage-advisor,https://worldwidebro.github.io/ai-vintage-advisor/,ec-110-ai-vintage-advisor
null,Quantum Algorithm Ai,Technology,planned,https://github.com/Worldwidebro/tech-001-quantum-algorithm-ai,https://worldwidebro.github.io/quantum-algorithm-ai/,tech-001-quantum-algorithm-ai
null,Ai Compliance Scanner,Technology,planned,https://github.com/Worldwidebro/tech-002-ai-compliance-scanner,https://worldwidebro.github.io/ai-compliance-scanner/,tech-002-ai-compliance-scanner
null,Cloud Management Ai,Technology,planned,https://github.com/Worldwidebro/tech-003-cloud-management-ai,https://worldwidebro.github.io/cloud-management-ai/,tech-003-cloud-management-ai
null,Robotics Training Ai,Technology,planned,https://github.com/Worldwidebro/tech-004-robotics-training-ai,https://worldwidebro.github.io/robotics-training-ai/,tech-004-robotics-training-ai
null,Customer Insights Ai,Technology,planned,https://github.com/Worldwidebro/tech-005-customer-insights-ai,https://worldwidebro.github.io/customer-insights-ai/,tech-005-customer-insights-ai
null,Voice Assistant Ai,Technology,planned,https://github.com/Worldwidebro/tech-006-voice-assistant-ai,https://worldwidebro.github.io/voice-assistant-ai/,tech-006-voice-assistant-ai
null,Blockchain Verifier Ai,Technology,planned,https://github.com/Worldwidebro/tech-007-blockchain-verifier-ai,https://worldwidebro.github.io/blockchain-verifier-ai/,tech-007-blockchain-verifier-ai
null,Cybersecurity Shield,Technology,planned,https://github.com/Worldwidebro/tech-040-cybersecurity-shield,https://worldwidebro.github.io/cybersecurity-shield/,tech-040-cybersecurity-shield
null,Content Studio Ai,Technology,planned,https://github.com/Worldwidebro/tech-009-content-studio-ai,https://worldwidebro.github.io/content-studio-ai/,tech-009-content-studio-ai
null,Smart Home Ai,Technology,planned,https://github.com/Worldwidebro/tech-010-smart-home-ai,https://worldwidebro.github.io/smart-home-ai/,tech-010-smart-home-ai
null,Supply Chain Optimizer,Technology,planned,https://github.com/Worldwidebro/ops-002-supply-chain-optimizer,https://worldwidebro.github.io/supply-chain-optimizer/,ops-002-supply-chain-optimizer
null,Data Visualization Ai,Technology,planned,https://github.com/Worldwidebro/tech-012-data-visualization-ai,https://worldwidebro.github.io/data-visualization-ai/,tech-012-data-visualization-ai
null,Workflow Automation,Technology,planned,https://github.com/Worldwidebro/billionaire-workflow-automation,https://worldwidebro.github.io/workflow-automation/,billionaire-workflow-automation
null,Sentiment Analyzer,Technology,planned,https://github.com/Worldwidebro/tech-014-sentiment-analyzer,https://worldwidebro.github.io/sentiment-analyzer/,tech-014-sentiment-analyzer
null,Image Recognition Ai,Technology,planned,https://github.com/Worldwidebro/tech-015-image-recognition-ai,https://worldwidebro.github.io/image-recognition-ai/,tech-015-image-recognition-ai
null,Video Editor Ai,Technology,planned,https://github.com/Worldwidebro/tech-016-video-editor-ai,https://worldwidebro.github.io/video-editor-ai/,tech-016-video-editor-ai
null,Speech To Text Ai,Technology,planned,https://github.com/Worldwidebro/tech-017-speech-to-text-ai,https://worldwidebro.github.io/speech-to-text-ai/,tech-017-speech-to-text-ai
null,Text To Speech Ai,Technology,planned,https://github.com/Worldwidebro/tech-018-text-to-speech-ai,https://worldwidebro.github.io/text-to-speech-ai/,tech-018-text-to-speech-ai
null,Fraud Prevention Ai,Technology,planned,https://github.com/Worldwidebro/tech-051-fraud-prevention-ai,https://worldwidebro.github.io/fraud-prevention-ai/,tech-051-fraud-prevention-ai
null,Recommendation Engine,Technology,planned,https://github.com/Worldwidebro/ec-034-recommendation-engine,https://worldwidebro.github.io/recommendation-engine/,ec-034-recommendation-engine
null,Network Security Ai,Technology,planned,https://github.com/Worldwidebro/tech-021-network-security-ai,https://worldwidebro.github.io/network-security-ai/,tech-021-network-security-ai
null,Database Optimizer,Technology,planned,https://github.com/Worldwidebro/tech-022-database-optimizer,https://worldwidebro.github.io/database-optimizer/,tech-022-database-optimizer
null,Ai Testing Platform,Technology,planned,https://github.com/Worldwidebro/tech-023-ai-testing-platform,https://worldwidebro.github.io/ai-testing-platform/,tech-023-ai-testing-platform
null,Virtual Assistant Builder,Technology,planned,https://github.com/Worldwidebro/tech-024-virtual-assistant-builder,https://worldwidebro.github.io/virtual-assistant-builder/,tech-024-virtual-assistant-builder
null,Machine Learning Builder,Technology,planned,https://github.com/Worldwidebro/tech-025-machine-learning-builder,https://worldwidebro.github.io/machine-learning-builder/,tech-025-machine-learning-builder
null,Ai Ethics Auditor,Technology,planned,https://github.com/Worldwidebro/tech-026-ai-ethics-auditor,https://worldwidebro.github.io/ai-ethics-auditor/,tech-026-ai-ethics-auditor
null,Predictive Analytics Ai,Technology,planned,https://github.com/Worldwidebro/tech-027-predictive-analytics-ai,https://worldwidebro.github.io/predictive-analytics-ai/,tech-027-predictive-analytics-ai
null,Ai Training Platform,Technology,planned,https://github.com/Worldwidebro/tech-028-ai-training-platform,https://worldwidebro.github.io/ai-training-platform/,tech-028-ai-training-platform
null,Digital Twin Ai,Technology,planned,https://github.com/Worldwidebro/tech-029-digital-twin-ai,https://worldwidebro.github.io/digital-twin-ai/,tech-029-digital-twin-ai
null,Ai Monitoring System,Technology,planned,https://github.com/Worldwidebro/tech-030-ai-monitoring-system,https://worldwidebro.github.io/ai-monitoring-system/,tech-030-ai-monitoring-system
null,Edge Computing Ai,Technology,planned,https://github.com/Worldwidebro/tech-031-edge-computing-ai,https://worldwidebro.github.io/edge-computing-ai/,tech-031-edge-computing-ai
null,Ai Integration Hub,Technology,planned,https://github.com/Worldwidebro/tech-032-ai-integration-hub,https://worldwidebro.github.io/ai-integration-hub/,tech-032-ai-integration-hub
null,Quantum Algorithm Ai,Technology,planned,https://github.com/Worldwidebro/tech-001-quantum-algorithm-ai,https://worldwidebro.github.io/quantum-algorithm-ai/,tech-001-quantum-algorithm-ai
null,Ai Compliance Scanner,Technology,planned,https://github.com/Worldwidebro/tech-002-ai-compliance-scanner,https://worldwidebro.github.io/ai-compliance-scanner/,tech-002-ai-compliance-scanner
null,Cloud Management Ai,Technology,planned,https://github.com/Worldwidebro/tech-003-cloud-management-ai,https://worldwidebro.github.io/cloud-management-ai/,tech-003-cloud-management-ai
null,Robotics Training Ai,Technology,planned,https://github.com/Worldwidebro/tech-004-robotics-training-ai,https://worldwidebro.github.io/robotics-training-ai/,tech-004-robotics-training-ai
null,Customer Insights Ai,Technology,planned,https://github.com/Worldwidebro/tech-005-customer-insights-ai,https://worldwidebro.github.io/customer-insights-ai/,tech-005-customer-insights-ai
null,Voice Assistant Ai,Technology,planned,https://github.com/Worldwidebro/tech-006-voice-assistant-ai,https://worldwidebro.github.io/voice-assistant-ai/,tech-006-voice-assistant-ai
null,Blockchain Verifier Ai,Technology,validation,https://github.com/Worldwidebro/tech-007-blockchain-verifier-ai,https://worldwidebro.github.io/blockchain-verifier-ai/,tech-007-blockchain-verifier-ai
null,Cybersecurity Shield,Technology,planned,https://github.com/Worldwidebro/tech-040-cybersecurity-shield,https://worldwidebro.github.io/cybersecurity-shield/,tech-040-cybersecurity-shield
null,Content Studio Ai,Technology,planned,https://github.com/Worldwidebro/tech-009-content-studio-ai,https://worldwidebro.github.io/content-studio-ai/,tech-009-content-studio-ai
null,Smart Home Ai,Technology,planned,https://github.com/Worldwidebro/tech-010-smart-home-ai,https://worldwidebro.github.io/smart-home-ai/,tech-010-smart-home-ai
null,Supply Chain Optimizer,Technology,planned,https://github.com/Worldwidebro/ops-002-supply-chain-optimizer,https://worldwidebro.github.io/supply-chain-optimizer/,ops-002-supply-chain-optimizer
null,Data Visualization Ai,Technology,planned,https://github.com/Worldwidebro/tech-012-data-visualization-ai,https://worldwidebro.github.io/data-visualization-ai/,tech-012-data-visualization-ai
null,Workflow Automation,Technology,planned,https://github.com/Worldwidebro/billionaire-workflow-automation,https://worldwidebro.github.io/workflow-automation/,billionaire-workflow-automation
null,Sentiment Analyzer,Technology,planned,https://github.com/Worldwidebro/tech-014-sentiment-analyzer,https://worldwidebro.github.io/sentiment-analyzer/,tech-014-sentiment-analyzer
null,Image Recognition Ai,Technology,planned,https://github.com/Worldwidebro/tech-015-image-recognition-ai,https://worldwidebro.github.io/image-recognition-ai/,tech-015-image-recognition-ai
null,Video Editor Ai,Technology,planned,https://github.com/Worldwidebro/tech-016-video-editor-ai,https://worldwidebro.github.io/video-editor-ai/,tech-016-video-editor-ai
null,Speech To Text Ai,Technology,planned,https://github.com/Worldwidebro/tech-017-speech-to-text-ai,https://worldwidebro.github.io/speech-to-text-ai/,tech-017-speech-to-text-ai
null,Text To Speech Ai,Technology,planned,https://github.com/Worldwidebro/tech-018-text-to-speech-ai,https://worldwidebro.github.io/text-to-speech-ai/,tech-018-text-to-speech-ai
null,Fraud Prevention Ai,Technology,planned,https://github.com/Worldwidebro/tech-051-fraud-prevention-ai,https://worldwidebro.github.io/fraud-prevention-ai/,tech-051-fraud-prevention-ai
null,Recommendation Engine,Technology,planned,https://github.com/Worldwidebro/ec-034-recommendation-engine,https://worldwidebro.github.io/recommendation-engine/,ec-034-recommendation-engine
null,Network Security Ai,Technology,planned,https://github.com/Worldwidebro/tech-021-network-security-ai,https://worldwidebro.github.io/network-security-ai/,tech-021-network-security-ai
null,Database Optimizer,Technology,planned,https://github.com/Worldwidebro/tech-022-database-optimizer,https://worldwidebro.github.io/database-optimizer/,tech-022-database-optimizer
null,Ai Testing Platform,Technology,planned,https://github.com/Worldwidebro/tech-023-ai-testing-platform,https://worldwidebro.github.io/ai-testing-platform/,tech-023-ai-testing-platform
null,Virtual Assistant Builder,Technology,planned,https://github.com/Worldwidebro/tech-024-virtual-assistant-builder,https://worldwidebro.github.io/virtual-assistant-builder/,tech-024-virtual-assistant-builder
null,Machine Learning Builder,Technology,planned,https://github.com/Worldwidebro/tech-025-machine-learning-builder,https://worldwidebro.github.io/machine-learning-builder/,tech-025-machine-learning-builder
null,Ai Ethics Auditor,Technology,planned,https://github.com/Worldwidebro/tech-026-ai-ethics-auditor,https://worldwidebro.github.io/ai-ethics-auditor/,tech-026-ai-ethics-auditor
null,Predictive Analytics Ai,Technology,planned,https://github.com/Worldwidebro/tech-027-predictive-analytics-ai,https://worldwidebro.github.io/predictive-analytics-ai/,tech-027-predictive-analytics-ai
null,Ai Training Platform,Technology,planned,https://github.com/Worldwidebro/tech-028-ai-training-platform,https://worldwidebro.github.io/ai-training-platform/,tech-028-ai-training-platform
null,Fractional Cto Agency,Operations,planned,https://github.com/Worldwidebro/ops-001-fractional-cto-agency,https://worldwidebro.github.io/fractional-cto-agency/,ops-001-fractional-cto-agency
null,Supply Chain Optimizer,Operations,planned,https://github.com/Worldwidebro/ops-002-supply-chain-optimizer,https://worldwidebro.github.io/supply-chain-optimizer/,ops-002-supply-chain-optimizer
null,Event Planning Ai,Operations,planned,https://github.com/Worldwidebro/ops-003-event-planning-ai,https://worldwidebro.github.io/event-planning-ai/,ops-003-event-planning-ai
null,Inventory Management Ai,Operations,planned,https://github.com/Worldwidebro/ops-004-inventory-management-ai,https://worldwidebro.github.io/inventory-management-ai/,ops-004-inventory-management-ai
null,Project Management Ai,Operations,planned,https://github.com/Worldwidebro/ops-005-project-management-ai,https://worldwidebro.github.io/project-management-ai/,ops-005-project-management-ai
null,Document Automation Ai,Operations,planned,https://github.com/Worldwidebro/ops-006-document-automation-ai,https://worldwidebro.github.io/document-automation-ai/,ops-006-document-automation-ai
null,Meeting Assistant Ai,Operations,planned,https://github.com/Worldwidebro/ops-007-meeting-assistant-ai,https://worldwidebro.github.io/meeting-assistant-ai/,ops-007-meeting-assistant-ai
null,Recruitment Ai,Operations,planned,https://github.com/Worldwidebro/ops-008-recruitment-ai,https://worldwidebro.github.io/recruitment-ai/,ops-008-recruitment-ai
null,Onboarding Ai,Operations,planned,https://github.com/Worldwidebro/ops-009-onboarding-ai,https://worldwidebro.github.io/onboarding-ai/,ops-009-onboarding-ai
null,Training Platform Ai,Operations,planned,https://github.com/Worldwidebro/ops-010-training-platform-ai,https://worldwidebro.github.io/training-platform-ai/,ops-010-training-platform-ai
null,Performance Review Ai,Operations,planned,https://github.com/Worldwidebro/ops-011-performance-review-ai,https://worldwidebro.github.io/performance-review-ai/,ops-011-performance-review-ai
null,It Support Ai,Operations,planned,https://github.com/Worldwidebro/ops-012-it-support-ai,https://worldwidebro.github.io/it-support-ai/,ops-012-it-support-ai
null,Facilities Management Ai,Operations,planned,https://github.com/Worldwidebro/ops-013-facilities-management-ai,https://worldwidebro.github.io/facilities-management-ai/,ops-013-facilities-management-ai
null,Travel Booking Ai,Operations,planned,https://github.com/Worldwidebro/ops-014-travel-booking-ai,https://worldwidebro.github.io/travel-booking-ai/,ops-014-travel-booking-ai
null,Expense Management Ai,Operations,planned,https://github.com/Worldwidebro/ops-015-expense-management-ai,https://worldwidebro.github.io/expense-management-ai/,ops-015-expense-management-ai
null,Contract Management Ai,Operations,planned,https://github.com/nektos/act,https://worldwidebro.github.io/contract-management-ai/,act
null,Compliance Monitoring Ai,Operations,planned,,,
null,Quality Control Ai,Operations,planned,,,
null,Asset Management Ai,Operations,planned,https://github.com/zquestz/s,https://worldwidebro.github.io/asset-management-ai/,s
null,Time Tracking Ai,Operations,planned,,,
null,Document Security Ai,Operations,planned,https://github.com/zquestz/s,https://worldwidebro.github.io/document-security-ai/,s
null,Knowledge Management Ai,Operations,planned,https://github.com/camel-ai/owl,https://worldwidebro.github.io/knowledge-management-ai/,owl
null,Meeting Transcription Ai,Operations,planned,https://github.com/zquestz/s,https://worldwidebro.github.io/meeting-transcription-ai/,s
null,Task Automation Ai,Operations,planned,https://github.com/zquestz/s,https://worldwidebro.github.io/task-automation-ai/,s
null,Resource Allocation Ai,Operations,planned,https://github.com/zquestz/s,https://worldwidebro.github.io/resource-allocation-ai/,s
null,Budget Planning Ai,Operations,planned,,,
null,Cost Optimization Ai,Operations,planned,https://github.com/zquestz/s,https://worldwidebro.github.io/cost-optimization-ai/,s
null,Procurement Ai,Operations,planned,,,
null,Vendor Management Ai,Operations,planned,,,
null,Contract Negotiation Ai,Operations,planned,https://github.com/nektos/act,https://worldwidebro.github.io/contract-negotiation-ai/,act
null,Legal Document Ai,Operations,planned,,,
null,Compliance Reporting Ai,Operations,planned,,,
null,Training Content Ai,Operations,planned,,,
null,Employee Engagement Ai,Operations,planned,,,
null,Succession Planning Ai,Operations,planned,https://github.com/zquestz/s,https://worldwidebro.github.io/succession-planning-ai/,s
null,Workspace Design Ai,Operations,planned,https://github.com/zquestz/s,https://worldwidebro.github.io/workspace-design-ai/,s
null,Energy Efficiency Ai,Operations,planned,,,
null,Security Monitoring Ai,Operations,planned,https://github.com/zquestz/s,https://worldwidebro.github.io/security-monitoring-ai/,s
null,Health Safety Ai,Operations,planned,https://github.com/zquestz/s,https://worldwidebro.github.io/health-safety-ai/,s
null,Disaster Recovery Ai,Operations,planned,https://github.com/zquestz/s,https://worldwidebro.github.io/disaster-recovery-ai/,s
null,It Asset Management,Operations,planned,https://github.com/zquestz/s,https://worldwidebro.github.io/it-asset-management/,s
null,Cloud Cost Management,Operations,planned,https://github.com/zquestz/s,https://worldwidebro.github.io/cloud-cost-management/,s
null,Data Governance Ai,Operations,planned,,,
null,Network Monitoring Ai,Operations,planned,,,
null,Software Licensing Ai,Operations,planned,https://github.com/zquestz/s,https://worldwidebro.github.io/software-licensing-ai/,s
null,It Procurement Ai,Operations,planned,,,
null,System Integration Ai,Operations,planned,https://github.com/zquestz/s,https://worldwidebro.github.io/system-integration-ai/,s
null,Data Backup Ai,Operations,planned,,,
null,Business Continuity Ai,Operations,planned,https://github.com/zquestz/s,https://worldwidebro.github.io/business-continuity-ai/,s
null,Compliance Audit Ai,Operations,planned,,,
null,Document Collaboration Ai,Operations,planned,,,
null,Video Conferencing Ai,Operations,planned,,,
null,Email Management Ai,Operations,planned,,,
null,Calendar Optimization Ai,Operations,planned,,,
null,Project Budget Ai,Operations,planned,,,
null,Resource Forecasting Ai,Operations,planned,https://github.com/zquestz/s,https://worldwidebro.github.io/resource-forecasting-ai/,s
null,Task Prioritization Ai,Operations,planned,https://github.com/zquestz/s,https://worldwidebro.github.io/task-prioritization-ai/,s
null,Time Management Ai,Operations,planned,https://github.com/Worldwidebro/edu-040-time-management-ai,https://worldwidebro.github.io/time-management-ai/,edu-040-time-management-ai
null,Meeting Minutes Ai,Operations,planned,https://github.com/zquestz/s,https://worldwidebro.github.io/meeting-minutes-ai/,s
null,Document Translation Ai,Operations,planned,https://github.com/zquestz/s,https://worldwidebro.github.io/document-translation-ai/,s
null,Form Automation Ai,Operations,planned,,,
null,Report Generation Ai,Operations,planned,,,
null,Dashboard Creation Ai,Operations,planned,https://github.com/agno-agi/dash,https://worldwidebro.github.io/dashboard-creation-ai/,dash
null,Analytics Platform Ai,Operations,planned,https://github.com/zquestz/s,https://worldwidebro.github.io/analytics-platform-ai/,s
null,Data Cleaning Ai,Operations,planned,,,
null,Workflow Management Ai,Operations,planned,,,
null,Youth Entrepreneurship Curriculum,Education,planned,https://github.com/Worldwidebro/edu-001-youth-entrepreneurship-curriculum,https://worldwidebro.github.io/youth-entrepreneurship-curriculum/,edu-001-youth-entrepreneurship-curriculum
null,Ai Literacy Program,Education,planned,https://github.com/Worldwidebro/edu-002-ai-literacy-program,https://worldwidebro.github.io/ai-literacy-program/,edu-002-ai-literacy-program
null,Coding Mentor Certification,Education,planned,https://github.com/Worldwidebro/edu-003-coding-mentor-certification,https://worldwidebro.github.io/coding-mentor-certification/,edu-003-coding-mentor-certification
null,Real Estate Licensing Prep,Education,planned,https://github.com/Worldwidebro/edu-004-real-estate-licensing-prep,https://worldwidebro.github.io/real-estate-licensing-prep/,edu-004-real-estate-licensing-prep
null,Coding Bootcamp,Education,planned,https://github.com/Worldwidebro/edu-005-coding-bootcamp,https://worldwidebro.github.io/coding-bootcamp/,edu-005-coding-bootcamp
null,Homeschooling Content Ai,Education,planned,https://github.com/Worldwidebro/edu-006-homeschooling-content-ai,https://worldwidebro.github.io/homeschooling-content-ai/,edu-006-homeschooling-content-ai
null,Ai Tutoring Platform,Education,planned,https://github.com/Worldwidebro/edu-007-ai-tutoring-platform,https://worldwidebro.github.io/ai-tutoring-platform/,edu-007-ai-tutoring-platform
null,Branding Templates Marketplace,Education,planned,https://github.com/Worldwidebro/edu-008-branding-templates-marketplace,https://worldwidebro.github.io/branding-templates-marketplace/,edu-008-branding-templates-marketplace
null,Voiceover Script Library,Education,planned,https://github.com/Worldwidebro/edu-009-voiceover-script-library,https://worldwidebro.github.io/voiceover-script-library/,edu-009-voiceover-script-library
null,Trade Skills Bootcamp,Education,planned,https://github.com/Worldwidebro/edu-010-trade-skills-bootcamp,https://worldwidebro.github.io/trade-skills-bootcamp/,edu-010-trade-skills-bootcamp
null,Franchise Blueprint System,Education,planned,https://github.com/Worldwidebro/edu-011-franchise-blueprint-system,https://worldwidebro.github.io/franchise-blueprint-system/,edu-011-franchise-blueprint-system
null,Low Income Housing Blueprint,Education,planned,https://github.com/Worldwidebro/edu-012-low-income-housing-blueprint,https://worldwidebro.github.io/low-income-housing-blueprint/,edu-012-low-income-housing-blueprint
null,Automated Empire Book,Education,planned,https://github.com/Worldwidebro/edu-013-automated-empire-book,https://worldwidebro.github.io/automated-empire-book/,edu-013-automated-empire-book
null,Bipoc Creator Incubator,Education,planned,https://github.com/Worldwidebro/edu-014-bipoc-creator-incubator,https://worldwidebro.github.io/bipoc-creator-incubator/,edu-014-bipoc-creator-incubator
null,Ai Legal Doc Generator,Education,planned,https://github.com/Worldwidebro/edu-015-ai-legal-doc-generator,https://worldwidebro.github.io/ai-legal-doc-generator/,edu-015-ai-legal-doc-generator
null,Virtual Black Art Museum,Education,planned,https://github.com/Worldwidebro/edu-016-virtual-black-art-museum,https://worldwidebro.github.io/virtual-black-art-museum/,edu-016-virtual-black-art-museum
null,Ai Coding Tutor,Education,growth,https://github.com/Worldwidebro/edu-017-ai-coding-tutor,https://worldwidebro.github.io/ai-coding-tutor/,edu-017-ai-coding-tutor
null,Online Course Creator,Education,planned,https://github.com/Worldwidebro/edu-018-online-course-creator,https://worldwidebro.github.io/online-course-creator/,edu-018-online-course-creator
null,Executive Education Program,Education,planned,https://github.com/Worldwidebro/edu-019-executive-education-program,https://worldwidebro.github.io/executive-education-program/,edu-019-executive-education-program
null,Youth Stem Program,Education,planned,https://github.com/Worldwidebro/edu-020-youth-stem-program,https://worldwidebro.github.io/youth-stem-program/,edu-020-youth-stem-program
null,Remote Work Certification,Education,planned,https://github.com/Worldwidebro/edu-021-remote-work-certification,https://worldwidebro.github.io/remote-work-certification/,edu-021-remote-work-certification
null,Ai Research Assistant,Education,planned,https://github.com/Worldwidebro/edu-022-ai-research-assistant,https://worldwidebro.github.io/ai-research-assistant/,edu-022-ai-research-assistant
null,Personal Finance Coach,Education,planned,https://github.com/Worldwidebro/edu-023-personal-finance-coach,https://worldwidebro.github.io/personal-finance-coach/,edu-023-personal-finance-coach
null,Language Learning Ai,Education,planned,https://github.com/Worldwidebro/edu-024-language-learning-ai,https://worldwidebro.github.io/language-learning-ai/,edu-024-language-learning-ai
null,Test Preparation Ai,Education,planned,https://github.com/Worldwidebro/edu-025-test-preparation-ai,https://worldwidebro.github.io/test-preparation-ai/,edu-025-test-preparation-ai
null,Corporate Training Ai,Education,planned,https://github.com/Worldwidebro/edu-026-corporate-training-ai,https://worldwidebro.github.io/corporate-training-ai/,edu-026-corporate-training-ai
null,Medical Education Ai,Education,planned,https://github.com/Worldwidebro/edu-027-medical-education-ai,https://worldwidebro.github.io/medical-education-ai/,edu-027-medical-education-ai
null,Legal Education Ai,Education,planned,https://github.com/Worldwidebro/edu-028-legal-education-ai,https://worldwidebro.github.io/legal-education-ai/,edu-028-legal-education-ai
null,Music Education Ai,Education,planned,https://github.com/Worldwidebro/edu-029-music-education-ai,https://worldwidebro.github.io/music-education-ai/,edu-029-music-education-ai
null,Art Education Ai,Education,planned,https://github.com/Worldwidebro/edu-030-art-education-ai,https://worldwidebro.github.io/art-education-ai/,edu-030-art-education-ai
null,Physical Education Ai,Education,planned,https://github.com/Worldwidebro/edu-031-physical-education-ai,https://worldwidebro.github.io/physical-education-ai/,edu-031-physical-education-ai
null,Environmental Education Ai,Education,planned,https://github.com/Worldwidebro/edu-032-environmental-education-ai,https://worldwidebro.github.io/environmental-education-ai/,edu-032-environmental-education-ai
null,Social Studies Ai,Education,planned,https://github.com/Worldwidebro/edu-033-social-studies-ai,https://worldwidebro.github.io/social-studies-ai/,edu-033-social-studies-ai
null,Math Education Ai,Education,planned,https://github.com/Worldwidebro/edu-034-math-education-ai,https://worldwidebro.github.io/math-education-ai/,edu-034-math-education-ai
null,Science Education Ai,Education,planned,https://github.com/Worldwidebro/edu-035-science-education-ai,https://worldwidebro.github.io/science-education-ai/,edu-035-science-education-ai
null,Reading Comprehension Ai,Education,planned,https://github.com/Worldwidebro/edu-036-reading-comprehension-ai,https://worldwidebro.github.io/reading-comprehension-ai/,edu-036-reading-comprehension-ai
null,Writing Instruction Ai,Education,planned,https://github.com/Worldwidebro/edu-037-writing-instruction-ai,https://worldwidebro.github.io/writing-instruction-ai/,edu-037-writing-instruction-ai
null,Critical Thinking Ai,Education,planned,https://github.com/Worldwidebro/edu-038-critical-thinking-ai,https://worldwidebro.github.io/critical-thinking-ai/,edu-038-critical-thinking-ai
null,Emotional Intelligence Ai,Education,planned,https://github.com/Worldwidebro/edu-039-emotional-intelligence-ai,https://worldwidebro.github.io/emotional-intelligence-ai/,edu-039-emotional-intelligence-ai
null,Time Management Ai,Education,planned,https://github.com/Worldwidebro/edu-040-time-management-ai,https://worldwidebro.github.io/time-management-ai/,edu-040-time-management-ai
null,Luminary Worldwide Events,Media,planned,https://github.com/Worldwidebro/comm-001-luminary-worldwide-events,https://worldwidebro.github.io/luminary-worldwide-events/,comm-001-luminary-worldwide-events
null,Brotherhood Coaching Network,Media,planned,https://github.com/Worldwidebro/comm-002-brotherhood-coaching-network,https://worldwidebro.github.io/brotherhood-coaching-network/,comm-002-brotherhood-coaching-network
null,Ace Senior Care Connect,Media,planned,https://github.com/Worldwidebro/comm-003-ace-senior-care-connect,https://worldwidebro.github.io/ace-senior-care-connect/,comm-003-ace-senior-care-connect
null,Community Outreach Nonprofit,Media,planned,https://github.com/Worldwidebro/comm-004-community-outreach-nonprofit,https://worldwidebro.github.io/community-outreach-nonprofit/,comm-004-community-outreach-nonprofit
null,Ace Food Security Ai,Media,planned,https://github.com/Worldwidebro/comm-005-ace-food-security-ai,https://worldwidebro.github.io/ace-food-security-ai/,comm-005-ace-food-security-ai
null,Community Technology Access Ai,Media,planned,https://github.com/Worldwidebro/comm-006-community-technology-access-ai,https://worldwidebro.github.io/community-technology-access-ai/,comm-006-community-technology-access-ai
null,Youth Leadership Ai,Media,planned,https://github.com/Worldwidebro/comm-007-youth-leadership-ai,https://worldwidebro.github.io/youth-leadership-ai/,comm-007-youth-leadership-ai
null,Community Fundraising Ai,Media,planned,https://github.com/Worldwidebro/comm-008-community-fundraising-ai,https://worldwidebro.github.io/community-fundraising-ai/,comm-008-community-fundraising-ai
null,Volunteer Hub Ai,Media,planned,https://github.com/Worldwidebro/comm-009-volunteer-hub-ai,https://worldwidebro.github.io/volunteer-hub-ai/,comm-009-volunteer-hub-ai
null,Disaster Relief Ai,Media,planned,https://github.com/Worldwidebro/comm-010-disaster-relief-ai,https://worldwidebro.github.io/disaster-relief-ai/,comm-010-disaster-relief-ai
null,Indigenous Creator Hub,Media,planned,https://github.com/Worldwidebro/comm-011-indigenous-creator-hub,https://worldwidebro.github.io/indigenous-creator-hub/,comm-011-indigenous-creator-hub
null,Black Art Museum Ai,Media,planned,https://github.com/Worldwidebro/comm-012-black-art-museum-ai,https://worldwidebro.github.io/black-art-museum-ai/,comm-012-black-art-museum-ai
null,Women S Empowerment Network,Media,planned,https://github.com/Worldwidebro/comm-013-women-s-empowerment-network,https://worldwidebro.github.io/women-s-empowerment-network/,comm-013-women-s-empowerment-network
null,Veterans Support Ai,Media,planned,https://github.com/Worldwidebro/comm-014-veterans-support-ai,https://worldwidebro.github.io/veterans-support-ai/,comm-014-veterans-support-ai
null,Youth Mentorship Program,Media,planned,https://github.com/Worldwidebro/comm-015-youth-mentorship-program,https://worldwidebro.github.io/youth-mentorship-program/,comm-015-youth-mentorship-program
null,Community Health Ai,Media,planned,https://github.com/Worldwidebro/comm-016-community-health-ai,https://worldwidebro.github.io/community-health-ai/,comm-016-community-health-ai
null,Local Business Directory,Media,planned,https://github.com/Worldwidebro/comm-017-local-business-directory,https://worldwidebro.github.io/local-business-directory/,comm-017-local-business-directory
null,Neighborhood Watch Ai,Media,planned,https://github.com/Worldwidebro/comm-018-neighborhood-watch-ai,https://worldwidebro.github.io/neighborhood-watch-ai/,comm-018-neighborhood-watch-ai
null,Community Garden Ai,Media,planned,https://github.com/Worldwidebro/comm-019-community-garden-ai,https://worldwidebro.github.io/community-garden-ai/,comm-019-community-garden-ai
null,Public Transportation Ai,Media,planned,https://github.com/Worldwidebro/comm-020-public-transportation-ai,https://worldwidebro.github.io/public-transportation-ai/,comm-020-public-transportation-ai
null,Housing Assistance Ai,Media,planned,https://github.com/Worldwidebro/comm-021-housing-assistance-ai,https://worldwidebro.github.io/housing-assistance-ai/,comm-021-housing-assistance-ai
null,Job Training Center,Media,planned,https://github.com/Worldwidebro/comm-022-job-training-center,https://worldwidebro.github.io/job-training-center/,comm-022-job-training-center
null,Elder Companion Ai,Media,planned,https://github.com/Worldwidebro/comm-023-elder-companion-ai,https://worldwidebro.github.io/elder-companion-ai/,comm-023-elder-companion-ai
null,Youth Sports Ai,Media,planned,https://github.com/Worldwidebro/comm-024-youth-sports-ai,https://worldwidebro.github.io/youth-sports-ai/,comm-024-youth-sports-ai
null,Community Legal Aid,Media,planned,https://github.com/Worldwidebro/comm-025-community-legal-aid,https://worldwidebro.github.io/community-legal-aid/,comm-025-community-legal-aid
null,Public Education Ai,Media,planned,https://github.com/Worldwidebro/comm-026-public-education-ai,https://worldwidebro.github.io/public-education-ai/,comm-026-public-education-ai
null,Local Government Ai,Media,planned,https://github.com/Worldwidebro/comm-027-local-government-ai,https://worldwidebro.github.io/local-government-ai/,comm-027-local-government-ai
null,Public Safety Ai,Media,planned,https://github.com/Worldwidebro/comm-028-public-safety-ai,https://worldwidebro.github.io/public-safety-ai/,comm-028-public-safety-ai
null,Community Wellness Ai,Media,planned,https://github.com/Worldwidebro/comm-029-community-wellness-ai,https://worldwidebro.github.io/community-wellness-ai/,comm-029-community-wellness-ai
null,Cultural Exchange Ai,Media,planned,https://github.com/Worldwidebro/comm-030-cultural-exchange-ai,https://worldwidebro.github.io/cultural-exchange-ai/,comm-030-cultural-exchange-ai
null,Community Investment Ai,Media,planned,https://github.com/Worldwidebro/comm-031-community-investment-ai,https://worldwidebro.github.io/community-investment-ai/,comm-031-community-investment-ai
null,Public Health Ai,Media,planned,https://github.com/Worldwidebro/comm-032-public-health-ai,https://worldwidebro.github.io/public-health-ai/,comm-032-public-health-ai
null,Youth Innovation Hub,Media,planned,https://github.com/Worldwidebro/comm-033-youth-innovation-hub,https://worldwidebro.github.io/youth-innovation-hub/,comm-033-youth-innovation-hub
null,Senior Tech Support,Media,planned,https://github.com/Worldwidebro/comm-034-senior-tech-support,https://worldwidebro.github.io/senior-tech-support/,comm-034-senior-tech-support
null,Community Arts Ai,Media,planned,https://github.com/Worldwidebro/comm-035-community-arts-ai,https://worldwidebro.github.io/community-arts-ai/,comm-035-community-arts-ai
null,Public Infrastructure Ai,Media,planned,https://github.com/Worldwidebro/comm-036-public-infrastructure-ai,https://worldwidebro.github.io/public-infrastructure-ai/,comm-036-public-infrastructure-ai
null,Neighborhood Development Ai,Media,planned,https://github.com/Worldwidebro/comm-037-neighborhood-development-ai,https://worldwidebro.github.io/neighborhood-development-ai/,comm-037-neighborhood-development-ai
null,Community Policing Ai,Media,planned,https://github.com/Worldwidebro/comm-038-community-policing-ai,https://worldwidebro.github.io/community-policing-ai/,comm-038-community-policing-ai
null,Public Space Ai,Media,planned,https://github.com/Worldwidebro/comm-039-public-space-ai,https://worldwidebro.github.io/public-space-ai/,comm-039-public-space-ai
null,Community Recycling Ai,Media,planned,https://github.com/Worldwidebro/comm-040-community-recycling-ai,https://worldwidebro.github.io/community-recycling-ai/,comm-040-community-recycling-ai
null,Public Wi Fi Ai,Media,planned,https://github.com/Worldwidebro/comm-041-public-wi-fi-ai,https://worldwidebro.github.io/public-wi-fi-ai/,comm-041-public-wi-fi-ai
null,Community Energy Ai,Media,planned,https://github.com/Worldwidebro/comm-042-community-energy-ai,https://worldwidebro.github.io/community-energy-ai/,comm-042-community-energy-ai
null,Local Food Network Ai,Media,planned,https://github.com/Worldwidebro/comm-043-local-food-network-ai,https://worldwidebro.github.io/local-food-network-ai/,comm-043-local-food-network-ai
null,Community Volunteering Ai,Media,planned,https://github.com/Worldwidebro/comm-044-community-volunteering-ai,https://worldwidebro.github.io/community-volunteering-ai/,comm-044-community-volunteering-ai
null,Public Childcare Ai,Media,planned,https://github.com/Worldwidebro/comm-045-public-childcare-ai,https://worldwidebro.github.io/public-childcare-ai/,comm-045-public-childcare-ai
null,Community Pet Care Ai,Media,planned,https://github.com/Worldwidebro/comm-046-community-pet-care-ai,https://worldwidebro.github.io/community-pet-care-ai/,comm-046-community-pet-care-ai
null,Public Fitness Ai,Media,planned,https://github.com/Worldwidebro/comm-047-public-fitness-ai,https://worldwidebro.github.io/public-fitness-ai/,comm-047-public-fitness-ai
null,Community Transportation Ai,Media,planned,https://github.com/Worldwidebro/comm-048-community-transportation-ai,https://worldwidebro.github.io/community-transportation-ai/,comm-048-community-transportation-ai
null,Public Event Ai,Media,planned,https://github.com/Worldwidebro/comm-049-public-event-ai,https://worldwidebro.github.io/public-event-ai/,comm-049-public-event-ai
null,Community Cultural Ai,Media,planned,https://github.com/Worldwidebro/comm-050-community-cultural-ai,https://worldwidebro.github.io/community-cultural-ai/,comm-050-community-cultural-ai
null,Space Habitat Ai,Technology,planned,https://github.com/Worldwidebro/em-001-space-habitat-ai,https://worldwidebro.github.io/space-habitat-ai/,em-001-space-habitat-ai
null,Fusion Energy Ai,Technology,planned,https://github.com/Worldwidebro/em-002-fusion-energy-ai,https://worldwidebro.github.io/fusion-energy-ai/,em-002-fusion-energy-ai
null,Teleportation Research Ai,Technology,planned,https://github.com/Worldwidebro/em-003-teleportation-research-ai,https://worldwidebro.github.io/teleportation-research-ai/,em-003-teleportation-research-ai
null,Climate Solutions Ai,Technology,planned,https://github.com/Worldwidebro/em-004-climate-solutions-ai,https://worldwidebro.github.io/climate-solutions-ai/,em-004-climate-solutions-ai
null,Holographic Events Ai,Technology,planned,https://github.com/Worldwidebro/em-005-holographic-events-ai,https://worldwidebro.github.io/holographic-events-ai/,em-005-holographic-events-ai
null,Neurofeedback Ai,Technology,planned,https://github.com/Worldwidebro/em-006-neurofeedback-ai,https://worldwidebro.github.io/neurofeedback-ai/,em-006-neurofeedback-ai
null,Autonomous Delivery Ai,Technology,planned,https://github.com/Worldwidebro/em-007-autonomous-delivery-ai,https://worldwidebro.github.io/autonomous-delivery-ai/,em-007-autonomous-delivery-ai
null,Gene Editing Ai,Technology,planned,https://github.com/Worldwidebro/em-008-gene-editing-ai,https://worldwidebro.github.io/gene-editing-ai/,em-008-gene-editing-ai
null,Space Tourism Ai,Technology,planned,https://github.com/Worldwidebro/em-009-space-tourism-ai,https://worldwidebro.github.io/space-tourism-ai/,em-009-space-tourism-ai
null,Wearables Ai,Technology,planned,https://github.com/Worldwidebro/em-010-wearables-ai,https://worldwidebro.github.io/wearables-ai/,em-010-wearables-ai
null,Metaverse Hub Ai,Technology,planned,https://github.com/Worldwidebro/em-011-metaverse-hub-ai,https://worldwidebro.github.io/metaverse-hub-ai/,em-011-metaverse-hub-ai
null,Energy Grid Ai,Technology,planned,https://github.com/Worldwidebro/em-012-energy-grid-ai,https://worldwidebro.github.io/energy-grid-ai/,em-012-energy-grid-ai
null,Brain Computer Interface,Technology,planned,https://github.com/Worldwidebro/em-013-brain-computer-interface,https://worldwidebro.github.io/brain-computer-interface/,em-013-brain-computer-interface
null,Ocean Cleanup Ai,Technology,planned,https://github.com/Worldwidebro/em-014-ocean-cleanup-ai,https://worldwidebro.github.io/ocean-cleanup-ai/,em-014-ocean-cleanup-ai
null,Crypto Trading Ai,Technology,planned,https://github.com/Worldwidebro/em-015-crypto-trading-ai,https://worldwidebro.github.io/crypto-trading-ai/,em-015-crypto-trading-ai
null,Synthetic Media Ai,Technology,planned,https://github.com/Worldwidebro/em-016-synthetic-media-ai,https://worldwidebro.github.io/synthetic-media-ai/,em-016-synthetic-media-ai
null,Space Mining Ai,Technology,planned,https://github.com/Worldwidebro/em-017-space-mining-ai,https://worldwidebro.github.io/space-mining-ai/,em-017-space-mining-ai
null,Vr Therapy Ai,Technology,planned,https://github.com/Worldwidebro/em-018-vr-therapy-ai,https://worldwidebro.github.io/vr-therapy-ai/,em-018-vr-therapy-ai
null,Weather Prediction Ai,Technology,planned,https://github.com/Worldwidebro/em-019-weather-prediction-ai,https://worldwidebro.github.io/weather-prediction-ai/,em-019-weather-prediction-ai
null,Autonomous Farming Ai,Technology,planned,https://github.com/Worldwidebro/em-020-autonomous-farming-ai,https://worldwidebro.github.io/autonomous-farming-ai/,em-020-autonomous-farming-ai
null,Traffic Optimizer Ai,Technology,planned,https://github.com/Worldwidebro/em-021-traffic-optimizer-ai,https://worldwidebro.github.io/traffic-optimizer-ai/,em-021-traffic-optimizer-ai
null,Smart Grid Ai,Technology,planned,https://github.com/Worldwidebro/em-022-smart-grid-ai,https://worldwidebro.github.io/smart-grid-ai/,em-022-smart-grid-ai
null,Disaster Prediction Ai,Technology,planned,https://github.com/Worldwidebro/em-023-disaster-prediction-ai,https://worldwidebro.github.io/disaster-prediction-ai/,em-023-disaster-prediction-ai
null,Nanotech Ai,Technology,planned,https://github.com/Worldwidebro/em-024-nanotech-ai,https://worldwidebro.github.io/nanotech-ai/,em-024-nanotech-ai
null,Personalized Medicine Ai,Technology,planned,https://github.com/Worldwidebro/em-025-personalized-medicine-ai,https://worldwidebro.github.io/personalized-medicine-ai/,em-025-personalized-medicine-ai
null,Ai Diagnostic Lab,Technology,planned,https://github.com/Worldwidebro/em-026-ai-diagnostic-lab,https://worldwidebro.github.io/ai-diagnostic-lab/,em-026-ai-diagnostic-lab
null,Sustainable Cities Ai,Technology,planned,https://github.com/Worldwidebro/em-027-sustainable-cities-ai,https://worldwidebro.github.io/sustainable-cities-ai/,em-027-sustainable-cities-ai
null,Renewable Energy Ai,Technology,planned,https://github.com/Worldwidebro/em-028-renewable-energy-ai,https://worldwidebro.github.io/renewable-energy-ai/,em-028-renewable-energy-ai
null,Climate Modeling Ai,Technology,planned,https://github.com/Worldwidebro/em-029-climate-modeling-ai,https://worldwidebro.github.io/climate-modeling-ai/,em-029-climate-modeling-ai
null,Policy Advisor Ai,Technology,planned,https://github.com/Worldwidebro/em-030-policy-advisor-ai,https://worldwidebro.github.io/policy-advisor-ai/,em-030-policy-advisor-ai
null,Governance Hub Ai,Technology,planned,https://github.com/Worldwidebro/em-031-governance-hub-ai,https://worldwidebro.github.io/governance-hub-ai/,em-031-governance-hub-ai
null,Global Challenges Ai,Technology,planned,https://github.com/Worldwidebro/em-032-global-challenges-ai,https://worldwidebro.github.io/global-challenges-ai/,em-032-global-challenges-ai
null,Space Exploration Ai,Technology,planned,https://github.com/Worldwidebro/em-033-space-exploration-ai,https://worldwidebro.github.io/space-exploration-ai/,em-033-space-exploration-ai
null,Education Equity Ai,Technology,planned,https://github.com/Worldwidebro/em-034-education-equity-ai,https://worldwidebro.github.io/education-equity-ai/,em-034-education-equity-ai
null,Health Equity Ai,Technology,planned,https://github.com/Worldwidebro/em-035-health-equity-ai,https://worldwidebro.github.io/health-equity-ai/,em-035-health-equity-ai
null,Economic Equity Ai,Technology,planned,https://github.com/Worldwidebro/em-036-economic-equity-ai,https://worldwidebro.github.io/economic-equity-ai/,em-036-economic-equity-ai
null,Environmental Justice Ai,Technology,planned,https://github.com/Worldwidebro/em-037-environmental-justice-ai,https://worldwidebro.github.io/environmental-justice-ai/,em-037-environmental-justice-ai
null,Human Rights Ai,Technology,planned,https://github.com/Worldwidebro/em-038-human-rights-ai,https://worldwidebro.github.io/human-rights-ai/,em-038-human-rights-ai
null,Peacebuilding Ai,Technology,planned,https://github.com/Worldwidebro/em-039-peacebuilding-ai,https://worldwidebro.github.io/peacebuilding-ai/,em-039-peacebuilding-ai
null,Telemedicine Ai,Technology,planned,https://github.com/Worldwidebro/em-040-telemedicine-ai,https://worldwidebro.github.io/telemedicine-ai/,em-040-telemedicine-ai
null,Ai Climate Adaptation,Technology,planned,https://github.com/Worldwidebro/em-041-ai-climate-adaptation,https://worldwidebro.github.io/ai-climate-adaptation/,em-041-ai-climate-adaptation
null,Space Agriculture Ai,Technology,planned,https://github.com/Worldwidebro/em-042-space-agriculture-ai,https://worldwidebro.github.io/space-agriculture-ai/,em-042-space-agriculture-ai
null,Quantum Communication Ai,Technology,planned,https://github.com/Worldwidebro/em-043-quantum-communication-ai,https://worldwidebro.github.io/quantum-communication-ai/,em-043-quantum-communication-ai
null,Robotics Surgery Ai,Technology,planned,https://github.com/Worldwidebro/em-044-robotics-surgery-ai,https://worldwidebro.github.io/robotics-surgery-ai/,em-044-robotics-surgery-ai
null,Ai Disaster Response,Technology,planned,https://github.com/Worldwidebro/em-045-ai-disaster-response,https://worldwidebro.github.io/ai-disaster-response/,em-045-ai-disaster-response
null,Smart City Governance,Technology,planned,https://github.com/Worldwidebro/em-046-smart-city-governance,https://worldwidebro.github.io/smart-city-governance/,em-046-smart-city-governance
null,Ai Environmental Monitoring,Technology,planned,https://github.com/Worldwidebro/em-047-ai-environmental-monitoring,https://worldwidebro.github.io/ai-environmental-monitoring/,em-047-ai-environmental-monitoring
null,Space Manufacturing Ai,Technology,planned,https://github.com/Worldwidebro/em-048-space-manufacturing-ai,https://worldwidebro.github.io/space-manufacturing-ai/,em-048-space-manufacturing-ai
null,Ai Ocean Exploration,Technology,planned,https://github.com/Worldwidebro/em-049-ai-ocean-exploration,https://worldwidebro.github.io/ai-ocean-exploration/,em-049-ai-ocean-exploration
null,Ai Archaeology,Technology,planned,https://github.com/Worldwidebro/em-050-ai-archaeology,https://worldwidebro.github.io/ai-archaeology/,em-050-ai-archaeology
null,Ai Auction House,Technology,planned,https://github.com/Worldwidebro/spec-001-ai-auction-house,https://worldwidebro.github.io/ai-auction-house/,spec-001-ai-auction-house
null,Smart Marina Management,Technology,planned,https://github.com/zquestz/s,https://worldwidebro.github.io/smart-marina-management/,s
null,Ai Surf Report,Technology,planned,https://github.com/zquestz/s,https://worldwidebro.github.io/ai-surf-report/,s
null,Private Chef Ai,Technology,planned,https://github.com/get-convex/chef,https://worldwidebro.github.io/private-chef-ai/,chef
null,Virtual Concierge Ai,Technology,planned,,,
null,Smart Parking Ai,Technology,planned,https://github.com/zquestz/s,https://worldwidebro.github.io/smart-parking-ai/,s
null,Ai Interior Design,Technology,planned,https://github.com/zquestz/s,https://worldwidebro.github.io/ai-interior-design/,s
null,Personal Stylist Ai,Technology,planned,https://github.com/zquestz/s,https://worldwidebro.github.io/personal-stylist-ai/,s
null,Smart Locker System,Technology,planned,https://github.com/zquestz/s,https://worldwidebro.github.io/smart-locker-system/,s
null,Ai Fitness Coach,Technology,planned,https://github.com/zquestz/s,https://worldwidebro.github.io/ai-fitness-coach/,s
null,Smart Golf Caddie,Technology,planned,https://github.com/zquestz/s,https://worldwidebro.github.io/smart-golf-caddie/,s
null,Ai Nutritionist,Technology,planned,https://github.com/zquestz/s,https://worldwidebro.github.io/ai-nutritionist/,s
null,Smart Hotel Butler,Technology,planned,https://github.com/zquestz/s,https://worldwidebro.github.io/smart-hotel-butler/,s
null,Ai Language Tutor,Technology,planned,,,
null,Smart Transportation Ai,Technology,planned,https://github.com/zquestz/s,https://worldwidebro.github.io/smart-transportation-ai/,s
null,Ai Travel Planner,Technology,planned,,,
null,Smart Agriculture Ai,Technology,planned,https://github.com/Worldwidebro/spec-017-smart-agriculture-ai,https://worldwidebro.github.io/smart-agriculture-ai/,spec-017-smart-agriculture-ai
null,Ai Personal Shopper,Technology,planned,https://github.com/Worldwidebro/spec-018-ai-personal-shopper,https://worldwidebro.github.io/ai-personal-shopper/,spec-018-ai-personal-shopper
null,Smart Home Security,Technology,planned,https://github.com/Worldwidebro/spec-019-smart-home-security,https://worldwidebro.github.io/smart-home-security/,spec-019-smart-home-security
null,Ai Music Producer,Technology,planned,https://github.com/zquestz/s,https://worldwidebro.github.io/ai-music-producer/,s
null,Smart Restaurant Ai,Technology,planned,https://github.com/zquestz/s,https://worldwidebro.github.io/smart-restaurant-ai/,s
null,Ai Movie Critic,Technology,planned,,,
null,Smart Museum Guide,Technology,planned,https://github.com/zquestz/s,https://worldwidebro.github.io/smart-museum-guide/,s
null,Ai Sports Analyst,Technology,planned,https://github.com/zquestz/s,https://worldwidebro.github.io/ai-sports-analyst/,s
null,Smart Library Ai,Technology,planned,https://github.com/zquestz/s,https://worldwidebro.github.io/smart-library-ai/,s
null,Ai Art Curator,Technology,planned,,,
null,Smart Fitness Ai,Technology,planned,https://github.com/zquestz/s,https://worldwidebro.github.io/smart-fitness-ai/,s
null,Ai Poetry Generator,Technology,planned,https://github.com/python-poetry/poetry,https://worldwidebro.github.io/ai-poetry-generator/,poetry
null,Smart Dating Ai,Technology,planned,https://github.com/zquestz/s,https://worldwidebro.github.io/smart-dating-ai/,s
null,Ai Journalism Tool,Technology,planned,https://github.com/zquestz/s,https://worldwidebro.github.io/ai-journalism-tool/,s
null,Smart Legal Ai,Technology,planned,https://github.com/zquestz/s,https://worldwidebro.github.io/smart-legal-ai/,s
null,Ai Game Designer,Technology,growth,https://github.com/zquestz/s,https://worldwidebro.github.io/ai-game-designer/,s
null,Smart Real Estate Ai,Technology,planned,https://github.com/zquestz/s,https://worldwidebro.github.io/smart-real-estate-ai/,s
null,Ai Cooking Assistant,Technology,planned,https://github.com/zquestz/s,https://worldwidebro.github.io/ai-cooking-assistant/,s
null,Smart Health Ai,Technology,planned,https://github.com/zquestz/s,https://worldwidebro.github.io/smart-health-ai/,s
null,Ai Photography Tool,Technology,planned,,,
null,Smart Writing Ai,Technology,planned,https://github.com/zquestz/s,https://worldwidebro.github.io/smart-writing-ai/,s
null,Ai Comedy Writer,Technology,planned,https://github.com/Worldwidebro/spec-038-ai-comedy-writer,https://worldwidebro.github.io/ai-comedy-writer/,spec-038-ai-comedy-writer
null,Smart Meditation Ai,Technology,planned,https://github.com/zquestz/s,https://worldwidebro.github.io/smart-meditation-ai/,s
null,Ai Debate Coach,Technology,planned,,,
null,Smart Parenting Ai,Technology,planned,https://github.com/zquestz/s,https://worldwidebro.github.io/smart-parenting-ai/,s
null,Ai Financial Advisor,Technology,planned,https://github.com/zquestz/s,https://worldwidebro.github.io/ai-financial-advisor/,s
null,Smart Automotive Ai,Technology,planned,https://github.com/zquestz/s,https://worldwidebro.github.io/smart-automotive-ai/,s
null,Ai Aviation Planner,Technology,planned,,,
null,Smart Maritime Ai,Technology,planned,https://github.com/zquestz/s,https://worldwidebro.github.io/smart-maritime-ai/,s
null,Ai Weather Forecast,Technology,planned,https://github.com/zquestz/s,https://worldwidebro.github.io/ai-weather-forecast/,s
null,Smart Energy Ai,Technology,planned,https://github.com/zquestz/s,https://worldwidebro.github.io/smart-energy-ai/,s
null,Ai Sports Coach,Technology,planned,https://github.com/zquestz/s,https://worldwidebro.github.io/ai-sports-coach/,s
null,Smart Education Ai,Technology,planned,https://github.com/zquestz/s,https://worldwidebro.github.io/smart-education-ai/,s
null,Ai Language Translator,Technology,planned,https://github.com/zquestz/s,https://worldwidebro.github.io/ai-language-translator/,s
null,Dist,Financial,planned,https://github.com/Worldwidebro/lt-024-distribution-company,https://worldwidebro.github.io/dist/,lt-024-distribution-company
null,Node_Modules,Financial,planned,https://github.com/zquestz/s,https://worldwidebro.github.io/node_modules/,s
null,Public,Financial,planned,https://github.com/Worldwidebro/comm-049-public-event-ai,https://worldwidebro.github.io/public/,comm-049-public-event-ai
null,Src,Financial,planned,https://github.com/zquestz/s,https://worldwidebro.github.io/src/,s
null,Supabase,Financial,planned,https://github.com/zquestz/s,https://worldwidebro.github.io/supabase/,s
null,Unknown,Technology,unknown,,,
null,GenixBank Lite,Financial,Ideation,https://github.com/Worldwidebro/fin-001-genixbank-lite,https://worldwidebro.github.io/genixbank-lite/,fin-001-genixbank-lite
null,Credit Repair Automation,Financial,Ideation,https://github.com/Worldwidebro/fin-002-credit-repair-automation,https://worldwidebro.github.io/credit-repair-automation/,fin-002-credit-repair-automation
null,AI Boss Hub Lite,Financial,Ideation,https://github.com/Worldwidebro/fin-003-ai-boss-hub-lite,https://worldwidebro.github.io/ai-boss-hub-lite/,fin-003-ai-boss-hub-lite
null,GenixBanks AI Treasurer,Financial,Ideation,https://github.com/Worldwidebro/fin-004-genixbanks-ai-treasurer,https://worldwidebro.github.io/genixbanks-ai-treasurer/,fin-004-genixbanks-ai-treasurer
null,U-Haul Rental Affiliate,Financial,MVP,https://github.com/Worldwidebro/fin-005-u-haul-rental-affiliate,https://worldwidebro.github.io/u-haul-rental-affiliate/,fin-005-u-haul-rental-affiliate
null,Tax Prep & Filing Services,Financial,Ideation,https://github.com/zquestz/s,https://worldwidebro.github.io/tax-prep-and-filing-services/,s
null,Business Credit Building,Financial,Ideation,https://github.com/Worldwidebro/fin-007-business-credit-building,https://worldwidebro.github.io/business-credit-building/,fin-007-business-credit-building
null,Business Formation Services,Financial,MVP,https://github.com/Worldwidebro/fin-008-business-formation-services,https://worldwidebro.github.io/business-formation-services/,fin-008-business-formation-services
null,Crypto Tax Optimizer,Financial,Ideation,https://github.com/Worldwidebro/fin-009-crypto-tax-optimizer,https://worldwidebro.github.io/crypto-tax-optimizer/,fin-009-crypto-tax-optimizer
null,AI-Powered Garbage Collection,Financial,Ideation,https://github.com/Worldwidebro/fin-010-ai-powered-garbage-collection,https://worldwidebro.github.io/ai-powered-garbage-collection/,fin-010-ai-powered-garbage-collection
null,Automated Bookkeeping,Financial,Ideation,https://github.com/Worldwidebro/fin-011-automated-bookkeeping,https://worldwidebro.github.io/automated-bookkeeping/,fin-011-automated-bookkeeping
null,Invoice Factoring AI,Financial,Ideation,https://github.com/Worldwidebro/fin-012-invoice-factoring-ai,https://worldwidebro.github.io/invoice-factoring-ai/,fin-012-invoice-factoring-ai
null,Charity Donation AI,Financial,Ideation,https://github.com/Worldwidebro/fin-013-charity-donation-ai,https://worldwidebro.github.io/charity-donation-ai/,fin-013-charity-donation-ai
null,Expense Tracker AI,Financial,Ideation,https://github.com/Worldwidebro/fin-014-expense-tracker-ai,https://worldwidebro.github.io/expense-tracker-ai/,fin-014-expense-tracker-ai
null,Financial Wellness Coach,Financial,MVP,https://github.com/Worldwidebro/fin-015-financial-wellness-coach,https://worldwidebro.github.io/financial-wellness-coach/,fin-015-financial-wellness-coach
null,Trade Finance AI,Financial,Ideation,https://github.com/Worldwidebro/fin-016-trade-finance-ai,https://worldwidebro.github.io/trade-finance-ai/,fin-016-trade-finance-ai
null,Remittance AI,Financial,Ideation,https://github.com/Worldwidebro/fin-017-remittance-ai,https://worldwidebro.github.io/remittance-ai/,fin-017-remittance-ai
null,Wealth Transfer AI,Financial,Ideation,https://github.com/Worldwidebro/fin-018-wealth-transfer-ai,https://worldwidebro.github.io/wealth-transfer-ai/,fin-018-wealth-transfer-ai
null,Payment Gateway AI,Financial,Ideation,https://github.com/Worldwidebro/fin-019-payment-gateway-ai,https://worldwidebro.github.io/payment-gateway-ai/,fin-019-payment-gateway-ai
null,Debt Consolidation AI,Financial,Ideation,https://github.com/Worldwidebro/fin-020-debt-consolidation-ai,https://worldwidebro.github.io/debt-consolidation-ai/,fin-020-debt-consolidation-ai
null,Tax Deduction Finder,Financial,Ideation,https://github.com/Worldwidebro/fin-021-tax-deduction-finder,https://worldwidebro.github.io/tax-deduction-finder/,fin-021-tax-deduction-finder
null,Budget Forecasting AI,Financial,Ideation,https://github.com/Worldwidebro/fin-022-budget-forecasting-ai,https://worldwidebro.github.io/budget-forecasting-ai/,fin-022-budget-forecasting-ai
null,Investment Portfolio AI,Financial,Ideation,https://github.com/Worldwidebro/fin-023-investment-portfolio-ai,https://worldwidebro.github.io/investment-portfolio-ai/,fin-023-investment-portfolio-ai
null,Crowdfunding AI,Financial,Ideation,https://github.com/Worldwidebro/fin-024-crowdfunding-ai,https://worldwidebro.github.io/crowdfunding-ai/,fin-024-crowdfunding-ai
null,Escrow Automation,Financial,Ideation,https://github.com/Worldwidebro/fin-025-escrow-automation,https://worldwidebro.github.io/escrow-automation/,fin-025-escrow-automation
null,Financial Compliance Scanner,Financial,Ideation,https://github.com/Worldwidebro/fin-026-financial-compliance-scanner,https://worldwidebro.github.io/financial-compliance-scanner/,fin-026-financial-compliance-scanner
null,Patent Writer AI,Financial,Ideation,https://github.com/Worldwidebro/fin-027-patent-writer-ai,https://worldwidebro.github.io/patent-writer-ai/,fin-027-patent-writer-ai
null,Legal Analyzer AI,Financial,Ideation,https://github.com/Worldwidebro/fin-028-legal-analyzer-ai,https://worldwidebro.github.io/legal-analyzer-ai/,fin-028-legal-analyzer-ai
null,Compliance Wallet SaaS,Financial,Ideation,https://github.com/Worldwidebro/fin-029-compliance-wallet-saas,https://worldwidebro.github.io/compliance-wallet-saas/,fin-029-compliance-wallet-saas
null,Local SEO Ranker AI,Financial,Ideation,https://github.com/Worldwidebro/fin-030-local-seo-ranker-ai,https://worldwidebro.github.io/local-seo-ranker-ai/,fin-030-local-seo-ranker-ai
null,Investor Dashboard Builder,Financial,Ideation,https://github.com/Worldwidebro/fin-031-investor-dashboard-builder,https://worldwidebro.github.io/investor-dashboard-builder/,fin-031-investor-dashboard-builder
null,Legal Toolkit AI,Financial,Ideation,https://github.com/Worldwidebro/fin-032-legal-toolkit-ai,https://worldwidebro.github.io/legal-toolkit-ai/,fin-032-legal-toolkit-ai
null,AI Tax Preparation Service,Financial,Ideation,https://github.com/Worldwidebro/fin-033-ai-tax-preparation-service,https://worldwidebro.github.io/ai-tax-preparation-service/,fin-033-ai-tax-preparation-service
null,Payroll Automation,Financial,Ideation,https://github.com/Worldwidebro/fin-034-payroll-automation,https://worldwidebro.github.io/payroll-automation/,fin-034-payroll-automation
null,Insurance Underwriting AI,Financial,Ideation,https://github.com/Worldwidebro/fin-035-insurance-underwriting-ai,https://worldwidebro.github.io/insurance-underwriting-ai/,fin-035-insurance-underwriting-ai
null,Angels in Daylight,Marketplace,MVP,https://github.com/Worldwidebro/ec-001-angels-in-daylight,https://worldwidebro.github.io/angels-in-daylight/,ec-001-angels-in-daylight
null,New World Apparel,Marketplace,MVP,https://github.com/Worldwidebro/ec-002-new-world-apparel,https://worldwidebro.github.io/new-world-apparel/,ec-002-new-world-apparel
null,Shopify Autopilot,Marketplace,MVP,https://github.com/Worldwidebro/ec-003-shopify-autopilot,https://worldwidebro.github.io/shopify-autopilot/,ec-003-shopify-autopilot
null,Shoe Customizer,Marketplace,Ideation,https://github.com/Worldwidebro/ec-004-shoe-customizer,https://worldwidebro.github.io/shoe-customizer/,ec-004-shoe-customizer
null,Sunglasses AI,Marketplace,Ideation,https://github.com/Worldwidebro/ec-005-sunglasses-ai,https://worldwidebro.github.io/sunglasses-ai/,ec-005-sunglasses-ai
null,Dropship Hub,Marketplace,MVP,https://github.com/Worldwidebro/ec-006-dropship-hub,https://worldwidebro.github.io/dropship-hub/,ec-006-dropship-hub
null,Personal Shopper AI,Marketplace,Ideation,https://github.com/Worldwidebro/ec-007-personal-shopper-ai,https://worldwidebro.github.io/personal-shopper-ai/,ec-007-personal-shopper-ai
null,Custom Sneaker AI,Marketplace,Ideation,https://github.com/Worldwidebro/ec-008-custom-sneaker-ai,https://worldwidebro.github.io/custom-sneaker-ai/,ec-008-custom-sneaker-ai
null,Sustainable Fashion AI,Marketplace,Ideation,https://github.com/Worldwidebro/ec-009-sustainable-fashion-ai,https://worldwidebro.github.io/sustainable-fashion-ai/,ec-009-sustainable-fashion-ai
null,Jewelry Designer AI,Marketplace,Ideation,https://github.com/Worldwidebro/ec-010-jewelry-designer-ai,https://worldwidebro.github.io/jewelry-designer-ai/,ec-010-jewelry-designer-ai
null,Shopify Autopilot,Technology,MVP,https://github.com/Worldwidebro/ec-003-shopify-autopilot,https://worldwidebro.github.io/shopify-autopilot/,ec-003-shopify-autopilot
null,Online Course Platform,Education,Ideation,https://github.com/Worldwidebro/mc-017-online-course-platform,https://worldwidebro.github.io/online-course-platform/,mc-017-online-course-platform
null,Local Community Hub,Media,Ideation,,,
null,Process Automation Suite,Operations,Ideation,https://github.com/zquestz/s,https://worldwidebro.github.io/process-automation-suite/,s
null,Blockchain Commerce Platform,Technology,Ideation,https://github.com/hcengineering/platform,https://worldwidebro.github.io/blockchain-commerce-platform/,platform
null,GenixBank Lite,Technology,unknown,https://github.com/Worldwidebro/fin-001-genixbank-lite,https://worldwidebro.github.io/genixbank-lite/,fin-001-genixbank-lite
null,Credit Repair Automation,Technology,unknown,https://github.com/Worldwidebro/fin-002-credit-repair-automation,https://worldwidebro.github.io/credit-repair-automation/,fin-002-credit-repair-automation
null,AI Boss Hub Lite,Technology,unknown,https://github.com/Worldwidebro/fin-003-ai-boss-hub-lite,https://worldwidebro.github.io/ai-boss-hub-lite/,fin-003-ai-boss-hub-lite
null,GenixBanks AI Treasurer,Technology,unknown,https://github.com/Worldwidebro/fin-004-genixbanks-ai-treasurer,https://worldwidebro.github.io/genixbanks-ai-treasurer/,fin-004-genixbanks-ai-treasurer
null,U-Haul Rental Affiliate,Technology,unknown,https://github.com/Worldwidebro/fin-005-u-haul-rental-affiliate,https://worldwidebro.github.io/u-haul-rental-affiliate/,fin-005-u-haul-rental-affiliate
null,Tax Prep & Filing Services,Technology,unknown,https://github.com/zquestz/s,https://worldwidebro.github.io/tax-prep-and-filing-services/,s
null,Business Credit Building,Technology,unknown,https://github.com/Worldwidebro/fin-007-business-credit-building,https://worldwidebro.github.io/business-credit-building/,fin-007-business-credit-building
null,Business Formation Services,Technology,unknown,https://github.com/Worldwidebro/fin-008-business-formation-services,https://worldwidebro.github.io/business-formation-services/,fin-008-business-formation-services
null,Crypto Tax Optimizer,Technology,unknown,https://github.com/Worldwidebro/fin-009-crypto-tax-optimizer,https://worldwidebro.github.io/crypto-tax-optimizer/,fin-009-crypto-tax-optimizer
null,AI-Powered Garbage Collection,Technology,unknown,https://github.com/Worldwidebro/fin-010-ai-powered-garbage-collection,https://worldwidebro.github.io/ai-powered-garbage-collection/,fin-010-ai-powered-garbage-collection
null,Automated Bookkeeping,Technology,unknown,https://github.com/Worldwidebro/fin-011-automated-bookkeeping,https://worldwidebro.github.io/automated-bookkeeping/,fin-011-automated-bookkeeping
null,Invoice Factoring AI,Technology,unknown,https://github.com/Worldwidebro/fin-012-invoice-factoring-ai,https://worldwidebro.github.io/invoice-factoring-ai/,fin-012-invoice-factoring-ai
null,Charity Donation AI,Technology,unknown,https://github.com/Worldwidebro/fin-013-charity-donation-ai,https://worldwidebro.github.io/charity-donation-ai/,fin-013-charity-donation-ai
null,Expense Tracker AI,Technology,unknown,https://github.com/Worldwidebro/fin-014-expense-tracker-ai,https://worldwidebro.github.io/expense-tracker-ai/,fin-014-expense-tracker-ai
null,Financial Wellness Coach,Technology,unknown,https://github.com/Worldwidebro/fin-015-financial-wellness-coach,https://worldwidebro.github.io/financial-wellness-coach/,fin-015-financial-wellness-coach
null,Trade Finance AI,Technology,unknown,https://github.com/Worldwidebro/fin-016-trade-finance-ai,https://worldwidebro.github.io/trade-finance-ai/,fin-016-trade-finance-ai
null,Remittance AI,Technology,unknown,https://github.com/Worldwidebro/fin-017-remittance-ai,https://worldwidebro.github.io/remittance-ai/,fin-017-remittance-ai
null,Wealth Transfer AI,Technology,unknown,https://github.com/Worldwidebro/fin-018-wealth-transfer-ai,https://worldwidebro.github.io/wealth-transfer-ai/,fin-018-wealth-transfer-ai
null,Payment Gateway AI,Technology,unknown,https://github.com/Worldwidebro/fin-019-payment-gateway-ai,https://worldwidebro.github.io/payment-gateway-ai/,fin-019-payment-gateway-ai
null,Debt Consolidation AI,Technology,unknown,https://github.com/Worldwidebro/fin-020-debt-consolidation-ai,https://worldwidebro.github.io/debt-consolidation-ai/,fin-020-debt-consolidation-ai
null,Tax Deduction Finder,Technology,unknown,https://github.com/Worldwidebro/fin-021-tax-deduction-finder,https://worldwidebro.github.io/tax-deduction-finder/,fin-021-tax-deduction-finder
null,Budget Forecasting AI,Technology,unknown,https://github.com/Worldwidebro/fin-022-budget-forecasting-ai,https://worldwidebro.github.io/budget-forecasting-ai/,fin-022-budget-forecasting-ai
null,Investment Portfolio AI,Technology,unknown,https://github.com/Worldwidebro/fin-023-investment-portfolio-ai,https://worldwidebro.github.io/investment-portfolio-ai/,fin-023-investment-portfolio-ai
null,Crowdfunding AI,Technology,unknown,https://github.com/Worldwidebro/fin-024-crowdfunding-ai,https://worldwidebro.github.io/crowdfunding-ai/,fin-024-crowdfunding-ai
null,Escrow Automation,Technology,unknown,https://github.com/Worldwidebro/fin-025-escrow-automation,https://worldwidebro.github.io/escrow-automation/,fin-025-escrow-automation
null,Financial Compliance Scanner,Technology,unknown,https://github.com/Worldwidebro/fin-026-financial-compliance-scanner,https://worldwidebro.github.io/financial-compliance-scanner/,fin-026-financial-compliance-scanner
null,Patent Writer AI,Technology,unknown,https://github.com/Worldwidebro/fin-027-patent-writer-ai,https://worldwidebro.github.io/patent-writer-ai/,fin-027-patent-writer-ai
null,Legal Analyzer AI,Technology,unknown,https://github.com/Worldwidebro/fin-028-legal-analyzer-ai,https://worldwidebro.github.io/legal-analyzer-ai/,fin-028-legal-analyzer-ai
null,Compliance Wallet SaaS,Technology,unknown,https://github.com/Worldwidebro/fin-029-compliance-wallet-saas,https://worldwidebro.github.io/compliance-wallet-saas/,fin-029-compliance-wallet-saas
null,Local SEO Ranker AI,Technology,unknown,https://github.com/Worldwidebro/fin-030-local-seo-ranker-ai,https://worldwidebro.github.io/local-seo-ranker-ai/,fin-030-local-seo-ranker-ai
null,Investor Dashboard Builder,Technology,unknown,https://github.com/Worldwidebro/fin-031-investor-dashboard-builder,https://worldwidebro.github.io/investor-dashboard-builder/,fin-031-investor-dashboard-builder
null,Legal Toolkit AI,Technology,unknown,https://github.com/Worldwidebro/fin-032-legal-toolkit-ai,https://worldwidebro.github.io/legal-toolkit-ai/,fin-032-legal-toolkit-ai
null,AI Tax Preparation Service,Technology,unknown,https://github.com/Worldwidebro/fin-033-ai-tax-preparation-service,https://worldwidebro.github.io/ai-tax-preparation-service/,fin-033-ai-tax-preparation-service
null,Payroll Automation,Technology,unknown,https://github.com/Worldwidebro/fin-034-payroll-automation,https://worldwidebro.github.io/payroll-automation/,fin-034-payroll-automation
null,Insurance Underwriting AI,Technology,unknown,https://github.com/Worldwidebro/fin-035-insurance-underwriting-ai,https://worldwidebro.github.io/insurance-underwriting-ai/,fin-035-insurance-underwriting-ai
null,Angels in Daylight,Technology,unknown,https://github.com/Worldwidebro/ec-001-angels-in-daylight,https://worldwidebro.github.io/angels-in-daylight/,ec-001-angels-in-daylight
null,New World Apparel,Technology,unknown,https://github.com/Worldwidebro/ec-002-new-world-apparel,https://worldwidebro.github.io/new-world-apparel/,ec-002-new-world-apparel
null,Shopify Autopilot,Technology,unknown,https://github.com/Worldwidebro/ec-003-shopify-autopilot,https://worldwidebro.github.io/shopify-autopilot/,ec-003-shopify-autopilot
null,Shoe Customizer,Technology,unknown,https://github.com/Worldwidebro/ec-004-shoe-customizer,https://worldwidebro.github.io/shoe-customizer/,ec-004-shoe-customizer
null,Sunglasses AI,Technology,unknown,https://github.com/Worldwidebro/ec-005-sunglasses-ai,https://worldwidebro.github.io/sunglasses-ai/,ec-005-sunglasses-ai
null,Dropship Hub,Technology,unknown,https://github.com/Worldwidebro/ec-006-dropship-hub,https://worldwidebro.github.io/dropship-hub/,ec-006-dropship-hub
null,Personal Shopper AI,Technology,unknown,https://github.com/Worldwidebro/ec-007-personal-shopper-ai,https://worldwidebro.github.io/personal-shopper-ai/,ec-007-personal-shopper-ai
null,Custom Sneaker AI,Technology,unknown,https://github.com/Worldwidebro/ec-008-custom-sneaker-ai,https://worldwidebro.github.io/custom-sneaker-ai/,ec-008-custom-sneaker-ai
null,Sustainable Fashion AI,Technology,unknown,https://github.com/Worldwidebro/ec-009-sustainable-fashion-ai,https://worldwidebro.github.io/sustainable-fashion-ai/,ec-009-sustainable-fashion-ai
null,Jewelry Designer AI,Technology,unknown,https://github.com/Worldwidebro/ec-010-jewelry-designer-ai,https://worldwidebro.github.io/jewelry-designer-ai/,ec-010-jewelry-designer-ai
null,Shopify Autopilot,Technology,unknown,https://github.com/Worldwidebro/ec-003-shopify-autopilot,https://worldwidebro.github.io/shopify-autopilot/,ec-003-shopify-autopilot
null,Online Course Platform,Technology,unknown,https://github.com/Worldwidebro/mc-017-online-course-platform,https://worldwidebro.github.io/online-course-platform/,mc-017-online-course-platform
null,Local Community Hub,Technology,unknown,,,
null,Process Automation Suite,Technology,unknown,https://github.com/zquestz/s,https://worldwidebro.github.io/process-automation-suite/,s
null,Blockchain Commerce Platform,Technology,unknown,https://github.com/hcengineering/platform,https://worldwidebro.github.io/blockchain-commerce-platform/,platform
null,Property Holdings,Real Estate,planned,https://github.com/zquestz/s,https://worldwidebro.github.io/property-holdings/,s
