venture_id,name,sector,archetype,stage,capabilities,owned_caps,buy_caps,integration_pct,deal_layer
FIN-001-GenixBank-Lite,Genixbank Lite,financial,fintech,planned,api | authentication | database | monitoring | payment | security,api | authentication | database | monitoring | security,payment,83,L8 Capital / L6 Software
FIN-002-Credit-Repair-Automation,Credit Repair Automation,financial,fintech,planned,api | authentication | database | monitoring | payment | security,api | authentication | database | monitoring | security,payment,83,L8 Capital / L6 Software
FIN-003-AI-Boss-Hub-Lite,Ai Boss Hub Lite,financial,fintech,planned,api | authentication | database | monitoring | payment | security,api | authentication | database | monitoring | security,payment,83,L8 Capital / L6 Software
FIN-004-GenixBanks-AI-Treasurer,Genixbanks Ai Treasurer,financial,fintech,planned,api | authentication | database | monitoring | payment | security,api | authentication | database | monitoring | security,payment,83,L8 Capital / L6 Software
FIN-005-U-Haul-Rental-Affiliate,U Haul Rental Affiliate,financial,fintech,planned,api | authentication | database | monitoring | payment | security,api | authentication | database | monitoring | security,payment,83,L8 Capital / L6 Software
FIN-006-Tax-Prep-Filing-Services,Tax Prep Filing Services,financial,fintech,planned,api | authentication | database | monitoring | payment | security,api | authentication | database | monitoring | security,payment,83,L8 Capital / L6 Software
FIN-007-Business-Credit-Building,Business Credit Building,financial,fintech,planned,api | authentication | database | monitoring | payment | security,api | authentication | database | monitoring | security,payment,83,L8 Capital / L6 Software
FIN-008-Business-Formation-Services,Business Formation Services,financial,fintech,planned,api | authentication | database | monitoring | payment | security,api | authentication | database | monitoring | security,payment,83,L8 Capital / L6 Software
FIN-009-Crypto-Tax-Optimizer,Crypto Tax Optimizer,financial,fintech,planned,api | authentication | database | monitoring | payment | security,api | authentication | database | monitoring | security,payment,83,L8 Capital / L6 Software
FIN-010-AI-Powered-Garbage-Collection,Ai Powered Garbage Collection,financial,fintech,planned,api | authentication | database | monitoring | payment | security,api | authentication | database | monitoring | security,payment,83,L8 Capital / L6 Software
FIN-011-Automated-Bookkeeping,Automated Bookkeeping,financial,fintech,planned,api | authentication | database | monitoring | payment | security,api | authentication | database | monitoring | security,payment,83,L8 Capital / L6 Software
FIN-012-Invoice-Factoring-AI,Invoice Factoring Ai,financial,fintech,planned,api | authentication | database | monitoring | payment | security,api | authentication | database | monitoring | security,payment,83,L8 Capital / L6 Software
FIN-013-Charity-Donation-AI,Charity Donation Ai,financial,fintech,planned,api | authentication | database | monitoring | payment | security,api | authentication | database | monitoring | security,payment,83,L8 Capital / L6 Software
FIN-014-Expense-Tracker-AI,Expense Tracker Ai,financial,fintech,planned,api | authentication | database | monitoring | payment | security,api | authentication | database | monitoring | security,payment,83,L8 Capital / L6 Software
FIN-015-Financial-Wellness-Coach,Financial Wellness Coach,financial,fintech,planned,api | authentication | database | monitoring | payment | security,api | authentication | database | monitoring | security,payment,83,L8 Capital / L6 Software
FIN-016-Trade-Finance-AI,Trade Finance Ai,financial,fintech,planned,api | authentication | database | monitoring | payment | security,api | authentication | database | monitoring | security,payment,83,L8 Capital / L6 Software
FIN-017-Remittance-AI,Remittance Ai,financial,fintech,planned,api | authentication | database | monitoring | payment | security,api | authentication | database | monitoring | security,payment,83,L8 Capital / L6 Software
FIN-018-Wealth-Transfer-AI,Wealth Transfer Ai,financial,fintech,planned,api | authentication | database | monitoring | payment | security,api | authentication | database | monitoring | security,payment,83,L8 Capital / L6 Software
FIN-019-Payment-Gateway-AI,Payment Gateway Ai,financial,fintech,planned,api | authentication | database | monitoring | payment | security,api | authentication | database | monitoring | security,payment,83,L8 Capital / L6 Software
FIN-020-Debt-Consolidation-AI,Debt Consolidation Ai,financial,fintech,planned,api | authentication | database | monitoring | payment | security,api | authentication | database | monitoring | security,payment,83,L8 Capital / L6 Software
FIN-021-Tax-Deduction-Finder,Tax Deduction Finder,financial,fintech,planned,api | authentication | database | monitoring | payment | security,api | authentication | database | monitoring | security,payment,83,L8 Capital / L6 Software
FIN-022-Budget-Forecasting-AI,Budget Forecasting Ai,financial,fintech,planned,api | authentication | database | monitoring | payment | security,api | authentication | database | monitoring | security,payment,83,L8 Capital / L6 Software
FIN-023-Investment-Portfolio-AI,Investment Portfolio Ai,financial,fintech,planned,api | authentication | database | monitoring | payment | security,api | authentication | database | monitoring | security,payment,83,L8 Capital / L6 Software
FIN-024-Crowdfunding-AI,Crowdfunding Ai,financial,fintech,planned,api | authentication | database | monitoring | payment | security,api | authentication | database | monitoring | security,payment,83,L8 Capital / L6 Software
FIN-025-Escrow-Automation,Escrow Automation,financial,fintech,planned,api | authentication | database | monitoring | payment | security,api | authentication | database | monitoring | security,payment,83,L8 Capital / L6 Software
FIN-026-Financial-Compliance-Scanner,Financial Compliance Scanner,financial,fintech,planned,api | authentication | database | monitoring | payment | security,api | authentication | database | monitoring | security,payment,83,L8 Capital / L6 Software
FIN-027-Patent-Writer-AI,Patent Writer Ai,financial,fintech,planned,api | authentication | database | monitoring | payment | security,api | authentication | database | monitoring | security,payment,83,L8 Capital / L6 Software
FIN-028-Legal-Analyzer-AI,Legal Analyzer Ai,financial,fintech,planned,api | authentication | database | monitoring | payment | security,api | authentication | database | monitoring | security,payment,83,L8 Capital / L6 Software
FIN-029-Compliance-Wallet-SaaS,Compliance Wallet Saas,financial,fintech,planned,api | authentication | database | monitoring | payment | security,api | authentication | database | monitoring | security,payment,83,L8 Capital / L6 Software
FIN-030-Local-SEO-Ranker-AI,Local Seo Ranker Ai,financial,fintech,planned,api | authentication | database | monitoring | payment | security,api | authentication | database | monitoring | security,payment,83,L8 Capital / L6 Software
FIN-031-Investor-Dashboard-Builder,Investor Dashboard Builder,financial,fintech,planned,api | authentication | database | monitoring | payment | security,api | authentication | database | monitoring | security,payment,83,L8 Capital / L6 Software
FIN-032-Legal-Toolkit-AI,Legal Toolkit Ai,financial,fintech,planned,api | authentication | database | monitoring | payment | security,api | authentication | database | monitoring | security,payment,83,L8 Capital / L6 Software
FIN-033-AI-Tax-Preparation-Service,Ai Tax Preparation Service,financial,fintech,planned,api | authentication | database | monitoring | payment | security,api | authentication | database | monitoring | security,payment,83,L8 Capital / L6 Software
FIN-034-Payroll-Automation,Payroll Automation,financial,fintech,planned,api | authentication | database | monitoring | payment | security,api | authentication | database | monitoring | security,payment,83,L8 Capital / L6 Software
FIN-035-Insurance-Underwriting-AI,Insurance Underwriting Ai,financial,fintech,planned,api | authentication | database | monitoring | payment | security,api | authentication | database | monitoring | security,payment,83,L8 Capital / L6 Software
FIN-036-Arbitrage-Nexus-Platform,Arbitrage Nexus Platform,financial,fintech,growth,api | authentication | database | monitoring | payment | security,api | authentication | database | monitoring | security,payment,83,L8 Capital / L6 Software
BW-001-Lash-Extension-Studio,Lash Extension Studio,beauty-wellness,market,validation,api | authentication | dashboard | database | portfolio,api | authentication | dashboard | database,portfolio,80,L2 Service / L7 Data
BW-002-Mobile-Lash-Service,Mobile Lash Service,beauty-wellness,market,mvp,api | authentication | dashboard | database | portfolio,api | authentication | dashboard | database,portfolio,80,L2 Service / L7 Data
BW-003-Luxury-Lash-Bar,Luxury Lash Bar,beauty-wellness,market,validation,api | authentication | dashboard | database | portfolio,api | authentication | dashboard | database,portfolio,80,L2 Service / L7 Data
BW-004-Lash-Training-Academy,Lash Training Academy,beauty-wellness,market,validation,api | authentication | dashboard | database | portfolio,api | authentication | dashboard | database,portfolio,80,L2 Service / L7 Data
BW-005-Lash-Supply-Company,Lash Supply Company,beauty-wellness,market,mvp,api | authentication | dashboard | database | portfolio,api | authentication | dashboard | database,portfolio,80,L2 Service / L7 Data
BW-006-Lash-Glue-Brand,Lash Glue Brand,beauty-wellness,market,validation,api | authentication | dashboard | database | portfolio,api | authentication | dashboard | database,portfolio,80,L2 Service / L7 Data
BW-007-Lash-Kits-&-Tools,Lash Kits & Tools,beauty-wellness,market,mvp,api | authentication | dashboard | database | portfolio,api | authentication | dashboard | database,portfolio,80,L2 Service / L7 Data
BW-008-Private-Label-Lashes,Private Label Lashes,beauty-wellness,market,planned,api | authentication | dashboard | database | portfolio,api | authentication | dashboard | database,portfolio,80,L2 Service / L7 Data
BW-009-Franchise-Lash-Salons,Franchise Lash Salons,beauty-wellness,market,planned,api | authentication | dashboard | database | portfolio,api | authentication | dashboard | database,portfolio,80,L2 Service / L7 Data
BW-010-Online-Lash-Education,Online Lash Education,beauty-wellness,market,mvp,api | authentication | dashboard | database | portfolio,api | authentication | dashboard | database,portfolio,80,L2 Service / L7 Data
BW-011-Nail-Salon,Nail Salon,beauty-wellness,market,validation,api | authentication | dashboard | database | portfolio,api | authentication | dashboard | database,portfolio,80,L2 Service / L7 Data
BW-012-Mobile-Nail-Tech,Mobile Nail Tech,beauty-wellness,market,mvp,api | authentication | dashboard | database | portfolio,api | authentication | dashboard | database,portfolio,80,L2 Service / L7 Data
BW-013-Luxury-Nail-Spa,Luxury Nail Spa,beauty-wellness,market,validation,api | authentication | dashboard | database | portfolio,api | authentication | dashboard | database,portfolio,80,L2 Service / L7 Data
BW-014-Press-On-Nail-Brand,Press On Nail Brand,beauty-wellness,market,mvp,api | authentication | dashboard | database | portfolio,api | authentication | dashboard | database,portfolio,80,L2 Service / L7 Data
BW-015-Nail-Art-Studio,Nail Art Studio,beauty-wellness,market,validation,api | authentication | dashboard | database | portfolio,api | authentication | dashboard | database,portfolio,80,L2 Service / L7 Data
BW-016-Nail-Polish-Brand,Nail Polish Brand,beauty-wellness,market,mvp,api | authentication | dashboard | database | portfolio,api | authentication | dashboard | database,portfolio,80,L2 Service / L7 Data
BW-017-Nail-Care-Products,Nail Care Products,beauty-wellness,market,mvp,api | authentication | dashboard | database | portfolio,api | authentication | dashboard | database,portfolio,80,L2 Service / L7 Data
BW-018-Nail-Booking-Marketplace,Nail Booking Marketplace,beauty-wellness,market,planned,api | authentication | dashboard | database | portfolio,api | authentication | dashboard | database,portfolio,80,L2 Service / L7 Data
BW-019-Salon-Management-Software,Salon Management Software,beauty-wellness,market,planned,api | authentication | dashboard | database | portfolio,api | authentication | dashboard | database,portfolio,80,L2 Service / L7 Data
BW-020-AI-Nail-Design-Generator,Ai Nail Design Generator,beauty-wellness,market,planned,api | authentication | dashboard | database | portfolio,api | authentication | dashboard | database,portfolio,80,L2 Service / L7 Data
BW-021-Hair-Salon,Hair Salon,beauty-wellness,market,validation,api | authentication | dashboard | database | portfolio,api | authentication | dashboard | database,portfolio,80,L2 Service / L7 Data
BW-022-Barbershop,Barbershop,beauty-wellness,market,validation,api | authentication | dashboard | database | portfolio,api | authentication | dashboard | database,portfolio,80,L2 Service / L7 Data
BW-023-Mobile-Hairstyling,Mobile Hairstyling,beauty-wellness,market,mvp,api | authentication | dashboard | database | portfolio,api | authentication | dashboard | database,portfolio,80,L2 Service / L7 Data
BW-024-Hair-Braiding-Studio,Hair Braiding Studio,beauty-wellness,market,validation,api | authentication | dashboard | database | portfolio,api | authentication | dashboard | database,portfolio,80,L2 Service / L7 Data
BW-025-Wig-Installation-Studio,Wig Installation Studio,beauty-wellness,market,validation,api | authentication | dashboard | database | portfolio,api | authentication | dashboard | database,portfolio,80,L2 Service / L7 Data
BW-026-Hair-Extension-Salon,Hair Extension Salon,beauty-wellness,market,validation,api | authentication | dashboard | database | portfolio,api | authentication | dashboard | database,portfolio,80,L2 Service / L7 Data
BW-027-Hair-Care-Line,Hair Care Line,beauty-wellness,market,mvp,api | authentication | dashboard | database | portfolio,api | authentication | dashboard | database,portfolio,80,L2 Service / L7 Data
BW-028-Wig-Brand,Wig Brand,beauty-wellness,market,mvp,api | authentication | dashboard | database | portfolio,api | authentication | dashboard | database,portfolio,80,L2 Service / L7 Data
BW-029-Hair-Extensions-Brand,Hair Extensions Brand,beauty-wellness,market,mvp,api | authentication | dashboard | database | portfolio,api | authentication | dashboard | database,portfolio,80,L2 Service / L7 Data
BW-030-Scalp-Treatment-Products,Scalp Treatment Products,beauty-wellness,market,validation,api | authentication | dashboard | database | portfolio,api | authentication | dashboard | database,portfolio,80,L2 Service / L7 Data
BW-031-Hair-Marketplace,Hair Marketplace,beauty-wellness,market,planned,api | authentication | dashboard | database | portfolio,api | authentication | dashboard | database,portfolio,80,L2 Service / L7 Data
BW-032-Stylist-Booking-Platform,Stylist Booking Platform,beauty-wellness,market,planned,api | authentication | dashboard | database | portfolio,api | authentication | dashboard | database,portfolio,80,L2 Service / L7 Data
BW-033-AI-Hairstyle-Simulator,Ai Hairstyle Simulator,beauty-wellness,market,planned,api | authentication | dashboard | database | portfolio,api | authentication | dashboard | database,portfolio,80,L2 Service / L7 Data
BW-034-Salon-Franchise-Chain,Salon Franchise Chain,beauty-wellness,market,planned,api | authentication | dashboard | database | portfolio,api | authentication | dashboard | database,portfolio,80,L2 Service / L7 Data
BW-035-Makeup-Studio,Makeup Studio,beauty-wellness,market,validation,api | authentication | dashboard | database | portfolio,api | authentication | dashboard | database,portfolio,80,L2 Service / L7 Data
BW-036-Bridal-Makeup-Service,Bridal Makeup Service,beauty-wellness,market,mvp,api | authentication | dashboard | database | portfolio,api | authentication | dashboard | database,portfolio,80,L2 Service / L7 Data
BW-037-Mobile-Makeup-Artist,Mobile Makeup Artist,beauty-wellness,market,mvp,api | authentication | dashboard | database | portfolio,api | authentication | dashboard | database,portfolio,80,L2 Service / L7 Data
BW-038-Photoshoot-Makeup-Team,Photoshoot Makeup Team,beauty-wellness,market,validation,api | authentication | dashboard | database | portfolio,api | authentication | dashboard | database,portfolio,80,L2 Service / L7 Data
BW-039-Cosmetics-Brand,Cosmetics Brand,beauty-wellness,market,mvp,api | authentication | dashboard | database | portfolio,api | authentication | dashboard | database,portfolio,80,L2 Service / L7 Data
BW-040-Beauty-Tools-Brand,Beauty Tools Brand,beauty-wellness,market,mvp,api | authentication | dashboard | database | portfolio,api | authentication | dashboard | database,portfolio,80,L2 Service / L7 Data
FH-001-Personal-Chef-Service,Personal Chef Service,food-hospitality,market,mvp,api | authentication | dashboard | database | portfolio,api | authentication | dashboard | database,portfolio,80,L2 Service / L7 Data
FH-002-Meal-Prep-Delivery,Meal Prep Delivery,food-hospitality,market,mvp,api | authentication | dashboard | database | portfolio,api | authentication | dashboard | database,portfolio,80,L2 Service / L7 Data
FH-003-Private-Dinner-Experiences,Private Dinner Experiences,food-hospitality,market,validation,api | authentication | dashboard | database | portfolio,api | authentication | dashboard | database,portfolio,80,L2 Service / L7 Data
FH-004-Catering-Company,Catering Company,food-hospitality,market,validation,api | authentication | dashboard | database | portfolio,api | authentication | dashboard | database,portfolio,80,L2 Service / L7 Data
FH-005-Corporate-Lunch-Service,Corporate Lunch Service,food-hospitality,market,mvp,api | authentication | dashboard | database | portfolio,api | authentication | dashboard | database,portfolio,80,L2 Service / L7 Data
FH-006-Healthy-Meal-Prep-for-Gyms,Healthy Meal Prep For Gyms,food-hospitality,market,mvp,api | authentication | dashboard | database | portfolio,api | authentication | dashboard | database,portfolio,80,L2 Service / L7 Data
FH-007-Elderly-Meal-Service,Elderly Meal Service,food-hospitality,market,validation,api | authentication | dashboard | database | portfolio,api | authentication | dashboard | database,portfolio,80,L2 Service / L7 Data
FH-008-Athlete-Nutrition-Service,Athlete Nutrition Service,food-hospitality,market,mvp,api | authentication | dashboard | database | portfolio,api | authentication | dashboard | database,portfolio,80,L2 Service / L7 Data
FH-009-Packaged-Food-Brand,Packaged Food Brand,food-hospitality,market,validation,api | authentication | dashboard | database | portfolio,api | authentication | dashboard | database,portfolio,80,L2 Service / L7 Data
FH-010-Frozen-Meals-Company,Frozen Meals Company,food-hospitality,market,validation,api | authentication | dashboard | database | portfolio,api | authentication | dashboard | database,portfolio,80,L2 Service / L7 Data
FH-011-Sauce-or-Seasoning-Brand,Sauce Or Seasoning Brand,food-hospitality,market,mvp,api | authentication | dashboard | database | portfolio,api | authentication | dashboard | database,portfolio,80,L2 Service / L7 Data
FH-012-Protein-Snacks-Brand,Protein Snacks Brand,food-hospitality,market,mvp,api | authentication | dashboard | database | portfolio,api | authentication | dashboard | database,portfolio,80,L2 Service / L7 Data
FH-013-Meal-Kit-Company,Meal Kit Company,food-hospitality,market,validation,api | authentication | dashboard | database | portfolio,api | authentication | dashboard | database,portfolio,80,L2 Service / L7 Data
FH-014-Cloud-Kitchen-,Cloud Kitchen ,food-hospitality,market,planned,api | authentication | dashboard | database | portfolio,api | authentication | dashboard | database,portfolio,80,L2 Service / L7 Data
FH-015-AI-Nutrition-Planner,Ai Nutrition Planner,food-hospitality,market,planned,api | authentication | dashboard | database | portfolio,api | authentication | dashboard | database,portfolio,80,L2 Service / L7 Data
FH-016-Recipe-App,Recipe App,food-hospitality,market,mvp,api | authentication | dashboard | database | portfolio,api | authentication | dashboard | database,portfolio,80,L2 Service / L7 Data
FH-017-Cooking-Content-Brand,Cooking Content Brand,food-hospitality,market,mvp,api | authentication | dashboard | database | portfolio,api | authentication | dashboard | database,portfolio,80,L2 Service / L7 Data
FH-018-Food-Influencer-Brand,Food Influencer Brand,food-hospitality,market,mvp,api | authentication | dashboard | database | portfolio,api | authentication | dashboard | database,portfolio,80,L2 Service / L7 Data
FH-019-Cooking-Course-Platform,Cooking Course Platform,food-hospitality,market,mvp,api | authentication | dashboard | database | portfolio,api | authentication | dashboard | database,portfolio,80,L2 Service / L7 Data
FH-020-Restaurant-POS-System,Restaurant Pos System,food-hospitality,market,planned,api | authentication | dashboard | database | portfolio,api | authentication | dashboard | database,portfolio,80,L2 Service / L7 Data
FH-021-Food-Truck-Business,Food Truck Business,food-hospitality,market,validation,api | authentication | dashboard | database | portfolio,api | authentication | dashboard | database,portfolio,80,L2 Service / L7 Data
FH-022-Specialty-Coffee-Shop,Specialty Coffee Shop,food-hospitality,market,validation,api | authentication | dashboard | database | portfolio,api | authentication | dashboard | database,portfolio,80,L2 Service / L7 Data
FH-023-Bakery-&-Pastry-Shop,Bakery & Pastry Shop,food-hospitality,market,validation,api | authentication | dashboard | database | portfolio,api | authentication | dashboard | database,portfolio,80,L2 Service / L7 Data
FH-024-Juice-Bar,Juice Bar,food-hospitality,market,mvp,api | authentication | dashboard | database | portfolio,api | authentication | dashboard | database,portfolio,80,L2 Service / L7 Data
FH-025-Ice-Cream-Shop,Ice Cream Shop,food-hospitality,market,validation,api | authentication | dashboard | database | portfolio,api | authentication | dashboard | database,portfolio,80,L2 Service / L7 Data
FH-026-Gourmet-Food-Market,Gourmet Food Market,food-hospitality,market,validation,api | authentication | dashboard | database | portfolio,api | authentication | dashboard | database,portfolio,80,L2 Service / L7 Data
FH-027-Food-Delivery-Platform,Food Delivery Platform,food-hospitality,market,planned,api | authentication | dashboard | database | portfolio,api | authentication | dashboard | database,portfolio,80,L2 Service / L7 Data
FH-028-Restaurant-Management-SaaS,Restaurant Management Saas,food-hospitality,market,planned,api | authentication | dashboard | database | portfolio,api | authentication | dashboard | database,portfolio,80,L2 Service / L7 Data
FH-029-Food-Quality-Testing-Lab,Food Quality Testing Lab,food-hospitality,market,planned,api | authentication | dashboard | database | portfolio,api | authentication | dashboard | database,portfolio,80,L2 Service / L7 Data
FH-030-Organic-Food-Brand,Organic Food Brand,food-hospitality,market,mvp,api | authentication | dashboard | database | portfolio,api | authentication | dashboard | database,portfolio,80,L2 Service / L7 Data
FH-031-Vegan-Food-Company,Vegan Food Company,food-hospitality,market,mvp,api | authentication | dashboard | database | portfolio,api | authentication | dashboard | database,portfolio,80,L2 Service / L7 Data
FH-032-Keto-Meal-Service,Keto Meal Service,food-hospitality,market,mvp,api | authentication | dashboard | database | portfolio,api | authentication | dashboard | database,portfolio,80,L2 Service / L7 Data
FH-033-Food-Photography-Service,Food Photography Service,food-hospitality,market,mvp,api | authentication | dashboard | database | portfolio,api | authentication | dashboard | database,portfolio,80,L2 Service / L7 Data
FH-034-Restaurant-Consulting,Restaurant Consulting,food-hospitality,market,mvp,api | authentication | dashboard | database | portfolio,api | authentication | dashboard | database,portfolio,80,L2 Service / L7 Data
FH-035-Food-Safety-Training,Food Safety Training,food-hospitality,market,validation,api | authentication | dashboard | database | portfolio,api | authentication | dashboard | database,portfolio,80,L2 Service / L7 Data
FS-001-Gym,Gym,fitness-sports,market,validation,api | authentication | dashboard | database | portfolio,api | authentication | dashboard | database,portfolio,80,L2 Service / L7 Data
FS-002-Boutique-Fitness-Studio,Boutique Fitness Studio,fitness-sports,market,validation,api | authentication | dashboard | database | portfolio,api | authentication | dashboard | database,portfolio,80,L2 Service / L7 Data
FS-003-Personal-Training-Studio,Personal Training Studio,fitness-sports,market,mvp,api | authentication | dashboard | database | portfolio,api | authentication | dashboard | database,portfolio,80,L2 Service / L7 Data
FS-004-Women-Only-Gym,Women Only Gym,fitness-sports,market,validation,api | authentication | dashboard | database | portfolio,api | authentication | dashboard | database,portfolio,80,L2 Service / L7 Data
FS-005-Boxing-Gym,Boxing Gym,fitness-sports,market,validation,api | authentication | dashboard | database | portfolio,api | authentication | dashboard | database,portfolio,80,L2 Service / L7 Data
FS-006-CrossFit-Gym,Crossfit Gym,fitness-sports,market,validation,api | authentication | dashboard | database | portfolio,api | authentication | dashboard | database,portfolio,80,L2 Service / L7 Data
FS-007-Luxury-Fitness-Club,Luxury Fitness Club,fitness-sports,market,planned,api | authentication | dashboard | database | portfolio,api | authentication | dashboard | database,portfolio,80,L2 Service / L7 Data
FS-008-Online-Coaching,Online Coaching,fitness-sports,market,mvp,api | authentication | dashboard | database | portfolio,api | authentication | dashboard | database,portfolio,80,L2 Service / L7 Data
FS-009-Personal-Trainer-Business,Personal Trainer Business,fitness-sports,market,mvp,api | authentication | dashboard | database | portfolio,api | authentication | dashboard | database,portfolio,80,L2 Service / L7 Data
FS-010-Transformation-Program,Transformation Program,fitness-sports,market,mvp,api | authentication | dashboard | database | portfolio,api | authentication | dashboard | database,portfolio,80,L2 Service / L7 Data
FS-011-Athlete-Training-Company,Athlete Training Company,fitness-sports,market,validation,api | authentication | dashboard | database | portfolio,api | authentication | dashboard | database,portfolio,80,L2 Service / L7 Data
FS-012-Supplement-Brand,Supplement Brand,fitness-sports,market,mvp,api | authentication | dashboard | database | portfolio,api | authentication | dashboard | database,portfolio,80,L2 Service / L7 Data
FS-013-Fitness-Apparel,Fitness Apparel,fitness-sports,market,mvp,api | authentication | dashboard | database | portfolio,api | authentication | dashboard | database,portfolio,80,L2 Service / L7 Data
FS-014-Workout-Equipment-Brand,Workout Equipment Brand,fitness-sports,market,validation,api | authentication | dashboard | database | portfolio,api | authentication | dashboard | database,portfolio,80,L2 Service / L7 Data
FS-015-Recovery-Products,Recovery Products,fitness-sports,market,mvp,api | authentication | dashboard | database | portfolio,api | authentication | dashboard | database,portfolio,80,L2 Service / L7 Data
FS-016-Fitness-App,Fitness App,fitness-sports,market,mvp,api | authentication | dashboard | database | portfolio,api | authentication | dashboard | database,portfolio,80,L2 Service / L7 Data
FS-017-AI-Personal-Trainer,Ai Personal Trainer,fitness-sports,market,planned,api | authentication | dashboard | database | portfolio,api | authentication | dashboard | database,portfolio,80,L2 Service / L7 Data
FS-018-Gym-Management-Software,Gym Management Software,fitness-sports,market,planned,api | authentication | dashboard | database | portfolio,api | authentication | dashboard | database,portfolio,80,L2 Service / L7 Data
FS-019-Wearable-Analytics-Platform,Wearable Analytics Platform,fitness-sports,market,planned,api | authentication | dashboard | database | portfolio,api | authentication | dashboard | database,portfolio,80,L2 Service / L7 Data
FS-020-Yoga-Studio,Yoga Studio,fitness-sports,market,validation,api | authentication | dashboard | database | portfolio,api | authentication | dashboard | database,portfolio,80,L2 Service / L7 Data
FS-021-Pilates-Studio,Pilates Studio,fitness-sports,market,validation,api | authentication | dashboard | database | portfolio,api | authentication | dashboard | database,portfolio,80,L2 Service / L7 Data
FS-022-Dance-Studio,Dance Studio,fitness-sports,market,validation,api | authentication | dashboard | database | portfolio,api | authentication | dashboard | database,portfolio,80,L2 Service / L7 Data
FS-023-Martial-Arts-Dojo,Martial Arts Dojo,fitness-sports,market,validation,api | authentication | dashboard | database | portfolio,api | authentication | dashboard | database,portfolio,80,L2 Service / L7 Data
FS-024-Sports-Performance-Center,Sports Performance Center,fitness-sports,market,planned,api | authentication | dashboard | database | portfolio,api | authentication | dashboard | database,portfolio,80,L2 Service / L7 Data
FS-025-Corporate-Wellness-Program,Corporate Wellness Program,fitness-sports,market,mvp,api | authentication | dashboard | database | portfolio,api | authentication | dashboard | database,portfolio,80,L2 Service / L7 Data
LT-001-Truck-Dispatch-Company,Truck Dispatch Company,logistics-transport,infra,validation,api | authentication | database | monitoring | security,api | authentication | database | monitoring | security,,100,L2 Service / L6 Software
LT-002-Freight-Brokerage,Freight Brokerage,logistics-transport,infra,validation,api | authentication | database | monitoring | security,api | authentication | database | monitoring | security,,100,L2 Service / L6 Software
LT-003-Logistics-Dispatch-Service,Logistics Dispatch Service,logistics-transport,infra,mvp,api | authentication | database | monitoring | security,api | authentication | database | monitoring | security,,100,L2 Service / L6 Software
LT-004-Last-Mile-Delivery-Dispatch,Last Mile Delivery Dispatch,logistics-transport,infra,mvp,api | authentication | database | monitoring | security,api | authentication | database | monitoring | security,,100,L2 Service / L6 Software
LT-005-Medical-Courier-Dispatch,Medical Courier Dispatch,logistics-transport,infra,validation,api | authentication | database | monitoring | security,api | authentication | database | monitoring | security,,100,L2 Service / L6 Software
LT-006-Amazon,Amazon,logistics-transport,infra,planned,api | authentication | database | monitoring | security,api | authentication | database | monitoring | security,,100,L2 Service / L6 Software
LT-007-Construction-Dispatch,Construction Dispatch,logistics-transport,infra,validation,api | authentication | database | monitoring | security,api | authentication | database | monitoring | security,,100,L2 Service / L6 Software
LT-008-Towing-Dispatch,Towing Dispatch,logistics-transport,infra,mvp,api | authentication | database | monitoring | security,api | authentication | database | monitoring | security,,100,L2 Service / L6 Software
LT-009-HVAC-Technician-Dispatch,Hvac Technician Dispatch,logistics-transport,infra,mvp,api | authentication | database | monitoring | security,api | authentication | database | monitoring | security,,100,L2 Service / L6 Software
LT-010-Field-Service-Dispatch,Field Service Dispatch,logistics-transport,infra,mvp,api | authentication | database | monitoring | security,api | authentication | database | monitoring | security,,100,L2 Service / L6 Software
LT-011-Dispatch-Software,Dispatch Software,logistics-transport,infra,planned,api | authentication | database | monitoring | security,api | authentication | database | monitoring | security,,100,L2 Service / L6 Software
LT-012-Fleet-Tracking-Platform,Fleet Tracking Platform,logistics-transport,infra,planned,api | authentication | database | monitoring | security,api | authentication | database | monitoring | security,,100,L2 Service / L6 Software
LT-013-Logistics-Automation-System,Logistics Automation System,logistics-transport,infra,planned,api | authentication | database | monitoring | security,api | authentication | database | monitoring | security,,100,L2 Service / L6 Software
LT-014-AI-Route-Optimization,Ai Route Optimization,logistics-transport,infra,planned,api | authentication | database | monitoring | security,api | authentication | database | monitoring | security,,100,L2 Service / L6 Software
LT-015-Driver-Management-Platform,Driver Management Platform,logistics-transport,infra,planned,api | authentication | database | monitoring | security,api | authentication | database | monitoring | security,,100,L2 Service / L6 Software
LT-016-Trucking-Company,Trucking Company,logistics-transport,infra,validation,api | authentication | database | monitoring | security,api | authentication | database | monitoring | security,,100,L2 Service / L6 Software
LT-017-Courier-Service,Courier Service,logistics-transport,infra,mvp,api | authentication | database | monitoring | security,api | authentication | database | monitoring | security,,100,L2 Service / L6 Software
LT-018-Local-Delivery-Company,Local Delivery Company,logistics-transport,infra,mvp,api | authentication | database | monitoring | security,api | authentication | database | monitoring | security,,100,L2 Service / L6 Software
LT-019-Moving-Company,Moving Company,logistics-transport,infra,validation,api | authentication | database | monitoring | security,api | authentication | database | monitoring | security,,100,L2 Service / L6 Software
LT-020-Freight-Company,Freight Company,logistics-transport,infra,validation,api | authentication | database | monitoring | security,api | authentication | database | monitoring | security,,100,L2 Service / L6 Software
LT-021-Warehouse-Company,Warehouse Company,logistics-transport,infra,planned,api | authentication | database | monitoring | security,api | authentication | database | monitoring | security,,100,L2 Service / L6 Software
LT-022-Fulfillment-Center,Fulfillment Center,logistics-transport,infra,mvp,api | authentication | database | monitoring | security,api | authentication | database | monitoring | security,,100,L2 Service / L6 Software
LT-023-Storage-Business,Storage Business,logistics-transport,infra,validation,api | authentication | database | monitoring | security,api | authentication | database | monitoring | security,,100,L2 Service / L6 Software
LT-024-Distribution-Company,Distribution Company,logistics-transport,infra,validation,api | authentication | database | monitoring | security,api | authentication | database | monitoring | security,,100,L2 Service / L6 Software
LT-025-Logistics-Marketplace,Logistics Marketplace,logistics-transport,infra,planned,api | authentication | database | monitoring | security,api | authentication | database | monitoring | security,,100,L2 Service / L6 Software
LT-026-Shipping-Platform,Shipping Platform,logistics-transport,infra,planned,api | authentication | database | monitoring | security,api | authentication | database | monitoring | security,,100,L2 Service / L6 Software
LT-027-Fleet-Management-SaaS,Fleet Management Saas,logistics-transport,infra,planned,api | authentication | database | monitoring | security,api | authentication | database | monitoring | security,,100,L2 Service / L6 Software
LT-028-Freight-AI-Optimization,Freight Ai Optimization,logistics-transport,infra,planned,api | authentication | database | monitoring | security,api | authentication | database | monitoring | security,,100,L2 Service / L6 Software
LT-029-Supply-Chain-Analytics,Supply Chain Analytics,logistics-transport,infra,planned,api | authentication | database | monitoring | security,api | authentication | database | monitoring | security,,100,L2 Service / L6 Software
LT-030-Cold-Chain-Logistics,Cold Chain Logistics,logistics-transport,infra,validation,api | authentication | database | monitoring | security,api | authentication | database | monitoring | security,,100,L2 Service / L6 Software
PS-001-Business-Consulting,Business Consulting,professional-services,market,mvp,api | authentication | dashboard | database | portfolio,api | authentication | dashboard | database,portfolio,80,L2 Service / L7 Data
PS-002-Legal-Services,Legal Services,professional-services,market,validation,api | authentication | dashboard | database | portfolio,api | authentication | dashboard | database,portfolio,80,L2 Service / L7 Data
PS-003-Accounting-Services,Accounting Services,professional-services,market,mvp,api | authentication | dashboard | database | portfolio,api | authentication | dashboard | database,portfolio,80,L2 Service / L7 Data
PS-004-HR-Consulting,Hr Consulting,professional-services,market,validation,api | authentication | dashboard | database | portfolio,api | authentication | dashboard | database,portfolio,80,L2 Service / L7 Data
PS-005-Marketing-Agency,Marketing Agency,professional-services,market,mvp,api | authentication | dashboard | database | portfolio,api | authentication | dashboard | database,portfolio,80,L2 Service / L7 Data
PS-006-Web-Design-Agency,Web Design Agency,professional-services,market,mvp,api | authentication | dashboard | database | portfolio,api | authentication | dashboard | database,portfolio,80,L2 Service / L7 Data
PS-007-IT-Support-Services,It Support Services,professional-services,market,mvp,api | authentication | dashboard | database | portfolio,api | authentication | dashboard | database,portfolio,80,L2 Service / L7 Data
PS-008-Virtual-Assistant-Service,Virtual Assistant Service,professional-services,market,mvp,api | authentication | dashboard | database | portfolio,api | authentication | dashboard | database,portfolio,80,L2 Service / L7 Data
PS-009-Bookkeeping-Service,Bookkeeping Service,professional-services,market,mvp,api | authentication | dashboard | database | portfolio,api | authentication | dashboard | database,portfolio,80,L2 Service / L7 Data
PS-010-Tax-Preparation-Service,Tax Preparation Service,professional-services,market,mvp,api | authentication | dashboard | database | portfolio,api | authentication | dashboard | database,portfolio,80,L2 Service / L7 Data
PS-011-Real-Estate-Agency,Real Estate Agency,professional-services,market,validation,api | authentication | dashboard | database | portfolio,api | authentication | dashboard | database,portfolio,80,L2 Service / L7 Data
PS-012-Insurance-Agency,Insurance Agency,professional-services,market,validation,api | authentication | dashboard | database | portfolio,api | authentication | dashboard | database,portfolio,80,L2 Service / L7 Data
PS-013-Financial-Planning,Financial Planning,professional-services,market,mvp,api | authentication | dashboard | database | portfolio,api | authentication | dashboard | database,portfolio,80,L2 Service / L7 Data
PS-014-Event-Planning,Event Planning,professional-services,market,validation,api | authentication | dashboard | database | portfolio,api | authentication | dashboard | database,portfolio,80,L2 Service / L7 Data
PS-015-Interior-Design,Interior Design,professional-services,market,validation,api | authentication | dashboard | database | portfolio,api | authentication | dashboard | database,portfolio,80,L2 Service / L7 Data
PS-016-Photography-Service,Photography Service,professional-services,market,mvp,api | authentication | dashboard | database | portfolio,api | authentication | dashboard | database,portfolio,80,L2 Service / L7 Data
PS-017-Videography-Service,Videography Service,professional-services,market,mvp,api | authentication | dashboard | database | portfolio,api | authentication | dashboard | database,portfolio,80,L2 Service / L7 Data
PS-018-Translation-Services,Translation Services,professional-services,market,validation,api | authentication | dashboard | database | portfolio,api | authentication | dashboard | database,portfolio,80,L2 Service / L7 Data
PS-019-Copywriting-Service,Copywriting Service,professional-services,market,mvp,api | authentication | dashboard | database | portfolio,api | authentication | dashboard | database,portfolio,80,L2 Service / L7 Data
PS-020-Social-Media-Management,Social Media Management,professional-services,market,mvp,api | authentication | dashboard | database | portfolio,api | authentication | dashboard | database,portfolio,80,L2 Service / L7 Data
PS-021-SEO-Agency,Seo Agency,professional-services,market,mvp,api | authentication | dashboard | database | portfolio,api | authentication | dashboard | database,portfolio,80,L2 Service / L7 Data
PS-022-PPC-Management,Ppc Management,professional-services,market,mvp,api | authentication | dashboard | database | portfolio,api | authentication | dashboard | database,portfolio,80,L2 Service / L7 Data
PS-023-PR-Agency,Pr Agency,professional-services,market,validation,api | authentication | dashboard | database | portfolio,api | authentication | dashboard | database,portfolio,80,L2 Service / L7 Data
PS-024-Recruiting-Agency,Recruiting Agency,professional-services,market,validation,api | authentication | dashboard | database | portfolio,api | authentication | dashboard | database,portfolio,80,L2 Service / L7 Data
PS-025-Business-Brokerage,Business Brokerage,professional-services,market,planned,api | authentication | dashboard | database | portfolio,api | authentication | dashboard | database,portfolio,80,L2 Service / L7 Data
MC-001-YouTube-Channel-Network,Youtube Channel Network,media-content,market,mvp,api | authentication | dashboard | database | portfolio,api | authentication | dashboard | database,portfolio,80,L2 Service / L7 Data
MC-002-Podcast-Network,Podcast Network,media-content,market,mvp,api | authentication | dashboard | database | portfolio,api | authentication | dashboard | database,portfolio,80,L2 Service / L7 Data
MC-003-Blog-Network,Blog Network,media-content,market,mvp,api | authentication | dashboard | database | portfolio,api | authentication | dashboard | database,portfolio,80,L2 Service / L7 Data
MC-004-Influencer-Agency,Influencer Agency,media-content,market,validation,api | authentication | dashboard | database | portfolio,api | authentication | dashboard | database,portfolio,80,L2 Service / L7 Data
MC-005-Content-Creation-Studio,Content Creation Studio,media-content,market,mvp,api | authentication | dashboard | database | portfolio,api | authentication | dashboard | database,portfolio,80,L2 Service / L7 Data
MC-006-Video-Production-Company,Video Production Company,media-content,market,validation,api | authentication | dashboard | database | portfolio,api | authentication | dashboard | database,portfolio,80,L2 Service / L7 Data
MC-007-Animation-Studio,Animation Studio,media-content,market,planned,api | authentication | dashboard | database | portfolio,api | authentication | dashboard | database,portfolio,80,L2 Service / L7 Data
MC-008-Music-Production,Music Production,media-content,market,validation,api | authentication | dashboard | database | portfolio,api | authentication | dashboard | database,portfolio,80,L2 Service / L7 Data
MC-009-Stock-Photography,Stock Photography,media-content,market,mvp,api | authentication | dashboard | database | portfolio,api | authentication | dashboard | database,portfolio,80,L2 Service / L7 Data
MC-010-Stock-Video,Stock Video,media-content,market,mvp,api | authentication | dashboard | database | portfolio,api | authentication | dashboard | database,portfolio,80,L2 Service / L7 Data
MC-011-Online-Magazine,Online Magazine,media-content,market,mvp,api | authentication | dashboard | database | portfolio,api | authentication | dashboard | database,portfolio,80,L2 Service / L7 Data
MC-012-News-Website,News Website,media-content,market,validation,api | authentication | dashboard | database | portfolio,api | authentication | dashboard | database,portfolio,80,L2 Service / L7 Data
MC-013-Streaming-Platform,Streaming Platform,media-content,market,planned,api | authentication | dashboard | database | portfolio,api | authentication | dashboard | database,portfolio,80,L2 Service / L7 Data
MC-014-Gaming-Channel,Gaming Channel,media-content,market,mvp,api | authentication | dashboard | database | portfolio,api | authentication | dashboard | database,portfolio,80,L2 Service / L7 Data
MC-015-Esports-Team,Esports Team,media-content,market,planned,api | authentication | dashboard | database | portfolio,api | authentication | dashboard | database,portfolio,80,L2 Service / L7 Data
MC-016-Virtual-Events-Platform,Virtual Events Platform,media-content,market,planned,api | authentication | dashboard | database | portfolio,api | authentication | dashboard | database,portfolio,80,L2 Service / L7 Data
MC-017-Online-Course-Platform,Online Course Platform,media-content,market,mvp,api | authentication | dashboard | database | portfolio,api | authentication | dashboard | database,portfolio,80,L2 Service / L7 Data
MC-018-Membership-Site,Membership Site,media-content,market,mvp,api | authentication | dashboard | database | portfolio,api | authentication | dashboard | database,portfolio,80,L2 Service / L7 Data
MC-019-Digital-Download-Store,Digital Download Store,media-content,market,mvp,api | authentication | dashboard | database | portfolio,api | authentication | dashboard | database,portfolio,80,L2 Service / L7 Data
MC-020-NFT-Marketplace,Nft Marketplace,media-content,market,planned,api | authentication | dashboard | database | portfolio,api | authentication | dashboard | database,portfolio,80,L2 Service / L7 Data
ET-001-Online-Tutoring-Platform,Online Tutoring Platform,education-training,edtech,mvp,api | authentication | dashboard | database | workspace,api | authentication | dashboard | database,workspace,80,L6 Software
ET-002-Language-Learning-App,Language Learning App,education-training,edtech,mvp,api | authentication | dashboard | database | workspace,api | authentication | dashboard | database,workspace,80,L6 Software
ET-003-Test-Prep-Service,Test Prep Service,education-training,edtech,validation,api | authentication | dashboard | database | workspace,api | authentication | dashboard | database,workspace,80,L6 Software
ET-004-Coding-Bootcamp,Coding Bootcamp,education-training,edtech,validation,api | authentication | dashboard | database | workspace,api | authentication | dashboard | database,workspace,80,L6 Software
ET-005-Professional-Certification,Professional Certification,education-training,edtech,validation,api | authentication | dashboard | database | workspace,api | authentication | dashboard | database,workspace,80,L6 Software
ET-006-Corporate-Training,Corporate Training,education-training,edtech,validation,api | authentication | dashboard | database | workspace,api | authentication | dashboard | database,workspace,80,L6 Software
ET-007-Skills-Assessment-Platform,Skills Assessment Platform,education-training,edtech,planned,api | authentication | dashboard | database | workspace,api | authentication | dashboard | database,workspace,80,L6 Software
ET-008-Career-Coaching,Career Coaching,education-training,edtech,mvp,api | authentication | dashboard | database | workspace,api | authentication | dashboard | database,workspace,80,L6 Software
ET-009-Resume-Writing-Service,Resume Writing Service,education-training,edtech,mvp,api | authentication | dashboard | database | workspace,api | authentication | dashboard | database,workspace,80,L6 Software
ET-010-Interview-Prep-Platform,Interview Prep Platform,education-training,edtech,mvp,api | authentication | dashboard | database | workspace,api | authentication | dashboard | database,workspace,80,L6 Software
ET-011-Mentorship-Platform,Mentorship Platform,education-training,edtech,planned,api | authentication | dashboard | database | workspace,api | authentication | dashboard | database,workspace,80,L6 Software
ET-012-Educational-Content-Library,Educational Content Library,education-training,edtech,mvp,api | authentication | dashboard | database | workspace,api | authentication | dashboard | database,workspace,80,L6 Software
ET-013-VR-Training-Simulations,Vr Training Simulations,education-training,edtech,planned,api | authentication | dashboard | database | workspace,api | authentication | dashboard | database,workspace,80,L6 Software
ET-014-Gamified-Learning-App,Gamified Learning App,education-training,edtech,planned,api | authentication | dashboard | database | workspace,api | authentication | dashboard | database,workspace,80,L6 Software
ET-015-Homeschool-Curriculum,Homeschool Curriculum,education-training,edtech,validation,api | authentication | dashboard | database | workspace,api | authentication | dashboard | database,workspace,80,L6 Software
ST-001-SaaS-Platform,Saas Platform,software-technology,devtools,mvp,api | authentication | dashboard | database | monitoring,api | authentication | dashboard | database | monitoring,,100,L6 Software
ST-002-Mobile-App-Development,Mobile App Development,software-technology,devtools,mvp,api | authentication | dashboard | database | monitoring,api | authentication | dashboard | database | monitoring,,100,L6 Software
ST-003-Web-Development-Agency,Web Development Agency,software-technology,devtools,mvp,api | authentication | dashboard | database | monitoring,api | authentication | dashboard | database | monitoring,,100,L6 Software
ST-004-Custom-Software-Development,Custom Software Development,software-technology,devtools,validation,api | authentication | dashboard | database | monitoring,api | authentication | dashboard | database | monitoring,,100,L6 Software
ST-005-API-Development,Api Development,software-technology,devtools,mvp,api | authentication | dashboard | database | monitoring,api | authentication | dashboard | database | monitoring,,100,L6 Software
ST-006-Cloud-Infrastructure,Cloud Infrastructure,software-technology,devtools,planned,api | authentication | dashboard | database | monitoring,api | authentication | dashboard | database | monitoring,,100,L6 Software
ST-007-DevOps-Consulting,Devops Consulting,software-technology,devtools,validation,api | authentication | dashboard | database | monitoring,api | authentication | dashboard | database | monitoring,,100,L6 Software
ST-008-Cybersecurity-Service,Cybersecurity Service,software-technology,devtools,validation,api | authentication | dashboard | database | monitoring,api | authentication | dashboard | database | monitoring,,100,L6 Software
ST-009-Data-Analytics-Platform,Data Analytics Platform,software-technology,devtools,planned,api | authentication | dashboard | database | monitoring,api | authentication | dashboard | database | monitoring,,100,L6 Software
ST-010-Business-Intelligence-Tool,Business Intelligence Tool,software-technology,devtools,planned,api | authentication | dashboard | database | monitoring,api | authentication | dashboard | database | monitoring,,100,L6 Software
ST-011-CRM-Platform,Crm Platform,software-technology,devtools,planned,api | authentication | dashboard | database | monitoring,api | authentication | dashboard | database | monitoring,,100,L6 Software
ST-012-Project-Management-Tool,Project Management Tool,software-technology,devtools,planned,api | authentication | dashboard | database | monitoring,api | authentication | dashboard | database | monitoring,,100,L6 Software
ST-013-Communication-Platform,Communication Platform,software-technology,devtools,planned,api | authentication | dashboard | database | monitoring,api | authentication | dashboard | database | monitoring,,100,L6 Software
ST-014-Collaboration-Software,Collaboration Software,software-technology,devtools,planned,api | authentication | dashboard | database | monitoring,api | authentication | dashboard | database | monitoring,,100,L6 Software
ST-015-Automation-Platform,Automation Platform,software-technology,devtools,planned,api | authentication | dashboard | database | monitoring,api | authentication | dashboard | database | monitoring,,100,L6 Software
ST-016-AI,Ai,software-technology,devtools,planned,api | authentication | dashboard | database | monitoring,api | authentication | dashboard | database | monitoring,,100,L6 Software
ST-017-Chatbot-Builder,Chatbot Builder,software-technology,devtools,mvp,api | authentication | dashboard | database | monitoring,api | authentication | dashboard | database | monitoring,,100,L6 Software
ST-018-E-commerce-Platform,E Commerce Platform,software-technology,devtools,planned,api | authentication | dashboard | database | monitoring,api | authentication | dashboard | database | monitoring,,100,L6 Software
ST-019-Payment-Processing,Payment Processing,software-technology,devtools,validation,api | authentication | dashboard | database | monitoring,api | authentication | dashboard | database | monitoring,,100,L6 Software
ST-020-Blockchain-Platform,Blockchain Platform,software-technology,devtools,planned,api | authentication | dashboard | database | monitoring,api | authentication | dashboard | database | monitoring,,100,L6 Software
ST-021-IoT-Platform,Iot Platform,software-technology,devtools,planned,api | authentication | dashboard | database | monitoring,api | authentication | dashboard | database | monitoring,,100,L6 Software
ST-022-AR,Ar,software-technology,devtools,planned,api | authentication | dashboard | database | monitoring,api | authentication | dashboard | database | monitoring,,100,L6 Software
ST-023-Game-Development,Game Development,software-technology,devtools,validation,api | authentication | dashboard | database | monitoring,api | authentication | dashboard | database | monitoring,,100,L6 Software
ST-024-Marketing-Automation,Marketing Automation,software-technology,devtools,mvp,api | authentication | dashboard | database | monitoring,api | authentication | dashboard | database | monitoring,,100,L6 Software
ST-025-Sales-Automation,Sales Automation,software-technology,devtools,mvp,api | authentication | dashboard | database | monitoring,api | authentication | dashboard | database | monitoring,,100,L6 Software
ST-026-HR-Tech-Platform,Hr Tech Platform,software-technology,devtools,planned,api | authentication | dashboard | database | monitoring,api | authentication | dashboard | database | monitoring,,100,L6 Software
ST-027-Legal-Tech-Platform,Legal Tech Platform,software-technology,devtools,planned,api | authentication | dashboard | database | monitoring,api | authentication | dashboard | database | monitoring,,100,L6 Software
ST-028-Health-Tech-Platform,Health Tech Platform,software-technology,devtools,planned,api | authentication | dashboard | database | monitoring,api | authentication | dashboard | database | monitoring,,100,L6 Software
ST-029-EdTech-Platform,Edtech Platform,software-technology,devtools,planned,api | authentication | dashboard | database | monitoring,api | authentication | dashboard | database | monitoring,,100,L6 Software
ST-030-PropTech-Platform,Proptech Platform,software-technology,devtools,planned,api | authentication | dashboard | database | monitoring,api | authentication | dashboard | database | monitoring,,100,L6 Software
EC-001-Angels-in-Daylight,Angels In Daylight,e-commerce,market,planned,api | authentication | dashboard | database | portfolio,api | authentication | dashboard | database,portfolio,80,L2 Service / L7 Data
EC-002-New-World-Apparel,New World Apparel,e-commerce,market,planned,api | authentication | dashboard | database | portfolio,api | authentication | dashboard | database,portfolio,80,L2 Service / L7 Data
EC-003-Shopify-Autopilot,Shopify Autopilot,e-commerce,market,planned,api | authentication | dashboard | database | portfolio,api | authentication | dashboard | database,portfolio,80,L2 Service / L7 Data
EC-004-Shoe-Customizer,Shoe Customizer,e-commerce,market,planned,api | authentication | dashboard | database | portfolio,api | authentication | dashboard | database,portfolio,80,L2 Service / L7 Data
EC-005-Sunglasses-AI,Sunglasses Ai,e-commerce,market,planned,api | authentication | dashboard | database | portfolio,api | authentication | dashboard | database,portfolio,80,L2 Service / L7 Data
EC-006-Dropship-Hub,Dropship Hub,e-commerce,market,planned,api | authentication | dashboard | database | portfolio,api | authentication | dashboard | database,portfolio,80,L2 Service / L7 Data
EC-007-Personal-Shopper-AI,Personal Shopper Ai,e-commerce,market,planned,api | authentication | dashboard | database | portfolio,api | authentication | dashboard | database,portfolio,80,L2 Service / L7 Data
EC-008-Custom-Sneaker-AI,Custom Sneaker Ai,e-commerce,market,planned,api | authentication | dashboard | database | portfolio,api | authentication | dashboard | database,portfolio,80,L2 Service / L7 Data
EC-009-Sustainable-Fashion-AI,Sustainable Fashion Ai,e-commerce,market,planned,api | authentication | dashboard | database | portfolio,api | authentication | dashboard | database,portfolio,80,L2 Service / L7 Data
EC-010-Jewelry-Designer-AI,Jewelry Designer Ai,e-commerce,market,planned,api | authentication | dashboard | database | portfolio,api | authentication | dashboard | database,portfolio,80,L2 Service / L7 Data
EC-011-Virtual-Try-On-AI,Virtual Try On Ai,e-commerce,market,planned,api | authentication | dashboard | database | portfolio,api | authentication | dashboard | database,portfolio,80,L2 Service / L7 Data
EC-012-Fashion-Designer-AI,Fashion Designer Ai,e-commerce,market,planned,api | authentication | dashboard | database | portfolio,api | authentication | dashboard | database,portfolio,80,L2 Service / L7 Data
EC-013-Merch-Licensing,Merch Licensing,e-commerce,market,planned,api | authentication | dashboard | database | portfolio,api | authentication | dashboard | database,portfolio,80,L2 Service / L7 Data
EC-014-Subscription-Box-AI,Subscription Box Ai,e-commerce,market,planned,api | authentication | dashboard | database | portfolio,api | authentication | dashboard | database,portfolio,80,L2 Service / L7 Data
EC-015-Surf-Gear-AI,Surf Gear Ai,e-commerce,market,planned,api | authentication | dashboard | database | portfolio,api | authentication | dashboard | database,portfolio,80,L2 Service / L7 Data
EC-016-Ski-Gear-AI,Ski Gear Ai,e-commerce,market,planned,api | authentication | dashboard | database | portfolio,api | authentication | dashboard | database,portfolio,80,L2 Service / L7 Data
EC-017-Golf-Gear-AI,Golf Gear Ai,e-commerce,market,planned,api | authentication | dashboard | database | portfolio,api | authentication | dashboard | database,portfolio,80,L2 Service / L7 Data
EC-018-Fishing-Gear-AI,Fishing Gear Ai,e-commerce,market,planned,api | authentication | dashboard | database | portfolio,api | authentication | dashboard | database,portfolio,80,L2 Service / L7 Data
EC-019-Yoga-Gear-AI,Yoga Gear Ai,e-commerce,market,planned,api | authentication | dashboard | database | portfolio,api | authentication | dashboard | database,portfolio,80,L2 Service / L7 Data
EC-020-Costume-Shop-AI,Costume Shop Ai,e-commerce,market,planned,api | authentication | dashboard | database | portfolio,api | authentication | dashboard | database,portfolio,80,L2 Service / L7 Data
EC-021-Luggage-AI,Luggage Ai,e-commerce,market,planned,api | authentication | dashboard | database | portfolio,api | authentication | dashboard | database,portfolio,80,L2 Service / L7 Data
EC-022-Home-Appliance-AI,Home Appliance Ai,e-commerce,market,planned,api | authentication | dashboard | database | portfolio,api | authentication | dashboard | database,portfolio,80,L2 Service / L7 Data
EC-023-Tool-Shop-AI,Tool Shop Ai,e-commerce,market,planned,api | authentication | dashboard | database | portfolio,api | authentication | dashboard | database,portfolio,80,L2 Service / L7 Data
EC-024-Garden-Supply-AI,Garden Supply Ai,e-commerce,market,planned,api | authentication | dashboard | database | portfolio,api | authentication | dashboard | database,portfolio,80,L2 Service / L7 Data
EC-025-Collectible-AI,Collectible Ai,e-commerce,market,planned,api | authentication | dashboard | database | portfolio,api | authentication | dashboard | database,portfolio,80,L2 Service / L7 Data
EC-026-Hobby-Shop-AI,Hobby Shop Ai,e-commerce,market,planned,api | authentication | dashboard | database | portfolio,api | authentication | dashboard | database,portfolio,80,L2 Service / L7 Data
EC-027-Kids-Toy-Line,Kids Toy Line,e-commerce,market,planned,api | authentication | dashboard | database | portfolio,api | authentication | dashboard | database,portfolio,80,L2 Service / L7 Data
EC-028-NFT-Fashion-Licensing,Nft Fashion Licensing,e-commerce,market,planned,api | authentication | dashboard | database | portfolio,api | authentication | dashboard | database,portfolio,80,L2 Service / L7 Data
EC-029-Instant-Brand-Generator,Instant Brand Generator,e-commerce,market,planned,api | authentication | dashboard | database | portfolio,api | authentication | dashboard | database,portfolio,80,L2 Service / L7 Data
EC-030-AI-Product-Photographer,Ai Product Photographer,e-commerce,market,planned,api | authentication | dashboard | database | portfolio,api | authentication | dashboard | database,portfolio,80,L2 Service / L7 Data
EC-031-Automated-Inventory-Forecaster,Automated Inventory Forecaster,e-commerce,market,planned,api | authentication | dashboard | database | portfolio,api | authentication | dashboard | database,portfolio,80,L2 Service / L7 Data
EC-032-Dynamic-Pricing-Engine,Dynamic Pricing Engine,e-commerce,market,planned,api | authentication | dashboard | database | portfolio,api | authentication | dashboard | database,portfolio,80,L2 Service / L7 Data
EC-033-Ad-Optimizer-AI,Ad Optimizer Ai,e-commerce,market,planned,api | authentication | dashboard | database | portfolio,api | authentication | dashboard | database,portfolio,80,L2 Service / L7 Data
EC-034-Recommendation-Engine,Recommendation Engine,e-commerce,market,planned,api | authentication | dashboard | database | portfolio,api | authentication | dashboard | database,portfolio,80,L2 Service / L7 Data
EC-035-Review-Aggregator-AI,Review Aggregator Ai,e-commerce,market,planned,api | authentication | dashboard | database | portfolio,api | authentication | dashboard | database,portfolio,80,L2 Service / L7 Data
EC-036-Fulfillment-Network-AI,Fulfillment Network Ai,e-commerce,market,planned,api | authentication | dashboard | database | portfolio,api | authentication | dashboard | database,portfolio,80,L2 Service / L7 Data
EC-037-Return-Optimization-AI,Return Optimization Ai,e-commerce,market,planned,api | authentication | dashboard | database | portfolio,api | authentication | dashboard | database,portfolio,80,L2 Service / L7 Data
EC-038-Chatbot-Customer-Service,Chatbot Customer Service,e-commerce,market,planned,api | authentication | dashboard | database | portfolio,api | authentication | dashboard | database,portfolio,80,L2 Service / L7 Data
EC-039-Visual-Search-AI,Visual Search Ai,e-commerce,market,planned,api | authentication | dashboard | database | portfolio,api | authentication | dashboard | database,portfolio,80,L2 Service / L7 Data
EC-040-Abandoned-Cart-Recovery,Abandoned Cart Recovery,e-commerce,market,planned,api | authentication | dashboard | database | portfolio,api | authentication | dashboard | database,portfolio,80,L2 Service / L7 Data
EC-041-Seasonal-Trend-Predictor,Seasonal Trend Predictor,e-commerce,market,planned,api | authentication | dashboard | database | portfolio,api | authentication | dashboard | database,portfolio,80,L2 Service / L7 Data
EC-042-Influencer-Matchmaker,Influencer Matchmaker,e-commerce,market,planned,api | authentication | dashboard | database | portfolio,api | authentication | dashboard | database,portfolio,80,L2 Service / L7 Data
EC-043-UGC-Content-Aggregator,Ugc Content Aggregator,e-commerce,market,planned,api | authentication | dashboard | database | portfolio,api | authentication | dashboard | database,portfolio,80,L2 Service / L7 Data
EC-044-Live-Commerce-Platform,Live Commerce Platform,e-commerce,market,growth,api | authentication | dashboard | database | portfolio,api | authentication | dashboard | database,portfolio,80,L2 Service / L7 Data
EC-045-AR-Virtual-Fitting-Room,Ar Virtual Fitting Room,e-commerce,market,planned,api | authentication | dashboard | database | portfolio,api | authentication | dashboard | database,portfolio,80,L2 Service / L7 Data
EC-046-3D-Product-Viewer,3D Product Viewer,e-commerce,market,growth,api | authentication | dashboard | database | portfolio,api | authentication | dashboard | database,portfolio,80,L2 Service / L7 Data
EC-047-Carbon-Footprint-Tracker,Carbon Footprint Tracker,e-commerce,market,planned,api | authentication | dashboard | database | portfolio,api | authentication | dashboard | database,portfolio,80,L2 Service / L7 Data
EC-048-Wholesale-Marketplace-AI,Wholesale Marketplace Ai,e-commerce,market,planned,api | authentication | dashboard | database | portfolio,api | authentication | dashboard | database,portfolio,80,L2 Service / L7 Data
EC-049-Rental-Marketplace,Rental Marketplace,e-commerce,market,planned,api | authentication | dashboard | database | portfolio,api | authentication | dashboard | database,portfolio,80,L2 Service / L7 Data
EC-050-AI-Product-Descriptions,Ai Product Descriptions,e-commerce,market,planned,api | authentication | dashboard | database | portfolio,api | authentication | dashboard | database,portfolio,80,L2 Service / L7 Data
EC-051-AI-Email-Marketing,Ai Email Marketing,e-commerce,market,planned,api | authentication | dashboard | database | portfolio,api | authentication | dashboard | database,portfolio,80,L2 Service / L7 Data
EC-052-AI-Product-Bundler,Ai Product Bundler,e-commerce,market,planned,api | authentication | dashboard | database | portfolio,api | authentication | dashboard | database,portfolio,80,L2 Service / L7 Data
EC-053-AI-Visual-Merchandiser,Ai Visual Merchandiser,e-commerce,market,planned,api | authentication | dashboard | database | portfolio,api | authentication | dashboard | database,portfolio,80,L2 Service / L7 Data
EC-054-AI-Demand-Forecasting,Ai Demand Forecasting,e-commerce,market,planned,api | authentication | dashboard | database | portfolio,api | authentication | dashboard | database,portfolio,80,L2 Service / L7 Data
EC-055-AI-Warehouse-Management,Ai Warehouse Management,e-commerce,market,planned,api | authentication | dashboard | database | portfolio,api | authentication | dashboard | database,portfolio,80,L2 Service / L7 Data
EC-056-AI-Supplier-Matching,Ai Supplier Matching,e-commerce,market,planned,api | authentication | dashboard | database | portfolio,api | authentication | dashboard | database,portfolio,80,L2 Service / L7 Data
EC-057-AI-Quality-Control,Ai Quality Control,e-commerce,market,planned,api | authentication | dashboard | database | portfolio,api | authentication | dashboard | database,portfolio,80,L2 Service / L7 Data
EC-058-AI-Packaging-Designer,Ai Packaging Designer,e-commerce,market,planned,api | authentication | dashboard | database | portfolio,api | authentication | dashboard | database,portfolio,80,L2 Service / L7 Data
EC-059-AI-Logistics-Planner,Ai Logistics Planner,e-commerce,market,planned,api | authentication | dashboard | database | portfolio,api | authentication | dashboard | database,portfolio,80,L2 Service / L7 Data
EC-060-AI-Customer-Loyalty,Ai Customer Loyalty,e-commerce,market,planned,api | authentication | dashboard | database | portfolio,api | authentication | dashboard | database,portfolio,80,L2 Service / L7 Data
EC-061-AI-Gift-Finder,Ai Gift Finder,e-commerce,market,planned,api | authentication | dashboard | database | portfolio,api | authentication | dashboard | database,portfolio,80,L2 Service / L7 Data
EC-062-AI-Trend-Hunter,Ai Trend Hunter,e-commerce,market,planned,api | authentication | dashboard | database | portfolio,api | authentication | dashboard | database,portfolio,80,L2 Service / L7 Data
EC-063-AI-Market-Research,Ai Market Research,e-commerce,market,planned,api | authentication | dashboard | database | portfolio,api | authentication | dashboard | database,portfolio,80,L2 Service / L7 Data
EC-064-AI-Competitor-Watcher,Ai Competitor Watcher,e-commerce,market,planned,api | authentication | dashboard | database | portfolio,api | authentication | dashboard | database,portfolio,80,L2 Service / L7 Data
EC-065-AI-Product-Development,Ai Product Development,e-commerce,market,planned,api | authentication | dashboard | database | portfolio,api | authentication | dashboard | database,portfolio,80,L2 Service / L7 Data
EC-066-AI-Customer-Journey,Ai Customer Journey,e-commerce,market,planned,api | authentication | dashboard | database | portfolio,api | authentication | dashboard | database,portfolio,80,L2 Service / L7 Data
EC-067-AI-Payment-Optimization,Ai Payment Optimization,e-commerce,market,planned,api | authentication | dashboard | database | portfolio,api | authentication | dashboard | database,portfolio,80,L2 Service / L7 Data
EC-068-AI-Returns-Management,Ai Returns Management,e-commerce,market,planned,api | authentication | dashboard | database | portfolio,api | authentication | dashboard | database,portfolio,80,L2 Service / L7 Data
EC-069-AI-Shipping-Labeler,Ai Shipping Labeler,e-commerce,market,planned,api | authentication | dashboard | database | portfolio,api | authentication | dashboard | database,portfolio,80,L2 Service / L7 Data
EC-070-AI-Product-Launch-Coach,Ai Product Launch Coach,e-commerce,market,planned,api | authentication | dashboard | database | portfolio,api | authentication | dashboard | database,portfolio,80,L2 Service / L7 Data
EC-071-AI-Vendor-Negotiator,Ai Vendor Negotiator,e-commerce,market,planned,api | authentication | dashboard | database | portfolio,api | authentication | dashboard | database,portfolio,80,L2 Service / L7 Data
EC-072-AI-Product-Cataloger,Ai Product Cataloger,e-commerce,market,planned,api | authentication | dashboard | database | portfolio,api | authentication | dashboard | database,portfolio,80,L2 Service / L7 Data
EC-073-AI-Order-Prioritizer,Ai Order Prioritizer,e-commerce,market,planned,api | authentication | dashboard | database | portfolio,api | authentication | dashboard | database,portfolio,80,L2 Service / L7 Data
EC-074-AI-Customer-Segmentation,Ai Customer Segmentation,e-commerce,market,planned,api | authentication | dashboard | database | portfolio,api | authentication | dashboard | database,portfolio,80,L2 Service / L7 Data
EC-075-AI-Pricing-Analyst,Ai Pricing Analyst,e-commerce,market,planned,api | authentication | dashboard | database | portfolio,api | authentication | dashboard | database,portfolio,80,L2 Service / L7 Data
EC-076-AI-Sales-Forecasting,Ai Sales Forecasting,e-commerce,market,planned,api | authentication | dashboard | database | portfolio,api | authentication | dashboard | database,portfolio,80,L2 Service / L7 Data
EC-077-AI-Inventory-Reordering,Ai Inventory Reordering,e-commerce,market,planned,api | authentication | dashboard | database | portfolio,api | authentication | dashboard | database,portfolio,80,L2 Service / L7 Data
EC-078-AI-Product-Comparison,Ai Product Comparison,e-commerce,market,planned,api | authentication | dashboard | database | portfolio,api | authentication | dashboard | database,portfolio,80,L2 Service / L7 Data
EC-079-AI-Customer-Feedback,Ai Customer Feedback,e-commerce,market,planned,api | authentication | dashboard | database | portfolio,api | authentication | dashboard | database,portfolio,80,L2 Service / L7 Data
EC-080-AI-Product-Updates,Ai Product Updates,e-commerce,market,planned,api | authentication | dashboard | database | portfolio,api | authentication | dashboard | database,portfolio,80,L2 Service / L7 Data
EC-081-AI-Cross-Selling,Ai Cross Selling,e-commerce,market,planned,api | authentication | dashboard | database | portfolio,api | authentication | dashboard | database,portfolio,80,L2 Service / L7 Data
EC-082-AI-Up-Selling,Ai Up Selling,e-commerce,market,planned,api | authentication | dashboard | database | portfolio,api | authentication | dashboard | database,portfolio,80,L2 Service / L7 Data
EC-083-AI-Product-Education,Ai Product Education,e-commerce,market,planned,api | authentication | dashboard | database | portfolio,api | authentication | dashboard | database,portfolio,80,L2 Service / L7 Data
EC-084-AI-Purchase-Timing,Ai Purchase Timing,e-commerce,market,planned,api | authentication | dashboard | database | portfolio,api | authentication | dashboard | database,portfolio,80,L2 Service / L7 Data
EC-085-AI-Customer-Support,Ai Customer Support,e-commerce,market,planned,api | authentication | dashboard | database | portfolio,api | authentication | dashboard | database,portfolio,80,L2 Service / L7 Data
EC-086-AI-Order-Tracking,Ai Order Tracking,e-commerce,market,planned,api | authentication | dashboard | database | portfolio,api | authentication | dashboard | database,portfolio,80,L2 Service / L7 Data
EC-087-AI-Product-Reviews,Ai Product Reviews,e-commerce,market,planned,api | authentication | dashboard | database | portfolio,api | authentication | dashboard | database,portfolio,80,L2 Service / L7 Data
EC-088-AI-Customer-Community,Ai Customer Community,e-commerce,market,planned,api | authentication | dashboard | database | portfolio,api | authentication | dashboard | database,portfolio,80,L2 Service / L7 Data
EC-089-AI-Product-Customization,Ai Product Customization,e-commerce,market,planned,api | authentication | dashboard | database | portfolio,api | authentication | dashboard | database,portfolio,80,L2 Service / L7 Data
EC-090-AI-Gift-Registry,Ai Gift Registry,e-commerce,market,planned,api | authentication | dashboard | database | portfolio,api | authentication | dashboard | database,portfolio,80,L2 Service / L7 Data
EC-091-AI-Wedding-Registry,Ai Wedding Registry,e-commerce,market,planned,api | authentication | dashboard | database | portfolio,api | authentication | dashboard | database,portfolio,80,L2 Service / L7 Data
EC-092-AI-Baby-Registry,Ai Baby Registry,e-commerce,market,planned,api | authentication | dashboard | database | portfolio,api | authentication | dashboard | database,portfolio,80,L2 Service / L7 Data
EC-093-AI-Holiday-Planner,Ai Holiday Planner,e-commerce,market,planned,api | authentication | dashboard | database | portfolio,api | authentication | dashboard | database,portfolio,80,L2 Service / L7 Data
EC-094-AI-Personal-Shopper,Ai Personal Shopper,e-commerce,market,planned,api | authentication | dashboard | database | portfolio,api | authentication | dashboard | database,portfolio,80,L2 Service / L7 Data
EC-095-AI-Color-Match,Ai Color Match,e-commerce,market,planned,api | authentication | dashboard | database | portfolio,api | authentication | dashboard | database,portfolio,80,L2 Service / L7 Data
EC-096-AI-Fabric-Advisor,Ai Fabric Advisor,e-commerce,market,planned,api | authentication | dashboard | database | portfolio,api | authentication | dashboard | database,portfolio,80,L2 Service / L7 Data
EC-097-AI-Fit-Recommendation,Ai Fit Recommendation,e-commerce,market,planned,api | authentication | dashboard | database | portfolio,api | authentication | dashboard | database,portfolio,80,L2 Service / L7 Data
EC-098-AI-Outfit-Builder,Ai Outfit Builder,e-commerce,market,planned,api | authentication | dashboard | database | portfolio,api | authentication | dashboard | database,portfolio,80,L2 Service / L7 Data
EC-099-AI-Seasonal-Forecast,Ai Seasonal Forecast,e-commerce,market,planned,api | authentication | dashboard | database | portfolio,api | authentication | dashboard | database,portfolio,80,L2 Service / L7 Data
EC-100-AI-Wardrobe-Planner,Ai Wardrobe Planner,e-commerce,market,planned,api | authentication | dashboard | database | portfolio,api | authentication | dashboard | database,portfolio,80,L2 Service / L7 Data
EC-101-AI-Accessory-Match,Ai Accessory Match,e-commerce,market,planned,api | authentication | dashboard | database | portfolio,api | authentication | dashboard | database,portfolio,80,L2 Service / L7 Data
EC-102-AI-Shoe-Match,Ai Shoe Match,e-commerce,market,planned,api | authentication | dashboard | database | portfolio,api | authentication | dashboard | database,portfolio,80,L2 Service / L7 Data
EC-103-AI-Jewelry-Match,Ai Jewelry Match,e-commerce,market,planned,api | authentication | dashboard | database | portfolio,api | authentication | dashboard | database,portfolio,80,L2 Service / L7 Data
EC-104-AI-Bag-Match,Ai Bag Match,e-commerce,market,planned,api | authentication | dashboard | database | portfolio,api | authentication | dashboard | database,portfolio,80,L2 Service / L7 Data
EC-105-AI-Color-Palette,Ai Color Palette,e-commerce,market,planned,api | authentication | dashboard | database | portfolio,api | authentication | dashboard | database,portfolio,80,L2 Service / L7 Data
EC-106-AI-Outfit-Recycling,Ai Outfit Recycling,e-commerce,market,planned,api | authentication | dashboard | database | portfolio,api | authentication | dashboard | database,portfolio,80,L2 Service / L7 Data
EC-107-AI-Style-Evolution,Ai Style Evolution,e-commerce,market,planned,api | authentication | dashboard | database | portfolio,api | authentication | dashboard | database,portfolio,80,L2 Service / L7 Data
EC-108-AI-Budget-Stylist,Ai Budget Stylist,e-commerce,market,planned,api | authentication | dashboard | database | portfolio,api | authentication | dashboard | database,portfolio,80,L2 Service / L7 Data
EC-109-AI-Trend-Archive,Ai Trend Archive,e-commerce,market,planned,api | authentication | dashboard | database | portfolio,api | authentication | dashboard | database,portfolio,80,L2 Service / L7 Data
EC-110-AI-Vintage-Advisor,Ai Vintage Advisor,e-commerce,market,planned,api | authentication | dashboard | database | portfolio,api | authentication | dashboard | database,portfolio,80,L2 Service / L7 Data
TECH-001-Quantum-Algorithm-AI,Quantum Algorithm Ai,technology,devtools,planned,api | authentication | dashboard | database | monitoring,api | authentication | dashboard | database | monitoring,,100,L6 Software
TECH-002-AI-Compliance-Scanner,Ai Compliance Scanner,technology,devtools,planned,api | authentication | dashboard | database | monitoring,api | authentication | dashboard | database | monitoring,,100,L6 Software
TECH-003-Cloud-Management-AI,Cloud Management Ai,technology,devtools,planned,api | authentication | dashboard | database | monitoring,api | authentication | dashboard | database | monitoring,,100,L6 Software
TECH-004-Robotics-Training-AI,Robotics Training Ai,technology,devtools,planned,api | authentication | dashboard | database | monitoring,api | authentication | dashboard | database | monitoring,,100,L6 Software
TECH-005-Customer-Insights-AI,Customer Insights Ai,technology,devtools,planned,api | authentication | dashboard | database | monitoring,api | authentication | dashboard | database | monitoring,,100,L6 Software
TECH-006-Voice-Assistant-AI,Voice Assistant Ai,technology,devtools,planned,api | authentication | dashboard | database | monitoring,api | authentication | dashboard | database | monitoring,,100,L6 Software
TECH-007-Blockchain-Verifier-AI,Blockchain Verifier Ai,technology,devtools,planned,api | authentication | dashboard | database | monitoring,api | authentication | dashboard | database | monitoring,,100,L6 Software
TECH-008-Cybersecurity-Shield,Cybersecurity Shield,technology,devtools,planned,api | authentication | dashboard | database | monitoring,api | authentication | dashboard | database | monitoring,,100,L6 Software
TECH-009-Content-Studio-AI,Content Studio Ai,technology,devtools,planned,api | authentication | dashboard | database | monitoring,api | authentication | dashboard | database | monitoring,,100,L6 Software
TECH-010-Smart-Home-AI,Smart Home Ai,technology,devtools,planned,api | authentication | dashboard | database | monitoring,api | authentication | dashboard | database | monitoring,,100,L6 Software
TECH-011-Supply-Chain-Optimizer,Supply Chain Optimizer,technology,devtools,planned,api | authentication | dashboard | database | monitoring,api | authentication | dashboard | database | monitoring,,100,L6 Software
TECH-012-Data-Visualization-AI,Data Visualization Ai,technology,devtools,planned,api | authentication | dashboard | database | monitoring,api | authentication | dashboard | database | monitoring,,100,L6 Software
TECH-013-Workflow-Automation,Workflow Automation,technology,devtools,planned,api | authentication | dashboard | database | monitoring,api | authentication | dashboard | database | monitoring,,100,L6 Software
TECH-014-Sentiment-Analyzer,Sentiment Analyzer,technology,devtools,planned,api | authentication | dashboard | database | monitoring,api | authentication | dashboard | database | monitoring,,100,L6 Software
TECH-015-Image-Recognition-AI,Image Recognition Ai,technology,devtools,planned,api | authentication | dashboard | database | monitoring,api | authentication | dashboard | database | monitoring,,100,L6 Software
TECH-016-Video-Editor-AI,Video Editor Ai,technology,devtools,planned,api | authentication | dashboard | database | monitoring,api | authentication | dashboard | database | monitoring,,100,L6 Software
TECH-017-Speech-to-Text-AI,Speech To Text Ai,technology,devtools,planned,api | authentication | dashboard | database | monitoring,api | authentication | dashboard | database | monitoring,,100,L6 Software
TECH-018-Text-to-Speech-AI,Text To Speech Ai,technology,devtools,planned,api | authentication | dashboard | database | monitoring,api | authentication | dashboard | database | monitoring,,100,L6 Software
TECH-019-Fraud-Prevention-AI,Fraud Prevention Ai,technology,devtools,planned,api | authentication | dashboard | database | monitoring,api | authentication | dashboard | database | monitoring,,100,L6 Software
TECH-020-Recommendation-Engine,Recommendation Engine,technology,devtools,planned,api | authentication | dashboard | database | monitoring,api | authentication | dashboard | database | monitoring,,100,L6 Software
TECH-021-Network-Security-AI,Network Security Ai,technology,devtools,planned,api | authentication | dashboard | database | monitoring,api | authentication | dashboard | database | monitoring,,100,L6 Software
TECH-022-Database-Optimizer,Database Optimizer,technology,devtools,planned,api | authentication | dashboard | database | monitoring,api | authentication | dashboard | database | monitoring,,100,L6 Software
TECH-023-AI-Testing-Platform,Ai Testing Platform,technology,devtools,planned,api | authentication | dashboard | database | monitoring,api | authentication | dashboard | database | monitoring,,100,L6 Software
TECH-024-Virtual-Assistant-Builder,Virtual Assistant Builder,technology,devtools,planned,api | authentication | dashboard | database | monitoring,api | authentication | dashboard | database | monitoring,,100,L6 Software
TECH-025-Machine-Learning-Builder,Machine Learning Builder,technology,devtools,planned,api | authentication | dashboard | database | monitoring,api | authentication | dashboard | database | monitoring,,100,L6 Software
TECH-026-AI-Ethics-Auditor,Ai Ethics Auditor,technology,devtools,planned,api | authentication | dashboard | database | monitoring,api | authentication | dashboard | database | monitoring,,100,L6 Software
TECH-027-Predictive-Analytics-AI,Predictive Analytics Ai,technology,devtools,planned,api | authentication | dashboard | database | monitoring,api | authentication | dashboard | database | monitoring,,100,L6 Software
TECH-028-AI-Training-Platform,Ai Training Platform,technology,devtools,planned,api | authentication | dashboard | database | monitoring,api | authentication | dashboard | database | monitoring,,100,L6 Software
TECH-029-Digital-Twin-AI,Digital Twin Ai,technology,devtools,planned,api | authentication | dashboard | database | monitoring,api | authentication | dashboard | database | monitoring,,100,L6 Software
TECH-030-AI-Monitoring-System,Ai Monitoring System,technology,devtools,planned,api | authentication | dashboard | database | monitoring,api | authentication | dashboard | database | monitoring,,100,L6 Software
TECH-031-Edge-Computing-AI,Edge Computing Ai,technology,devtools,planned,api | authentication | dashboard | database | monitoring,api | authentication | dashboard | database | monitoring,,100,L6 Software
TECH-032-AI-Integration-Hub,Ai Integration Hub,technology,devtools,planned,api | authentication | dashboard | database | monitoring,api | authentication | dashboard | database | monitoring,,100,L6 Software
TECH-033-Quantum-Algorithm-AI,Quantum Algorithm Ai,technology,devtools,planned,api | authentication | dashboard | database | monitoring,api | authentication | dashboard | database | monitoring,,100,L6 Software
TECH-034-AI-Compliance-Scanner,Ai Compliance Scanner,technology,devtools,planned,api | authentication | dashboard | database | monitoring,api | authentication | dashboard | database | monitoring,,100,L6 Software
TECH-035-Cloud-Management-AI,Cloud Management Ai,technology,devtools,planned,api | authentication | dashboard | database | monitoring,api | authentication | dashboard | database | monitoring,,100,L6 Software
TECH-036-Robotics-Training-AI,Robotics Training Ai,technology,devtools,planned,api | authentication | dashboard | database | monitoring,api | authentication | dashboard | database | monitoring,,100,L6 Software
TECH-037-Customer-Insights-AI,Customer Insights Ai,technology,devtools,planned,api | authentication | dashboard | database | monitoring,api | authentication | dashboard | database | monitoring,,100,L6 Software
TECH-038-Voice-Assistant-AI,Voice Assistant Ai,technology,devtools,planned,api | authentication | dashboard | database | monitoring,api | authentication | dashboard | database | monitoring,,100,L6 Software
TECH-039-Blockchain-Verifier-AI,Blockchain Verifier Ai,technology,devtools,validation,api | authentication | dashboard | database | monitoring,api | authentication | dashboard | database | monitoring,,100,L6 Software
TECH-040-Cybersecurity-Shield,Cybersecurity Shield,technology,devtools,planned,api | authentication | dashboard | database | monitoring,api | authentication | dashboard | database | monitoring,,100,L6 Software
TECH-041-Content-Studio-AI,Content Studio Ai,technology,devtools,planned,api | authentication | dashboard | database | monitoring,api | authentication | dashboard | database | monitoring,,100,L6 Software
TECH-042-Smart-Home-AI,Smart Home Ai,technology,devtools,planned,api | authentication | dashboard | database | monitoring,api | authentication | dashboard | database | monitoring,,100,L6 Software
TECH-043-Supply-Chain-Optimizer,Supply Chain Optimizer,technology,devtools,planned,api | authentication | dashboard | database | monitoring,api | authentication | dashboard | database | monitoring,,100,L6 Software
TECH-044-Data-Visualization-AI,Data Visualization Ai,technology,devtools,planned,api | authentication | dashboard | database | monitoring,api | authentication | dashboard | database | monitoring,,100,L6 Software
TECH-045-Workflow-Automation,Workflow Automation,technology,devtools,planned,api | authentication | dashboard | database | monitoring,api | authentication | dashboard | database | monitoring,,100,L6 Software
TECH-046-Sentiment-Analyzer,Sentiment Analyzer,technology,devtools,planned,api | authentication | dashboard | database | monitoring,api | authentication | dashboard | database | monitoring,,100,L6 Software
TECH-047-Image-Recognition-AI,Image Recognition Ai,technology,devtools,planned,api | authentication | dashboard | database | monitoring,api | authentication | dashboard | database | monitoring,,100,L6 Software
TECH-048-Video-Editor-AI,Video Editor Ai,technology,devtools,planned,api | authentication | dashboard | database | monitoring,api | authentication | dashboard | database | monitoring,,100,L6 Software
TECH-049-Speech-to-Text-AI,Speech To Text Ai,technology,devtools,planned,api | authentication | dashboard | database | monitoring,api | authentication | dashboard | database | monitoring,,100,L6 Software
TECH-050-Text-to-Speech-AI,Text To Speech Ai,technology,devtools,planned,api | authentication | dashboard | database | monitoring,api | authentication | dashboard | database | monitoring,,100,L6 Software
TECH-051-Fraud-Prevention-AI,Fraud Prevention Ai,technology,devtools,planned,api | authentication | dashboard | database | monitoring,api | authentication | dashboard | database | monitoring,,100,L6 Software
TECH-052-Recommendation-Engine,Recommendation Engine,technology,devtools,planned,api | authentication | dashboard | database | monitoring,api | authentication | dashboard | database | monitoring,,100,L6 Software
TECH-053-Network-Security-AI,Network Security Ai,technology,devtools,planned,api | authentication | dashboard | database | monitoring,api | authentication | dashboard | database | monitoring,,100,L6 Software
TECH-054-Database-Optimizer,Database Optimizer,technology,devtools,planned,api | authentication | dashboard | database | monitoring,api | authentication | dashboard | database | monitoring,,100,L6 Software
TECH-055-AI-Testing-Platform,Ai Testing Platform,technology,devtools,planned,api | authentication | dashboard | database | monitoring,api | authentication | dashboard | database | monitoring,,100,L6 Software
TECH-056-Virtual-Assistant-Builder,Virtual Assistant Builder,technology,devtools,planned,api | authentication | dashboard | database | monitoring,api | authentication | dashboard | database | monitoring,,100,L6 Software
TECH-057-Machine-Learning-Builder,Machine Learning Builder,technology,devtools,planned,api | authentication | dashboard | database | monitoring,api | authentication | dashboard | database | monitoring,,100,L6 Software
TECH-058-AI-Ethics-Auditor,Ai Ethics Auditor,technology,devtools,planned,api | authentication | dashboard | database | monitoring,api | authentication | dashboard | database | monitoring,,100,L6 Software
TECH-059-Predictive-Analytics-AI,Predictive Analytics Ai,technology,devtools,planned,api | authentication | dashboard | database | monitoring,api | authentication | dashboard | database | monitoring,,100,L6 Software
TECH-060-AI-Training-Platform,Ai Training Platform,technology,devtools,planned,api | authentication | dashboard | database | monitoring,api | authentication | dashboard | database | monitoring,,100,L6 Software
OPS-001-Fractional-CTO-Agency,Fractional Cto Agency,operations,infra,planned,api | authentication | database | monitoring | security,api | authentication | database | monitoring | security,,100,L2 Service / L6 Software
OPS-002-Supply-Chain-Optimizer,Supply Chain Optimizer,operations,infra,planned,api | authentication | database | monitoring | security,api | authentication | database | monitoring | security,,100,L2 Service / L6 Software
OPS-003-Event-Planning-AI,Event Planning Ai,operations,infra,planned,api | authentication | database | monitoring | security,api | authentication | database | monitoring | security,,100,L2 Service / L6 Software
OPS-004-Inventory-Management-AI,Inventory Management Ai,operations,infra,planned,api | authentication | database | monitoring | security,api | authentication | database | monitoring | security,,100,L2 Service / L6 Software
OPS-005-Project-Management-AI,Project Management Ai,operations,infra,planned,api | authentication | database | monitoring | security,api | authentication | database | monitoring | security,,100,L2 Service / L6 Software
OPS-006-Document-Automation-AI,Document Automation Ai,operations,infra,planned,api | authentication | database | monitoring | security,api | authentication | database | monitoring | security,,100,L2 Service / L6 Software
OPS-007-Meeting-Assistant-AI,Meeting Assistant Ai,operations,infra,planned,api | authentication | database | monitoring | security,api | authentication | database | monitoring | security,,100,L2 Service / L6 Software
OPS-008-Recruitment-AI,Recruitment Ai,operations,infra,planned,api | authentication | database | monitoring | security,api | authentication | database | monitoring | security,,100,L2 Service / L6 Software
OPS-009-Onboarding-AI,Onboarding Ai,operations,infra,planned,api | authentication | database | monitoring | security,api | authentication | database | monitoring | security,,100,L2 Service / L6 Software
OPS-010-Training-Platform-AI,Training Platform Ai,operations,infra,planned,api | authentication | database | monitoring | security,api | authentication | database | monitoring | security,,100,L2 Service / L6 Software
OPS-011-Performance-Review-AI,Performance Review Ai,operations,infra,planned,api | authentication | database | monitoring | security,api | authentication | database | monitoring | security,,100,L2 Service / L6 Software
OPS-012-IT-Support-AI,It Support Ai,operations,infra,planned,api | authentication | database | monitoring | security,api | authentication | database | monitoring | security,,100,L2 Service / L6 Software
OPS-013-Facilities-Management-AI,Facilities Management Ai,operations,infra,planned,api | authentication | database | monitoring | security,api | authentication | database | monitoring | security,,100,L2 Service / L6 Software
OPS-014-Travel-Booking-AI,Travel Booking Ai,operations,infra,planned,api | authentication | database | monitoring | security,api | authentication | database | monitoring | security,,100,L2 Service / L6 Software
OPS-015-Expense-Management-AI,Expense Management Ai,operations,infra,planned,api | authentication | database | monitoring | security,api | authentication | database | monitoring | security,,100,L2 Service / L6 Software
OPS-016-Contract-Management-AI,Contract Management Ai,operations,infra,planned,api | authentication | database | monitoring | security,api | authentication | database | monitoring | security,,100,L2 Service / L6 Software
OPS-017-Compliance-Monitoring-AI,Compliance Monitoring Ai,operations,infra,planned,api | authentication | database | monitoring | security,api | authentication | database | monitoring | security,,100,L2 Service / L6 Software
OPS-018-Quality-Control-AI,Quality Control Ai,operations,infra,planned,api | authentication | database | monitoring | security,api | authentication | database | monitoring | security,,100,L2 Service / L6 Software
OPS-019-Asset-Management-AI,Asset Management Ai,operations,infra,planned,api | authentication | database | monitoring | security,api | authentication | database | monitoring | security,,100,L2 Service / L6 Software
OPS-020-Time-Tracking-AI,Time Tracking Ai,operations,infra,planned,api | authentication | database | monitoring | security,api | authentication | database | monitoring | security,,100,L2 Service / L6 Software
OPS-021-Document-Security-AI,Document Security Ai,operations,infra,planned,api | authentication | database | monitoring | security,api | authentication | database | monitoring | security,,100,L2 Service / L6 Software
OPS-022-Knowledge-Management-AI,Knowledge Management Ai,operations,infra,planned,api | authentication | database | monitoring | security,api | authentication | database | monitoring | security,,100,L2 Service / L6 Software
OPS-023-Meeting-Transcription-AI,Meeting Transcription Ai,operations,infra,planned,api | authentication | database | monitoring | security,api | authentication | database | monitoring | security,,100,L2 Service / L6 Software
OPS-024-Task-Automation-AI,Task Automation Ai,operations,infra,planned,api | authentication | database | monitoring | security,api | authentication | database | monitoring | security,,100,L2 Service / L6 Software
OPS-025-Resource-Allocation-AI,Resource Allocation Ai,operations,infra,planned,api | authentication | database | monitoring | security,api | authentication | database | monitoring | security,,100,L2 Service / L6 Software
OPS-026-Budget-Planning-AI,Budget Planning Ai,operations,infra,planned,api | authentication | database | monitoring | security,api | authentication | database | monitoring | security,,100,L2 Service / L6 Software
OPS-027-Cost-Optimization-AI,Cost Optimization Ai,operations,infra,planned,api | authentication | database | monitoring | security,api | authentication | database | monitoring | security,,100,L2 Service / L6 Software
OPS-028-Procurement-AI,Procurement Ai,operations,infra,planned,api | authentication | database | monitoring | security,api | authentication | database | monitoring | security,,100,L2 Service / L6 Software
OPS-029-Vendor-Management-AI,Vendor Management Ai,operations,infra,planned,api | authentication | database | monitoring | security,api | authentication | database | monitoring | security,,100,L2 Service / L6 Software
OPS-030-Contract-Negotiation-AI,Contract Negotiation Ai,operations,infra,planned,api | authentication | database | monitoring | security,api | authentication | database | monitoring | security,,100,L2 Service / L6 Software
OPS-031-Legal-Document-AI,Legal Document Ai,operations,infra,planned,api | authentication | database | monitoring | security,api | authentication | database | monitoring | security,,100,L2 Service / L6 Software
OPS-032-Compliance-Reporting-AI,Compliance Reporting Ai,operations,infra,planned,api | authentication | database | monitoring | security,api | authentication | database | monitoring | security,,100,L2 Service / L6 Software
OPS-033-Training-Content-AI,Training Content Ai,operations,infra,planned,api | authentication | database | monitoring | security,api | authentication | database | monitoring | security,,100,L2 Service / L6 Software
OPS-034-Employee-Engagement-AI,Employee Engagement Ai,operations,infra,planned,api | authentication | database | monitoring | security,api | authentication | database | monitoring | security,,100,L2 Service / L6 Software
OPS-035-Succession-Planning-AI,Succession Planning Ai,operations,infra,planned,api | authentication | database | monitoring | security,api | authentication | database | monitoring | security,,100,L2 Service / L6 Software
OPS-036-Workspace-Design-AI,Workspace Design Ai,operations,infra,planned,api | authentication | database | monitoring | security,api | authentication | database | monitoring | security,,100,L2 Service / L6 Software
OPS-037-Energy-Efficiency-AI,Energy Efficiency Ai,operations,infra,planned,api | authentication | database | monitoring | security,api | authentication | database | monitoring | security,,100,L2 Service / L6 Software
OPS-038-Security-Monitoring-AI,Security Monitoring Ai,operations,infra,planned,api | authentication | database | monitoring | security,api | authentication | database | monitoring | security,,100,L2 Service / L6 Software
OPS-039-Health-Safety-AI,Health Safety Ai,operations,infra,planned,api | authentication | database | monitoring | security,api | authentication | database | monitoring | security,,100,L2 Service / L6 Software
OPS-040-Disaster-Recovery-AI,Disaster Recovery Ai,operations,infra,planned,api | authentication | database | monitoring | security,api | authentication | database | monitoring | security,,100,L2 Service / L6 Software
OPS-041-IT-Asset-Management,It Asset Management,operations,infra,planned,api | authentication | database | monitoring | security,api | authentication | database | monitoring | security,,100,L2 Service / L6 Software
OPS-042-Cloud-Cost-Management,Cloud Cost Management,operations,infra,planned,api | authentication | database | monitoring | security,api | authentication | database | monitoring | security,,100,L2 Service / L6 Software
OPS-043-Data-Governance-AI,Data Governance Ai,operations,infra,planned,api | authentication | database | monitoring | security,api | authentication | database | monitoring | security,,100,L2 Service / L6 Software
OPS-044-Network-Monitoring-AI,Network Monitoring Ai,operations,infra,planned,api | authentication | database | monitoring | security,api | authentication | database | monitoring | security,,100,L2 Service / L6 Software
OPS-045-Software-Licensing-AI,Software Licensing Ai,operations,infra,planned,api | authentication | database | monitoring | security,api | authentication | database | monitoring | security,,100,L2 Service / L6 Software
OPS-046-IT-Procurement-AI,It Procurement Ai,operations,infra,planned,api | authentication | database | monitoring | security,api | authentication | database | monitoring | security,,100,L2 Service / L6 Software
OPS-047-System-Integration-AI,System Integration Ai,operations,infra,planned,api | authentication | database | monitoring | security,api | authentication | database | monitoring | security,,100,L2 Service / L6 Software
OPS-048-Data-Backup-AI,Data Backup Ai,operations,infra,planned,api | authentication | database | monitoring | security,api | authentication | database | monitoring | security,,100,L2 Service / L6 Software
OPS-049-Business-Continuity-AI,Business Continuity Ai,operations,infra,planned,api | authentication | database | monitoring | security,api | authentication | database | monitoring | security,,100,L2 Service / L6 Software
OPS-050-Compliance-Audit-AI,Compliance Audit Ai,operations,infra,planned,api | authentication | database | monitoring | security,api | authentication | database | monitoring | security,,100,L2 Service / L6 Software
OPS-051-Document-Collaboration-AI,Document Collaboration Ai,operations,infra,planned,api | authentication | database | monitoring | security,api | authentication | database | monitoring | security,,100,L2 Service / L6 Software
OPS-052-Video-Conferencing-AI,Video Conferencing Ai,operations,infra,planned,api | authentication | database | monitoring | security,api | authentication | database | monitoring | security,,100,L2 Service / L6 Software
OPS-053-Email-Management-AI,Email Management Ai,operations,infra,planned,api | authentication | database | monitoring | security,api | authentication | database | monitoring | security,,100,L2 Service / L6 Software
OPS-054-Calendar-Optimization-AI,Calendar Optimization Ai,operations,infra,planned,api | authentication | database | monitoring | security,api | authentication | database | monitoring | security,,100,L2 Service / L6 Software
OPS-055-Project-Budget-AI,Project Budget Ai,operations,infra,planned,api | authentication | database | monitoring | security,api | authentication | database | monitoring | security,,100,L2 Service / L6 Software
OPS-056-Resource-Forecasting-AI,Resource Forecasting Ai,operations,infra,planned,api | authentication | database | monitoring | security,api | authentication | database | monitoring | security,,100,L2 Service / L6 Software
OPS-057-Task-Prioritization-AI,Task Prioritization Ai,operations,infra,planned,api | authentication | database | monitoring | security,api | authentication | database | monitoring | security,,100,L2 Service / L6 Software
OPS-058-Time-Management-AI,Time Management Ai,operations,infra,planned,api | authentication | database | monitoring | security,api | authentication | database | monitoring | security,,100,L2 Service / L6 Software
OPS-059-Meeting-Minutes-AI,Meeting Minutes Ai,operations,infra,planned,api | authentication | database | monitoring | security,api | authentication | database | monitoring | security,,100,L2 Service / L6 Software
OPS-060-Document-Translation-AI,Document Translation Ai,operations,infra,planned,api | authentication | database | monitoring | security,api | authentication | database | monitoring | security,,100,L2 Service / L6 Software
OPS-061-Form-Automation-AI,Form Automation Ai,operations,infra,planned,api | authentication | database | monitoring | security,api | authentication | database | monitoring | security,,100,L2 Service / L6 Software
OPS-062-Report-Generation-AI,Report Generation Ai,operations,infra,planned,api | authentication | database | monitoring | security,api | authentication | database | monitoring | security,,100,L2 Service / L6 Software
OPS-063-Dashboard-Creation-AI,Dashboard Creation Ai,operations,infra,planned,api | authentication | database | monitoring | security,api | authentication | database | monitoring | security,,100,L2 Service / L6 Software
OPS-064-Analytics-Platform-AI,Analytics Platform Ai,operations,infra,planned,api | authentication | database | monitoring | security,api | authentication | database | monitoring | security,,100,L2 Service / L6 Software
OPS-065-Data-Cleaning-AI,Data Cleaning Ai,operations,infra,planned,api | authentication | database | monitoring | security,api | authentication | database | monitoring | security,,100,L2 Service / L6 Software
OPS-066-Workflow-Management-AI,Workflow Management Ai,operations,infra,planned,api | authentication | database | monitoring | security,api | authentication | database | monitoring | security,,100,L2 Service / L6 Software
EDU-001-Youth-Entrepreneurship-Curriculum,Youth Entrepreneurship Curriculum,education,edtech,planned,api | authentication | dashboard | database | workspace,api | authentication | dashboard | database,workspace,80,L6 Software
EDU-002-AI-Literacy-Program,Ai Literacy Program,education,edtech,planned,api | authentication | dashboard | database | workspace,api | authentication | dashboard | database,workspace,80,L6 Software
EDU-003-Coding-Mentor-Certification,Coding Mentor Certification,education,edtech,planned,api | authentication | dashboard | database | workspace,api | authentication | dashboard | database,workspace,80,L6 Software
EDU-004-Real-Estate-Licensing-Prep,Real Estate Licensing Prep,education,edtech,planned,api | authentication | dashboard | database | workspace,api | authentication | dashboard | database,workspace,80,L6 Software
EDU-005-Coding-Bootcamp,Coding Bootcamp,education,edtech,planned,api | authentication | dashboard | database | workspace,api | authentication | dashboard | database,workspace,80,L6 Software
EDU-006-Homeschooling-Content-AI,Homeschooling Content Ai,education,edtech,planned,api | authentication | dashboard | database | workspace,api | authentication | dashboard | database,workspace,80,L6 Software
EDU-007-AI-Tutoring-Platform,Ai Tutoring Platform,education,edtech,planned,api | authentication | dashboard | database | workspace,api | authentication | dashboard | database,workspace,80,L6 Software
EDU-008-Branding-Templates-Marketplace,Branding Templates Marketplace,education,edtech,planned,api | authentication | dashboard | database | workspace,api | authentication | dashboard | database,workspace,80,L6 Software
EDU-009-Voiceover-Script-Library,Voiceover Script Library,education,edtech,planned,api | authentication | dashboard | database | workspace,api | authentication | dashboard | database,workspace,80,L6 Software
EDU-010-Trade-Skills-Bootcamp,Trade Skills Bootcamp,education,edtech,planned,api | authentication | dashboard | database | workspace,api | authentication | dashboard | database,workspace,80,L6 Software
EDU-011-Franchise-Blueprint-System,Franchise Blueprint System,education,edtech,planned,api | authentication | dashboard | database | workspace,api | authentication | dashboard | database,workspace,80,L6 Software
EDU-012-Low-Income-Housing-Blueprint,Low Income Housing Blueprint,education,edtech,planned,api | authentication | dashboard | database | workspace,api | authentication | dashboard | database,workspace,80,L6 Software
EDU-013-Automated-Empire-Book,Automated Empire Book,education,edtech,planned,api | authentication | dashboard | database | workspace,api | authentication | dashboard | database,workspace,80,L6 Software
EDU-014-BIPOC-Creator-Incubator,Bipoc Creator Incubator,education,edtech,planned,api | authentication | dashboard | database | workspace,api | authentication | dashboard | database,workspace,80,L6 Software
EDU-015-AI-Legal-Doc-Generator,Ai Legal Doc Generator,education,edtech,planned,api | authentication | dashboard | database | workspace,api | authentication | dashboard | database,workspace,80,L6 Software
EDU-016-Virtual-Black-Art-Museum,Virtual Black Art Museum,education,edtech,planned,api | authentication | dashboard | database | workspace,api | authentication | dashboard | database,workspace,80,L6 Software
EDU-017-AI-Coding-Tutor,Ai Coding Tutor,education,edtech,growth,api | authentication | dashboard | database | workspace,api | authentication | dashboard | database,workspace,80,L6 Software
EDU-018-Online-Course-Creator,Online Course Creator,education,edtech,planned,api | authentication | dashboard | database | workspace,api | authentication | dashboard | database,workspace,80,L6 Software
EDU-019-Executive-Education-Program,Executive Education Program,education,edtech,planned,api | authentication | dashboard | database | workspace,api | authentication | dashboard | database,workspace,80,L6 Software
EDU-020-Youth-STEM-Program,Youth Stem Program,education,edtech,planned,api | authentication | dashboard | database | workspace,api | authentication | dashboard | database,workspace,80,L6 Software
EDU-021-Remote-Work-Certification,Remote Work Certification,education,edtech,planned,api | authentication | dashboard | database | workspace,api | authentication | dashboard | database,workspace,80,L6 Software
EDU-022-AI-Research-Assistant,Ai Research Assistant,education,edtech,planned,api | authentication | dashboard | database | workspace,api | authentication | dashboard | database,workspace,80,L6 Software
EDU-023-Personal-Finance-Coach,Personal Finance Coach,education,edtech,planned,api | authentication | dashboard | database | workspace,api | authentication | dashboard | database,workspace,80,L6 Software
EDU-024-Language-Learning-AI,Language Learning Ai,education,edtech,planned,api | authentication | dashboard | database | workspace,api | authentication | dashboard | database,workspace,80,L6 Software
EDU-025-Test-Preparation-AI,Test Preparation Ai,education,edtech,planned,api | authentication | dashboard | database | workspace,api | authentication | dashboard | database,workspace,80,L6 Software
EDU-026-Corporate-Training-AI,Corporate Training Ai,education,edtech,planned,api | authentication | dashboard | database | workspace,api | authentication | dashboard | database,workspace,80,L6 Software
EDU-027-Medical-Education-AI,Medical Education Ai,education,edtech,planned,api | authentication | dashboard | database | workspace,api | authentication | dashboard | database,workspace,80,L6 Software
EDU-028-Legal-Education-AI,Legal Education Ai,education,edtech,planned,api | authentication | dashboard | database | workspace,api | authentication | dashboard | database,workspace,80,L6 Software
EDU-029-Music-Education-AI,Music Education Ai,education,edtech,planned,api | authentication | dashboard | database | workspace,api | authentication | dashboard | database,workspace,80,L6 Software
EDU-030-Art-Education-AI,Art Education Ai,education,edtech,planned,api | authentication | dashboard | database | workspace,api | authentication | dashboard | database,workspace,80,L6 Software
EDU-031-Physical-Education-AI,Physical Education Ai,education,edtech,planned,api | authentication | dashboard | database | workspace,api | authentication | dashboard | database,workspace,80,L6 Software
EDU-032-Environmental-Education-AI,Environmental Education Ai,education,edtech,planned,api | authentication | dashboard | database | workspace,api | authentication | dashboard | database,workspace,80,L6 Software
EDU-033-Social-Studies-AI,Social Studies Ai,education,edtech,planned,api | authentication | dashboard | database | workspace,api | authentication | dashboard | database,workspace,80,L6 Software
EDU-034-Math-Education-AI,Math Education Ai,education,edtech,planned,api | authentication | dashboard | database | workspace,api | authentication | dashboard | database,workspace,80,L6 Software
EDU-035-Science-Education-AI,Science Education Ai,education,edtech,planned,api | authentication | dashboard | database | workspace,api | authentication | dashboard | database,workspace,80,L6 Software
EDU-036-Reading-Comprehension-AI,Reading Comprehension Ai,education,edtech,planned,api | authentication | dashboard | database | workspace,api | authentication | dashboard | database,workspace,80,L6 Software
EDU-037-Writing-Instruction-AI,Writing Instruction Ai,education,edtech,planned,api | authentication | dashboard | database | workspace,api | authentication | dashboard | database,workspace,80,L6 Software
EDU-038-Critical-Thinking-AI,Critical Thinking Ai,education,edtech,planned,api | authentication | dashboard | database | workspace,api | authentication | dashboard | database,workspace,80,L6 Software
EDU-039-Emotional-Intelligence-AI,Emotional Intelligence Ai,education,edtech,planned,api | authentication | dashboard | database | workspace,api | authentication | dashboard | database,workspace,80,L6 Software
EDU-040-Time-Management-AI,Time Management Ai,education,edtech,planned,api | authentication | dashboard | database | workspace,api | authentication | dashboard | database,workspace,80,L6 Software
COMM-001-Luminary-Worldwide-Events,Luminary Worldwide Events,community,market,planned,api | authentication | dashboard | database | portfolio,api | authentication | dashboard | database,portfolio,80,L2 Service / L7 Data
COMM-002-Brotherhood-Coaching-Network,Brotherhood Coaching Network,community,market,planned,api | authentication | dashboard | database | portfolio,api | authentication | dashboard | database,portfolio,80,L2 Service / L7 Data
COMM-003-Ace-Senior-Care-Connect,Ace Senior Care Connect,community,market,planned,api | authentication | dashboard | database | portfolio,api | authentication | dashboard | database,portfolio,80,L2 Service / L7 Data
COMM-004-Community-Outreach-Nonprofit,Community Outreach Nonprofit,community,market,planned,api | authentication | dashboard | database | portfolio,api | authentication | dashboard | database,portfolio,80,L2 Service / L7 Data
COMM-005-Ace-Food-Security-AI,Ace Food Security Ai,community,market,planned,api | authentication | dashboard | database | portfolio,api | authentication | dashboard | database,portfolio,80,L2 Service / L7 Data
COMM-006-Community-Technology-Access-AI,Community Technology Access Ai,community,market,planned,api | authentication | dashboard | database | portfolio,api | authentication | dashboard | database,portfolio,80,L2 Service / L7 Data
COMM-007-Youth-Leadership-AI,Youth Leadership Ai,community,market,planned,api | authentication | dashboard | database | portfolio,api | authentication | dashboard | database,portfolio,80,L2 Service / L7 Data
COMM-008-Community-Fundraising-AI,Community Fundraising Ai,community,market,planned,api | authentication | dashboard | database | portfolio,api | authentication | dashboard | database,portfolio,80,L2 Service / L7 Data
COMM-009-Volunteer-Hub-AI,Volunteer Hub Ai,community,market,planned,api | authentication | dashboard | database | portfolio,api | authentication | dashboard | database,portfolio,80,L2 Service / L7 Data
COMM-010-Disaster-Relief-AI,Disaster Relief Ai,community,market,planned,api | authentication | dashboard | database | portfolio,api | authentication | dashboard | database,portfolio,80,L2 Service / L7 Data
COMM-011-Indigenous-Creator-Hub,Indigenous Creator Hub,community,market,planned,api | authentication | dashboard | database | portfolio,api | authentication | dashboard | database,portfolio,80,L2 Service / L7 Data
COMM-012-Black-Art-Museum-AI,Black Art Museum Ai,community,market,planned,api | authentication | dashboard | database | portfolio,api | authentication | dashboard | database,portfolio,80,L2 Service / L7 Data
COMM-013-Women-s-Empowerment-Network,Women S Empowerment Network,community,market,planned,api | authentication | dashboard | database | portfolio,api | authentication | dashboard | database,portfolio,80,L2 Service / L7 Data
COMM-014-Veterans-Support-AI,Veterans Support Ai,community,market,planned,api | authentication | dashboard | database | portfolio,api | authentication | dashboard | database,portfolio,80,L2 Service / L7 Data
COMM-015-Youth-Mentorship-Program,Youth Mentorship Program,community,market,planned,api | authentication | dashboard | database | portfolio,api | authentication | dashboard | database,portfolio,80,L2 Service / L7 Data
COMM-016-Community-Health-AI,Community Health Ai,community,market,planned,api | authentication | dashboard | database | portfolio,api | authentication | dashboard | database,portfolio,80,L2 Service / L7 Data
COMM-017-Local-Business-Directory,Local Business Directory,community,market,planned,api | authentication | dashboard | database | portfolio,api | authentication | dashboard | database,portfolio,80,L2 Service / L7 Data
COMM-018-Neighborhood-Watch-AI,Neighborhood Watch Ai,community,market,planned,api | authentication | dashboard | database | portfolio,api | authentication | dashboard | database,portfolio,80,L2 Service / L7 Data
COMM-019-Community-Garden-AI,Community Garden Ai,community,market,planned,api | authentication | dashboard | database | portfolio,api | authentication | dashboard | database,portfolio,80,L2 Service / L7 Data
COMM-020-Public-Transportation-AI,Public Transportation Ai,community,market,planned,api | authentication | dashboard | database | portfolio,api | authentication | dashboard | database,portfolio,80,L2 Service / L7 Data
COMM-021-Housing-Assistance-AI,Housing Assistance Ai,community,market,planned,api | authentication | dashboard | database | portfolio,api | authentication | dashboard | database,portfolio,80,L2 Service / L7 Data
COMM-022-Job-Training-Center,Job Training Center,community,market,planned,api | authentication | dashboard | database | portfolio,api | authentication | dashboard | database,portfolio,80,L2 Service / L7 Data
COMM-023-Elder-Companion-AI,Elder Companion Ai,community,market,planned,api | authentication | dashboard | database | portfolio,api | authentication | dashboard | database,portfolio,80,L2 Service / L7 Data
COMM-024-Youth-Sports-AI,Youth Sports Ai,community,market,planned,api | authentication | dashboard | database | portfolio,api | authentication | dashboard | database,portfolio,80,L2 Service / L7 Data
COMM-025-Community-Legal-Aid,Community Legal Aid,community,market,planned,api | authentication | dashboard | database | portfolio,api | authentication | dashboard | database,portfolio,80,L2 Service / L7 Data
COMM-026-Public-Education-AI,Public Education Ai,community,market,planned,api | authentication | dashboard | database | portfolio,api | authentication | dashboard | database,portfolio,80,L2 Service / L7 Data
COMM-027-Local-Government-AI,Local Government Ai,community,market,planned,api | authentication | dashboard | database | portfolio,api | authentication | dashboard | database,portfolio,80,L2 Service / L7 Data
COMM-028-Public-Safety-AI,Public Safety Ai,community,market,planned,api | authentication | dashboard | database | portfolio,api | authentication | dashboard | database,portfolio,80,L2 Service / L7 Data
COMM-029-Community-Wellness-AI,Community Wellness Ai,community,market,planned,api | authentication | dashboard | database | portfolio,api | authentication | dashboard | database,portfolio,80,L2 Service / L7 Data
COMM-030-Cultural-Exchange-AI,Cultural Exchange Ai,community,market,planned,api | authentication | dashboard | database | portfolio,api | authentication | dashboard | database,portfolio,80,L2 Service / L7 Data
COMM-031-Community-Investment-AI,Community Investment Ai,community,market,planned,api | authentication | dashboard | database | portfolio,api | authentication | dashboard | database,portfolio,80,L2 Service / L7 Data
COMM-032-Public-Health-AI,Public Health Ai,community,market,planned,api | authentication | dashboard | database | portfolio,api | authentication | dashboard | database,portfolio,80,L2 Service / L7 Data
COMM-033-Youth-Innovation-Hub,Youth Innovation Hub,community,market,planned,api | authentication | dashboard | database | portfolio,api | authentication | dashboard | database,portfolio,80,L2 Service / L7 Data
COMM-034-Senior-Tech-Support,Senior Tech Support,community,market,planned,api | authentication | dashboard | database | portfolio,api | authentication | dashboard | database,portfolio,80,L2 Service / L7 Data
COMM-035-Community-Arts-AI,Community Arts Ai,community,market,planned,api | authentication | dashboard | database | portfolio,api | authentication | dashboard | database,portfolio,80,L2 Service / L7 Data
COMM-036-Public-Infrastructure-AI,Public Infrastructure Ai,community,market,planned,api | authentication | dashboard | database | portfolio,api | authentication | dashboard | database,portfolio,80,L2 Service / L7 Data
COMM-037-Neighborhood-Development-AI,Neighborhood Development Ai,community,market,planned,api | authentication | dashboard | database | portfolio,api | authentication | dashboard | database,portfolio,80,L2 Service / L7 Data
COMM-038-Community-Policing-AI,Community Policing Ai,community,market,planned,api | authentication | dashboard | database | portfolio,api | authentication | dashboard | database,portfolio,80,L2 Service / L7 Data
COMM-039-Public-Space-AI,Public Space Ai,community,market,planned,api | authentication | dashboard | database | portfolio,api | authentication | dashboard | database,portfolio,80,L2 Service / L7 Data
COMM-040-Community-Recycling-AI,Community Recycling Ai,community,market,planned,api | authentication | dashboard | database | portfolio,api | authentication | dashboard | database,portfolio,80,L2 Service / L7 Data
COMM-041-Public-Wi-Fi-AI,Public Wi Fi Ai,community,market,planned,api | authentication | dashboard | database | portfolio,api | authentication | dashboard | database,portfolio,80,L2 Service / L7 Data
COMM-042-Community-Energy-AI,Community Energy Ai,community,market,planned,api | authentication | dashboard | database | portfolio,api | authentication | dashboard | database,portfolio,80,L2 Service / L7 Data
COMM-043-Local-Food-Network-AI,Local Food Network Ai,community,market,planned,api | authentication | dashboard | database | portfolio,api | authentication | dashboard | database,portfolio,80,L2 Service / L7 Data
COMM-044-Community-Volunteering-AI,Community Volunteering Ai,community,market,planned,api | authentication | dashboard | database | portfolio,api | authentication | dashboard | database,portfolio,80,L2 Service / L7 Data
COMM-045-Public-Childcare-AI,Public Childcare Ai,community,market,planned,api | authentication | dashboard | database | portfolio,api | authentication | dashboard | database,portfolio,80,L2 Service / L7 Data
COMM-046-Community-Pet-Care-AI,Community Pet Care Ai,community,market,planned,api | authentication | dashboard | database | portfolio,api | authentication | dashboard | database,portfolio,80,L2 Service / L7 Data
COMM-047-Public-Fitness-AI,Public Fitness Ai,community,market,planned,api | authentication | dashboard | database | portfolio,api | authentication | dashboard | database,portfolio,80,L2 Service / L7 Data
COMM-048-Community-Transportation-AI,Community Transportation Ai,community,market,planned,api | authentication | dashboard | database | portfolio,api | authentication | dashboard | database,portfolio,80,L2 Service / L7 Data
COMM-049-Public-Event-AI,Public Event Ai,community,market,planned,api | authentication | dashboard | database | portfolio,api | authentication | dashboard | database,portfolio,80,L2 Service / L7 Data
COMM-050-Community-Cultural-AI,Community Cultural Ai,community,market,planned,api | authentication | dashboard | database | portfolio,api | authentication | dashboard | database,portfolio,80,L2 Service / L7 Data
EM-001-Space-Habitat-AI,Space Habitat Ai,emerging,ai,planned,api | database | knowledge-graph | monitoring,api | database | knowledge-graph | monitoring,,100,L6 Software / L7 Data
EM-002-Fusion-Energy-AI,Fusion Energy Ai,emerging,ai,planned,api | database | knowledge-graph | monitoring,api | database | knowledge-graph | monitoring,,100,L6 Software / L7 Data
EM-003-Teleportation-Research-AI,Teleportation Research Ai,emerging,ai,planned,api | database | knowledge-graph | monitoring,api | database | knowledge-graph | monitoring,,100,L6 Software / L7 Data
EM-004-Climate-Solutions-AI,Climate Solutions Ai,emerging,ai,planned,api | database | knowledge-graph | monitoring,api | database | knowledge-graph | monitoring,,100,L6 Software / L7 Data
EM-005-Holographic-Events-AI,Holographic Events Ai,emerging,ai,planned,api | database | knowledge-graph | monitoring,api | database | knowledge-graph | monitoring,,100,L6 Software / L7 Data
EM-006-Neurofeedback-AI,Neurofeedback Ai,emerging,ai,planned,api | database | knowledge-graph | monitoring,api | database | knowledge-graph | monitoring,,100,L6 Software / L7 Data
EM-007-Autonomous-Delivery-AI,Autonomous Delivery Ai,emerging,ai,planned,api | database | knowledge-graph | monitoring,api | database | knowledge-graph | monitoring,,100,L6 Software / L7 Data
EM-008-Gene-Editing-AI,Gene Editing Ai,emerging,ai,planned,api | database | knowledge-graph | monitoring,api | database | knowledge-graph | monitoring,,100,L6 Software / L7 Data
EM-009-Space-Tourism-AI,Space Tourism Ai,emerging,ai,planned,api | database | knowledge-graph | monitoring,api | database | knowledge-graph | monitoring,,100,L6 Software / L7 Data
EM-010-Wearables-AI,Wearables Ai,emerging,ai,planned,api | database | knowledge-graph | monitoring,api | database | knowledge-graph | monitoring,,100,L6 Software / L7 Data
EM-011-Metaverse-Hub-AI,Metaverse Hub Ai,emerging,ai,planned,api | database | knowledge-graph | monitoring,api | database | knowledge-graph | monitoring,,100,L6 Software / L7 Data
EM-012-Energy-Grid-AI,Energy Grid Ai,emerging,ai,planned,api | database | knowledge-graph | monitoring,api | database | knowledge-graph | monitoring,,100,L6 Software / L7 Data
EM-013-Brain-Computer-Interface,Brain Computer Interface,emerging,ai,planned,api | database | knowledge-graph | monitoring,api | database | knowledge-graph | monitoring,,100,L6 Software / L7 Data
EM-014-Ocean-Cleanup-AI,Ocean Cleanup Ai,emerging,ai,planned,api | database | knowledge-graph | monitoring,api | database | knowledge-graph | monitoring,,100,L6 Software / L7 Data
EM-015-Crypto-Trading-AI,Crypto Trading Ai,emerging,ai,planned,api | database | knowledge-graph | monitoring,api | database | knowledge-graph | monitoring,,100,L6 Software / L7 Data
EM-016-Synthetic-Media-AI,Synthetic Media Ai,emerging,ai,planned,api | database | knowledge-graph | monitoring,api | database | knowledge-graph | monitoring,,100,L6 Software / L7 Data
EM-017-Space-Mining-AI,Space Mining Ai,emerging,ai,planned,api | database | knowledge-graph | monitoring,api | database | knowledge-graph | monitoring,,100,L6 Software / L7 Data
EM-018-VR-Therapy-AI,Vr Therapy Ai,emerging,ai,planned,api | database | knowledge-graph | monitoring,api | database | knowledge-graph | monitoring,,100,L6 Software / L7 Data
EM-019-Weather-Prediction-AI,Weather Prediction Ai,emerging,ai,planned,api | database | knowledge-graph | monitoring,api | database | knowledge-graph | monitoring,,100,L6 Software / L7 Data
EM-020-Autonomous-Farming-AI,Autonomous Farming Ai,emerging,ai,planned,api | database | knowledge-graph | monitoring,api | database | knowledge-graph | monitoring,,100,L6 Software / L7 Data
EM-021-Traffic-Optimizer-AI,Traffic Optimizer Ai,emerging,ai,planned,api | database | knowledge-graph | monitoring,api | database | knowledge-graph | monitoring,,100,L6 Software / L7 Data
EM-022-Smart-Grid-AI,Smart Grid Ai,emerging,ai,planned,api | database | knowledge-graph | monitoring,api | database | knowledge-graph | monitoring,,100,L6 Software / L7 Data
EM-023-Disaster-Prediction-AI,Disaster Prediction Ai,emerging,ai,planned,api | database | knowledge-graph | monitoring,api | database | knowledge-graph | monitoring,,100,L6 Software / L7 Data
EM-024-Nanotech-AI,Nanotech Ai,emerging,ai,planned,api | database | knowledge-graph | monitoring,api | database | knowledge-graph | monitoring,,100,L6 Software / L7 Data
EM-025-Personalized-Medicine-AI,Personalized Medicine Ai,emerging,ai,planned,api | database | knowledge-graph | monitoring,api | database | knowledge-graph | monitoring,,100,L6 Software / L7 Data
EM-026-AI-Diagnostic-Lab,Ai Diagnostic Lab,emerging,ai,planned,api | database | knowledge-graph | monitoring,api | database | knowledge-graph | monitoring,,100,L6 Software / L7 Data
EM-027-Sustainable-Cities-AI,Sustainable Cities Ai,emerging,ai,planned,api | database | knowledge-graph | monitoring,api | database | knowledge-graph | monitoring,,100,L6 Software / L7 Data
EM-028-Renewable-Energy-AI,Renewable Energy Ai,emerging,ai,planned,api | database | knowledge-graph | monitoring,api | database | knowledge-graph | monitoring,,100,L6 Software / L7 Data
EM-029-Climate-Modeling-AI,Climate Modeling Ai,emerging,ai,planned,api | database | knowledge-graph | monitoring,api | database | knowledge-graph | monitoring,,100,L6 Software / L7 Data
EM-030-Policy-Advisor-AI,Policy Advisor Ai,emerging,ai,planned,api | database | knowledge-graph | monitoring,api | database | knowledge-graph | monitoring,,100,L6 Software / L7 Data
EM-031-Governance-Hub-AI,Governance Hub Ai,emerging,ai,planned,api | database | knowledge-graph | monitoring,api | database | knowledge-graph | monitoring,,100,L6 Software / L7 Data
EM-032-Global-Challenges-AI,Global Challenges Ai,emerging,ai,planned,api | database | knowledge-graph | monitoring,api | database | knowledge-graph | monitoring,,100,L6 Software / L7 Data
EM-033-Space-Exploration-AI,Space Exploration Ai,emerging,ai,planned,api | database | knowledge-graph | monitoring,api | database | knowledge-graph | monitoring,,100,L6 Software / L7 Data
EM-034-Education-Equity-AI,Education Equity Ai,emerging,ai,planned,api | database | knowledge-graph | monitoring,api | database | knowledge-graph | monitoring,,100,L6 Software / L7 Data
EM-035-Health-Equity-AI,Health Equity Ai,emerging,ai,planned,api | database | knowledge-graph | monitoring,api | database | knowledge-graph | monitoring,,100,L6 Software / L7 Data
EM-036-Economic-Equity-AI,Economic Equity Ai,emerging,ai,planned,api | database | knowledge-graph | monitoring,api | database | knowledge-graph | monitoring,,100,L6 Software / L7 Data
EM-037-Environmental-Justice-AI,Environmental Justice Ai,emerging,ai,planned,api | database | knowledge-graph | monitoring,api | database | knowledge-graph | monitoring,,100,L6 Software / L7 Data
EM-038-Human-Rights-AI,Human Rights Ai,emerging,ai,planned,api | database | knowledge-graph | monitoring,api | database | knowledge-graph | monitoring,,100,L6 Software / L7 Data
EM-039-Peacebuilding-AI,Peacebuilding Ai,emerging,ai,planned,api | database | knowledge-graph | monitoring,api | database | knowledge-graph | monitoring,,100,L6 Software / L7 Data
EM-040-Telemedicine-AI,Telemedicine Ai,emerging,ai,planned,api | database | knowledge-graph | monitoring,api | database | knowledge-graph | monitoring,,100,L6 Software / L7 Data
EM-041-AI-Climate-Adaptation,Ai Climate Adaptation,emerging,ai,planned,api | database | knowledge-graph | monitoring,api | database | knowledge-graph | monitoring,,100,L6 Software / L7 Data
EM-042-Space-Agriculture-AI,Space Agriculture Ai,emerging,ai,planned,api | database | knowledge-graph | monitoring,api | database | knowledge-graph | monitoring,,100,L6 Software / L7 Data
EM-043-Quantum-Communication-AI,Quantum Communication Ai,emerging,ai,planned,api | database | knowledge-graph | monitoring,api | database | knowledge-graph | monitoring,,100,L6 Software / L7 Data
EM-044-Robotics-Surgery-AI,Robotics Surgery Ai,emerging,ai,planned,api | database | knowledge-graph | monitoring,api | database | knowledge-graph | monitoring,,100,L6 Software / L7 Data
EM-045-AI-Disaster-Response,Ai Disaster Response,emerging,ai,planned,api | database | knowledge-graph | monitoring,api | database | knowledge-graph | monitoring,,100,L6 Software / L7 Data
EM-046-Smart-City-Governance,Smart City Governance,emerging,ai,planned,api | database | knowledge-graph | monitoring,api | database | knowledge-graph | monitoring,,100,L6 Software / L7 Data
EM-047-AI-Environmental-Monitoring,Ai Environmental Monitoring,emerging,ai,planned,api | database | knowledge-graph | monitoring,api | database | knowledge-graph | monitoring,,100,L6 Software / L7 Data
EM-048-Space-Manufacturing-AI,Space Manufacturing Ai,emerging,ai,planned,api | database | knowledge-graph | monitoring,api | database | knowledge-graph | monitoring,,100,L6 Software / L7 Data
EM-049-AI-Ocean-Exploration,Ai Ocean Exploration,emerging,ai,planned,api | database | knowledge-graph | monitoring,api | database | knowledge-graph | monitoring,,100,L6 Software / L7 Data
EM-050-AI-Archaeology,Ai Archaeology,emerging,ai,planned,api | database | knowledge-graph | monitoring,api | database | knowledge-graph | monitoring,,100,L6 Software / L7 Data
SPEC-001-AI-Auction-House,Ai Auction House,specialized,market,planned,api | authentication | dashboard | database | portfolio,api | authentication | dashboard | database,portfolio,80,L2 Service / L7 Data
SPEC-002-Smart-Marina-Management,Smart Marina Management,specialized,market,planned,api | authentication | dashboard | database | portfolio,api | authentication | dashboard | database,portfolio,80,L2 Service / L7 Data
SPEC-003-AI-Surf-Report,Ai Surf Report,specialized,market,planned,api | authentication | dashboard | database | portfolio,api | authentication | dashboard | database,portfolio,80,L2 Service / L7 Data
SPEC-004-Private-Chef-AI,Private Chef Ai,specialized,market,planned,api | authentication | dashboard | database | portfolio,api | authentication | dashboard | database,portfolio,80,L2 Service / L7 Data
SPEC-005-Virtual-Concierge-AI,Virtual Concierge Ai,specialized,market,planned,api | authentication | dashboard | database | portfolio,api | authentication | dashboard | database,portfolio,80,L2 Service / L7 Data
SPEC-006-Smart-Parking-AI,Smart Parking Ai,specialized,market,planned,api | authentication | dashboard | database | portfolio,api | authentication | dashboard | database,portfolio,80,L2 Service / L7 Data
SPEC-007-AI-Interior-Design,Ai Interior Design,specialized,market,planned,api | authentication | dashboard | database | portfolio,api | authentication | dashboard | database,portfolio,80,L2 Service / L7 Data
SPEC-008-Personal-Stylist-AI,Personal Stylist Ai,specialized,market,planned,api | authentication | dashboard | database | portfolio,api | authentication | dashboard | database,portfolio,80,L2 Service / L7 Data
SPEC-009-Smart-Locker-System,Smart Locker System,specialized,market,planned,api | authentication | dashboard | database | portfolio,api | authentication | dashboard | database,portfolio,80,L2 Service / L7 Data
SPEC-010-AI-Fitness-Coach,Ai Fitness Coach,specialized,market,planned,api | authentication | dashboard | database | portfolio,api | authentication | dashboard | database,portfolio,80,L2 Service / L7 Data
SPEC-011-Smart-Golf-Caddie,Smart Golf Caddie,specialized,market,planned,api | authentication | dashboard | database | portfolio,api | authentication | dashboard | database,portfolio,80,L2 Service / L7 Data
SPEC-012-AI-Nutritionist,Ai Nutritionist,specialized,market,planned,api | authentication | dashboard | database | portfolio,api | authentication | dashboard | database,portfolio,80,L2 Service / L7 Data
SPEC-013-Smart-Hotel-Butler,Smart Hotel Butler,specialized,market,planned,api | authentication | dashboard | database | portfolio,api | authentication | dashboard | database,portfolio,80,L2 Service / L7 Data
SPEC-014-AI-Language-Tutor,Ai Language Tutor,specialized,market,planned,api | authentication | dashboard | database | portfolio,api | authentication | dashboard | database,portfolio,80,L2 Service / L7 Data
SPEC-015-Smart-Transportation-AI,Smart Transportation Ai,specialized,market,planned,api | authentication | dashboard | database | portfolio,api | authentication | dashboard | database,portfolio,80,L2 Service / L7 Data
SPEC-016-AI-Travel-Planner,Ai Travel Planner,specialized,market,planned,api | authentication | dashboard | database | portfolio,api | authentication | dashboard | database,portfolio,80,L2 Service / L7 Data
SPEC-017-Smart-Agriculture-AI,Smart Agriculture Ai,specialized,market,planned,api | authentication | dashboard | database | portfolio,api | authentication | dashboard | database,portfolio,80,L2 Service / L7 Data
SPEC-018-AI-Personal-Shopper,Ai Personal Shopper,specialized,market,planned,api | authentication | dashboard | database | portfolio,api | authentication | dashboard | database,portfolio,80,L2 Service / L7 Data
SPEC-019-Smart-Home-Security,Smart Home Security,specialized,market,planned,api | authentication | dashboard | database | portfolio,api | authentication | dashboard | database,portfolio,80,L2 Service / L7 Data
SPEC-020-AI-Music-Producer,Ai Music Producer,specialized,market,planned,api | authentication | dashboard | database | portfolio,api | authentication | dashboard | database,portfolio,80,L2 Service / L7 Data
SPEC-021-Smart-Restaurant-AI,Smart Restaurant Ai,specialized,market,planned,api | authentication | dashboard | database | portfolio,api | authentication | dashboard | database,portfolio,80,L2 Service / L7 Data
SPEC-022-AI-Movie-Critic,Ai Movie Critic,specialized,market,planned,api | authentication | dashboard | database | portfolio,api | authentication | dashboard | database,portfolio,80,L2 Service / L7 Data
SPEC-023-Smart-Museum-Guide,Smart Museum Guide,specialized,market,planned,api | authentication | dashboard | database | portfolio,api | authentication | dashboard | database,portfolio,80,L2 Service / L7 Data
SPEC-024-AI-Sports-Analyst,Ai Sports Analyst,specialized,market,planned,api | authentication | dashboard | database | portfolio,api | authentication | dashboard | database,portfolio,80,L2 Service / L7 Data
SPEC-025-Smart-Library-AI,Smart Library Ai,specialized,market,planned,api | authentication | dashboard | database | portfolio,api | authentication | dashboard | database,portfolio,80,L2 Service / L7 Data
SPEC-026-AI-Art-Curator,Ai Art Curator,specialized,market,planned,api | authentication | dashboard | database | portfolio,api | authentication | dashboard | database,portfolio,80,L2 Service / L7 Data
SPEC-027-Smart-Fitness-AI,Smart Fitness Ai,specialized,market,planned,api | authentication | dashboard | database | portfolio,api | authentication | dashboard | database,portfolio,80,L2 Service / L7 Data
SPEC-028-AI-Poetry-Generator,Ai Poetry Generator,specialized,market,planned,api | authentication | dashboard | database | portfolio,api | authentication | dashboard | database,portfolio,80,L2 Service / L7 Data
SPEC-029-Smart-Dating-AI,Smart Dating Ai,specialized,market,planned,api | authentication | dashboard | database | portfolio,api | authentication | dashboard | database,portfolio,80,L2 Service / L7 Data
SPEC-030-AI-Journalism-Tool,Ai Journalism Tool,specialized,market,planned,api | authentication | dashboard | database | portfolio,api | authentication | dashboard | database,portfolio,80,L2 Service / L7 Data
SPEC-031-Smart-Legal-AI,Smart Legal Ai,specialized,market,planned,api | authentication | dashboard | database | portfolio,api | authentication | dashboard | database,portfolio,80,L2 Service / L7 Data
SPEC-032-AI-Game-Designer,Ai Game Designer,specialized,market,growth,api | authentication | dashboard | database | portfolio,api | authentication | dashboard | database,portfolio,80,L2 Service / L7 Data
SPEC-033-Smart-Real-Estate-AI,Smart Real Estate Ai,specialized,market,planned,api | authentication | dashboard | database | portfolio,api | authentication | dashboard | database,portfolio,80,L2 Service / L7 Data
SPEC-034-AI-Cooking-Assistant,Ai Cooking Assistant,specialized,market,planned,api | authentication | dashboard | database | portfolio,api | authentication | dashboard | database,portfolio,80,L2 Service / L7 Data
SPEC-035-Smart-Health-AI,Smart Health Ai,specialized,market,planned,api | authentication | dashboard | database | portfolio,api | authentication | dashboard | database,portfolio,80,L2 Service / L7 Data
SPEC-036-AI-Photography-Tool,Ai Photography Tool,specialized,market,planned,api | authentication | dashboard | database | portfolio,api | authentication | dashboard | database,portfolio,80,L2 Service / L7 Data
SPEC-037-Smart-Writing-AI,Smart Writing Ai,specialized,market,planned,api | authentication | dashboard | database | portfolio,api | authentication | dashboard | database,portfolio,80,L2 Service / L7 Data
SPEC-038-AI-Comedy-Writer,Ai Comedy Writer,specialized,market,planned,api | authentication | dashboard | database | portfolio,api | authentication | dashboard | database,portfolio,80,L2 Service / L7 Data
SPEC-039-Smart-Meditation-AI,Smart Meditation Ai,specialized,market,planned,api | authentication | dashboard | database | portfolio,api | authentication | dashboard | database,portfolio,80,L2 Service / L7 Data
SPEC-040-AI-Debate-Coach,Ai Debate Coach,specialized,market,planned,api | authentication | dashboard | database | portfolio,api | authentication | dashboard | database,portfolio,80,L2 Service / L7 Data
SPEC-041-Smart-Parenting-AI,Smart Parenting Ai,specialized,market,planned,api | authentication | dashboard | database | portfolio,api | authentication | dashboard | database,portfolio,80,L2 Service / L7 Data
SPEC-042-AI-Financial-Advisor,Ai Financial Advisor,specialized,market,planned,api | authentication | dashboard | database | portfolio,api | authentication | dashboard | database,portfolio,80,L2 Service / L7 Data
SPEC-043-Smart-Automotive-AI,Smart Automotive Ai,specialized,market,planned,api | authentication | dashboard | database | portfolio,api | authentication | dashboard | database,portfolio,80,L2 Service / L7 Data
SPEC-044-AI-Aviation-Planner,Ai Aviation Planner,specialized,market,planned,api | authentication | dashboard | database | portfolio,api | authentication | dashboard | database,portfolio,80,L2 Service / L7 Data
SPEC-045-Smart-Maritime-AI,Smart Maritime Ai,specialized,market,planned,api | authentication | dashboard | database | portfolio,api | authentication | dashboard | database,portfolio,80,L2 Service / L7 Data
SPEC-046-AI-Weather-Forecast,Ai Weather Forecast,specialized,market,planned,api | authentication | dashboard | database | portfolio,api | authentication | dashboard | database,portfolio,80,L2 Service / L7 Data
SPEC-047-Smart-Energy-AI,Smart Energy Ai,specialized,market,planned,api | authentication | dashboard | database | portfolio,api | authentication | dashboard | database,portfolio,80,L2 Service / L7 Data
SPEC-048-AI-Sports-Coach,Ai Sports Coach,specialized,market,planned,api | authentication | dashboard | database | portfolio,api | authentication | dashboard | database,portfolio,80,L2 Service / L7 Data
SPEC-049-Smart-Education-AI,Smart Education Ai,specialized,market,planned,api | authentication | dashboard | database | portfolio,api | authentication | dashboard | database,portfolio,80,L2 Service / L7 Data
SPEC-050-AI-Language-Translator,Ai Language Translator,specialized,market,planned,api | authentication | dashboard | database | portfolio,api | authentication | dashboard | database,portfolio,80,L2 Service / L7 Data
FI-dist,Dist,financial,fintech,planned,api | authentication | database | monitoring | payment | security,api | authentication | database | monitoring | security,payment,83,L8 Capital / L6 Software
FI-node_modules,Node_Modules,financial,fintech,planned,api | authentication | database | monitoring | payment | security,api | authentication | database | monitoring | security,payment,83,L8 Capital / L6 Software
FI-public,Public,financial,fintech,planned,api | authentication | database | monitoring | payment | security,api | authentication | database | monitoring | security,payment,83,L8 Capital / L6 Software
FI-src,Src,financial,fintech,planned,api | authentication | database | monitoring | payment | security,api | authentication | database | monitoring | security,payment,83,L8 Capital / L6 Software
FI-supabase,Supabase,financial,fintech,planned,api | authentication | database | monitoring | payment | security,api | authentication | database | monitoring | security,payment,83,L8 Capital / L6 Software
CON-001-ACE-CONSTRUCTION,Ace Construction,construction,con,planned,api | construction | dashboard | database | workspace,api | dashboard | database,construction | workspace,60,L2 Service / L3 Government
CON-002-RESIDENTIAL-CONSTRUCTION,Residential Construction,construction,con,planned,api | construction | dashboard | database | workspace,api | dashboard | database,construction | workspace,60,L2 Service / L3 Government
CON-003-COMMERCIAL-CONSTRUCTION,Commercial Construction,construction,con,planned,api | construction | dashboard | database | workspace,api | dashboard | database,construction | workspace,60,L2 Service / L3 Government
CON-004-INDUSTRIAL-CONSTRUCTION,Industrial Construction,construction,con,planned,api | construction | dashboard | database | workspace,api | dashboard | database,construction | workspace,60,L2 Service / L3 Government
CON-005-CONSTRUCTION-EQUIPMENT-RENTAL,Construction Equipment Rental,construction,con,planned,api | construction | dashboard | database | workspace,api | dashboard | database,construction | workspace,60,L2 Service / L3 Government
CON-006-CONSTRUCTION-PROJECT-MANAGEMENT,Construction Project Management,construction,con,planned,api | construction | dashboard | database | workspace,api | dashboard | database,construction | workspace,60,L2 Service / L3 Government
CON-007-GREEN-BUILDING-SERVICES,Green Building Services,construction,con,planned,api | construction | dashboard | database | workspace,api | dashboard | database,construction | workspace,60,L2 Service / L3 Government
CON-008-HOME-RENOVATION-SERVICES,Home Renovation Services,construction,con,planned,api | construction | dashboard | database | workspace,api | dashboard | database,construction | workspace,60,L2 Service / L3 Government
CON-009-ROOFING-COMPANY,Roofing Company,construction,con,planned,api | construction | dashboard | database | workspace,api | dashboard | database,construction | workspace,60,L2 Service / L3 Government
CON-010-PLUMBING-SERVICES,Plumbing Services,construction,con,planned,api | construction | dashboard | database | workspace,api | dashboard | database,construction | workspace,60,L2 Service / L3 Government
CON-011-ELECTRICAL-SERVICES,Electrical Services,construction,con,planned,api | construction | dashboard | database | workspace,api | dashboard | database,construction | workspace,60,L2 Service / L3 Government
CON-012-HVAC-SERVICES,HVAC Services,construction,con,planned,api | construction | dashboard | database | workspace,api | dashboard | database,construction | workspace,60,L2 Service / L3 Government
CON-013-PAINTING-SERVICES,Painting Services,construction,con,planned,api | construction | dashboard | database | workspace,api | dashboard | database,construction | workspace,60,L2 Service / L3 Government
CON-014-FLOORING-SERVICES,Flooring Services,construction,con,planned,api | construction | dashboard | database | workspace,api | dashboard | database,construction | workspace,60,L2 Service / L3 Government
CON-015-LANDSCAPING-SERVICES,Landscaping Services,construction,con,planned,api | construction | dashboard | database | workspace,api | dashboard | database,construction | workspace,60,L2 Service / L3 Government
CON-016-DEMOLITION-SERVICES,Demolition Services,construction,con,planned,api | construction | dashboard | database | workspace,api | dashboard | database,construction | workspace,60,L2 Service / L3 Government
CON-017-CONCRETE-SERVICES,Concrete Services,construction,con,planned,api | construction | dashboard | database | workspace,api | dashboard | database,construction | workspace,60,L2 Service / L3 Government
CON-018-CARPENTRY-SERVICES,Carpentry Services,construction,con,planned,api | construction | dashboard | database | workspace,api | dashboard | database,construction | workspace,60,L2 Service / L3 Government
CON-019-WINDOW-INSTALLATION,Window Installation,construction,con,planned,api | construction | dashboard | database | workspace,api | dashboard | database,construction | workspace,60,L2 Service / L3 Government
CON-020-INSULATION-SERVICES,Insulation Services,construction,con,planned,api | construction | dashboard | database | workspace,api | dashboard | database,construction | workspace,60,L2 Service / L3 Government
RE-001-PROPERTY-HOLDINGS,Property Holdings,real-estate,re,planned,api | dashboard | database | portfolio | workspace,api | dashboard | database,portfolio | workspace,60,L5 Real Estate
OPS-001-VENTURE-STAFFING,Venture Staffing Operations,operations,infra,mvp,api | authentication | database | monitoring | security,api | authentication | database | monitoring | security,,100,L2 Service / L6 Software
PROFILE-001-DIVINE-JOHNS-PORTFOLIO,Divine Johns Portfolio,media-content,market,mvp,api | authentication | dashboard | database | portfolio,api | authentication | dashboard | database,portfolio,80,L2 Service / L7 Data
ET-010-PERSONAL-RESUME,Personal Resume,education-training,edtech,mvp,api | authentication | dashboard | database | workspace,api | authentication | dashboard | database,workspace,80,L6 Software
TECH-061-TECH-VENTURES-PORTFOLIO,Tech Ventures Portfolio,technology,devtools,mvp,api | authentication | dashboard | database | monitoring,api | authentication | dashboard | database | monitoring,,100,L6 Software
