code,title,title_raw,level,level_digits,change_indicator,change_description,trilateral,parent_code,sector_code,sector_title
11,"Agriculture, Forestry, Fishing and Hunting","Agriculture, Forestry, Fishing and HuntingT",Sector,2,,No change from 2017 NAICS,true,,11,"Agriculture, Forestry, Fishing and Hunting"
111,Crop Production,Crop ProductionT,Subsector,3,,No change from 2017 NAICS,true,11,11,"Agriculture, Forestry, Fishing and Hunting"
1111,Oilseed and Grain Farming,Oilseed and Grain FarmingT,Industry Group,4,,No change from 2017 NAICS,true,111,11,"Agriculture, Forestry, Fishing and Hunting"
11111,Soybean Farming,Soybean FarmingT,NAICS Industry,5,,No change from 2017 NAICS,true,1111,11,"Agriculture, Forestry, Fishing and Hunting"
111110,Soybean Farming,Soybean Farming,National Industry,6,,No change from 2017 NAICS,false,11111,11,"Agriculture, Forestry, Fishing and Hunting"
11112,Oilseed (except Soybean) Farming,Oilseed (except Soybean) FarmingT,NAICS Industry,5,,No change from 2017 NAICS,true,1111,11,"Agriculture, Forestry, Fishing and Hunting"
111120,Oilseed (except Soybean) Farming,Oilseed (except Soybean) Farming,National Industry,6,,No change from 2017 NAICS,false,11112,11,"Agriculture, Forestry, Fishing and Hunting"
11113,Dry Pea and Bean Farming,Dry Pea and Bean FarmingT,NAICS Industry,5,,No change from 2017 NAICS,true,1111,11,"Agriculture, Forestry, Fishing and Hunting"
111130,Dry Pea and Bean Farming,Dry Pea and Bean Farming,National Industry,6,,No change from 2017 NAICS,false,11113,11,"Agriculture, Forestry, Fishing and Hunting"
11114,Wheat Farming,Wheat FarmingT,NAICS Industry,5,,No change from 2017 NAICS,true,1111,11,"Agriculture, Forestry, Fishing and Hunting"
111140,Wheat Farming,Wheat Farming,National Industry,6,,No change from 2017 NAICS,false,11114,11,"Agriculture, Forestry, Fishing and Hunting"
11115,Corn Farming,Corn FarmingT,NAICS Industry,5,,No change from 2017 NAICS,true,1111,11,"Agriculture, Forestry, Fishing and Hunting"
111150,Corn Farming,Corn Farming,National Industry,6,,No change from 2017 NAICS,false,11115,11,"Agriculture, Forestry, Fishing and Hunting"
11116,Rice Farming,Rice FarmingT,NAICS Industry,5,,No change from 2017 NAICS,true,1111,11,"Agriculture, Forestry, Fishing and Hunting"
111160,Rice Farming,Rice Farming,National Industry,6,,No change from 2017 NAICS,false,11116,11,"Agriculture, Forestry, Fishing and Hunting"
11119,Other Grain Farming,Other Grain FarmingT,NAICS Industry,5,,No change from 2017 NAICS,true,1111,11,"Agriculture, Forestry, Fishing and Hunting"
111191,Oilseed and Grain Combination Farming,Oilseed and Grain Combination Farming,National Industry,6,,No change from 2017 NAICS,false,11119,11,"Agriculture, Forestry, Fishing and Hunting"
111199,All Other Grain Farming,All Other Grain Farming,National Industry,6,,No change from 2017 NAICS,false,11119,11,"Agriculture, Forestry, Fishing and Hunting"
1112,Vegetable and Melon Farming,Vegetable and Melon FarmingT,Industry Group,4,,No change from 2017 NAICS,true,111,11,"Agriculture, Forestry, Fishing and Hunting"
11121,Vegetable and Melon Farming,Vegetable and Melon FarmingT,NAICS Industry,5,,No change from 2017 NAICS,true,1112,11,"Agriculture, Forestry, Fishing and Hunting"
111211,Potato Farming,Potato Farming,National Industry,6,,No change from 2017 NAICS,false,11121,11,"Agriculture, Forestry, Fishing and Hunting"
111219,Other Vegetable (except Potato) and Melon Farming,Other Vegetable (except Potato) and Melon Farming,National Industry,6,,No change from 2017 NAICS,false,11121,11,"Agriculture, Forestry, Fishing and Hunting"
1113,Fruit and Tree Nut Farming,Fruit and Tree Nut FarmingT,Industry Group,4,,No change from 2017 NAICS,true,111,11,"Agriculture, Forestry, Fishing and Hunting"
11131,Orange Groves,Orange GrovesT,NAICS Industry,5,,No change from 2017 NAICS,true,1113,11,"Agriculture, Forestry, Fishing and Hunting"
111310,Orange Groves,Orange Groves,National Industry,6,,No change from 2017 NAICS,false,11131,11,"Agriculture, Forestry, Fishing and Hunting"
11132,Citrus (except Orange) Groves,Citrus (except Orange) GrovesT,NAICS Industry,5,,No change from 2017 NAICS,true,1113,11,"Agriculture, Forestry, Fishing and Hunting"
111320,Citrus (except Orange) Groves,Citrus (except Orange) Groves,National Industry,6,,No change from 2017 NAICS,false,11132,11,"Agriculture, Forestry, Fishing and Hunting"
11133,Noncitrus Fruit and Tree Nut Farming,Noncitrus Fruit and Tree Nut FarmingT,NAICS Industry,5,,No change from 2017 NAICS,true,1113,11,"Agriculture, Forestry, Fishing and Hunting"
111331,Apple Orchards,Apple Orchards,National Industry,6,,No change from 2017 NAICS,false,11133,11,"Agriculture, Forestry, Fishing and Hunting"
111332,Grape Vineyards,Grape Vineyards,National Industry,6,,No change from 2017 NAICS,false,11133,11,"Agriculture, Forestry, Fishing and Hunting"
111333,Strawberry Farming,Strawberry Farming,National Industry,6,,No change from 2017 NAICS,false,11133,11,"Agriculture, Forestry, Fishing and Hunting"
111334,Berry (except Strawberry) Farming,Berry (except Strawberry) Farming,National Industry,6,,No change from 2017 NAICS,false,11133,11,"Agriculture, Forestry, Fishing and Hunting"
111335,Tree Nut Farming,Tree Nut Farming,National Industry,6,,No change from 2017 NAICS,false,11133,11,"Agriculture, Forestry, Fishing and Hunting"
111336,Fruit and Tree Nut Combination Farming,Fruit and Tree Nut Combination Farming,National Industry,6,,No change from 2017 NAICS,false,11133,11,"Agriculture, Forestry, Fishing and Hunting"
111339,Other Noncitrus Fruit Farming,Other Noncitrus Fruit Farming,National Industry,6,,No change from 2017 NAICS,false,11133,11,"Agriculture, Forestry, Fishing and Hunting"
1114,"Greenhouse, Nursery, and Floriculture Production","Greenhouse, Nursery, and Floriculture ProductionT",Industry Group,4,,No change from 2017 NAICS,true,111,11,"Agriculture, Forestry, Fishing and Hunting"
11141,Food Crops Grown Under Cover,Food Crops Grown Under CoverT,NAICS Industry,5,,No change from 2017 NAICS,true,1114,11,"Agriculture, Forestry, Fishing and Hunting"
111411,Mushroom Production,Mushroom Production,National Industry,6,,No change from 2017 NAICS,false,11141,11,"Agriculture, Forestry, Fishing and Hunting"
111419,Other Food Crops Grown Under Cover,Other Food Crops Grown Under Cover,National Industry,6,,No change from 2017 NAICS,false,11141,11,"Agriculture, Forestry, Fishing and Hunting"
11142,Nursery and Floriculture Production,Nursery and Floriculture ProductionT,NAICS Industry,5,,No change from 2017 NAICS,true,1114,11,"Agriculture, Forestry, Fishing and Hunting"
111421,Nursery and Tree Production,Nursery and Tree Production,National Industry,6,,No change from 2017 NAICS,false,11142,11,"Agriculture, Forestry, Fishing and Hunting"
111422,Floriculture Production,Floriculture Production,National Industry,6,,No change from 2017 NAICS,false,11142,11,"Agriculture, Forestry, Fishing and Hunting"
1119,Other Crop Farming,Other Crop FarmingT,Industry Group,4,,No change from 2017 NAICS,true,111,11,"Agriculture, Forestry, Fishing and Hunting"
11191,Tobacco Farming,Tobacco FarmingT,NAICS Industry,5,,No change from 2017 NAICS,true,1119,11,"Agriculture, Forestry, Fishing and Hunting"
111910,Tobacco Farming,Tobacco Farming,National Industry,6,,No change from 2017 NAICS,false,11191,11,"Agriculture, Forestry, Fishing and Hunting"
11192,Cotton Farming,Cotton FarmingT,NAICS Industry,5,,No change from 2017 NAICS,true,1119,11,"Agriculture, Forestry, Fishing and Hunting"
111920,Cotton Farming,Cotton Farming,National Industry,6,,No change from 2017 NAICS,false,11192,11,"Agriculture, Forestry, Fishing and Hunting"
11193,Sugarcane Farming,Sugarcane FarmingT,NAICS Industry,5,,No change from 2017 NAICS,true,1119,11,"Agriculture, Forestry, Fishing and Hunting"
111930,Sugarcane Farming,Sugarcane Farming,National Industry,6,,No change from 2017 NAICS,false,11193,11,"Agriculture, Forestry, Fishing and Hunting"
11194,Hay Farming,Hay FarmingT,NAICS Industry,5,,No change from 2017 NAICS,true,1119,11,"Agriculture, Forestry, Fishing and Hunting"
111940,Hay Farming,Hay Farming,National Industry,6,,No change from 2017 NAICS,false,11194,11,"Agriculture, Forestry, Fishing and Hunting"
11199,All Other Crop Farming,All Other Crop FarmingT,NAICS Industry,5,,No change from 2017 NAICS,true,1119,11,"Agriculture, Forestry, Fishing and Hunting"
111991,Sugar Beet Farming,Sugar Beet Farming,National Industry,6,,No change from 2017 NAICS,false,11199,11,"Agriculture, Forestry, Fishing and Hunting"
111992,Peanut Farming,Peanut Farming,National Industry,6,,No change from 2017 NAICS,false,11199,11,"Agriculture, Forestry, Fishing and Hunting"
111998,All Other Miscellaneous Crop Farming,All Other Miscellaneous Crop Farming,National Industry,6,,No change from 2017 NAICS,false,11199,11,"Agriculture, Forestry, Fishing and Hunting"
112,Animal Production and Aquaculture,Animal Production and AquacultureT,Subsector,3,,No change from 2017 NAICS,true,11,11,"Agriculture, Forestry, Fishing and Hunting"
1121,Cattle Ranching and Farming,Cattle Ranching and FarmingT,Industry Group,4,,No change from 2017 NAICS,true,112,11,"Agriculture, Forestry, Fishing and Hunting"
11211,"Beef Cattle Ranching and Farming, including Feedlots","Beef Cattle Ranching and Farming, including FeedlotsT",NAICS Industry,5,,No change from 2017 NAICS,true,1121,11,"Agriculture, Forestry, Fishing and Hunting"
112111,Beef Cattle Ranching and Farming,Beef Cattle Ranching and Farming,National Industry,6,,No change from 2017 NAICS,false,11211,11,"Agriculture, Forestry, Fishing and Hunting"
112112,Cattle Feedlots,Cattle Feedlots,National Industry,6,,No change from 2017 NAICS,false,11211,11,"Agriculture, Forestry, Fishing and Hunting"
11212,Dairy Cattle and Milk Production,Dairy Cattle and Milk ProductionT,NAICS Industry,5,,No change from 2017 NAICS,true,1121,11,"Agriculture, Forestry, Fishing and Hunting"
112120,Dairy Cattle and Milk Production,Dairy Cattle and Milk Production,National Industry,6,,No change from 2017 NAICS,false,11212,11,"Agriculture, Forestry, Fishing and Hunting"
11213,Dual-Purpose Cattle Ranching and Farming,Dual-Purpose Cattle Ranching and FarmingT,NAICS Industry,5,,No change from 2017 NAICS,true,1121,11,"Agriculture, Forestry, Fishing and Hunting"
112130,Dual-Purpose Cattle Ranching and Farming,Dual-Purpose Cattle Ranching and Farming,National Industry,6,,No change from 2017 NAICS,false,11213,11,"Agriculture, Forestry, Fishing and Hunting"
1122,Hog and Pig Farming,Hog and Pig FarmingT,Industry Group,4,,No change from 2017 NAICS,true,112,11,"Agriculture, Forestry, Fishing and Hunting"
11221,Hog and Pig Farming,Hog and Pig FarmingT,NAICS Industry,5,,No change from 2017 NAICS,true,1122,11,"Agriculture, Forestry, Fishing and Hunting"
112210,Hog and Pig Farming,Hog and Pig Farming,National Industry,6,,No change from 2017 NAICS,false,11221,11,"Agriculture, Forestry, Fishing and Hunting"
1123,Poultry and Egg Production,Poultry and Egg ProductionT,Industry Group,4,,No change from 2017 NAICS,true,112,11,"Agriculture, Forestry, Fishing and Hunting"
11231,Chicken Egg Production,Chicken Egg ProductionT,NAICS Industry,5,,No change from 2017 NAICS,true,1123,11,"Agriculture, Forestry, Fishing and Hunting"
112310,Chicken Egg Production,Chicken Egg Production,National Industry,6,,No change from 2017 NAICS,false,11231,11,"Agriculture, Forestry, Fishing and Hunting"
11232,Broilers and Other Meat Type Chicken Production,Broilers and Other Meat Type Chicken ProductionT,NAICS Industry,5,,No change from 2017 NAICS,true,1123,11,"Agriculture, Forestry, Fishing and Hunting"
112320,Broilers and Other Meat Type Chicken Production,Broilers and Other Meat Type Chicken Production,National Industry,6,,No change from 2017 NAICS,false,11232,11,"Agriculture, Forestry, Fishing and Hunting"
11233,Turkey Production,Turkey ProductionT,NAICS Industry,5,,No change from 2017 NAICS,true,1123,11,"Agriculture, Forestry, Fishing and Hunting"
112330,Turkey Production,Turkey Production,National Industry,6,,No change from 2017 NAICS,false,11233,11,"Agriculture, Forestry, Fishing and Hunting"
11234,Poultry Hatcheries,Poultry HatcheriesT,NAICS Industry,5,,No change from 2017 NAICS,true,1123,11,"Agriculture, Forestry, Fishing and Hunting"
112340,Poultry Hatcheries,Poultry Hatcheries,National Industry,6,,No change from 2017 NAICS,false,11234,11,"Agriculture, Forestry, Fishing and Hunting"
11239,Other Poultry Production,Other Poultry ProductionT,NAICS Industry,5,,No change from 2017 NAICS,true,1123,11,"Agriculture, Forestry, Fishing and Hunting"
112390,Other Poultry Production,Other Poultry Production,National Industry,6,,No change from 2017 NAICS,false,11239,11,"Agriculture, Forestry, Fishing and Hunting"
1124,Sheep and Goat Farming,Sheep and Goat FarmingT,Industry Group,4,,No change from 2017 NAICS,true,112,11,"Agriculture, Forestry, Fishing and Hunting"
11241,Sheep Farming,Sheep FarmingT,NAICS Industry,5,,No change from 2017 NAICS,true,1124,11,"Agriculture, Forestry, Fishing and Hunting"
112410,Sheep Farming,Sheep Farming,National Industry,6,,No change from 2017 NAICS,false,11241,11,"Agriculture, Forestry, Fishing and Hunting"
11242,Goat Farming,Goat FarmingT,NAICS Industry,5,,No change from 2017 NAICS,true,1124,11,"Agriculture, Forestry, Fishing and Hunting"
112420,Goat Farming,Goat Farming,National Industry,6,,No change from 2017 NAICS,false,11242,11,"Agriculture, Forestry, Fishing and Hunting"
1125,Aquaculture,AquacultureT,Industry Group,4,,No change from 2017 NAICS,true,112,11,"Agriculture, Forestry, Fishing and Hunting"
11251,Aquaculture,AquacultureT,NAICS Industry,5,,No change from 2017 NAICS,true,1125,11,"Agriculture, Forestry, Fishing and Hunting"
112511,Finfish Farming and Fish Hatcheries,Finfish Farming and Fish Hatcheries,National Industry,6,,No change from 2017 NAICS,false,11251,11,"Agriculture, Forestry, Fishing and Hunting"
112512,Shellfish Farming,Shellfish Farming,National Industry,6,,No change from 2017 NAICS,false,11251,11,"Agriculture, Forestry, Fishing and Hunting"
112519,Other Aquaculture,Other Aquaculture,National Industry,6,,No change from 2017 NAICS,false,11251,11,"Agriculture, Forestry, Fishing and Hunting"
1129,Other Animal Production,Other Animal ProductionT,Industry Group,4,,No change from 2017 NAICS,true,112,11,"Agriculture, Forestry, Fishing and Hunting"
11291,Apiculture,ApicultureT,NAICS Industry,5,,No change from 2017 NAICS,true,1129,11,"Agriculture, Forestry, Fishing and Hunting"
112910,Apiculture,Apiculture,National Industry,6,,No change from 2017 NAICS,false,11291,11,"Agriculture, Forestry, Fishing and Hunting"
11292,Horses and Other Equine Production,Horses and Other Equine ProductionT,NAICS Industry,5,,No change from 2017 NAICS,true,1129,11,"Agriculture, Forestry, Fishing and Hunting"
112920,Horses and Other Equine Production,Horses and Other Equine Production,National Industry,6,,No change from 2017 NAICS,false,11292,11,"Agriculture, Forestry, Fishing and Hunting"
11293,Fur-Bearing Animal and Rabbit Production,Fur-Bearing Animal and Rabbit ProductionT,NAICS Industry,5,,No change from 2017 NAICS,true,1129,11,"Agriculture, Forestry, Fishing and Hunting"
112930,Fur-Bearing Animal and Rabbit Production,Fur-Bearing Animal and Rabbit Production,National Industry,6,,No change from 2017 NAICS,false,11293,11,"Agriculture, Forestry, Fishing and Hunting"
11299,All Other Animal Production,All Other Animal ProductionT,NAICS Industry,5,,No change from 2017 NAICS,true,1129,11,"Agriculture, Forestry, Fishing and Hunting"
112990,All Other Animal Production,All Other Animal Production,National Industry,6,,No change from 2017 NAICS,false,11299,11,"Agriculture, Forestry, Fishing and Hunting"
113,Forestry and Logging,Forestry and LoggingT,Subsector,3,,No change from 2017 NAICS,true,11,11,"Agriculture, Forestry, Fishing and Hunting"
1131,Timber Tract Operations,Timber Tract OperationsT,Industry Group,4,,No change from 2017 NAICS,true,113,11,"Agriculture, Forestry, Fishing and Hunting"
11311,Timber Tract Operations,Timber Tract OperationsT,NAICS Industry,5,,No change from 2017 NAICS,true,1131,11,"Agriculture, Forestry, Fishing and Hunting"
113110,Timber Tract Operations,Timber Tract Operations,National Industry,6,,No change from 2017 NAICS,false,11311,11,"Agriculture, Forestry, Fishing and Hunting"
1132,Forest Nurseries and Gathering of Forest Products,Forest Nurseries and Gathering of Forest ProductsT,Industry Group,4,,No change from 2017 NAICS,true,113,11,"Agriculture, Forestry, Fishing and Hunting"
11321,Forest Nurseries and Gathering of Forest Products,Forest Nurseries and Gathering of Forest ProductsT,NAICS Industry,5,,No change from 2017 NAICS,true,1132,11,"Agriculture, Forestry, Fishing and Hunting"
113210,Forest Nurseries and Gathering of Forest Products,Forest Nurseries and Gathering of Forest Products,National Industry,6,,No change from 2017 NAICS,false,11321,11,"Agriculture, Forestry, Fishing and Hunting"
1133,Logging,LoggingT,Industry Group,4,,No change from 2017 NAICS,true,113,11,"Agriculture, Forestry, Fishing and Hunting"
11331,Logging,LoggingT,NAICS Industry,5,,No change from 2017 NAICS,true,1133,11,"Agriculture, Forestry, Fishing and Hunting"
113310,Logging,Logging,National Industry,6,,No change from 2017 NAICS,false,11331,11,"Agriculture, Forestry, Fishing and Hunting"
114,"Fishing, Hunting and Trapping","Fishing, Hunting and TrappingT",Subsector,3,,No change from 2017 NAICS,true,11,11,"Agriculture, Forestry, Fishing and Hunting"
1141,Fishing,FishingT,Industry Group,4,,No change from 2017 NAICS,true,114,11,"Agriculture, Forestry, Fishing and Hunting"
11411,Fishing,FishingT,NAICS Industry,5,,No change from 2017 NAICS,true,1141,11,"Agriculture, Forestry, Fishing and Hunting"
114111,Finfish Fishing,Finfish Fishing,National Industry,6,,No change from 2017 NAICS,false,11411,11,"Agriculture, Forestry, Fishing and Hunting"
114112,Shellfish Fishing,Shellfish Fishing,National Industry,6,,No change from 2017 NAICS,false,11411,11,"Agriculture, Forestry, Fishing and Hunting"
114119,Other Marine Fishing,Other Marine Fishing,National Industry,6,,No change from 2017 NAICS,false,11411,11,"Agriculture, Forestry, Fishing and Hunting"
1142,Hunting and Trapping,Hunting and TrappingT,Industry Group,4,,No change from 2017 NAICS,true,114,11,"Agriculture, Forestry, Fishing and Hunting"
11421,Hunting and Trapping,Hunting and TrappingT,NAICS Industry,5,,No change from 2017 NAICS,true,1142,11,"Agriculture, Forestry, Fishing and Hunting"
114210,Hunting and Trapping,Hunting and Trapping,National Industry,6,,No change from 2017 NAICS,false,11421,11,"Agriculture, Forestry, Fishing and Hunting"
115,Support Activities for Agriculture and Forestry,Support Activities for Agriculture and ForestryT,Subsector,3,,No change from 2017 NAICS,true,11,11,"Agriculture, Forestry, Fishing and Hunting"
1151,Support Activities for Crop Production,Support Activities for Crop ProductionT,Industry Group,4,,No change from 2017 NAICS,true,115,11,"Agriculture, Forestry, Fishing and Hunting"
11511,Support Activities for Crop Production,Support Activities for Crop ProductionT,NAICS Industry,5,,No change from 2017 NAICS,true,1151,11,"Agriculture, Forestry, Fishing and Hunting"
115111,Cotton Ginning,Cotton Ginning,National Industry,6,,No change from 2017 NAICS,false,11511,11,"Agriculture, Forestry, Fishing and Hunting"
115112,"Soil Preparation, Planting, and Cultivating","Soil Preparation, Planting, and Cultivating",National Industry,6,,No change from 2017 NAICS,false,11511,11,"Agriculture, Forestry, Fishing and Hunting"
115113,"Crop Harvesting, Primarily by Machine","Crop Harvesting, Primarily by Machine",National Industry,6,,No change from 2017 NAICS,false,11511,11,"Agriculture, Forestry, Fishing and Hunting"
115114,Postharvest Crop Activities (except Cotton Ginning),Postharvest Crop Activities (except Cotton Ginning),National Industry,6,,No change from 2017 NAICS,false,11511,11,"Agriculture, Forestry, Fishing and Hunting"
115115,Farm Labor Contractors and Crew Leaders,Farm Labor Contractors and Crew Leaders,National Industry,6,,No change from 2017 NAICS,false,11511,11,"Agriculture, Forestry, Fishing and Hunting"
115116,Farm Management Services,Farm Management Services,National Industry,6,,No change from 2017 NAICS,false,11511,11,"Agriculture, Forestry, Fishing and Hunting"
1152,Support Activities for Animal Production,Support Activities for Animal ProductionT,Industry Group,4,,No change from 2017 NAICS,true,115,11,"Agriculture, Forestry, Fishing and Hunting"
11521,Support Activities for Animal Production,Support Activities for Animal ProductionT,NAICS Industry,5,,No change from 2017 NAICS,true,1152,11,"Agriculture, Forestry, Fishing and Hunting"
115210,Support Activities for Animal Production,Support Activities for Animal Production,National Industry,6,,No change from 2017 NAICS,false,11521,11,"Agriculture, Forestry, Fishing and Hunting"
1153,Support Activities for Forestry,Support Activities for ForestryT,Industry Group,4,,No change from 2017 NAICS,true,115,11,"Agriculture, Forestry, Fishing and Hunting"
11531,Support Activities for Forestry,Support Activities for ForestryT,NAICS Industry,5,,No change from 2017 NAICS,true,1153,11,"Agriculture, Forestry, Fishing and Hunting"
115310,Support Activities for Forestry,Support Activities for Forestry,National Industry,6,,No change from 2017 NAICS,false,11531,11,"Agriculture, Forestry, Fishing and Hunting"
21,"Mining, Quarrying, and Oil and Gas Extraction","Mining, Quarrying, and Oil and Gas ExtractionT",Sector,2,,No change from 2017 NAICS,true,,21,"Mining, Quarrying, and Oil and Gas Extraction"
211,Oil and Gas Extraction,Oil and Gas ExtractionT,Subsector,3,,No change from 2017 NAICS,true,21,21,"Mining, Quarrying, and Oil and Gas Extraction"
2111,Oil and Gas Extraction,Oil and Gas ExtractionT,Industry Group,4,,No change from 2017 NAICS,true,211,21,"Mining, Quarrying, and Oil and Gas Extraction"
21112,Crude Petroleum Extraction,Crude Petroleum Extraction,NAICS Industry,5,,No change from 2017 NAICS,false,2111,21,"Mining, Quarrying, and Oil and Gas Extraction"
211120,Crude Petroleum Extraction,Crude Petroleum Extraction,National Industry,6,,No change from 2017 NAICS,false,21112,21,"Mining, Quarrying, and Oil and Gas Extraction"
21113,Natural Gas Extraction,Natural Gas Extraction,NAICS Industry,5,,No change from 2017 NAICS,false,2111,21,"Mining, Quarrying, and Oil and Gas Extraction"
211130,Natural Gas Extraction,Natural Gas Extraction,National Industry,6,,No change from 2017 NAICS,false,21113,21,"Mining, Quarrying, and Oil and Gas Extraction"
212,Mining (except Oil and Gas),Mining (except Oil and Gas)T,Subsector,3,,No change from 2017 NAICS,true,21,21,"Mining, Quarrying, and Oil and Gas Extraction"
2121,Coal Mining,Coal MiningT,Industry Group,4,,No change from 2017 NAICS,true,212,21,"Mining, Quarrying, and Oil and Gas Extraction"
21211,Coal Mining,Coal MiningT,NAICS Industry,5,,No change from 2017 NAICS,true,2121,21,"Mining, Quarrying, and Oil and Gas Extraction"
212114,Surface Coal Mining,Surface Coal Mining,National Industry,6,**,New code for 2022 NAICS,false,21211,21,"Mining, Quarrying, and Oil and Gas Extraction"
212115,Underground Coal Mining,Underground Coal Mining,National Industry,6,**,New code for 2022 NAICS,false,21211,21,"Mining, Quarrying, and Oil and Gas Extraction"
2122,Metal Ore Mining,Metal Ore MiningT,Industry Group,4,,No change from 2017 NAICS,true,212,21,"Mining, Quarrying, and Oil and Gas Extraction"
21221,Iron Ore Mining,Iron Ore MiningT,NAICS Industry,5,,No change from 2017 NAICS,true,2122,21,"Mining, Quarrying, and Oil and Gas Extraction"
212210,Iron Ore Mining,Iron Ore Mining,National Industry,6,,No change from 2017 NAICS,false,21221,21,"Mining, Quarrying, and Oil and Gas Extraction"
21222,Gold Ore and Silver Ore Mining,Gold Ore and Silver Ore MiningT,NAICS Industry,5,,No change from 2017 NAICS,true,2122,21,"Mining, Quarrying, and Oil and Gas Extraction"
212220,Gold Ore and Silver Ore Mining,Gold Ore and Silver Ore Mining,National Industry,6,**,New code for 2022 NAICS,false,21222,21,"Mining, Quarrying, and Oil and Gas Extraction"
21223,"Copper, Nickel, Lead, and Zinc Mining","Copper, Nickel, Lead, and Zinc MiningT",NAICS Industry,5,,No change from 2017 NAICS,true,2122,21,"Mining, Quarrying, and Oil and Gas Extraction"
212230,"Copper, Nickel, Lead, and Zinc Mining","Copper, Nickel, Lead, and Zinc Mining",National Industry,6,,No change from 2017 NAICS,false,21223,21,"Mining, Quarrying, and Oil and Gas Extraction"
21229,Other Metal Ore Mining,Other Metal Ore MiningT,NAICS Industry,5,,No change from 2017 NAICS,true,2122,21,"Mining, Quarrying, and Oil and Gas Extraction"
212290,Other Metal Ore Mining,Other Metal Ore Mining,National Industry,6,**,New code for 2022 NAICS,false,21229,21,"Mining, Quarrying, and Oil and Gas Extraction"
2123,Nonmetallic Mineral Mining and Quarrying,Nonmetallic Mineral Mining and QuarryingT,Industry Group,4,,No change from 2017 NAICS,true,212,21,"Mining, Quarrying, and Oil and Gas Extraction"
21231,Stone Mining and Quarrying,Stone Mining and QuarryingT,NAICS Industry,5,,No change from 2017 NAICS,true,2123,21,"Mining, Quarrying, and Oil and Gas Extraction"
212311,Dimension Stone Mining and Quarrying,Dimension Stone Mining and Quarrying,National Industry,6,,No change from 2017 NAICS,false,21231,21,"Mining, Quarrying, and Oil and Gas Extraction"
212312,Crushed and Broken Limestone Mining and Quarrying,Crushed and Broken Limestone Mining and Quarrying,National Industry,6,,No change from 2017 NAICS,false,21231,21,"Mining, Quarrying, and Oil and Gas Extraction"
212313,Crushed and Broken Granite Mining and Quarrying,Crushed and Broken Granite Mining and Quarrying,National Industry,6,,No change from 2017 NAICS,false,21231,21,"Mining, Quarrying, and Oil and Gas Extraction"
212319,Other Crushed and Broken Stone Mining and Quarrying,Other Crushed and Broken Stone Mining and Quarrying,National Industry,6,,No change from 2017 NAICS,false,21231,21,"Mining, Quarrying, and Oil and Gas Extraction"
21232,"Sand, Gravel, Clay, and Ceramic and Refractory Minerals Mining and Quarrying","Sand, Gravel, Clay, and Ceramic and Refractory Minerals Mining and QuarryingT",NAICS Industry,5,,No change from 2017 NAICS,true,2123,21,"Mining, Quarrying, and Oil and Gas Extraction"
212321,Construction Sand and Gravel Mining,Construction Sand and Gravel Mining,National Industry,6,,No change from 2017 NAICS,false,21232,21,"Mining, Quarrying, and Oil and Gas Extraction"
212322,Industrial Sand Mining,Industrial Sand Mining,National Industry,6,,No change from 2017 NAICS,false,21232,21,"Mining, Quarrying, and Oil and Gas Extraction"
212323,"Kaolin, Clay, and Ceramic and Refractory Minerals Mining","Kaolin, Clay, and Ceramic and Refractory Minerals Mining",National Industry,6,**,New code for 2022 NAICS,false,21232,21,"Mining, Quarrying, and Oil and Gas Extraction"
21239,Other Nonmetallic Mineral Mining and Quarrying,Other Nonmetallic Mineral Mining and QuarryingT,NAICS Industry,5,,No change from 2017 NAICS,true,2123,21,"Mining, Quarrying, and Oil and Gas Extraction"
212390,Other Nonmetallic Mineral Mining and Quarrying,Other Nonmetallic Mineral Mining and Quarrying,National Industry,6,**,New code for 2022 NAICS,false,21239,21,"Mining, Quarrying, and Oil and Gas Extraction"
213,Support Activities for Mining,Support Activities for MiningT,Subsector,3,,No change from 2017 NAICS,true,21,21,"Mining, Quarrying, and Oil and Gas Extraction"
2131,Support Activities for Mining,Support Activities for MiningT,Industry Group,4,,No change from 2017 NAICS,true,213,21,"Mining, Quarrying, and Oil and Gas Extraction"
21311,Support Activities for Mining,Support Activities for MiningT,NAICS Industry,5,,No change from 2017 NAICS,true,2131,21,"Mining, Quarrying, and Oil and Gas Extraction"
213111,Drilling Oil and Gas Wells,Drilling Oil and Gas Wells,National Industry,6,,No change from 2017 NAICS,false,21311,21,"Mining, Quarrying, and Oil and Gas Extraction"
213112,Support Activities for Oil and Gas Operations,Support Activities for Oil and Gas Operations,National Industry,6,,No change from 2017 NAICS,false,21311,21,"Mining, Quarrying, and Oil and Gas Extraction"
213113,Support Activities for Coal Mining,Support Activities for Coal Mining,National Industry,6,,No change from 2017 NAICS,false,21311,21,"Mining, Quarrying, and Oil and Gas Extraction"
213114,Support Activities for Metal Mining,Support Activities for Metal Mining,National Industry,6,,No change from 2017 NAICS,false,21311,21,"Mining, Quarrying, and Oil and Gas Extraction"
213115,Support Activities for Nonmetallic Minerals (except Fuels) Mining,Support Activities for Nonmetallic Minerals (except Fuels) Mining,National Industry,6,,No change from 2017 NAICS,false,21311,21,"Mining, Quarrying, and Oil and Gas Extraction"
22,Utilities,UtilitiesT,Sector,2,,No change from 2017 NAICS,true,,22,Utilities
221,Utilities,UtilitiesT,Subsector,3,,No change from 2017 NAICS,true,22,22,Utilities
2211,"Electric Power Generation, Transmission and Distribution","Electric Power Generation, Transmission and DistributionT",Industry Group,4,,No change from 2017 NAICS,true,221,22,Utilities
22111,Electric Power Generation,Electric Power GenerationT,NAICS Industry,5,,No change from 2017 NAICS,true,2211,22,Utilities
221111,Hydroelectric Power Generation,Hydroelectric Power Generation,National Industry,6,,No change from 2017 NAICS,false,22111,22,Utilities
221112,Fossil Fuel Electric Power Generation,Fossil Fuel Electric Power Generation,National Industry,6,,No change from 2017 NAICS,false,22111,22,Utilities
221113,Nuclear Electric Power Generation,Nuclear Electric Power Generation,National Industry,6,,No change from 2017 NAICS,false,22111,22,Utilities
221114,Solar Electric Power Generation,Solar Electric Power Generation,National Industry,6,,No change from 2017 NAICS,false,22111,22,Utilities
221115,Wind Electric Power Generation,Wind Electric Power Generation,National Industry,6,,No change from 2017 NAICS,false,22111,22,Utilities
221116,Geothermal Electric Power Generation,Geothermal Electric Power Generation,National Industry,6,,No change from 2017 NAICS,false,22111,22,Utilities
221117,Biomass Electric Power Generation,Biomass Electric Power Generation,National Industry,6,,No change from 2017 NAICS,false,22111,22,Utilities
221118,Other Electric Power Generation,Other Electric Power Generation,National Industry,6,,No change from 2017 NAICS,false,22111,22,Utilities
22112,"Electric Power Transmission, Control, and Distribution","Electric Power Transmission, Control, and DistributionT",NAICS Industry,5,,No change from 2017 NAICS,true,2211,22,Utilities
221121,Electric Bulk Power Transmission and Control,Electric Bulk Power Transmission and Control,National Industry,6,,No change from 2017 NAICS,false,22112,22,Utilities
221122,Electric Power Distribution,Electric Power Distribution,National Industry,6,,No change from 2017 NAICS,false,22112,22,Utilities
2212,Natural Gas Distribution,Natural Gas DistributionT,Industry Group,4,,No change from 2017 NAICS,true,221,22,Utilities
22121,Natural Gas Distribution,Natural Gas DistributionT,NAICS Industry,5,,No change from 2017 NAICS,true,2212,22,Utilities
221210,Natural Gas Distribution,Natural Gas Distribution,National Industry,6,,No change from 2017 NAICS,false,22121,22,Utilities
2213,"Water, Sewage and Other Systems","Water, Sewage and Other SystemsT",Industry Group,4,,No change from 2017 NAICS,true,221,22,Utilities
22131,Water Supply and Irrigation Systems,Water Supply and Irrigation Systems,NAICS Industry,5,,No change from 2017 NAICS,false,2213,22,Utilities
221310,Water Supply and Irrigation Systems,Water Supply and Irrigation Systems,National Industry,6,,No change from 2017 NAICS,false,22131,22,Utilities
22132,Sewage Treatment Facilities,Sewage Treatment Facilities,NAICS Industry,5,,No change from 2017 NAICS,false,2213,22,Utilities
221320,Sewage Treatment Facilities,Sewage Treatment Facilities,National Industry,6,,No change from 2017 NAICS,false,22132,22,Utilities
22133,Steam and Air-Conditioning Supply,Steam and Air-Conditioning Supply,NAICS Industry,5,,No change from 2017 NAICS,false,2213,22,Utilities
221330,Steam and Air-Conditioning Supply,Steam and Air-Conditioning Supply,National Industry,6,,No change from 2017 NAICS,false,22133,22,Utilities
23,Construction,ConstructionT,Sector,2,,No change from 2017 NAICS,true,,23,Construction
236,Construction of Buildings,Construction of BuildingsT,Subsector,3,,No change from 2017 NAICS,true,23,23,Construction
2361,Residential Building Construction,Residential Building ConstructionT,Industry Group,4,,No change from 2017 NAICS,true,236,23,Construction
23611,Residential Building Construction,Residential Building ConstructionT,NAICS Industry,5,,No change from 2017 NAICS,true,2361,23,Construction
236115,New Single-Family Housing Construction (except For-Sale Builders),New Single-Family Housing Construction (except For-Sale Builders),National Industry,6,,No change from 2017 NAICS,false,23611,23,Construction
236116,New Multifamily Housing Construction (except For-Sale Builders),New Multifamily Housing Construction (except For-Sale Builders),National Industry,6,,No change from 2017 NAICS,false,23611,23,Construction
236117,New Housing For-Sale Builders,New Housing For-Sale Builders,National Industry,6,,No change from 2017 NAICS,false,23611,23,Construction
236118,Residential Remodelers,Residential Remodelers,National Industry,6,,No change from 2017 NAICS,false,23611,23,Construction
2362,Nonresidential Building Construction,Nonresidential Building ConstructionT,Industry Group,4,,No change from 2017 NAICS,true,236,23,Construction
23621,Industrial Building Construction,Industrial Building ConstructionT,NAICS Industry,5,,No change from 2017 NAICS,true,2362,23,Construction
236210,Industrial Building Construction,Industrial Building Construction,National Industry,6,,No change from 2017 NAICS,false,23621,23,Construction
23622,Commercial and Institutional Building Construction,Commercial and Institutional Building ConstructionT,NAICS Industry,5,,No change from 2017 NAICS,true,2362,23,Construction
236220,Commercial and Institutional Building Construction,Commercial and Institutional Building Construction,National Industry,6,,No change from 2017 NAICS,false,23622,23,Construction
237,Heavy and Civil Engineering Construction,Heavy and Civil Engineering ConstructionT,Subsector,3,,No change from 2017 NAICS,true,23,23,Construction
2371,Utility System Construction,Utility System ConstructionT,Industry Group,4,,No change from 2017 NAICS,true,237,23,Construction
23711,Water and Sewer Line and Related Structures Construction,Water and Sewer Line and Related Structures ConstructionT,NAICS Industry,5,,No change from 2017 NAICS,true,2371,23,Construction
237110,Water and Sewer Line and Related Structures Construction,Water and Sewer Line and Related Structures Construction,National Industry,6,,No change from 2017 NAICS,false,23711,23,Construction
23712,Oil and Gas Pipeline and Related Structures Construction,Oil and Gas Pipeline and Related Structures ConstructionT,NAICS Industry,5,,No change from 2017 NAICS,true,2371,23,Construction
237120,Oil and Gas Pipeline and Related Structures Construction,Oil and Gas Pipeline and Related Structures Construction,National Industry,6,,No change from 2017 NAICS,false,23712,23,Construction
23713,Power and Communication Line and Related Structures Construction,Power and Communication Line and Related Structures ConstructionT,NAICS Industry,5,,No change from 2017 NAICS,true,2371,23,Construction
237130,Power and Communication Line and Related Structures Construction,Power and Communication Line and Related Structures Construction,National Industry,6,,No change from 2017 NAICS,false,23713,23,Construction
2372,Land Subdivision,Land SubdivisionT,Industry Group,4,,No change from 2017 NAICS,true,237,23,Construction
23721,Land Subdivision,Land SubdivisionT,NAICS Industry,5,,No change from 2017 NAICS,true,2372,23,Construction
237210,Land Subdivision,Land Subdivision,National Industry,6,,No change from 2017 NAICS,false,23721,23,Construction
2373,"Highway, Street, and Bridge Construction","Highway, Street, and Bridge ConstructionT",Industry Group,4,,No change from 2017 NAICS,true,237,23,Construction
23731,"Highway, Street, and Bridge Construction","Highway, Street, and Bridge ConstructionT",NAICS Industry,5,,No change from 2017 NAICS,true,2373,23,Construction
237310,"Highway, Street, and Bridge Construction","Highway, Street, and Bridge Construction",National Industry,6,,No change from 2017 NAICS,false,23731,23,Construction
2379,Other Heavy and Civil Engineering Construction,Other Heavy and Civil Engineering ConstructionT,Industry Group,4,,No change from 2017 NAICS,true,237,23,Construction
23799,Other Heavy and Civil Engineering Construction,Other Heavy and Civil Engineering ConstructionT,NAICS Industry,5,,No change from 2017 NAICS,true,2379,23,Construction
237990,Other Heavy and Civil Engineering Construction,Other Heavy and Civil Engineering Construction,National Industry,6,,No change from 2017 NAICS,false,23799,23,Construction
238,Specialty Trade Contractors,Specialty Trade ContractorsT,Subsector,3,,No change from 2017 NAICS,true,23,23,Construction
2381,"Foundation, Structure, and Building Exterior Contractors","Foundation, Structure, and Building Exterior ContractorsT",Industry Group,4,,No change from 2017 NAICS,true,238,23,Construction
23811,Poured Concrete Foundation and Structure Contractors,Poured Concrete Foundation and Structure Contractors,NAICS Industry,5,,No change from 2017 NAICS,false,2381,23,Construction
238110,Poured Concrete Foundation and Structure Contractors,Poured Concrete Foundation and Structure Contractors,National Industry,6,,No change from 2017 NAICS,false,23811,23,Construction
23812,Structural Steel and Precast Concrete Contractors,Structural Steel and Precast Concrete Contractors,NAICS Industry,5,,No change from 2017 NAICS,false,2381,23,Construction
238120,Structural Steel and Precast Concrete Contractors,Structural Steel and Precast Concrete Contractors,National Industry,6,,No change from 2017 NAICS,false,23812,23,Construction
23813,Framing Contractors,Framing Contractors,NAICS Industry,5,,No change from 2017 NAICS,false,2381,23,Construction
238130,Framing Contractors,Framing Contractors,National Industry,6,,No change from 2017 NAICS,false,23813,23,Construction
23814,Masonry Contractors,Masonry Contractors,NAICS Industry,5,,No change from 2017 NAICS,false,2381,23,Construction
238140,Masonry Contractors,Masonry Contractors,National Industry,6,,No change from 2017 NAICS,false,23814,23,Construction
23815,Glass and Glazing Contractors,Glass and Glazing Contractors,NAICS Industry,5,,No change from 2017 NAICS,false,2381,23,Construction
238150,Glass and Glazing Contractors,Glass and Glazing Contractors,National Industry,6,,No change from 2017 NAICS,false,23815,23,Construction
23816,Roofing Contractors,Roofing Contractors,NAICS Industry,5,,No change from 2017 NAICS,false,2381,23,Construction
238160,Roofing Contractors,Roofing Contractors,National Industry,6,,No change from 2017 NAICS,false,23816,23,Construction
23817,Siding Contractors,Siding Contractors,NAICS Industry,5,,No change from 2017 NAICS,false,2381,23,Construction
238170,Siding Contractors,Siding Contractors,National Industry,6,,No change from 2017 NAICS,false,23817,23,Construction
23819,"Other Foundation, Structure, and Building Exterior Contractors","Other Foundation, Structure, and Building Exterior Contractors",NAICS Industry,5,,No change from 2017 NAICS,false,2381,23,Construction
238190,"Other Foundation, Structure, and Building Exterior Contractors","Other Foundation, Structure, and Building Exterior Contractors",National Industry,6,,No change from 2017 NAICS,false,23819,23,Construction
2382,Building Equipment Contractors,Building Equipment ContractorsT,Industry Group,4,,No change from 2017 NAICS,true,238,23,Construction
23821,Electrical Contractors and Other Wiring Installation Contractors,Electrical Contractors and Other Wiring Installation ContractorsT,NAICS Industry,5,,No change from 2017 NAICS,true,2382,23,Construction
238210,Electrical Contractors and Other Wiring Installation Contractors,Electrical Contractors and Other Wiring Installation Contractors,National Industry,6,,No change from 2017 NAICS,false,23821,23,Construction
23822,"Plumbing, Heating, and Air-Conditioning Contractors","Plumbing, Heating, and Air-Conditioning ContractorsT",NAICS Industry,5,,No change from 2017 NAICS,true,2382,23,Construction
238220,"Plumbing, Heating, and Air-Conditioning Contractors","Plumbing, Heating, and Air-Conditioning Contractors",National Industry,6,,No change from 2017 NAICS,false,23822,23,Construction
23829,Other Building Equipment Contractors,Other Building Equipment ContractorsT,NAICS Industry,5,,No change from 2017 NAICS,true,2382,23,Construction
238290,Other Building Equipment Contractors,Other Building Equipment Contractors,National Industry,6,,No change from 2017 NAICS,false,23829,23,Construction
2383,Building Finishing Contractors,Building Finishing ContractorsT,Industry Group,4,,No change from 2017 NAICS,true,238,23,Construction
23831,Drywall and Insulation Contractors,Drywall and Insulation ContractorsT,NAICS Industry,5,,No change from 2017 NAICS,true,2383,23,Construction
238310,Drywall and Insulation Contractors,Drywall and Insulation Contractors,National Industry,6,,No change from 2017 NAICS,false,23831,23,Construction
23832,Painting and Wall Covering Contractors,Painting and Wall Covering ContractorsT,NAICS Industry,5,,No change from 2017 NAICS,true,2383,23,Construction
238320,Painting and Wall Covering Contractors,Painting and Wall Covering Contractors,National Industry,6,,No change from 2017 NAICS,false,23832,23,Construction
23833,Flooring Contractors,Flooring ContractorsT,NAICS Industry,5,,No change from 2017 NAICS,true,2383,23,Construction
238330,Flooring Contractors,Flooring Contractors,National Industry,6,,No change from 2017 NAICS,false,23833,23,Construction
23834,Tile and Terrazzo Contractors,Tile and Terrazzo ContractorsT,NAICS Industry,5,,No change from 2017 NAICS,true,2383,23,Construction
238340,Tile and Terrazzo Contractors,Tile and Terrazzo Contractors,National Industry,6,,No change from 2017 NAICS,false,23834,23,Construction
23835,Finish Carpentry Contractors,Finish Carpentry ContractorsT,NAICS Industry,5,,No change from 2017 NAICS,true,2383,23,Construction
238350,Finish Carpentry Contractors,Finish Carpentry Contractors,National Industry,6,,No change from 2017 NAICS,false,23835,23,Construction
23839,Other Building Finishing Contractors,Other Building Finishing ContractorsT,NAICS Industry,5,,No change from 2017 NAICS,true,2383,23,Construction
238390,Other Building Finishing Contractors,Other Building Finishing Contractors,National Industry,6,,No change from 2017 NAICS,false,23839,23,Construction
2389,Other Specialty Trade Contractors,Other Specialty Trade ContractorsT,Industry Group,4,,No change from 2017 NAICS,true,238,23,Construction
23891,Site Preparation Contractors,Site Preparation ContractorsT,NAICS Industry,5,,No change from 2017 NAICS,true,2389,23,Construction
238910,Site Preparation Contractors,Site Preparation Contractors,National Industry,6,,No change from 2017 NAICS,false,23891,23,Construction
23899,All Other Specialty Trade Contractors,All Other Specialty Trade ContractorsT,NAICS Industry,5,,No change from 2017 NAICS,true,2389,23,Construction
238990,All Other Specialty Trade Contractors,All Other Specialty Trade Contractors,National Industry,6,,No change from 2017 NAICS,false,23899,23,Construction
31-33,Manufacturing,ManufacturingT,Sector,2,,No change from 2017 NAICS,true,,31-33,Manufacturing
311,Food Manufacturing,Food ManufacturingT,Subsector,3,,No change from 2017 NAICS,true,31-33,31-33,Manufacturing
3111,Animal Food Manufacturing,Animal Food ManufacturingT,Industry Group,4,,No change from 2017 NAICS,true,311,31-33,Manufacturing
31111,Animal Food Manufacturing,Animal Food ManufacturingT,NAICS Industry,5,,No change from 2017 NAICS,true,3111,31-33,Manufacturing
311111,Dog and Cat Food Manufacturing,Dog and Cat Food Manufacturing,National Industry,6,,No change from 2017 NAICS,false,31111,31-33,Manufacturing
311119,Other Animal Food Manufacturing,Other Animal Food Manufacturing,National Industry,6,,No change from 2017 NAICS,false,31111,31-33,Manufacturing
3112,Grain and Oilseed Milling,Grain and Oilseed MillingT,Industry Group,4,,No change from 2017 NAICS,true,311,31-33,Manufacturing
31121,Flour Milling and Malt Manufacturing,Flour Milling and Malt ManufacturingT,NAICS Industry,5,,No change from 2017 NAICS,true,3112,31-33,Manufacturing
311211,Flour Milling,Flour Milling,National Industry,6,,No change from 2017 NAICS,false,31121,31-33,Manufacturing
311212,Rice Milling,Rice Milling,National Industry,6,,No change from 2017 NAICS,false,31121,31-33,Manufacturing
311213,Malt Manufacturing,Malt Manufacturing,National Industry,6,,No change from 2017 NAICS,false,31121,31-33,Manufacturing
31122,Starch and Vegetable Fats and Oils Manufacturing,Starch and Vegetable Fats and Oils ManufacturingT,NAICS Industry,5,,No change from 2017 NAICS,true,3112,31-33,Manufacturing
311221,Wet Corn Milling and Starch Manufacturing,Wet Corn Milling and Starch Manufacturing,National Industry,6,*,"Title change, no content change",false,31122,31-33,Manufacturing
311224,Soybean and Other Oilseed Processing,Soybean and Other Oilseed Processing,National Industry,6,,No change from 2017 NAICS,false,31122,31-33,Manufacturing
311225,Fats and Oils Refining and Blending,Fats and Oils Refining and Blending,National Industry,6,,No change from 2017 NAICS,false,31122,31-33,Manufacturing
31123,Breakfast Cereal Manufacturing,Breakfast Cereal ManufacturingT,NAICS Industry,5,,No change from 2017 NAICS,true,3112,31-33,Manufacturing
311230,Breakfast Cereal Manufacturing,Breakfast Cereal Manufacturing,National Industry,6,,No change from 2017 NAICS,false,31123,31-33,Manufacturing
3113,Sugar and Confectionery Product Manufacturing,Sugar and Confectionery Product ManufacturingT,Industry Group,4,,No change from 2017 NAICS,true,311,31-33,Manufacturing
31131,Sugar Manufacturing,Sugar ManufacturingT,NAICS Industry,5,,No change from 2017 NAICS,true,3113,31-33,Manufacturing
311313,Beet Sugar Manufacturing,Beet Sugar Manufacturing,National Industry,6,,No change from 2017 NAICS,false,31131,31-33,Manufacturing
311314,Cane Sugar Manufacturing,Cane Sugar Manufacturing,National Industry,6,,No change from 2017 NAICS,false,31131,31-33,Manufacturing
31134,Nonchocolate Confectionery Manufacturing,Nonchocolate Confectionery ManufacturingT,NAICS Industry,5,,No change from 2017 NAICS,true,3113,31-33,Manufacturing
311340,Nonchocolate Confectionery Manufacturing,Nonchocolate Confectionery Manufacturing,National Industry,6,,No change from 2017 NAICS,false,31134,31-33,Manufacturing
31135,Chocolate and Confectionery Manufacturing,Chocolate and Confectionery ManufacturingT,NAICS Industry,5,,No change from 2017 NAICS,true,3113,31-33,Manufacturing
311351,Chocolate and Confectionery Manufacturing from Cacao Beans,Chocolate and Confectionery Manufacturing from Cacao Beans,National Industry,6,,No change from 2017 NAICS,false,31135,31-33,Manufacturing
311352,Confectionery Manufacturing from Purchased Chocolate,Confectionery Manufacturing from Purchased Chocolate,National Industry,6,,No change from 2017 NAICS,false,31135,31-33,Manufacturing
3114,Fruit and Vegetable Preserving and Specialty Food Manufacturing,Fruit and Vegetable Preserving and Specialty Food ManufacturingT,Industry Group,4,,No change from 2017 NAICS,true,311,31-33,Manufacturing
31141,Frozen Food Manufacturing,Frozen Food ManufacturingT,NAICS Industry,5,,No change from 2017 NAICS,true,3114,31-33,Manufacturing
311411,"Frozen Fruit, Juice, and Vegetable Manufacturing","Frozen Fruit, Juice, and Vegetable Manufacturing",National Industry,6,,No change from 2017 NAICS,false,31141,31-33,Manufacturing
311412,Frozen Specialty Food Manufacturing,Frozen Specialty Food Manufacturing,National Industry,6,,No change from 2017 NAICS,false,31141,31-33,Manufacturing
31142,"Fruit and Vegetable Canning, Pickling, and Drying","Fruit and Vegetable Canning, Pickling, and DryingT",NAICS Industry,5,,No change from 2017 NAICS,true,3114,31-33,Manufacturing
311421,Fruit and Vegetable Canning,Fruit and Vegetable Canning,National Industry,6,,No change from 2017 NAICS,false,31142,31-33,Manufacturing
311422,Specialty Canning,Specialty Canning,National Industry,6,,No change from 2017 NAICS,false,31142,31-33,Manufacturing
311423,Dried and Dehydrated Food Manufacturing,Dried and Dehydrated Food Manufacturing,National Industry,6,,No change from 2017 NAICS,false,31142,31-33,Manufacturing
3115,Dairy Product Manufacturing,Dairy Product ManufacturingT,Industry Group,4,,No change from 2017 NAICS,true,311,31-33,Manufacturing
31151,Dairy Product (except Frozen) Manufacturing,Dairy Product (except Frozen) ManufacturingT,NAICS Industry,5,,No change from 2017 NAICS,true,3115,31-33,Manufacturing
311511,Fluid Milk Manufacturing,Fluid Milk Manufacturing,National Industry,6,,No change from 2017 NAICS,false,31151,31-33,Manufacturing
311512,Creamery Butter Manufacturing,Creamery Butter Manufacturing,National Industry,6,,No change from 2017 NAICS,false,31151,31-33,Manufacturing
311513,Cheese Manufacturing,Cheese Manufacturing,National Industry,6,,No change from 2017 NAICS,false,31151,31-33,Manufacturing
311514,"Dry, Condensed, and Evaporated Dairy Product Manufacturing","Dry, Condensed, and Evaporated Dairy Product Manufacturing",National Industry,6,,No change from 2017 NAICS,false,31151,31-33,Manufacturing
31152,Ice Cream and Frozen Dessert Manufacturing,Ice Cream and Frozen Dessert ManufacturingT,NAICS Industry,5,,No change from 2017 NAICS,true,3115,31-33,Manufacturing
311520,Ice Cream and Frozen Dessert Manufacturing,Ice Cream and Frozen Dessert Manufacturing,National Industry,6,,No change from 2017 NAICS,false,31152,31-33,Manufacturing
3116,Animal Slaughtering and Processing,Animal Slaughtering and ProcessingT,Industry Group,4,,No change from 2017 NAICS,true,311,31-33,Manufacturing
31161,Animal Slaughtering and Processing,Animal Slaughtering and ProcessingT,NAICS Industry,5,,No change from 2017 NAICS,true,3116,31-33,Manufacturing
311611,Animal (except Poultry) Slaughtering,Animal (except Poultry) Slaughtering,National Industry,6,,No change from 2017 NAICS,false,31161,31-33,Manufacturing
311612,Meat Processed from Carcasses,Meat Processed from Carcasses,National Industry,6,,No change from 2017 NAICS,false,31161,31-33,Manufacturing
311613,Rendering and Meat Byproduct Processing,Rendering and Meat Byproduct Processing,National Industry,6,,No change from 2017 NAICS,false,31161,31-33,Manufacturing
311615,Poultry Processing,Poultry Processing,National Industry,6,,No change from 2017 NAICS,false,31161,31-33,Manufacturing
3117,Seafood Product Preparation and Packaging,Seafood Product Preparation and PackagingT,Industry Group,4,,No change from 2017 NAICS,true,311,31-33,Manufacturing
31171,Seafood Product Preparation and Packaging,Seafood Product Preparation and PackagingT,NAICS Industry,5,,No change from 2017 NAICS,true,3117,31-33,Manufacturing
311710,Seafood Product Preparation and Packaging,Seafood Product Preparation and Packaging,National Industry,6,,No change from 2017 NAICS,false,31171,31-33,Manufacturing
3118,Bakeries and Tortilla Manufacturing,Bakeries and Tortilla ManufacturingT,Industry Group,4,,No change from 2017 NAICS,true,311,31-33,Manufacturing
31181,Bread and Bakery Product Manufacturing,Bread and Bakery Product ManufacturingT,NAICS Industry,5,,No change from 2017 NAICS,true,3118,31-33,Manufacturing
311811,Retail Bakeries,Retail Bakeries,National Industry,6,,No change from 2017 NAICS,false,31181,31-33,Manufacturing
311812,Commercial Bakeries,Commercial Bakeries,National Industry,6,,No change from 2017 NAICS,false,31181,31-33,Manufacturing
311813,"Frozen Cakes, Pies, and Other Pastries Manufacturing","Frozen Cakes, Pies, and Other Pastries Manufacturing",National Industry,6,,No change from 2017 NAICS,false,31181,31-33,Manufacturing
31182,"Cookie, Cracker, and Pasta Manufacturing","Cookie, Cracker, and Pasta ManufacturingT",NAICS Industry,5,,No change from 2017 NAICS,true,3118,31-33,Manufacturing
311821,Cookie and Cracker Manufacturing,Cookie and Cracker Manufacturing,National Industry,6,,No change from 2017 NAICS,false,31182,31-33,Manufacturing
311824,"Dry Pasta, Dough, and Flour Mixes Manufacturing from Purchased Flour","Dry Pasta, Dough, and Flour Mixes Manufacturing from Purchased Flour",National Industry,6,,No change from 2017 NAICS,false,31182,31-33,Manufacturing
31183,Tortilla Manufacturing,Tortilla ManufacturingT,NAICS Industry,5,,No change from 2017 NAICS,true,3118,31-33,Manufacturing
311830,Tortilla Manufacturing,Tortilla Manufacturing,National Industry,6,,No change from 2017 NAICS,false,31183,31-33,Manufacturing
3119,Other Food Manufacturing,Other Food ManufacturingT,Industry Group,4,,No change from 2017 NAICS,true,311,31-33,Manufacturing
31191,Snack Food Manufacturing,Snack Food ManufacturingT,NAICS Industry,5,,No change from 2017 NAICS,true,3119,31-33,Manufacturing
311911,Roasted Nuts and Peanut Butter Manufacturing,Roasted Nuts and Peanut Butter Manufacturing,National Industry,6,,No change from 2017 NAICS,false,31191,31-33,Manufacturing
311919,Other Snack Food Manufacturing,Other Snack Food Manufacturing,National Industry,6,,No change from 2017 NAICS,false,31191,31-33,Manufacturing
31192,Coffee and Tea Manufacturing,Coffee and Tea ManufacturingT,NAICS Industry,5,,No change from 2017 NAICS,true,3119,31-33,Manufacturing
311920,Coffee and Tea Manufacturing,Coffee and Tea Manufacturing,National Industry,6,,No change from 2017 NAICS,false,31192,31-33,Manufacturing
31193,Flavoring Syrup and Concentrate Manufacturing,Flavoring Syrup and Concentrate ManufacturingT,NAICS Industry,5,,No change from 2017 NAICS,true,3119,31-33,Manufacturing
311930,Flavoring Syrup and Concentrate Manufacturing,Flavoring Syrup and Concentrate Manufacturing,National Industry,6,,No change from 2017 NAICS,false,31193,31-33,Manufacturing
31194,Seasoning and Dressing Manufacturing,Seasoning and Dressing ManufacturingT,NAICS Industry,5,,No change from 2017 NAICS,true,3119,31-33,Manufacturing
311941,"Mayonnaise, Dressing, and Other Prepared Sauce Manufacturing","Mayonnaise, Dressing, and Other Prepared Sauce Manufacturing",National Industry,6,,No change from 2017 NAICS,false,31194,31-33,Manufacturing
311942,Spice and Extract Manufacturing,Spice and Extract Manufacturing,National Industry,6,,No change from 2017 NAICS,false,31194,31-33,Manufacturing
31199,All Other Food Manufacturing,All Other Food ManufacturingT,NAICS Industry,5,,No change from 2017 NAICS,true,3119,31-33,Manufacturing
311991,Perishable Prepared Food Manufacturing,Perishable Prepared Food Manufacturing,National Industry,6,,No change from 2017 NAICS,false,31199,31-33,Manufacturing
311999,All Other Miscellaneous Food Manufacturing,All Other Miscellaneous Food Manufacturing,National Industry,6,,No change from 2017 NAICS,false,31199,31-33,Manufacturing
312,Beverage and Tobacco Product Manufacturing,Beverage and Tobacco Product ManufacturingT,Subsector,3,,No change from 2017 NAICS,true,31-33,31-33,Manufacturing
3121,Beverage Manufacturing,Beverage ManufacturingT,Industry Group,4,,No change from 2017 NAICS,true,312,31-33,Manufacturing
31211,Soft Drink and Ice Manufacturing,Soft Drink and Ice ManufacturingT,NAICS Industry,5,,No change from 2017 NAICS,true,3121,31-33,Manufacturing
312111,Soft Drink Manufacturing,Soft Drink Manufacturing,National Industry,6,,No change from 2017 NAICS,false,31211,31-33,Manufacturing
312112,Bottled Water Manufacturing,Bottled Water Manufacturing,National Industry,6,,No change from 2017 NAICS,false,31211,31-33,Manufacturing
312113,Ice Manufacturing,Ice Manufacturing,National Industry,6,,No change from 2017 NAICS,false,31211,31-33,Manufacturing
31212,Breweries,BreweriesT,NAICS Industry,5,,No change from 2017 NAICS,true,3121,31-33,Manufacturing
312120,Breweries,Breweries,National Industry,6,,No change from 2017 NAICS,false,31212,31-33,Manufacturing
31213,Wineries,WineriesT,NAICS Industry,5,,No change from 2017 NAICS,true,3121,31-33,Manufacturing
312130,Wineries,Wineries,National Industry,6,,No change from 2017 NAICS,false,31213,31-33,Manufacturing
31214,Distilleries,DistilleriesT,NAICS Industry,5,,No change from 2017 NAICS,true,3121,31-33,Manufacturing
312140,Distilleries,Distilleries,National Industry,6,,No change from 2017 NAICS,false,31214,31-33,Manufacturing
3122,Tobacco Manufacturing,Tobacco ManufacturingT,Industry Group,4,,No change from 2017 NAICS,true,312,31-33,Manufacturing
31223,Tobacco Manufacturing,Tobacco Manufacturing,NAICS Industry,5,,No change from 2017 NAICS,false,3122,31-33,Manufacturing
312230,Tobacco Manufacturing,Tobacco Manufacturing,National Industry,6,,No change from 2017 NAICS,false,31223,31-33,Manufacturing
313,Textile Mills,Textile MillsT,Subsector,3,,No change from 2017 NAICS,true,31-33,31-33,Manufacturing
3131,"Fiber, Yarn, and Thread Mills","Fiber, Yarn, and Thread MillsT",Industry Group,4,,No change from 2017 NAICS,true,313,31-33,Manufacturing
31311,"Fiber, Yarn, and Thread Mills","Fiber, Yarn, and Thread MillsT",NAICS Industry,5,,No change from 2017 NAICS,true,3131,31-33,Manufacturing
313110,"Fiber, Yarn, and Thread Mills","Fiber, Yarn, and Thread Mills",National Industry,6,,No change from 2017 NAICS,false,31311,31-33,Manufacturing
3132,Fabric Mills,Fabric MillsT,Industry Group,4,,No change from 2017 NAICS,true,313,31-33,Manufacturing
31321,Broadwoven Fabric Mills,Broadwoven Fabric MillsT,NAICS Industry,5,,No change from 2017 NAICS,true,3132,31-33,Manufacturing
313210,Broadwoven Fabric Mills,Broadwoven Fabric Mills,National Industry,6,,No change from 2017 NAICS,false,31321,31-33,Manufacturing
31322,Narrow Fabric Mills and Schiffli Machine Embroidery,Narrow Fabric Mills and Schiffli Machine EmbroideryT,NAICS Industry,5,,No change from 2017 NAICS,true,3132,31-33,Manufacturing
313220,Narrow Fabric Mills and Schiffli Machine Embroidery,Narrow Fabric Mills and Schiffli Machine Embroidery,National Industry,6,,No change from 2017 NAICS,false,31322,31-33,Manufacturing
31323,Nonwoven Fabric Mills,Nonwoven Fabric MillsT,NAICS Industry,5,,No change from 2017 NAICS,true,3132,31-33,Manufacturing
313230,Nonwoven Fabric Mills,Nonwoven Fabric Mills,National Industry,6,,No change from 2017 NAICS,false,31323,31-33,Manufacturing
31324,Knit Fabric Mills,Knit Fabric MillsT,NAICS Industry,5,,No change from 2017 NAICS,true,3132,31-33,Manufacturing
313240,Knit Fabric Mills,Knit Fabric Mills,National Industry,6,,No change from 2017 NAICS,false,31324,31-33,Manufacturing
3133,Textile and Fabric Finishing and Fabric Coating Mills,Textile and Fabric Finishing and Fabric Coating MillsT,Industry Group,4,,No change from 2017 NAICS,true,313,31-33,Manufacturing
31331,Textile and Fabric Finishing Mills,Textile and Fabric Finishing MillsT,NAICS Industry,5,,No change from 2017 NAICS,true,3133,31-33,Manufacturing
313310,Textile and Fabric Finishing Mills,Textile and Fabric Finishing Mills,National Industry,6,,No change from 2017 NAICS,false,31331,31-33,Manufacturing
31332,Fabric Coating Mills,Fabric Coating MillsT,NAICS Industry,5,,No change from 2017 NAICS,true,3133,31-33,Manufacturing
313320,Fabric Coating Mills,Fabric Coating Mills,National Industry,6,,No change from 2017 NAICS,false,31332,31-33,Manufacturing
314,Textile Product Mills,Textile Product MillsT,Subsector,3,,No change from 2017 NAICS,true,31-33,31-33,Manufacturing
3141,Textile Furnishings Mills,Textile Furnishings MillsT,Industry Group,4,,No change from 2017 NAICS,true,314,31-33,Manufacturing
31411,Carpet and Rug Mills,Carpet and Rug MillsT,NAICS Industry,5,,No change from 2017 NAICS,true,3141,31-33,Manufacturing
314110,Carpet and Rug Mills,Carpet and Rug Mills,National Industry,6,,No change from 2017 NAICS,false,31411,31-33,Manufacturing
31412,Curtain and Linen Mills,Curtain and Linen MillsT,NAICS Industry,5,,No change from 2017 NAICS,true,3141,31-33,Manufacturing
314120,Curtain and Linen Mills,Curtain and Linen Mills,National Industry,6,,No change from 2017 NAICS,false,31412,31-33,Manufacturing
3149,Other Textile Product Mills,Other Textile Product MillsT,Industry Group,4,,No change from 2017 NAICS,true,314,31-33,Manufacturing
31491,Textile Bag and Canvas Mills,Textile Bag and Canvas MillsT,NAICS Industry,5,,No change from 2017 NAICS,true,3149,31-33,Manufacturing
314910,Textile Bag and Canvas Mills,Textile Bag and Canvas Mills,National Industry,6,,No change from 2017 NAICS,false,31491,31-33,Manufacturing
31499,All Other Textile Product Mills,All Other Textile Product MillsT,NAICS Industry,5,,No change from 2017 NAICS,true,3149,31-33,Manufacturing
314994,"Rope, Cordage, Twine, Tire Cord, and Tire Fabric Mills","Rope, Cordage, Twine, Tire Cord, and Tire Fabric Mills",National Industry,6,,No change from 2017 NAICS,false,31499,31-33,Manufacturing
314999,All Other Miscellaneous Textile Product Mills,All Other Miscellaneous Textile Product Mills,National Industry,6,,No change from 2017 NAICS,false,31499,31-33,Manufacturing
315,Apparel Manufacturing,Apparel ManufacturingT,Subsector,3,,No change from 2017 NAICS,true,31-33,31-33,Manufacturing
3151,Apparel Knitting Mills,Apparel Knitting MillsT,Industry Group,4,,No change from 2017 NAICS,true,315,31-33,Manufacturing
31512,Apparel Knitting Mills,Apparel Knitting MillsT,NAICS Industry,5,**,New code for 2022 NAICS,true,3151,31-33,Manufacturing
315120,Apparel Knitting Mills,Apparel Knitting Mills,National Industry,6,**,New code for 2022 NAICS,false,31512,31-33,Manufacturing
3152,Cut and Sew Apparel Manufacturing,Cut and Sew Apparel ManufacturingT,Industry Group,4,,No change from 2017 NAICS,true,315,31-33,Manufacturing
31521,Cut and Sew Apparel Contractors,Cut and Sew Apparel Contractors,NAICS Industry,5,,No change from 2017 NAICS,false,3152,31-33,Manufacturing
315210,Cut and Sew Apparel Contractors,Cut and Sew Apparel Contractors,National Industry,6,,No change from 2017 NAICS,false,31521,31-33,Manufacturing
31525,Cut and Sew Apparel Manufacturing (except Contractors),Cut and Sew Apparel Manufacturing (except Contractors),NAICS Industry,5,**,New code for 2022 NAICS,false,3152,31-33,Manufacturing
315250,Cut and Sew Apparel Manufacturing (except Contractors),Cut and Sew Apparel Manufacturing (except Contractors),National Industry,6,**,New code for 2022 NAICS,false,31525,31-33,Manufacturing
3159,Apparel Accessories and Other Apparel Manufacturing,Apparel Accessories and Other Apparel ManufacturingT,Industry Group,4,,No change from 2017 NAICS,true,315,31-33,Manufacturing
31599,Apparel Accessories and Other Apparel Manufacturing,Apparel Accessories and Other Apparel ManufacturingT,NAICS Industry,5,,No change from 2017 NAICS,true,3159,31-33,Manufacturing
315990,Apparel Accessories and Other Apparel Manufacturing,Apparel Accessories and Other Apparel Manufacturing,National Industry,6,,No change from 2017 NAICS,false,31599,31-33,Manufacturing
316,Leather and Allied Product Manufacturing,Leather and Allied Product ManufacturingT,Subsector,3,,No change from 2017 NAICS,true,31-33,31-33,Manufacturing
3161,Leather and Hide Tanning and Finishing,Leather and Hide Tanning and FinishingT,Industry Group,4,,No change from 2017 NAICS,true,316,31-33,Manufacturing
31611,Leather and Hide Tanning and Finishing,Leather and Hide Tanning and FinishingT,NAICS Industry,5,,No change from 2017 NAICS,true,3161,31-33,Manufacturing
316110,Leather and Hide Tanning and Finishing,Leather and Hide Tanning and Finishing,National Industry,6,,No change from 2017 NAICS,false,31611,31-33,Manufacturing
3162,Footwear Manufacturing,Footwear ManufacturingT,Industry Group,4,,No change from 2017 NAICS,true,316,31-33,Manufacturing
31621,Footwear Manufacturing,Footwear ManufacturingT,NAICS Industry,5,,No change from 2017 NAICS,true,3162,31-33,Manufacturing
316210,Footwear Manufacturing,Footwear Manufacturing,National Industry,6,,No change from 2017 NAICS,false,31621,31-33,Manufacturing
3169,Other Leather and Allied Product Manufacturing,Other Leather and Allied Product ManufacturingT,Industry Group,4,,No change from 2017 NAICS,true,316,31-33,Manufacturing
31699,Other Leather and Allied Product Manufacturing,Other Leather and Allied Product ManufacturingT,NAICS Industry,5,,No change from 2017 NAICS,true,3169,31-33,Manufacturing
316990,Other Leather and Allied Product Manufacturing,Other Leather and Allied Product Manufacturing,National Industry,6,**,New code for 2022 NAICS,false,31699,31-33,Manufacturing
321,Wood Product Manufacturing,Wood Product ManufacturingT,Subsector,3,,No change from 2017 NAICS,true,31-33,31-33,Manufacturing
3211,Sawmills and Wood Preservation,Sawmills and Wood PreservationT,Industry Group,4,,No change from 2017 NAICS,true,321,31-33,Manufacturing
32111,Sawmills and Wood Preservation,Sawmills and Wood PreservationT,NAICS Industry,5,,No change from 2017 NAICS,true,3211,31-33,Manufacturing
321113,Sawmills,Sawmills,National Industry,6,,No change from 2017 NAICS,false,32111,31-33,Manufacturing
321114,Wood Preservation,Wood Preservation,National Industry,6,,No change from 2017 NAICS,false,32111,31-33,Manufacturing
3212,"Veneer, Plywood, and Engineered Wood Product Manufacturing","Veneer, Plywood, and Engineered Wood Product ManufacturingT",Industry Group,4,,No change from 2017 NAICS,true,321,31-33,Manufacturing
32121,"Veneer, Plywood, and Engineered Wood Product Manufacturing","Veneer, Plywood, and Engineered Wood Product ManufacturingT",NAICS Industry,5,,No change from 2017 NAICS,true,3212,31-33,Manufacturing
321211,Hardwood Veneer and Plywood Manufacturing,Hardwood Veneer and Plywood Manufacturing,National Industry,6,,No change from 2017 NAICS,false,32121,31-33,Manufacturing
321212,Softwood Veneer and Plywood Manufacturing,Softwood Veneer and Plywood Manufacturing,National Industry,6,,No change from 2017 NAICS,false,32121,31-33,Manufacturing
321215,Engineered Wood Member Manufacturing,Engineered Wood Member Manufacturing,National Industry,6,**,New code for 2022 NAICS,false,32121,31-33,Manufacturing
321219,Reconstituted Wood Product Manufacturing,Reconstituted Wood Product Manufacturing,National Industry,6,,No change from 2017 NAICS,false,32121,31-33,Manufacturing
3219,Other Wood Product Manufacturing,Other Wood Product ManufacturingT,Industry Group,4,,No change from 2017 NAICS,true,321,31-33,Manufacturing
32191,Millwork,MillworkT,NAICS Industry,5,,No change from 2017 NAICS,true,3219,31-33,Manufacturing
321911,Wood Window and Door Manufacturing,Wood Window and Door Manufacturing,National Industry,6,,No change from 2017 NAICS,false,32191,31-33,Manufacturing
321912,"Cut Stock, Resawing Lumber, and Planing","Cut Stock, Resawing Lumber, and Planing",National Industry,6,,No change from 2017 NAICS,false,32191,31-33,Manufacturing
321918,Other Millwork (including Flooring),Other Millwork (including Flooring),National Industry,6,,No change from 2017 NAICS,false,32191,31-33,Manufacturing
32192,Wood Container and Pallet Manufacturing,Wood Container and Pallet ManufacturingT,NAICS Industry,5,,No change from 2017 NAICS,true,3219,31-33,Manufacturing
321920,Wood Container and Pallet Manufacturing,Wood Container and Pallet Manufacturing,National Industry,6,,No change from 2017 NAICS,false,32192,31-33,Manufacturing
32199,All Other Wood Product Manufacturing,All Other Wood Product ManufacturingT,NAICS Industry,5,,No change from 2017 NAICS,true,3219,31-33,Manufacturing
321991,Manufactured Home (Mobile Home) Manufacturing,Manufactured Home (Mobile Home) Manufacturing,National Industry,6,,No change from 2017 NAICS,false,32199,31-33,Manufacturing
321992,Prefabricated Wood Building Manufacturing,Prefabricated Wood Building Manufacturing,National Industry,6,,No change from 2017 NAICS,false,32199,31-33,Manufacturing
321999,All Other Miscellaneous Wood Product Manufacturing,All Other Miscellaneous Wood Product Manufacturing,National Industry,6,,No change from 2017 NAICS,false,32199,31-33,Manufacturing
322,Paper Manufacturing,Paper ManufacturingT,Subsector,3,,No change from 2017 NAICS,true,31-33,31-33,Manufacturing
3221,"Pulp, Paper, and Paperboard Mills","Pulp, Paper, and Paperboard MillsT",Industry Group,4,,No change from 2017 NAICS,true,322,31-33,Manufacturing
32211,Pulp Mills,Pulp MillsT,NAICS Industry,5,,No change from 2017 NAICS,true,3221,31-33,Manufacturing
322110,Pulp Mills,Pulp Mills,National Industry,6,,No change from 2017 NAICS,false,32211,31-33,Manufacturing
32212,Paper Mills,Paper MillsT,NAICS Industry,5,,No change from 2017 NAICS,true,3221,31-33,Manufacturing
322120,Paper Mills,Paper Mills,National Industry,6,**,New code for 2022 NAICS,false,32212,31-33,Manufacturing
32213,Paperboard Mills,Paperboard MillsT,NAICS Industry,5,,No change from 2017 NAICS,true,3221,31-33,Manufacturing
322130,Paperboard Mills,Paperboard Mills,National Industry,6,,No change from 2017 NAICS,false,32213,31-33,Manufacturing
3222,Converted Paper Product Manufacturing,Converted Paper Product ManufacturingT,Industry Group,4,,No change from 2017 NAICS,true,322,31-33,Manufacturing
32221,Paperboard Container Manufacturing,Paperboard Container ManufacturingT,NAICS Industry,5,,No change from 2017 NAICS,true,3222,31-33,Manufacturing
322211,Corrugated and Solid Fiber Box Manufacturing,Corrugated and Solid Fiber Box Manufacturing,National Industry,6,,No change from 2017 NAICS,false,32221,31-33,Manufacturing
322212,Folding Paperboard Box Manufacturing,Folding Paperboard Box Manufacturing,National Industry,6,,No change from 2017 NAICS,false,32221,31-33,Manufacturing
322219,Other Paperboard Container Manufacturing,Other Paperboard Container Manufacturing,National Industry,6,,No change from 2017 NAICS,false,32221,31-33,Manufacturing
32222,Paper Bag and Coated and Treated Paper Manufacturing,Paper Bag and Coated and Treated Paper ManufacturingT,NAICS Industry,5,,No change from 2017 NAICS,true,3222,31-33,Manufacturing
322220,Paper Bag and Coated and Treated Paper Manufacturing,Paper Bag and Coated and Treated Paper Manufacturing,National Industry,6,,No change from 2017 NAICS,false,32222,31-33,Manufacturing
32223,Stationery Product Manufacturing,Stationery Product ManufacturingT,NAICS Industry,5,,No change from 2017 NAICS,true,3222,31-33,Manufacturing
322230,Stationery Product Manufacturing,Stationery Product Manufacturing,National Industry,6,,No change from 2017 NAICS,false,32223,31-33,Manufacturing
32229,Other Converted Paper Product Manufacturing,Other Converted Paper Product ManufacturingT,NAICS Industry,5,,No change from 2017 NAICS,true,3222,31-33,Manufacturing
322291,Sanitary Paper Product Manufacturing,Sanitary Paper Product Manufacturing,National Industry,6,,No change from 2017 NAICS,false,32229,31-33,Manufacturing
322299,All Other Converted Paper Product Manufacturing,All Other Converted Paper Product Manufacturing,National Industry,6,,No change from 2017 NAICS,false,32229,31-33,Manufacturing
323,Printing and Related Support Activities,Printing and Related Support ActivitiesT,Subsector,3,,No change from 2017 NAICS,true,31-33,31-33,Manufacturing
3231,Printing and Related Support Activities,Printing and Related Support ActivitiesT,Industry Group,4,,No change from 2017 NAICS,true,323,31-33,Manufacturing
32311,Printing,PrintingT,NAICS Industry,5,,No change from 2017 NAICS,true,3231,31-33,Manufacturing
323111,Commercial Printing (except Screen and Books),Commercial Printing (except Screen and Books),National Industry,6,,No change from 2017 NAICS,false,32311,31-33,Manufacturing
323113,Commercial Screen Printing,Commercial Screen Printing,National Industry,6,,No change from 2017 NAICS,false,32311,31-33,Manufacturing
323117,Books Printing,Books Printing,National Industry,6,,No change from 2017 NAICS,false,32311,31-33,Manufacturing
32312,Support Activities for Printing,Support Activities for PrintingT,NAICS Industry,5,,No change from 2017 NAICS,true,3231,31-33,Manufacturing
323120,Support Activities for Printing,Support Activities for Printing,National Industry,6,,No change from 2017 NAICS,false,32312,31-33,Manufacturing
324,Petroleum and Coal Products Manufacturing,Petroleum and Coal Products ManufacturingT,Subsector,3,,No change from 2017 NAICS,true,31-33,31-33,Manufacturing
3241,Petroleum and Coal Products Manufacturing,Petroleum and Coal Products ManufacturingT,Industry Group,4,,No change from 2017 NAICS,true,324,31-33,Manufacturing
32411,Petroleum Refineries,Petroleum RefineriesT,NAICS Industry,5,,No change from 2017 NAICS,true,3241,31-33,Manufacturing
324110,Petroleum Refineries,Petroleum Refineries,National Industry,6,,No change from 2017 NAICS,false,32411,31-33,Manufacturing
32412,"Asphalt Paving, Roofing, and Saturated Materials Manufacturing","Asphalt Paving, Roofing, and Saturated Materials ManufacturingT",NAICS Industry,5,,No change from 2017 NAICS,true,3241,31-33,Manufacturing
324121,Asphalt Paving Mixture and Block Manufacturing,Asphalt Paving Mixture and Block Manufacturing,National Industry,6,,No change from 2017 NAICS,false,32412,31-33,Manufacturing
324122,Asphalt Shingle and Coating Materials Manufacturing,Asphalt Shingle and Coating Materials Manufacturing,National Industry,6,,No change from 2017 NAICS,false,32412,31-33,Manufacturing
32419,Other Petroleum and Coal Products Manufacturing,Other Petroleum and Coal Products ManufacturingT,NAICS Industry,5,,No change from 2017 NAICS,true,3241,31-33,Manufacturing
324191,Petroleum Lubricating Oil and Grease Manufacturing,Petroleum Lubricating Oil and Grease Manufacturing,National Industry,6,,No change from 2017 NAICS,false,32419,31-33,Manufacturing
324199,All Other Petroleum and Coal Products Manufacturing,All Other Petroleum and Coal Products Manufacturing,National Industry,6,,No change from 2017 NAICS,false,32419,31-33,Manufacturing
325,Chemical Manufacturing,Chemical ManufacturingT,Subsector,3,,No change from 2017 NAICS,true,31-33,31-33,Manufacturing
3251,Basic Chemical Manufacturing,Basic Chemical ManufacturingT,Industry Group,4,,No change from 2017 NAICS,true,325,31-33,Manufacturing
32511,Petrochemical Manufacturing,Petrochemical ManufacturingT,NAICS Industry,5,,No change from 2017 NAICS,true,3251,31-33,Manufacturing
325110,Petrochemical Manufacturing,Petrochemical Manufacturing,National Industry,6,,No change from 2017 NAICS,false,32511,31-33,Manufacturing
32512,Industrial Gas Manufacturing,Industrial Gas ManufacturingT,NAICS Industry,5,,No change from 2017 NAICS,true,3251,31-33,Manufacturing
325120,Industrial Gas Manufacturing,Industrial Gas Manufacturing,National Industry,6,,No change from 2017 NAICS,false,32512,31-33,Manufacturing
32513,Synthetic Dye and Pigment Manufacturing,Synthetic Dye and Pigment ManufacturingT,NAICS Industry,5,,No change from 2017 NAICS,true,3251,31-33,Manufacturing
325130,Synthetic Dye and Pigment Manufacturing,Synthetic Dye and Pigment Manufacturing,National Industry,6,,No change from 2017 NAICS,false,32513,31-33,Manufacturing
32518,Other Basic Inorganic Chemical Manufacturing,Other Basic Inorganic Chemical ManufacturingT,NAICS Industry,5,,No change from 2017 NAICS,true,3251,31-33,Manufacturing
325180,Other Basic Inorganic Chemical Manufacturing,Other Basic Inorganic Chemical Manufacturing,National Industry,6,,No change from 2017 NAICS,false,32518,31-33,Manufacturing
32519,Other Basic Organic Chemical Manufacturing,Other Basic Organic Chemical ManufacturingT,NAICS Industry,5,,No change from 2017 NAICS,true,3251,31-33,Manufacturing
325193,Ethyl Alcohol Manufacturing,Ethyl Alcohol Manufacturing,National Industry,6,,No change from 2017 NAICS,false,32519,31-33,Manufacturing
325194,"Cyclic Crude, Intermediate, and Gum and Wood Chemical Manufacturing","Cyclic Crude, Intermediate, and Gum and Wood Chemical Manufacturing",National Industry,6,,No change from 2017 NAICS,false,32519,31-33,Manufacturing
325199,All Other Basic Organic Chemical Manufacturing,All Other Basic Organic Chemical Manufacturing,National Industry,6,,No change from 2017 NAICS,false,32519,31-33,Manufacturing
3252,"Resin, Synthetic Rubber, and Artificial and Synthetic Fibers and Filaments Manufacturing","Resin, Synthetic Rubber, and Artificial and Synthetic Fibers and Filaments ManufacturingT",Industry Group,4,,No change from 2017 NAICS,true,325,31-33,Manufacturing
32521,Resin and Synthetic Rubber Manufacturing,Resin and Synthetic Rubber ManufacturingT,NAICS Industry,5,,No change from 2017 NAICS,true,3252,31-33,Manufacturing
325211,Plastics Material and Resin Manufacturing,Plastics Material and Resin Manufacturing,National Industry,6,,No change from 2017 NAICS,false,32521,31-33,Manufacturing
325212,Synthetic Rubber Manufacturing,Synthetic Rubber Manufacturing,National Industry,6,,No change from 2017 NAICS,false,32521,31-33,Manufacturing
32522,Artificial and Synthetic Fibers and Filaments Manufacturing,Artificial and Synthetic Fibers and Filaments ManufacturingT,NAICS Industry,5,,No change from 2017 NAICS,true,3252,31-33,Manufacturing
325220,Artificial and Synthetic Fibers and Filaments Manufacturing,Artificial and Synthetic Fibers and Filaments Manufacturing,National Industry,6,,No change from 2017 NAICS,false,32522,31-33,Manufacturing
3253,"Pesticide, Fertilizer, and Other Agricultural Chemical Manufacturing","Pesticide, Fertilizer, and Other Agricultural Chemical ManufacturingT",Industry Group,4,,No change from 2017 NAICS,true,325,31-33,Manufacturing
32531,Fertilizer and Compost Manufacturing,Fertilizer and Compost ManufacturingT,NAICS Industry,5,*,"Title change, no content change",true,3253,31-33,Manufacturing
325311,Nitrogenous Fertilizer Manufacturing,Nitrogenous Fertilizer Manufacturing,National Industry,6,,No change from 2017 NAICS,false,32531,31-33,Manufacturing
325312,Phosphatic Fertilizer Manufacturing,Phosphatic Fertilizer Manufacturing,National Industry,6,,No change from 2017 NAICS,false,32531,31-33,Manufacturing
325314,Fertilizer (Mixing Only) Manufacturing,Fertilizer (Mixing Only) Manufacturing,National Industry,6,***,"Re-used code, content change (with or without title change)",false,32531,31-33,Manufacturing
325315,Compost Manufacturing,Compost Manufacturing,National Industry,6,**,New code for 2022 NAICS,false,32531,31-33,Manufacturing
32532,Pesticide and Other Agricultural Chemical Manufacturing,Pesticide and Other Agricultural Chemical ManufacturingT,NAICS Industry,5,,No change from 2017 NAICS,true,3253,31-33,Manufacturing
325320,Pesticide and Other Agricultural Chemical Manufacturing,Pesticide and Other Agricultural Chemical Manufacturing,National Industry,6,,No change from 2017 NAICS,false,32532,31-33,Manufacturing
3254,Pharmaceutical and Medicine Manufacturing,Pharmaceutical and Medicine ManufacturingT,Industry Group,4,,No change from 2017 NAICS,true,325,31-33,Manufacturing
32541,Pharmaceutical and Medicine Manufacturing,Pharmaceutical and Medicine ManufacturingT,NAICS Industry,5,,No change from 2017 NAICS,true,3254,31-33,Manufacturing
325411,Medicinal and Botanical Manufacturing,Medicinal and Botanical Manufacturing,National Industry,6,,No change from 2017 NAICS,false,32541,31-33,Manufacturing
325412,Pharmaceutical Preparation Manufacturing,Pharmaceutical Preparation Manufacturing,National Industry,6,,No change from 2017 NAICS,false,32541,31-33,Manufacturing
325413,In-Vitro Diagnostic Substance Manufacturing,In-Vitro Diagnostic Substance Manufacturing,National Industry,6,,No change from 2017 NAICS,false,32541,31-33,Manufacturing
325414,Biological Product (except Diagnostic) Manufacturing,Biological Product (except Diagnostic) Manufacturing,National Industry,6,,No change from 2017 NAICS,false,32541,31-33,Manufacturing
3255,"Paint, Coating, and Adhesive Manufacturing","Paint, Coating, and Adhesive ManufacturingT",Industry Group,4,,No change from 2017 NAICS,true,325,31-33,Manufacturing
32551,Paint and Coating Manufacturing,Paint and Coating ManufacturingT,NAICS Industry,5,,No change from 2017 NAICS,true,3255,31-33,Manufacturing
325510,Paint and Coating Manufacturing,Paint and Coating Manufacturing,National Industry,6,,No change from 2017 NAICS,false,32551,31-33,Manufacturing
32552,Adhesive Manufacturing,Adhesive ManufacturingT,NAICS Industry,5,,No change from 2017 NAICS,true,3255,31-33,Manufacturing
325520,Adhesive Manufacturing,Adhesive Manufacturing,National Industry,6,,No change from 2017 NAICS,false,32552,31-33,Manufacturing
3256,"Soap, Cleaning Compound, and Toilet Preparation Manufacturing","Soap, Cleaning Compound, and Toilet Preparation ManufacturingT",Industry Group,4,,No change from 2017 NAICS,true,325,31-33,Manufacturing
32561,Soap and Cleaning Compound Manufacturing,Soap and Cleaning Compound ManufacturingT,NAICS Industry,5,,No change from 2017 NAICS,true,3256,31-33,Manufacturing
325611,Soap and Other Detergent Manufacturing,Soap and Other Detergent Manufacturing,National Industry,6,,No change from 2017 NAICS,false,32561,31-33,Manufacturing
325612,Polish and Other Sanitation Good Manufacturing,Polish and Other Sanitation Good Manufacturing,National Industry,6,,No change from 2017 NAICS,false,32561,31-33,Manufacturing
325613,Surface Active Agent Manufacturing,Surface Active Agent Manufacturing,National Industry,6,,No change from 2017 NAICS,false,32561,31-33,Manufacturing
32562,Toilet Preparation Manufacturing,Toilet Preparation ManufacturingT,NAICS Industry,5,,No change from 2017 NAICS,true,3256,31-33,Manufacturing
325620,Toilet Preparation Manufacturing,Toilet Preparation Manufacturing,National Industry,6,,No change from 2017 NAICS,false,32562,31-33,Manufacturing
3259,Other Chemical Product and Preparation Manufacturing,Other Chemical Product and Preparation ManufacturingT,Industry Group,4,,No change from 2017 NAICS,true,325,31-33,Manufacturing
32591,Printing Ink Manufacturing,Printing Ink ManufacturingT,NAICS Industry,5,,No change from 2017 NAICS,true,3259,31-33,Manufacturing
325910,Printing Ink Manufacturing,Printing Ink Manufacturing,National Industry,6,,No change from 2017 NAICS,false,32591,31-33,Manufacturing
32592,Explosives Manufacturing,Explosives ManufacturingT,NAICS Industry,5,,No change from 2017 NAICS,true,3259,31-33,Manufacturing
325920,Explosives Manufacturing,Explosives Manufacturing,National Industry,6,,No change from 2017 NAICS,false,32592,31-33,Manufacturing
32599,All Other Chemical Product and Preparation Manufacturing,All Other Chemical Product and Preparation ManufacturingT,NAICS Industry,5,,No change from 2017 NAICS,true,3259,31-33,Manufacturing
325991,Custom Compounding of Purchased Resins,Custom Compounding of Purchased Resins,National Industry,6,,No change from 2017 NAICS,false,32599,31-33,Manufacturing
325992,"Photographic Film, Paper, Plate, Chemical, and Copy Toner Manufacturing","Photographic Film, Paper, Plate, Chemical, and Copy Toner Manufacturing",National Industry,6,*,"Title change, no content change",false,32599,31-33,Manufacturing
325998,All Other Miscellaneous Chemical Product and Preparation Manufacturing,All Other Miscellaneous Chemical Product and Preparation Manufacturing,National Industry,6,,No change from 2017 NAICS,false,32599,31-33,Manufacturing
326,Plastics and Rubber Products Manufacturing,Plastics and Rubber Products ManufacturingT,Subsector,3,,No change from 2017 NAICS,true,31-33,31-33,Manufacturing
3261,Plastics Product Manufacturing,Plastics Product ManufacturingT,Industry Group,4,,No change from 2017 NAICS,true,326,31-33,Manufacturing
32611,Plastics Packaging Materials and Unlaminated Film and Sheet Manufacturing,Plastics Packaging Materials and Unlaminated Film and Sheet ManufacturingT,NAICS Industry,5,,No change from 2017 NAICS,true,3261,31-33,Manufacturing
326111,Plastics Bag and Pouch Manufacturing,Plastics Bag and Pouch Manufacturing,National Industry,6,,No change from 2017 NAICS,false,32611,31-33,Manufacturing
326112,Plastics Packaging Film and Sheet (including Laminated) Manufacturing,Plastics Packaging Film and Sheet (including Laminated) Manufacturing,National Industry,6,,No change from 2017 NAICS,false,32611,31-33,Manufacturing
326113,Unlaminated Plastics Film and Sheet (except Packaging) Manufacturing,Unlaminated Plastics Film and Sheet (except Packaging) Manufacturing,National Industry,6,,No change from 2017 NAICS,false,32611,31-33,Manufacturing
32612,"Plastics Pipe, Pipe Fitting, and Unlaminated Profile Shape Manufacturing","Plastics Pipe, Pipe Fitting, and Unlaminated Profile Shape ManufacturingT",NAICS Industry,5,,No change from 2017 NAICS,true,3261,31-33,Manufacturing
326121,Unlaminated Plastics Profile Shape Manufacturing,Unlaminated Plastics Profile Shape Manufacturing,National Industry,6,,No change from 2017 NAICS,false,32612,31-33,Manufacturing
326122,Plastics Pipe and Pipe Fitting Manufacturing,Plastics Pipe and Pipe Fitting Manufacturing,National Industry,6,,No change from 2017 NAICS,false,32612,31-33,Manufacturing
32613,"Laminated Plastics Plate, Sheet (except Packaging), and Shape Manufacturing","Laminated Plastics Plate, Sheet (except Packaging), and Shape ManufacturingT",NAICS Industry,5,,No change from 2017 NAICS,true,3261,31-33,Manufacturing
326130,"Laminated Plastics Plate, Sheet (except Packaging), and Shape Manufacturing","Laminated Plastics Plate, Sheet (except Packaging), and Shape Manufacturing",National Industry,6,,No change from 2017 NAICS,false,32613,31-33,Manufacturing
32614,Polystyrene Foam Product Manufacturing,Polystyrene Foam Product ManufacturingT,NAICS Industry,5,,No change from 2017 NAICS,true,3261,31-33,Manufacturing
326140,Polystyrene Foam Product Manufacturing,Polystyrene Foam Product Manufacturing,National Industry,6,,No change from 2017 NAICS,false,32614,31-33,Manufacturing
32615,Urethane and Other Foam Product (except Polystyrene) Manufacturing,Urethane and Other Foam Product (except Polystyrene) ManufacturingT,NAICS Industry,5,,No change from 2017 NAICS,true,3261,31-33,Manufacturing
326150,Urethane and Other Foam Product (except Polystyrene) Manufacturing,Urethane and Other Foam Product (except Polystyrene) Manufacturing,National Industry,6,,No change from 2017 NAICS,false,32615,31-33,Manufacturing
32616,Plastics Bottle Manufacturing,Plastics Bottle ManufacturingT,NAICS Industry,5,,No change from 2017 NAICS,true,3261,31-33,Manufacturing
326160,Plastics Bottle Manufacturing,Plastics Bottle Manufacturing,National Industry,6,,No change from 2017 NAICS,false,32616,31-33,Manufacturing
32619,Other Plastics Product Manufacturing,Other Plastics Product ManufacturingT,NAICS Industry,5,,No change from 2017 NAICS,true,3261,31-33,Manufacturing
326191,Plastics Plumbing Fixture Manufacturing,Plastics Plumbing Fixture Manufacturing,National Industry,6,,No change from 2017 NAICS,false,32619,31-33,Manufacturing
326199,All Other Plastics Product Manufacturing,All Other Plastics Product Manufacturing,National Industry,6,,No change from 2017 NAICS,false,32619,31-33,Manufacturing
3262,Rubber Product Manufacturing,Rubber Product ManufacturingT,Industry Group,4,,No change from 2017 NAICS,true,326,31-33,Manufacturing
32621,Tire Manufacturing,Tire ManufacturingT,NAICS Industry,5,,No change from 2017 NAICS,true,3262,31-33,Manufacturing
326211,Tire Manufacturing (except Retreading),Tire Manufacturing (except Retreading),National Industry,6,,No change from 2017 NAICS,false,32621,31-33,Manufacturing
326212,Tire Retreading,Tire Retreading,National Industry,6,,No change from 2017 NAICS,false,32621,31-33,Manufacturing
32622,Rubber and Plastics Hoses and Belting Manufacturing,Rubber and Plastics Hoses and Belting ManufacturingT,NAICS Industry,5,,No change from 2017 NAICS,true,3262,31-33,Manufacturing
326220,Rubber and Plastics Hoses and Belting Manufacturing,Rubber and Plastics Hoses and Belting Manufacturing,National Industry,6,,No change from 2017 NAICS,false,32622,31-33,Manufacturing
32629,Other Rubber Product Manufacturing,Other Rubber Product ManufacturingT,NAICS Industry,5,,No change from 2017 NAICS,true,3262,31-33,Manufacturing
326291,Rubber Product Manufacturing for Mechanical Use,Rubber Product Manufacturing for Mechanical Use,National Industry,6,,No change from 2017 NAICS,false,32629,31-33,Manufacturing
326299,All Other Rubber Product Manufacturing,All Other Rubber Product Manufacturing,National Industry,6,,No change from 2017 NAICS,false,32629,31-33,Manufacturing
327,Nonmetallic Mineral Product Manufacturing,Nonmetallic Mineral Product ManufacturingT,Subsector,3,,No change from 2017 NAICS,true,31-33,31-33,Manufacturing
3271,Clay Product and Refractory Manufacturing,Clay Product and Refractory ManufacturingT,Industry Group,4,,No change from 2017 NAICS,true,327,31-33,Manufacturing
32711,"Pottery, Ceramics, and Plumbing Fixture Manufacturing","Pottery, Ceramics, and Plumbing Fixture ManufacturingT",NAICS Industry,5,,No change from 2017 NAICS,true,3271,31-33,Manufacturing
327110,"Pottery, Ceramics, and Plumbing Fixture Manufacturing","Pottery, Ceramics, and Plumbing Fixture Manufacturing",National Industry,6,,No change from 2017 NAICS,false,32711,31-33,Manufacturing
32712,Clay Building Material and Refractories Manufacturing,Clay Building Material and Refractories ManufacturingT,NAICS Industry,5,,No change from 2017 NAICS,true,3271,31-33,Manufacturing
327120,Clay Building Material and Refractories Manufacturing,Clay Building Material and Refractories Manufacturing,National Industry,6,,No change from 2017 NAICS,false,32712,31-33,Manufacturing
3272,Glass and Glass Product Manufacturing,Glass and Glass Product ManufacturingT,Industry Group,4,,No change from 2017 NAICS,true,327,31-33,Manufacturing
32721,Glass and Glass Product Manufacturing,Glass and Glass Product ManufacturingT,NAICS Industry,5,,No change from 2017 NAICS,true,3272,31-33,Manufacturing
327211,Flat Glass Manufacturing,Flat Glass Manufacturing,National Industry,6,,No change from 2017 NAICS,false,32721,31-33,Manufacturing
327212,Other Pressed and Blown Glass and Glassware Manufacturing,Other Pressed and Blown Glass and Glassware Manufacturing,National Industry,6,,No change from 2017 NAICS,false,32721,31-33,Manufacturing
327213,Glass Container Manufacturing,Glass Container Manufacturing,National Industry,6,,No change from 2017 NAICS,false,32721,31-33,Manufacturing
327215,Glass Product Manufacturing Made of Purchased Glass,Glass Product Manufacturing Made of Purchased Glass,National Industry,6,,No change from 2017 NAICS,false,32721,31-33,Manufacturing
3273,Cement and Concrete Product Manufacturing,Cement and Concrete Product ManufacturingT,Industry Group,4,,No change from 2017 NAICS,true,327,31-33,Manufacturing
32731,Cement Manufacturing,Cement ManufacturingT,NAICS Industry,5,,No change from 2017 NAICS,true,3273,31-33,Manufacturing
327310,Cement Manufacturing,Cement Manufacturing,National Industry,6,,No change from 2017 NAICS,false,32731,31-33,Manufacturing
32732,Ready-Mix Concrete Manufacturing,Ready-Mix Concrete ManufacturingT,NAICS Industry,5,,No change from 2017 NAICS,true,3273,31-33,Manufacturing
327320,Ready-Mix Concrete Manufacturing,Ready-Mix Concrete Manufacturing,National Industry,6,,No change from 2017 NAICS,false,32732,31-33,Manufacturing
32733,"Concrete Pipe, Brick, and Block Manufacturing","Concrete Pipe, Brick, and Block ManufacturingT",NAICS Industry,5,,No change from 2017 NAICS,true,3273,31-33,Manufacturing
327331,Concrete Block and Brick Manufacturing,Concrete Block and Brick Manufacturing,National Industry,6,,No change from 2017 NAICS,false,32733,31-33,Manufacturing
327332,Concrete Pipe Manufacturing,Concrete Pipe Manufacturing,National Industry,6,,No change from 2017 NAICS,false,32733,31-33,Manufacturing
32739,Other Concrete Product Manufacturing,Other Concrete Product ManufacturingT,NAICS Industry,5,,No change from 2017 NAICS,true,3273,31-33,Manufacturing
327390,Other Concrete Product Manufacturing,Other Concrete Product Manufacturing,National Industry,6,,No change from 2017 NAICS,false,32739,31-33,Manufacturing
3274,Lime and Gypsum Product Manufacturing,Lime and Gypsum Product ManufacturingT,Industry Group,4,,No change from 2017 NAICS,true,327,31-33,Manufacturing
32741,Lime Manufacturing,Lime ManufacturingT,NAICS Industry,5,,No change from 2017 NAICS,true,3274,31-33,Manufacturing
327410,Lime Manufacturing,Lime Manufacturing,National Industry,6,,No change from 2017 NAICS,false,32741,31-33,Manufacturing
32742,Gypsum Product Manufacturing,Gypsum Product ManufacturingT,NAICS Industry,5,,No change from 2017 NAICS,true,3274,31-33,Manufacturing
327420,Gypsum Product Manufacturing,Gypsum Product Manufacturing,National Industry,6,,No change from 2017 NAICS,false,32742,31-33,Manufacturing
3279,Other Nonmetallic Mineral Product Manufacturing,Other Nonmetallic Mineral Product ManufacturingT,Industry Group,4,,No change from 2017 NAICS,true,327,31-33,Manufacturing
32791,Abrasive Product Manufacturing,Abrasive Product ManufacturingT,NAICS Industry,5,,No change from 2017 NAICS,true,3279,31-33,Manufacturing
327910,Abrasive Product Manufacturing,Abrasive Product Manufacturing,National Industry,6,,No change from 2017 NAICS,false,32791,31-33,Manufacturing
32799,All Other Nonmetallic Mineral Product Manufacturing,All Other Nonmetallic Mineral Product ManufacturingT,NAICS Industry,5,,No change from 2017 NAICS,true,3279,31-33,Manufacturing
327991,Cut Stone and Stone Product Manufacturing,Cut Stone and Stone Product Manufacturing,National Industry,6,,No change from 2017 NAICS,false,32799,31-33,Manufacturing
327992,Ground or Treated Mineral and Earth Manufacturing,Ground or Treated Mineral and Earth Manufacturing,National Industry,6,,No change from 2017 NAICS,false,32799,31-33,Manufacturing
327993,Mineral Wool Manufacturing,Mineral Wool Manufacturing,National Industry,6,,No change from 2017 NAICS,false,32799,31-33,Manufacturing
327999,All Other Miscellaneous Nonmetallic Mineral Product Manufacturing,All Other Miscellaneous Nonmetallic Mineral Product Manufacturing,National Industry,6,,No change from 2017 NAICS,false,32799,31-33,Manufacturing
331,Primary Metal Manufacturing,Primary Metal ManufacturingT,Subsector,3,,No change from 2017 NAICS,true,31-33,31-33,Manufacturing
3311,Iron and Steel Mills and Ferroalloy Manufacturing,Iron and Steel Mills and Ferroalloy ManufacturingT,Industry Group,4,,No change from 2017 NAICS,true,331,31-33,Manufacturing
33111,Iron and Steel Mills and Ferroalloy Manufacturing,Iron and Steel Mills and Ferroalloy ManufacturingT,NAICS Industry,5,,No change from 2017 NAICS,true,3311,31-33,Manufacturing
331110,Iron and Steel Mills and Ferroalloy Manufacturing,Iron and Steel Mills and Ferroalloy Manufacturing,National Industry,6,,No change from 2017 NAICS,false,33111,31-33,Manufacturing
3312,Steel Product Manufacturing from Purchased Steel,Steel Product Manufacturing from Purchased SteelT,Industry Group,4,,No change from 2017 NAICS,true,331,31-33,Manufacturing
33121,Iron and Steel Pipe and Tube Manufacturing from Purchased Steel,Iron and Steel Pipe and Tube Manufacturing from Purchased SteelT,NAICS Industry,5,,No change from 2017 NAICS,true,3312,31-33,Manufacturing
331210,Iron and Steel Pipe and Tube Manufacturing from Purchased Steel,Iron and Steel Pipe and Tube Manufacturing from Purchased Steel,National Industry,6,,No change from 2017 NAICS,false,33121,31-33,Manufacturing
33122,Rolling and Drawing of Purchased Steel,Rolling and Drawing of Purchased SteelT,NAICS Industry,5,,No change from 2017 NAICS,true,3312,31-33,Manufacturing
331221,Rolled Steel Shape Manufacturing,Rolled Steel Shape Manufacturing,National Industry,6,,No change from 2017 NAICS,false,33122,31-33,Manufacturing
331222,Steel Wire Drawing,Steel Wire Drawing,National Industry,6,,No change from 2017 NAICS,false,33122,31-33,Manufacturing
3313,Alumina and Aluminum Production and Processing,Alumina and Aluminum Production and ProcessingT,Industry Group,4,,No change from 2017 NAICS,true,331,31-33,Manufacturing
33131,Alumina and Aluminum Production and Processing,Alumina and Aluminum Production and ProcessingT,NAICS Industry,5,,No change from 2017 NAICS,true,3313,31-33,Manufacturing
331313,Alumina Refining and Primary Aluminum Production,Alumina Refining and Primary Aluminum Production,National Industry,6,,No change from 2017 NAICS,false,33131,31-33,Manufacturing
331314,Secondary Smelting and Alloying of Aluminum,Secondary Smelting and Alloying of Aluminum,National Industry,6,,No change from 2017 NAICS,false,33131,31-33,Manufacturing
331315,"Aluminum Sheet, Plate, and Foil Manufacturing","Aluminum Sheet, Plate, and Foil Manufacturing",National Industry,6,,No change from 2017 NAICS,false,33131,31-33,Manufacturing
331318,"Other Aluminum Rolling, Drawing, and Extruding","Other Aluminum Rolling, Drawing, and Extruding",National Industry,6,,No change from 2017 NAICS,false,33131,31-33,Manufacturing
3314,Nonferrous Metal (except Aluminum) Production and Processing,Nonferrous Metal (except Aluminum) Production and ProcessingT,Industry Group,4,,No change from 2017 NAICS,true,331,31-33,Manufacturing
33141,Nonferrous Metal (except Aluminum) Smelting and Refining,Nonferrous Metal (except Aluminum) Smelting and RefiningT,NAICS Industry,5,,No change from 2017 NAICS,true,3314,31-33,Manufacturing
331410,Nonferrous Metal (except Aluminum) Smelting and Refining,Nonferrous Metal (except Aluminum) Smelting and Refining,National Industry,6,,No change from 2017 NAICS,false,33141,31-33,Manufacturing
33142,"Copper Rolling, Drawing, Extruding, and Alloying","Copper Rolling, Drawing, Extruding, and AlloyingT",NAICS Industry,5,,No change from 2017 NAICS,true,3314,31-33,Manufacturing
331420,"Copper Rolling, Drawing, Extruding, and Alloying","Copper Rolling, Drawing, Extruding, and Alloying",National Industry,6,,No change from 2017 NAICS,false,33142,31-33,Manufacturing
33149,"Nonferrous Metal (except Copper and Aluminum) Rolling, Drawing, Extruding, and Alloying","Nonferrous Metal (except Copper and Aluminum) Rolling, Drawing, Extruding, and AlloyingT",NAICS Industry,5,,No change from 2017 NAICS,true,3314,31-33,Manufacturing
331491,"Nonferrous Metal (except Copper and Aluminum) Rolling, Drawing, and Extruding","Nonferrous Metal (except Copper and Aluminum) Rolling, Drawing, and Extruding",National Industry,6,,No change from 2017 NAICS,false,33149,31-33,Manufacturing
331492,"Secondary Smelting, Refining, and Alloying of Nonferrous Metal (except Copper and Aluminum)","Secondary Smelting, Refining, and Alloying of Nonferrous Metal (except Copper and Aluminum)",National Industry,6,,No change from 2017 NAICS,false,33149,31-33,Manufacturing
3315,Foundries,FoundriesT,Industry Group,4,,No change from 2017 NAICS,true,331,31-33,Manufacturing
33151,Ferrous Metal Foundries,Ferrous Metal FoundriesT,NAICS Industry,5,,No change from 2017 NAICS,true,3315,31-33,Manufacturing
331511,Iron Foundries,Iron Foundries,National Industry,6,,No change from 2017 NAICS,false,33151,31-33,Manufacturing
331512,Steel Investment Foundries,Steel Investment Foundries,National Industry,6,,No change from 2017 NAICS,false,33151,31-33,Manufacturing
331513,Steel Foundries (except Investment),Steel Foundries (except Investment),National Industry,6,,No change from 2017 NAICS,false,33151,31-33,Manufacturing
33152,Nonferrous Metal Foundries,Nonferrous Metal FoundriesT,NAICS Industry,5,,No change from 2017 NAICS,true,3315,31-33,Manufacturing
331523,Nonferrous Metal Die-Casting Foundries,Nonferrous Metal Die-Casting Foundries,National Industry,6,,No change from 2017 NAICS,false,33152,31-33,Manufacturing
331524,Aluminum Foundries (except Die-Casting),Aluminum Foundries (except Die-Casting),National Industry,6,,No change from 2017 NAICS,false,33152,31-33,Manufacturing
331529,Other Nonferrous Metal Foundries (except Die-Casting),Other Nonferrous Metal Foundries (except Die-Casting),National Industry,6,,No change from 2017 NAICS,false,33152,31-33,Manufacturing
332,Fabricated Metal Product Manufacturing,Fabricated Metal Product ManufacturingT,Subsector,3,,No change from 2017 NAICS,true,31-33,31-33,Manufacturing
3321,Forging and Stamping,Forging and StampingT,Industry Group,4,,No change from 2017 NAICS,true,332,31-33,Manufacturing
33211,Forging and Stamping,Forging and StampingT,NAICS Industry,5,,No change from 2017 NAICS,true,3321,31-33,Manufacturing
332111,Iron and Steel Forging,Iron and Steel Forging,National Industry,6,,No change from 2017 NAICS,false,33211,31-33,Manufacturing
332112,Nonferrous Forging,Nonferrous Forging,National Industry,6,,No change from 2017 NAICS,false,33211,31-33,Manufacturing
332114,Custom Roll Forming,Custom Roll Forming,National Industry,6,,No change from 2017 NAICS,false,33211,31-33,Manufacturing
332117,Powder Metallurgy Part Manufacturing,Powder Metallurgy Part Manufacturing,National Industry,6,,No change from 2017 NAICS,false,33211,31-33,Manufacturing
332119,"Metal Crown, Closure, and Other Metal Stamping (except Automotive)","Metal Crown, Closure, and Other Metal Stamping (except Automotive)",National Industry,6,,No change from 2017 NAICS,false,33211,31-33,Manufacturing
3322,Cutlery and Handtool Manufacturing,Cutlery and Handtool ManufacturingT,Industry Group,4,,No change from 2017 NAICS,true,332,31-33,Manufacturing
33221,Cutlery and Handtool Manufacturing,Cutlery and Handtool ManufacturingT,NAICS Industry,5,,No change from 2017 NAICS,true,3322,31-33,Manufacturing
332215,"Metal Kitchen Cookware, Utensil, Cutlery, and Flatware (except Precious) Manufacturing","Metal Kitchen Cookware, Utensil, Cutlery, and Flatware (except Precious) Manufacturing",National Industry,6,,No change from 2017 NAICS,false,33221,31-33,Manufacturing
332216,Saw Blade and Handtool Manufacturing,Saw Blade and Handtool Manufacturing,National Industry,6,,No change from 2017 NAICS,false,33221,31-33,Manufacturing
3323,Architectural and Structural Metals Manufacturing,Architectural and Structural Metals ManufacturingT,Industry Group,4,,No change from 2017 NAICS,true,332,31-33,Manufacturing
33231,Plate Work and Fabricated Structural Product Manufacturing,Plate Work and Fabricated Structural Product ManufacturingT,NAICS Industry,5,,No change from 2017 NAICS,true,3323,31-33,Manufacturing
332311,Prefabricated Metal Building and Component Manufacturing,Prefabricated Metal Building and Component Manufacturing,National Industry,6,,No change from 2017 NAICS,false,33231,31-33,Manufacturing
332312,Fabricated Structural Metal Manufacturing,Fabricated Structural Metal Manufacturing,National Industry,6,,No change from 2017 NAICS,false,33231,31-33,Manufacturing
332313,Plate Work Manufacturing,Plate Work Manufacturing,National Industry,6,,No change from 2017 NAICS,false,33231,31-33,Manufacturing
33232,Ornamental and Architectural Metal Products Manufacturing,Ornamental and Architectural Metal Products ManufacturingT,NAICS Industry,5,,No change from 2017 NAICS,true,3323,31-33,Manufacturing
332321,Metal Window and Door Manufacturing,Metal Window and Door Manufacturing,National Industry,6,,No change from 2017 NAICS,false,33232,31-33,Manufacturing
332322,Sheet Metal Work Manufacturing,Sheet Metal Work Manufacturing,National Industry,6,,No change from 2017 NAICS,false,33232,31-33,Manufacturing
332323,Ornamental and Architectural Metal Work Manufacturing,Ornamental and Architectural Metal Work Manufacturing,National Industry,6,,No change from 2017 NAICS,false,33232,31-33,Manufacturing
3324,"Boiler, Tank, and Shipping Container Manufacturing","Boiler, Tank, and Shipping Container ManufacturingT",Industry Group,4,,No change from 2017 NAICS,true,332,31-33,Manufacturing
33241,Power Boiler and Heat Exchanger Manufacturing,Power Boiler and Heat Exchanger ManufacturingT,NAICS Industry,5,,No change from 2017 NAICS,true,3324,31-33,Manufacturing
332410,Power Boiler and Heat Exchanger Manufacturing,Power Boiler and Heat Exchanger Manufacturing,National Industry,6,,No change from 2017 NAICS,false,33241,31-33,Manufacturing
33242,Metal Tank (Heavy Gauge) Manufacturing,Metal Tank (Heavy Gauge) ManufacturingT,NAICS Industry,5,,No change from 2017 NAICS,true,3324,31-33,Manufacturing
332420,Metal Tank (Heavy Gauge) Manufacturing,Metal Tank (Heavy Gauge) Manufacturing,National Industry,6,,No change from 2017 NAICS,false,33242,31-33,Manufacturing
33243,"Metal Can, Box, and Other Metal Container (Light Gauge) Manufacturing","Metal Can, Box, and Other Metal Container (Light Gauge) ManufacturingT",NAICS Industry,5,,No change from 2017 NAICS,true,3324,31-33,Manufacturing
332431,Metal Can Manufacturing,Metal Can Manufacturing,National Industry,6,,No change from 2017 NAICS,false,33243,31-33,Manufacturing
332439,Other Metal Container Manufacturing,Other Metal Container Manufacturing,National Industry,6,,No change from 2017 NAICS,false,33243,31-33,Manufacturing
3325,Hardware Manufacturing,Hardware ManufacturingT,Industry Group,4,,No change from 2017 NAICS,true,332,31-33,Manufacturing
33251,Hardware Manufacturing,Hardware ManufacturingT,NAICS Industry,5,,No change from 2017 NAICS,true,3325,31-33,Manufacturing
332510,Hardware Manufacturing,Hardware Manufacturing,National Industry,6,,No change from 2017 NAICS,false,33251,31-33,Manufacturing
3326,Spring and Wire Product Manufacturing,Spring and Wire Product ManufacturingT,Industry Group,4,,No change from 2017 NAICS,true,332,31-33,Manufacturing
33261,Spring and Wire Product Manufacturing,Spring and Wire Product ManufacturingT,NAICS Industry,5,,No change from 2017 NAICS,true,3326,31-33,Manufacturing
332613,Spring Manufacturing,Spring Manufacturing,National Industry,6,,No change from 2017 NAICS,false,33261,31-33,Manufacturing
332618,Other Fabricated Wire Product Manufacturing,Other Fabricated Wire Product Manufacturing,National Industry,6,,No change from 2017 NAICS,false,33261,31-33,Manufacturing
3327,"Machine Shops; Turned Product; and Screw, Nut, and Bolt Manufacturing","Machine Shops; Turned Product; and Screw, Nut, and Bolt ManufacturingT",Industry Group,4,,No change from 2017 NAICS,true,332,31-33,Manufacturing
33271,Machine Shops,Machine ShopsT,NAICS Industry,5,,No change from 2017 NAICS,true,3327,31-33,Manufacturing
332710,Machine Shops,Machine Shops,National Industry,6,,No change from 2017 NAICS,false,33271,31-33,Manufacturing
33272,"Turned Product and Screw, Nut, and Bolt Manufacturing","Turned Product and Screw, Nut, and Bolt ManufacturingT",NAICS Industry,5,,No change from 2017 NAICS,true,3327,31-33,Manufacturing
332721,Precision Turned Product Manufacturing,Precision Turned Product Manufacturing,National Industry,6,,No change from 2017 NAICS,false,33272,31-33,Manufacturing
332722,"Bolt, Nut, Screw, Rivet, and Washer Manufacturing","Bolt, Nut, Screw, Rivet, and Washer Manufacturing",National Industry,6,,No change from 2017 NAICS,false,33272,31-33,Manufacturing
3328,"Coating, Engraving, Heat Treating, and Allied Activities","Coating, Engraving, Heat Treating, and Allied ActivitiesT",Industry Group,4,,No change from 2017 NAICS,true,332,31-33,Manufacturing
33281,"Coating, Engraving, Heat Treating, and Allied Activities","Coating, Engraving, Heat Treating, and Allied ActivitiesT",NAICS Industry,5,,No change from 2017 NAICS,true,3328,31-33,Manufacturing
332811,Metal Heat Treating,Metal Heat Treating,National Industry,6,,No change from 2017 NAICS,false,33281,31-33,Manufacturing
332812,"Metal Coating, Engraving (except Jewelry and Silverware), and Allied Services to Manufacturers","Metal Coating, Engraving (except Jewelry and Silverware), and Allied Services to Manufacturers",National Industry,6,,No change from 2017 NAICS,false,33281,31-33,Manufacturing
332813,"Electroplating, Plating, Polishing, Anodizing, and Coloring","Electroplating, Plating, Polishing, Anodizing, and Coloring",National Industry,6,,No change from 2017 NAICS,false,33281,31-33,Manufacturing
3329,Other Fabricated Metal Product Manufacturing,Other Fabricated Metal Product ManufacturingT,Industry Group,4,,No change from 2017 NAICS,true,332,31-33,Manufacturing
33291,Metal Valve Manufacturing,Metal Valve ManufacturingT,NAICS Industry,5,,No change from 2017 NAICS,true,3329,31-33,Manufacturing
332911,Industrial Valve Manufacturing,Industrial Valve Manufacturing,National Industry,6,,No change from 2017 NAICS,false,33291,31-33,Manufacturing
332912,Fluid Power Valve and Hose Fitting Manufacturing,Fluid Power Valve and Hose Fitting Manufacturing,National Industry,6,,No change from 2017 NAICS,false,33291,31-33,Manufacturing
332913,Plumbing Fixture Fitting and Trim Manufacturing,Plumbing Fixture Fitting and Trim Manufacturing,National Industry,6,,No change from 2017 NAICS,false,33291,31-33,Manufacturing
332919,Other Metal Valve and Pipe Fitting Manufacturing,Other Metal Valve and Pipe Fitting Manufacturing,National Industry,6,,No change from 2017 NAICS,false,33291,31-33,Manufacturing
33299,All Other Fabricated Metal Product Manufacturing,All Other Fabricated Metal Product ManufacturingT,NAICS Industry,5,,No change from 2017 NAICS,true,3329,31-33,Manufacturing
332991,Ball and Roller Bearing Manufacturing,Ball and Roller Bearing Manufacturing,National Industry,6,,No change from 2017 NAICS,false,33299,31-33,Manufacturing
332992,Small Arms Ammunition Manufacturing,Small Arms Ammunition Manufacturing,National Industry,6,,No change from 2017 NAICS,false,33299,31-33,Manufacturing
332993,Ammunition (except Small Arms) Manufacturing,Ammunition (except Small Arms) Manufacturing,National Industry,6,,No change from 2017 NAICS,false,33299,31-33,Manufacturing
332994,"Small Arms, Ordnance, and Ordnance Accessories Manufacturing","Small Arms, Ordnance, and Ordnance Accessories Manufacturing",National Industry,6,,No change from 2017 NAICS,false,33299,31-33,Manufacturing
332996,Fabricated Pipe and Pipe Fitting Manufacturing,Fabricated Pipe and Pipe Fitting Manufacturing,National Industry,6,,No change from 2017 NAICS,false,33299,31-33,Manufacturing
332999,All Other Miscellaneous Fabricated Metal Product Manufacturing,All Other Miscellaneous Fabricated Metal Product Manufacturing,National Industry,6,,No change from 2017 NAICS,false,33299,31-33,Manufacturing
333,Machinery Manufacturing,Machinery ManufacturingT,Subsector,3,,No change from 2017 NAICS,true,31-33,31-33,Manufacturing
3331,"Agriculture, Construction, and Mining Machinery Manufacturing","Agriculture, Construction, and Mining Machinery ManufacturingT",Industry Group,4,,No change from 2017 NAICS,true,333,31-33,Manufacturing
33311,Agricultural Implement Manufacturing,Agricultural Implement ManufacturingT,NAICS Industry,5,,No change from 2017 NAICS,true,3331,31-33,Manufacturing
333111,Farm Machinery and Equipment Manufacturing,Farm Machinery and Equipment Manufacturing,National Industry,6,,No change from 2017 NAICS,false,33311,31-33,Manufacturing
333112,Lawn and Garden Tractor and Home Lawn and Garden Equipment Manufacturing,Lawn and Garden Tractor and Home Lawn and Garden Equipment Manufacturing,National Industry,6,,No change from 2017 NAICS,false,33311,31-33,Manufacturing
33312,Construction Machinery Manufacturing,Construction Machinery ManufacturingT,NAICS Industry,5,,No change from 2017 NAICS,true,3331,31-33,Manufacturing
333120,Construction Machinery Manufacturing,Construction Machinery Manufacturing,National Industry,6,,No change from 2017 NAICS,false,33312,31-33,Manufacturing
33313,Mining and Oil and Gas Field Machinery Manufacturing,Mining and Oil and Gas Field Machinery ManufacturingT,NAICS Industry,5,,No change from 2017 NAICS,true,3331,31-33,Manufacturing
333131,Mining Machinery and Equipment Manufacturing,Mining Machinery and Equipment Manufacturing,National Industry,6,,No change from 2017 NAICS,false,33313,31-33,Manufacturing
333132,Oil and Gas Field Machinery and Equipment Manufacturing,Oil and Gas Field Machinery and Equipment Manufacturing,National Industry,6,,No change from 2017 NAICS,false,33313,31-33,Manufacturing
3332,Industrial Machinery Manufacturing,Industrial Machinery ManufacturingT,Industry Group,4,,No change from 2017 NAICS,true,333,31-33,Manufacturing
33324,Industrial Machinery Manufacturing,Industrial Machinery ManufacturingT,NAICS Industry,5,,No change from 2017 NAICS,true,3332,31-33,Manufacturing
333241,Food Product Machinery Manufacturing,Food Product Machinery Manufacturing,National Industry,6,,No change from 2017 NAICS,false,33324,31-33,Manufacturing
333242,Semiconductor Machinery Manufacturing,Semiconductor Machinery Manufacturing,National Industry,6,,No change from 2017 NAICS,false,33324,31-33,Manufacturing
333243,"Sawmill, Woodworking, and Paper Machinery Manufacturing","Sawmill, Woodworking, and Paper Machinery Manufacturing",National Industry,6,,No change from 2017 NAICS,false,33324,31-33,Manufacturing
333248,All Other Industrial Machinery Manufacturing,All Other Industrial Machinery Manufacturing,National Industry,6,**,New code for 2022 NAICS,false,33324,31-33,Manufacturing
3333,Commercial and Service Industry Machinery Manufacturing,Commercial and Service Industry Machinery ManufacturingT,Industry Group,4,,No change from 2017 NAICS,true,333,31-33,Manufacturing
33331,Commercial and Service Industry Machinery Manufacturing,Commercial and Service Industry Machinery ManufacturingT,NAICS Industry,5,,No change from 2017 NAICS,true,3333,31-33,Manufacturing
333310,Commercial and Service Industry Machinery Manufacturing,Commercial and Service Industry Machinery Manufacturing,National Industry,6,**,New code for 2022 NAICS,false,33331,31-33,Manufacturing
3334,"Ventilation, Heating, Air-Conditioning, and Commercial Refrigeration Equipment Manufacturing","Ventilation, Heating, Air-Conditioning, and Commercial Refrigeration Equipment ManufacturingT",Industry Group,4,,No change from 2017 NAICS,true,333,31-33,Manufacturing
33341,"Ventilation, Heating, Air-Conditioning, and Commercial Refrigeration Equipment Manufacturing","Ventilation, Heating, Air-Conditioning, and Commercial Refrigeration Equipment ManufacturingT",NAICS Industry,5,,No change from 2017 NAICS,true,3334,31-33,Manufacturing
333413,Industrial and Commercial Fan and Blower and Air Purification Equipment Manufacturing,Industrial and Commercial Fan and Blower and Air Purification Equipment Manufacturing,National Industry,6,,No change from 2017 NAICS,false,33341,31-33,Manufacturing
333414,Heating Equipment (except Warm Air Furnaces) Manufacturing,Heating Equipment (except Warm Air Furnaces) Manufacturing,National Industry,6,,No change from 2017 NAICS,false,33341,31-33,Manufacturing
333415,Air-Conditioning and Warm Air Heating Equipment and Commercial and Industrial Refrigeration Equipment Manufacturing,Air-Conditioning and Warm Air Heating Equipment and Commercial and Industrial Refrigeration Equipment Manufacturing,National Industry,6,,No change from 2017 NAICS,false,33341,31-33,Manufacturing
3335,Metalworking Machinery Manufacturing,Metalworking Machinery ManufacturingT,Industry Group,4,,No change from 2017 NAICS,true,333,31-33,Manufacturing
33351,Metalworking Machinery Manufacturing,Metalworking Machinery ManufacturingT,NAICS Industry,5,,No change from 2017 NAICS,true,3335,31-33,Manufacturing
333511,Industrial Mold Manufacturing,Industrial Mold Manufacturing,National Industry,6,,No change from 2017 NAICS,false,33351,31-33,Manufacturing
333514,"Special Die and Tool, Die Set, Jig, and Fixture Manufacturing","Special Die and Tool, Die Set, Jig, and Fixture Manufacturing",National Industry,6,,No change from 2017 NAICS,false,33351,31-33,Manufacturing
333515,Cutting Tool and Machine Tool Accessory Manufacturing,Cutting Tool and Machine Tool Accessory Manufacturing,National Industry,6,,No change from 2017 NAICS,false,33351,31-33,Manufacturing
333517,Machine Tool Manufacturing,Machine Tool Manufacturing,National Industry,6,,No change from 2017 NAICS,false,33351,31-33,Manufacturing
333519,Rolling Mill and Other Metalworking Machinery Manufacturing,Rolling Mill and Other Metalworking Machinery Manufacturing,National Industry,6,,No change from 2017 NAICS,false,33351,31-33,Manufacturing
3336,"Engine, Turbine, and Power Transmission Equipment Manufacturing","Engine, Turbine, and Power Transmission Equipment ManufacturingT",Industry Group,4,,No change from 2017 NAICS,true,333,31-33,Manufacturing
33361,"Engine, Turbine, and Power Transmission Equipment Manufacturing","Engine, Turbine, and Power Transmission Equipment ManufacturingT",NAICS Industry,5,,No change from 2017 NAICS,true,3336,31-33,Manufacturing
333611,Turbine and Turbine Generator Set Units Manufacturing,Turbine and Turbine Generator Set Units Manufacturing,National Industry,6,,No change from 2017 NAICS,false,33361,31-33,Manufacturing
333612,"Speed Changer, Industrial High-Speed Drive, and Gear Manufacturing","Speed Changer, Industrial High-Speed Drive, and Gear Manufacturing",National Industry,6,,No change from 2017 NAICS,false,33361,31-33,Manufacturing
333613,Mechanical Power Transmission Equipment Manufacturing,Mechanical Power Transmission Equipment Manufacturing,National Industry,6,,No change from 2017 NAICS,false,33361,31-33,Manufacturing
333618,Other Engine Equipment Manufacturing,Other Engine Equipment Manufacturing,National Industry,6,,No change from 2017 NAICS,false,33361,31-33,Manufacturing
3339,Other General Purpose Machinery Manufacturing,Other General Purpose Machinery ManufacturingT,Industry Group,4,,No change from 2017 NAICS,true,333,31-33,Manufacturing
33391,Pump and Compressor Manufacturing,Pump and Compressor ManufacturingT,NAICS Industry,5,,No change from 2017 NAICS,true,3339,31-33,Manufacturing
333912,Air and Gas Compressor Manufacturing,Air and Gas Compressor Manufacturing,National Industry,6,,No change from 2017 NAICS,false,33391,31-33,Manufacturing
333914,"Measuring, Dispensing, and Other Pumping Equipment Manufacturing","Measuring, Dispensing, and Other Pumping Equipment Manufacturing",National Industry,6,,No change from 2017 NAICS,false,33391,31-33,Manufacturing
33392,Material Handling Equipment Manufacturing,Material Handling Equipment ManufacturingT,NAICS Industry,5,,No change from 2017 NAICS,true,3339,31-33,Manufacturing
333921,Elevator and Moving Stairway Manufacturing,Elevator and Moving Stairway Manufacturing,National Industry,6,,No change from 2017 NAICS,false,33392,31-33,Manufacturing
333922,Conveyor and Conveying Equipment Manufacturing,Conveyor and Conveying Equipment Manufacturing,National Industry,6,,No change from 2017 NAICS,false,33392,31-33,Manufacturing
333923,"Overhead Traveling Crane, Hoist, and Monorail System Manufacturing","Overhead Traveling Crane, Hoist, and Monorail System Manufacturing",National Industry,6,,No change from 2017 NAICS,false,33392,31-33,Manufacturing
333924,"Industrial Truck, Tractor, Trailer, and Stacker Machinery Manufacturing","Industrial Truck, Tractor, Trailer, and Stacker Machinery Manufacturing",National Industry,6,,No change from 2017 NAICS,false,33392,31-33,Manufacturing
33399,All Other General Purpose Machinery Manufacturing,All Other General Purpose Machinery ManufacturingT,NAICS Industry,5,,No change from 2017 NAICS,true,3339,31-33,Manufacturing
333991,Power-Driven Handtool Manufacturing,Power-Driven Handtool Manufacturing,National Industry,6,,No change from 2017 NAICS,false,33399,31-33,Manufacturing
333992,Welding and Soldering Equipment Manufacturing,Welding and Soldering Equipment Manufacturing,National Industry,6,,No change from 2017 NAICS,false,33399,31-33,Manufacturing
333993,Packaging Machinery Manufacturing,Packaging Machinery Manufacturing,National Industry,6,,No change from 2017 NAICS,false,33399,31-33,Manufacturing
333994,Industrial Process Furnace and Oven Manufacturing,Industrial Process Furnace and Oven Manufacturing,National Industry,6,,No change from 2017 NAICS,false,33399,31-33,Manufacturing
333995,Fluid Power Cylinder and Actuator Manufacturing,Fluid Power Cylinder and Actuator Manufacturing,National Industry,6,,No change from 2017 NAICS,false,33399,31-33,Manufacturing
333996,Fluid Power Pump and Motor Manufacturing,Fluid Power Pump and Motor Manufacturing,National Industry,6,,No change from 2017 NAICS,false,33399,31-33,Manufacturing
333998,All Other Miscellaneous General Purpose Machinery Manufacturing,All Other Miscellaneous General Purpose Machinery Manufacturing,National Industry,6,**,New code for 2022 NAICS,false,33399,31-33,Manufacturing
334,Computer and Electronic Product Manufacturing,Computer and Electronic Product ManufacturingT,Subsector,3,,No change from 2017 NAICS,true,31-33,31-33,Manufacturing
3341,Computer and Peripheral Equipment Manufacturing,Computer and Peripheral Equipment ManufacturingT,Industry Group,4,,No change from 2017 NAICS,true,334,31-33,Manufacturing
33411,Computer and Peripheral Equipment Manufacturing,Computer and Peripheral Equipment ManufacturingT,NAICS Industry,5,,No change from 2017 NAICS,true,3341,31-33,Manufacturing
334111,Electronic Computer Manufacturing,Electronic Computer Manufacturing,National Industry,6,,No change from 2017 NAICS,false,33411,31-33,Manufacturing
334112,Computer Storage Device Manufacturing,Computer Storage Device Manufacturing,National Industry,6,,No change from 2017 NAICS,false,33411,31-33,Manufacturing
334118,Computer Terminal and Other Computer Peripheral Equipment Manufacturing,Computer Terminal and Other Computer Peripheral Equipment Manufacturing,National Industry,6,,No change from 2017 NAICS,false,33411,31-33,Manufacturing
3342,Communications Equipment Manufacturing,Communications Equipment ManufacturingT,Industry Group,4,,No change from 2017 NAICS,true,334,31-33,Manufacturing
33421,Telephone Apparatus Manufacturing,Telephone Apparatus ManufacturingT,NAICS Industry,5,,No change from 2017 NAICS,true,3342,31-33,Manufacturing
334210,Telephone Apparatus Manufacturing,Telephone Apparatus Manufacturing,National Industry,6,,No change from 2017 NAICS,false,33421,31-33,Manufacturing
33422,Radio and Television Broadcasting and Wireless Communications Equipment Manufacturing,Radio and Television Broadcasting and Wireless Communications Equipment ManufacturingT,NAICS Industry,5,,No change from 2017 NAICS,true,3342,31-33,Manufacturing
334220,Radio and Television Broadcasting and Wireless Communications Equipment Manufacturing,Radio and Television Broadcasting and Wireless Communications Equipment Manufacturing,National Industry,6,,No change from 2017 NAICS,false,33422,31-33,Manufacturing
33429,Other Communications Equipment Manufacturing,Other Communications Equipment ManufacturingT,NAICS Industry,5,,No change from 2017 NAICS,true,3342,31-33,Manufacturing
334290,Other Communications Equipment Manufacturing,Other Communications Equipment Manufacturing,National Industry,6,,No change from 2017 NAICS,false,33429,31-33,Manufacturing
3343,Audio and Video Equipment Manufacturing,Audio and Video Equipment ManufacturingT,Industry Group,4,,No change from 2017 NAICS,true,334,31-33,Manufacturing
33431,Audio and Video Equipment Manufacturing,Audio and Video Equipment ManufacturingT,NAICS Industry,5,,No change from 2017 NAICS,true,3343,31-33,Manufacturing
334310,Audio and Video Equipment Manufacturing,Audio and Video Equipment Manufacturing,National Industry,6,,No change from 2017 NAICS,false,33431,31-33,Manufacturing
3344,Semiconductor and Other Electronic Component Manufacturing,Semiconductor and Other Electronic Component ManufacturingT,Industry Group,4,,No change from 2017 NAICS,true,334,31-33,Manufacturing
33441,Semiconductor and Other Electronic Component Manufacturing,Semiconductor and Other Electronic Component ManufacturingT,NAICS Industry,5,,No change from 2017 NAICS,true,3344,31-33,Manufacturing
334412,Bare Printed Circuit Board Manufacturing,Bare Printed Circuit Board Manufacturing,National Industry,6,,No change from 2017 NAICS,false,33441,31-33,Manufacturing
334413,Semiconductor and Related Device Manufacturing,Semiconductor and Related Device Manufacturing,National Industry,6,,No change from 2017 NAICS,false,33441,31-33,Manufacturing
334416,"Capacitor, Resistor, Coil, Transformer, and Other Inductor Manufacturing","Capacitor, Resistor, Coil, Transformer, and Other Inductor Manufacturing",National Industry,6,,No change from 2017 NAICS,false,33441,31-33,Manufacturing
334417,Electronic Connector Manufacturing,Electronic Connector Manufacturing,National Industry,6,,No change from 2017 NAICS,false,33441,31-33,Manufacturing
334418,Printed Circuit Assembly (Electronic Assembly) Manufacturing,Printed Circuit Assembly (Electronic Assembly) Manufacturing,National Industry,6,,No change from 2017 NAICS,false,33441,31-33,Manufacturing
334419,Other Electronic Component Manufacturing,Other Electronic Component Manufacturing,National Industry,6,,No change from 2017 NAICS,false,33441,31-33,Manufacturing
3345,"Navigational, Measuring, Electromedical, and Control Instruments Manufacturing","Navigational, Measuring, Electromedical, and Control Instruments ManufacturingT",Industry Group,4,,No change from 2017 NAICS,true,334,31-33,Manufacturing
33451,"Navigational, Measuring, Electromedical, and Control Instruments Manufacturing","Navigational, Measuring, Electromedical, and Control Instruments ManufacturingT",NAICS Industry,5,,No change from 2017 NAICS,true,3345,31-33,Manufacturing
334510,Electromedical and Electrotherapeutic Apparatus Manufacturing,Electromedical and Electrotherapeutic Apparatus Manufacturing,National Industry,6,,No change from 2017 NAICS,false,33451,31-33,Manufacturing
334511,"Search, Detection, Navigation, Guidance, Aeronautical, and Nautical System and Instrument Manufacturing","Search, Detection, Navigation, Guidance, Aeronautical, and Nautical System and Instrument Manufacturing",National Industry,6,,No change from 2017 NAICS,false,33451,31-33,Manufacturing
334512,"Automatic Environmental Control Manufacturing for Residential, Commercial, and Appliance Use","Automatic Environmental Control Manufacturing for Residential, Commercial, and Appliance Use",National Industry,6,,No change from 2017 NAICS,false,33451,31-33,Manufacturing
334513,"Instruments and Related Products Manufacturing for Measuring, Displaying, and Controlling Industrial Process Variables","Instruments and Related Products Manufacturing for Measuring, Displaying, and Controlling Industrial Process Variables",National Industry,6,,No change from 2017 NAICS,false,33451,31-33,Manufacturing
334514,Totalizing Fluid Meter and Counting Device Manufacturing,Totalizing Fluid Meter and Counting Device Manufacturing,National Industry,6,,No change from 2017 NAICS,false,33451,31-33,Manufacturing
334515,Instrument Manufacturing for Measuring and Testing Electricity and Electrical Signals,Instrument Manufacturing for Measuring and Testing Electricity and Electrical Signals,National Industry,6,,No change from 2017 NAICS,false,33451,31-33,Manufacturing
334516,Analytical Laboratory Instrument Manufacturing,Analytical Laboratory Instrument Manufacturing,National Industry,6,,No change from 2017 NAICS,false,33451,31-33,Manufacturing
334517,Irradiation Apparatus Manufacturing,Irradiation Apparatus Manufacturing,National Industry,6,,No change from 2017 NAICS,false,33451,31-33,Manufacturing
334519,Other Measuring and Controlling Device Manufacturing,Other Measuring and Controlling Device Manufacturing,National Industry,6,,No change from 2017 NAICS,false,33451,31-33,Manufacturing
3346,Manufacturing and Reproducing Magnetic and Optical Media,Manufacturing and Reproducing Magnetic and Optical MediaT,Industry Group,4,,No change from 2017 NAICS,true,334,31-33,Manufacturing
33461,Manufacturing and Reproducing Magnetic and Optical Media,Manufacturing and Reproducing Magnetic and Optical MediaT,NAICS Industry,5,,No change from 2017 NAICS,true,3346,31-33,Manufacturing
334610,Manufacturing and Reproducing Magnetic and Optical Media,Manufacturing and Reproducing Magnetic and Optical Media,National Industry,6,**,New code for 2022 NAICS,false,33461,31-33,Manufacturing
335,"Electrical Equipment, Appliance, and Component Manufacturing","Electrical Equipment, Appliance, and Component ManufacturingT",Subsector,3,,No change from 2017 NAICS,true,31-33,31-33,Manufacturing
3351,Electric Lighting Equipment Manufacturing,Electric Lighting Equipment ManufacturingT,Industry Group,4,,No change from 2017 NAICS,true,335,31-33,Manufacturing
33513,Electric Lighting Equipment Manufacturing,Electric Lighting Equipment ManufacturingT,NAICS Industry,5,**,New code for 2022 NAICS,true,3351,31-33,Manufacturing
335131,Residential Electric Lighting Fixture Manufacturing,Residential Electric Lighting Fixture Manufacturing,National Industry,6,**,New code for 2022 NAICS,false,33513,31-33,Manufacturing
335132,"Commercial, Industrial, and Institutional Electric Lighting Fixture Manufacturing","Commercial, Industrial, and Institutional Electric Lighting Fixture Manufacturing",National Industry,6,**,New code for 2022 NAICS,false,33513,31-33,Manufacturing
335139,Electric Lamp Bulb and Other Lighting Equipment Manufacturing,Electric Lamp Bulb and Other Lighting Equipment Manufacturing,National Industry,6,**,New code for 2022 NAICS,false,33513,31-33,Manufacturing
3352,Household Appliance Manufacturing,Household Appliance ManufacturingT,Industry Group,4,,No change from 2017 NAICS,true,335,31-33,Manufacturing
33521,Small Electrical Appliance Manufacturing,Small Electrical Appliance ManufacturingT,NAICS Industry,5,,No change from 2017 NAICS,true,3352,31-33,Manufacturing
335210,Small Electrical Appliance Manufacturing,Small Electrical Appliance Manufacturing,National Industry,6,,No change from 2017 NAICS,false,33521,31-33,Manufacturing
33522,Major Household Appliance Manufacturing,Major Household Appliance ManufacturingT,NAICS Industry,5,,No change from 2017 NAICS,true,3352,31-33,Manufacturing
335220,Major Household Appliance Manufacturing,Major Household Appliance Manufacturing,National Industry,6,,No change from 2017 NAICS,false,33522,31-33,Manufacturing
3353,Electrical Equipment Manufacturing,Electrical Equipment ManufacturingT,Industry Group,4,,No change from 2017 NAICS,true,335,31-33,Manufacturing
33531,Electrical Equipment Manufacturing,Electrical Equipment ManufacturingT,NAICS Industry,5,,No change from 2017 NAICS,true,3353,31-33,Manufacturing
335311,"Power, Distribution, and Specialty Transformer Manufacturing","Power, Distribution, and Specialty Transformer Manufacturing",National Industry,6,,No change from 2017 NAICS,false,33531,31-33,Manufacturing
335312,Motor and Generator Manufacturing,Motor and Generator Manufacturing,National Industry,6,,No change from 2017 NAICS,false,33531,31-33,Manufacturing
335313,Switchgear and Switchboard Apparatus Manufacturing,Switchgear and Switchboard Apparatus Manufacturing,National Industry,6,,No change from 2017 NAICS,false,33531,31-33,Manufacturing
335314,Relay and Industrial Control Manufacturing,Relay and Industrial Control Manufacturing,National Industry,6,,No change from 2017 NAICS,false,33531,31-33,Manufacturing
3359,Other Electrical Equipment and Component Manufacturing,Other Electrical Equipment and Component ManufacturingT,Industry Group,4,,No change from 2017 NAICS,true,335,31-33,Manufacturing
33591,Battery Manufacturing,Battery ManufacturingT,NAICS Industry,5,,No change from 2017 NAICS,true,3359,31-33,Manufacturing
335910,Battery Manufacturing,Battery Manufacturing,National Industry,6,**,New code for 2022 NAICS,false,33591,31-33,Manufacturing
33592,Communication and Energy Wire and Cable Manufacturing,Communication and Energy Wire and Cable ManufacturingT,NAICS Industry,5,,No change from 2017 NAICS,true,3359,31-33,Manufacturing
335921,Fiber Optic Cable Manufacturing,Fiber Optic Cable Manufacturing,National Industry,6,,No change from 2017 NAICS,false,33592,31-33,Manufacturing
335929,Other Communication and Energy Wire Manufacturing,Other Communication and Energy Wire Manufacturing,National Industry,6,,No change from 2017 NAICS,false,33592,31-33,Manufacturing
33593,Wiring Device Manufacturing,Wiring Device ManufacturingT,NAICS Industry,5,,No change from 2017 NAICS,true,3359,31-33,Manufacturing
335931,Current-Carrying Wiring Device Manufacturing,Current-Carrying Wiring Device Manufacturing,National Industry,6,,No change from 2017 NAICS,false,33593,31-33,Manufacturing
335932,Noncurrent-Carrying Wiring Device Manufacturing,Noncurrent-Carrying Wiring Device Manufacturing,National Industry,6,,No change from 2017 NAICS,false,33593,31-33,Manufacturing
33599,All Other Electrical Equipment and Component Manufacturing,All Other Electrical Equipment and Component ManufacturingT,NAICS Industry,5,,No change from 2017 NAICS,true,3359,31-33,Manufacturing
335991,Carbon and Graphite Product Manufacturing,Carbon and Graphite Product Manufacturing,National Industry,6,,No change from 2017 NAICS,false,33599,31-33,Manufacturing
335999,All Other Miscellaneous Electrical Equipment and Component Manufacturing,All Other Miscellaneous Electrical Equipment and Component Manufacturing,National Industry,6,,No change from 2017 NAICS,false,33599,31-33,Manufacturing
336,Transportation Equipment Manufacturing,Transportation Equipment ManufacturingT,Subsector,3,,No change from 2017 NAICS,true,31-33,31-33,Manufacturing
3361,Motor Vehicle Manufacturing,Motor Vehicle ManufacturingT,Industry Group,4,,No change from 2017 NAICS,true,336,31-33,Manufacturing
33611,Automobile and Light Duty Motor Vehicle Manufacturing,Automobile and Light Duty Motor Vehicle ManufacturingT,NAICS Industry,5,,No change from 2017 NAICS,true,3361,31-33,Manufacturing
336110,Automobile and Light Duty Motor Vehicle Manufacturing,Automobile and Light Duty Motor Vehicle Manufacturing,National Industry,6,**,New code for 2022 NAICS,false,33611,31-33,Manufacturing
33612,Heavy Duty Truck Manufacturing,Heavy Duty Truck ManufacturingT,NAICS Industry,5,,No change from 2017 NAICS,true,3361,31-33,Manufacturing
336120,Heavy Duty Truck Manufacturing,Heavy Duty Truck Manufacturing,National Industry,6,,No change from 2017 NAICS,false,33612,31-33,Manufacturing
3362,Motor Vehicle Body and Trailer Manufacturing,Motor Vehicle Body and Trailer ManufacturingT,Industry Group,4,,No change from 2017 NAICS,true,336,31-33,Manufacturing
33621,Motor Vehicle Body and Trailer Manufacturing,Motor Vehicle Body and Trailer ManufacturingT,NAICS Industry,5,,No change from 2017 NAICS,true,3362,31-33,Manufacturing
336211,Motor Vehicle Body Manufacturing,Motor Vehicle Body Manufacturing,National Industry,6,,No change from 2017 NAICS,false,33621,31-33,Manufacturing
336212,Truck Trailer Manufacturing,Truck Trailer Manufacturing,National Industry,6,,No change from 2017 NAICS,false,33621,31-33,Manufacturing
336213,Motor Home Manufacturing,Motor Home Manufacturing,National Industry,6,,No change from 2017 NAICS,false,33621,31-33,Manufacturing
336214,Travel Trailer and Camper Manufacturing,Travel Trailer and Camper Manufacturing,National Industry,6,,No change from 2017 NAICS,false,33621,31-33,Manufacturing
3363,Motor Vehicle Parts Manufacturing,Motor Vehicle Parts ManufacturingT,Industry Group,4,,No change from 2017 NAICS,true,336,31-33,Manufacturing
33631,Motor Vehicle Gasoline Engine and Engine Parts Manufacturing,Motor Vehicle Gasoline Engine and Engine Parts ManufacturingT,NAICS Industry,5,,No change from 2017 NAICS,true,3363,31-33,Manufacturing
336310,Motor Vehicle Gasoline Engine and Engine Parts Manufacturing,Motor Vehicle Gasoline Engine and Engine Parts Manufacturing,National Industry,6,,No change from 2017 NAICS,false,33631,31-33,Manufacturing
33632,Motor Vehicle Electrical and Electronic Equipment Manufacturing,Motor Vehicle Electrical and Electronic Equipment ManufacturingT,NAICS Industry,5,,No change from 2017 NAICS,true,3363,31-33,Manufacturing
336320,Motor Vehicle Electrical and Electronic Equipment Manufacturing,Motor Vehicle Electrical and Electronic Equipment Manufacturing,National Industry,6,,No change from 2017 NAICS,false,33632,31-33,Manufacturing
33633,Motor Vehicle Steering and Suspension Components (except Spring) Manufacturing,Motor Vehicle Steering and Suspension Components (except Spring) ManufacturingT,NAICS Industry,5,,No change from 2017 NAICS,true,3363,31-33,Manufacturing
336330,Motor Vehicle Steering and Suspension Components (except Spring) Manufacturing,Motor Vehicle Steering and Suspension Components (except Spring) Manufacturing,National Industry,6,,No change from 2017 NAICS,false,33633,31-33,Manufacturing
33634,Motor Vehicle Brake System Manufacturing,Motor Vehicle Brake System ManufacturingT,NAICS Industry,5,,No change from 2017 NAICS,true,3363,31-33,Manufacturing
336340,Motor Vehicle Brake System Manufacturing,Motor Vehicle Brake System Manufacturing,National Industry,6,,No change from 2017 NAICS,false,33634,31-33,Manufacturing
33635,Motor Vehicle Transmission and Power Train Parts Manufacturing,Motor Vehicle Transmission and Power Train Parts ManufacturingT,NAICS Industry,5,,No change from 2017 NAICS,true,3363,31-33,Manufacturing
336350,Motor Vehicle Transmission and Power Train Parts Manufacturing,Motor Vehicle Transmission and Power Train Parts Manufacturing,National Industry,6,,No change from 2017 NAICS,false,33635,31-33,Manufacturing
33636,Motor Vehicle Seating and Interior Trim Manufacturing,Motor Vehicle Seating and Interior Trim ManufacturingT,NAICS Industry,5,,No change from 2017 NAICS,true,3363,31-33,Manufacturing
336360,Motor Vehicle Seating and Interior Trim Manufacturing,Motor Vehicle Seating and Interior Trim Manufacturing,National Industry,6,,No change from 2017 NAICS,false,33636,31-33,Manufacturing
33637,Motor Vehicle Metal Stamping,Motor Vehicle Metal StampingT,NAICS Industry,5,,No change from 2017 NAICS,true,3363,31-33,Manufacturing
336370,Motor Vehicle Metal Stamping,Motor Vehicle Metal Stamping,National Industry,6,,No change from 2017 NAICS,false,33637,31-33,Manufacturing
33639,Other Motor Vehicle Parts Manufacturing,Other Motor Vehicle Parts ManufacturingT,NAICS Industry,5,,No change from 2017 NAICS,true,3363,31-33,Manufacturing
336390,Other Motor Vehicle Parts Manufacturing,Other Motor Vehicle Parts Manufacturing,National Industry,6,,No change from 2017 NAICS,false,33639,31-33,Manufacturing
3364,Aerospace Product and Parts Manufacturing,Aerospace Product and Parts ManufacturingT,Industry Group,4,,No change from 2017 NAICS,true,336,31-33,Manufacturing
33641,Aerospace Product and Parts Manufacturing,Aerospace Product and Parts ManufacturingT,NAICS Industry,5,,No change from 2017 NAICS,true,3364,31-33,Manufacturing
336411,Aircraft Manufacturing,Aircraft Manufacturing,National Industry,6,,No change from 2017 NAICS,false,33641,31-33,Manufacturing
336412,Aircraft Engine and Engine Parts Manufacturing,Aircraft Engine and Engine Parts Manufacturing,National Industry,6,,No change from 2017 NAICS,false,33641,31-33,Manufacturing
336413,Other Aircraft Parts and Auxiliary Equipment Manufacturing,Other Aircraft Parts and Auxiliary Equipment Manufacturing,National Industry,6,,No change from 2017 NAICS,false,33641,31-33,Manufacturing
336414,Guided Missile and Space Vehicle Manufacturing,Guided Missile and Space Vehicle Manufacturing,National Industry,6,,No change from 2017 NAICS,false,33641,31-33,Manufacturing
336415,Guided Missile and Space Vehicle Propulsion Unit and Propulsion Unit Parts Manufacturing,Guided Missile and Space Vehicle Propulsion Unit and Propulsion Unit Parts Manufacturing,National Industry,6,,No change from 2017 NAICS,false,33641,31-33,Manufacturing
336419,Other Guided Missile and Space Vehicle Parts and Auxiliary Equipment Manufacturing,Other Guided Missile and Space Vehicle Parts and Auxiliary Equipment Manufacturing,National Industry,6,,No change from 2017 NAICS,false,33641,31-33,Manufacturing
3365,Railroad Rolling Stock Manufacturing,Railroad Rolling Stock ManufacturingT,Industry Group,4,,No change from 2017 NAICS,true,336,31-33,Manufacturing
33651,Railroad Rolling Stock Manufacturing,Railroad Rolling Stock ManufacturingT,NAICS Industry,5,,No change from 2017 NAICS,true,3365,31-33,Manufacturing
336510,Railroad Rolling Stock Manufacturing,Railroad Rolling Stock Manufacturing,National Industry,6,,No change from 2017 NAICS,false,33651,31-33,Manufacturing
3366,Ship and Boat Building,Ship and Boat BuildingT,Industry Group,4,,No change from 2017 NAICS,true,336,31-33,Manufacturing
33661,Ship and Boat Building,Ship and Boat BuildingT,NAICS Industry,5,,No change from 2017 NAICS,true,3366,31-33,Manufacturing
336611,Ship Building and Repairing,Ship Building and Repairing,National Industry,6,,No change from 2017 NAICS,false,33661,31-33,Manufacturing
336612,Boat Building,Boat Building,National Industry,6,,No change from 2017 NAICS,false,33661,31-33,Manufacturing
3369,Other Transportation Equipment Manufacturing,Other Transportation Equipment ManufacturingT,Industry Group,4,,No change from 2017 NAICS,true,336,31-33,Manufacturing
33699,Other Transportation Equipment Manufacturing,Other Transportation Equipment ManufacturingT,NAICS Industry,5,,No change from 2017 NAICS,true,3369,31-33,Manufacturing
336991,"Motorcycle, Bicycle, and Parts Manufacturing","Motorcycle, Bicycle, and Parts Manufacturing",National Industry,6,,No change from 2017 NAICS,false,33699,31-33,Manufacturing
336992,"Military Armored Vehicle, Tank, and Tank Component Manufacturing","Military Armored Vehicle, Tank, and Tank Component Manufacturing",National Industry,6,,No change from 2017 NAICS,false,33699,31-33,Manufacturing
336999,All Other Transportation Equipment Manufacturing,All Other Transportation Equipment Manufacturing,National Industry,6,,No change from 2017 NAICS,false,33699,31-33,Manufacturing
337,Furniture and Related Product Manufacturing,Furniture and Related Product ManufacturingT,Subsector,3,,No change from 2017 NAICS,true,31-33,31-33,Manufacturing
3371,Household and Institutional Furniture and Kitchen Cabinet Manufacturing,Household and Institutional Furniture and Kitchen Cabinet ManufacturingT,Industry Group,4,,No change from 2017 NAICS,true,337,31-33,Manufacturing
33711,Wood Kitchen Cabinet and Countertop Manufacturing,Wood Kitchen Cabinet and Countertop ManufacturingT,NAICS Industry,5,,No change from 2017 NAICS,true,3371,31-33,Manufacturing
337110,Wood Kitchen Cabinet and Countertop Manufacturing,Wood Kitchen Cabinet and Countertop Manufacturing,National Industry,6,,No change from 2017 NAICS,false,33711,31-33,Manufacturing
33712,Household and Institutional Furniture Manufacturing,Household and Institutional Furniture ManufacturingT,NAICS Industry,5,,No change from 2017 NAICS,true,3371,31-33,Manufacturing
337121,Upholstered Household Furniture Manufacturing,Upholstered Household Furniture Manufacturing,National Industry,6,,No change from 2017 NAICS,false,33712,31-33,Manufacturing
337122,Nonupholstered Wood Household Furniture Manufacturing,Nonupholstered Wood Household Furniture Manufacturing,National Industry,6,,No change from 2017 NAICS,false,33712,31-33,Manufacturing
337126,Household Furniture (except Wood and Upholstered) Manufacturing,Household Furniture (except Wood and Upholstered) Manufacturing,National Industry,6,**,New code for 2022 NAICS,false,33712,31-33,Manufacturing
337127,Institutional Furniture Manufacturing,Institutional Furniture Manufacturing,National Industry,6,,No change from 2017 NAICS,false,33712,31-33,Manufacturing
3372,Office Furniture (including Fixtures) Manufacturing,Office Furniture (including Fixtures) ManufacturingT,Industry Group,4,,No change from 2017 NAICS,true,337,31-33,Manufacturing
33721,Office Furniture (including Fixtures) Manufacturing,Office Furniture (including Fixtures) ManufacturingT,NAICS Industry,5,,No change from 2017 NAICS,true,3372,31-33,Manufacturing
337211,Wood Office Furniture Manufacturing,Wood Office Furniture Manufacturing,National Industry,6,,No change from 2017 NAICS,false,33721,31-33,Manufacturing
337212,Custom Architectural Woodwork and Millwork Manufacturing,Custom Architectural Woodwork and Millwork Manufacturing,National Industry,6,,No change from 2017 NAICS,false,33721,31-33,Manufacturing
337214,Office Furniture (except Wood) Manufacturing,Office Furniture (except Wood) Manufacturing,National Industry,6,,No change from 2017 NAICS,false,33721,31-33,Manufacturing
337215,"Showcase, Partition, Shelving, and Locker Manufacturing","Showcase, Partition, Shelving, and Locker Manufacturing",National Industry,6,,No change from 2017 NAICS,false,33721,31-33,Manufacturing
3379,Other Furniture Related Product Manufacturing,Other Furniture Related Product ManufacturingT,Industry Group,4,,No change from 2017 NAICS,true,337,31-33,Manufacturing
33791,Mattress Manufacturing,Mattress ManufacturingT,NAICS Industry,5,,No change from 2017 NAICS,true,3379,31-33,Manufacturing
337910,Mattress Manufacturing,Mattress Manufacturing,National Industry,6,,No change from 2017 NAICS,false,33791,31-33,Manufacturing
33792,Blind and Shade Manufacturing,Blind and Shade ManufacturingT,NAICS Industry,5,,No change from 2017 NAICS,true,3379,31-33,Manufacturing
337920,Blind and Shade Manufacturing,Blind and Shade Manufacturing,National Industry,6,,No change from 2017 NAICS,false,33792,31-33,Manufacturing
339,Miscellaneous Manufacturing,Miscellaneous ManufacturingT,Subsector,3,,No change from 2017 NAICS,true,31-33,31-33,Manufacturing
3391,Medical Equipment and Supplies Manufacturing,Medical Equipment and Supplies ManufacturingT,Industry Group,4,,No change from 2017 NAICS,true,339,31-33,Manufacturing
33911,Medical Equipment and Supplies Manufacturing,Medical Equipment and Supplies ManufacturingT,NAICS Industry,5,,No change from 2017 NAICS,true,3391,31-33,Manufacturing
339112,Surgical and Medical Instrument Manufacturing,Surgical and Medical Instrument Manufacturing,National Industry,6,,No change from 2017 NAICS,false,33911,31-33,Manufacturing
339113,Surgical Appliance and Supplies Manufacturing,Surgical Appliance and Supplies Manufacturing,National Industry,6,,No change from 2017 NAICS,false,33911,31-33,Manufacturing
339114,Dental Equipment and Supplies Manufacturing,Dental Equipment and Supplies Manufacturing,National Industry,6,,No change from 2017 NAICS,false,33911,31-33,Manufacturing
339115,Ophthalmic Goods Manufacturing,Ophthalmic Goods Manufacturing,National Industry,6,,No change from 2017 NAICS,false,33911,31-33,Manufacturing
339116,Dental Laboratories,Dental Laboratories,National Industry,6,,No change from 2017 NAICS,false,33911,31-33,Manufacturing
3399,Other Miscellaneous Manufacturing,Other Miscellaneous ManufacturingT,Industry Group,4,,No change from 2017 NAICS,true,339,31-33,Manufacturing
33991,Jewelry and Silverware Manufacturing,Jewelry and Silverware ManufacturingT,NAICS Industry,5,,No change from 2017 NAICS,true,3399,31-33,Manufacturing
339910,Jewelry and Silverware Manufacturing,Jewelry and Silverware Manufacturing,National Industry,6,,No change from 2017 NAICS,false,33991,31-33,Manufacturing
33992,Sporting and Athletic Goods Manufacturing,Sporting and Athletic Goods ManufacturingT,NAICS Industry,5,,No change from 2017 NAICS,true,3399,31-33,Manufacturing
339920,Sporting and Athletic Goods Manufacturing,Sporting and Athletic Goods Manufacturing,National Industry,6,,No change from 2017 NAICS,false,33992,31-33,Manufacturing
33993,"Doll, Toy, and Game Manufacturing","Doll, Toy, and Game ManufacturingT",NAICS Industry,5,,No change from 2017 NAICS,true,3399,31-33,Manufacturing
339930,"Doll, Toy, and Game Manufacturing","Doll, Toy, and Game Manufacturing",National Industry,6,,No change from 2017 NAICS,false,33993,31-33,Manufacturing
33994,Office Supplies (except Paper) Manufacturing,Office Supplies (except Paper) ManufacturingT,NAICS Industry,5,,No change from 2017 NAICS,true,3399,31-33,Manufacturing
339940,Office Supplies (except Paper) Manufacturing,Office Supplies (except Paper) Manufacturing,National Industry,6,,No change from 2017 NAICS,false,33994,31-33,Manufacturing
33995,Sign Manufacturing,Sign ManufacturingT,NAICS Industry,5,,No change from 2017 NAICS,true,3399,31-33,Manufacturing
339950,Sign Manufacturing,Sign Manufacturing,National Industry,6,,No change from 2017 NAICS,false,33995,31-33,Manufacturing
33999,All Other Miscellaneous Manufacturing,All Other Miscellaneous ManufacturingT,NAICS Industry,5,,No change from 2017 NAICS,true,3399,31-33,Manufacturing
339991,"Gasket, Packing, and Sealing Device Manufacturing","Gasket, Packing, and Sealing Device Manufacturing",National Industry,6,,No change from 2017 NAICS,false,33999,31-33,Manufacturing
339992,Musical Instrument Manufacturing,Musical Instrument Manufacturing,National Industry,6,,No change from 2017 NAICS,false,33999,31-33,Manufacturing
339993,"Fastener, Button, Needle, and Pin Manufacturing","Fastener, Button, Needle, and Pin Manufacturing",National Industry,6,,No change from 2017 NAICS,false,33999,31-33,Manufacturing
339994,"Broom, Brush, and Mop Manufacturing","Broom, Brush, and Mop Manufacturing",National Industry,6,,No change from 2017 NAICS,false,33999,31-33,Manufacturing
339995,Burial Casket Manufacturing,Burial Casket Manufacturing,National Industry,6,,No change from 2017 NAICS,false,33999,31-33,Manufacturing
339999,All Other Miscellaneous Manufacturing,All Other Miscellaneous Manufacturing,National Industry,6,,No change from 2017 NAICS,false,33999,31-33,Manufacturing
42,Wholesale Trade,Wholesale TradeT,Sector,2,,No change from 2017 NAICS,true,,42,Wholesale Trade
423,"Merchant Wholesalers, Durable Goods","Merchant Wholesalers, Durable Goods",Subsector,3,,No change from 2017 NAICS,false,42,42,Wholesale Trade
4231,Motor Vehicle and Motor Vehicle Parts and Supplies Merchant Wholesalers,Motor Vehicle and Motor Vehicle Parts and Supplies Merchant Wholesalers,Industry Group,4,,No change from 2017 NAICS,false,423,42,Wholesale Trade
42311,Automobile and Other Motor Vehicle Merchant Wholesalers,Automobile and Other Motor Vehicle Merchant Wholesalers,NAICS Industry,5,,No change from 2017 NAICS,false,4231,42,Wholesale Trade
423110,Automobile and Other Motor Vehicle Merchant Wholesalers,Automobile and Other Motor Vehicle Merchant Wholesalers,National Industry,6,,No change from 2017 NAICS,false,42311,42,Wholesale Trade
42312,Motor Vehicle Supplies and New Parts Merchant Wholesalers,Motor Vehicle Supplies and New Parts Merchant Wholesalers,NAICS Industry,5,,No change from 2017 NAICS,false,4231,42,Wholesale Trade
423120,Motor Vehicle Supplies and New Parts Merchant Wholesalers,Motor Vehicle Supplies and New Parts Merchant Wholesalers,National Industry,6,,No change from 2017 NAICS,false,42312,42,Wholesale Trade
42313,Tire and Tube Merchant Wholesalers,Tire and Tube Merchant Wholesalers,NAICS Industry,5,,No change from 2017 NAICS,false,4231,42,Wholesale Trade
423130,Tire and Tube Merchant Wholesalers,Tire and Tube Merchant Wholesalers,National Industry,6,,No change from 2017 NAICS,false,42313,42,Wholesale Trade
42314,Motor Vehicle Parts (Used) Merchant Wholesalers,Motor Vehicle Parts (Used) Merchant Wholesalers,NAICS Industry,5,,No change from 2017 NAICS,false,4231,42,Wholesale Trade
423140,Motor Vehicle Parts (Used) Merchant Wholesalers,Motor Vehicle Parts (Used) Merchant Wholesalers,National Industry,6,,No change from 2017 NAICS,false,42314,42,Wholesale Trade
4232,Furniture and Home Furnishing Merchant Wholesalers,Furniture and Home Furnishing Merchant Wholesalers,Industry Group,4,,No change from 2017 NAICS,false,423,42,Wholesale Trade
42321,Furniture Merchant Wholesalers,Furniture Merchant Wholesalers,NAICS Industry,5,,No change from 2017 NAICS,false,4232,42,Wholesale Trade
423210,Furniture Merchant Wholesalers,Furniture Merchant Wholesalers,National Industry,6,,No change from 2017 NAICS,false,42321,42,Wholesale Trade
42322,Home Furnishing Merchant Wholesalers,Home Furnishing Merchant Wholesalers,NAICS Industry,5,,No change from 2017 NAICS,false,4232,42,Wholesale Trade
423220,Home Furnishing Merchant Wholesalers,Home Furnishing Merchant Wholesalers,National Industry,6,,No change from 2017 NAICS,false,42322,42,Wholesale Trade
4233,Lumber and Other Construction Materials Merchant Wholesalers,Lumber and Other Construction Materials Merchant Wholesalers,Industry Group,4,,No change from 2017 NAICS,false,423,42,Wholesale Trade
42331,"Lumber, Plywood, Millwork, and Wood Panel Merchant Wholesalers","Lumber, Plywood, Millwork, and Wood Panel Merchant Wholesalers",NAICS Industry,5,,No change from 2017 NAICS,false,4233,42,Wholesale Trade
423310,"Lumber, Plywood, Millwork, and Wood Panel Merchant Wholesalers","Lumber, Plywood, Millwork, and Wood Panel Merchant Wholesalers",National Industry,6,,No change from 2017 NAICS,false,42331,42,Wholesale Trade
42332,"Brick, Stone, and Related Construction Material Merchant Wholesalers","Brick, Stone, and Related Construction Material Merchant Wholesalers",NAICS Industry,5,,No change from 2017 NAICS,false,4233,42,Wholesale Trade
423320,"Brick, Stone, and Related Construction Material Merchant Wholesalers","Brick, Stone, and Related Construction Material Merchant Wholesalers",National Industry,6,,No change from 2017 NAICS,false,42332,42,Wholesale Trade
42333,"Roofing, Siding, and Insulation Material Merchant Wholesalers","Roofing, Siding, and Insulation Material Merchant Wholesalers",NAICS Industry,5,,No change from 2017 NAICS,false,4233,42,Wholesale Trade
423330,"Roofing, Siding, and Insulation Material Merchant Wholesalers","Roofing, Siding, and Insulation Material Merchant Wholesalers",National Industry,6,,No change from 2017 NAICS,false,42333,42,Wholesale Trade
42339,Other Construction Material Merchant Wholesalers,Other Construction Material Merchant Wholesalers,NAICS Industry,5,,No change from 2017 NAICS,false,4233,42,Wholesale Trade
423390,Other Construction Material Merchant Wholesalers,Other Construction Material Merchant Wholesalers,National Industry,6,,No change from 2017 NAICS,false,42339,42,Wholesale Trade
4234,Professional and Commercial Equipment and Supplies Merchant Wholesalers,Professional and Commercial Equipment and Supplies Merchant Wholesalers,Industry Group,4,,No change from 2017 NAICS,false,423,42,Wholesale Trade
42341,Photographic Equipment and Supplies Merchant Wholesalers,Photographic Equipment and Supplies Merchant Wholesalers,NAICS Industry,5,,No change from 2017 NAICS,false,4234,42,Wholesale Trade
423410,Photographic Equipment and Supplies Merchant Wholesalers,Photographic Equipment and Supplies Merchant Wholesalers,National Industry,6,,No change from 2017 NAICS,false,42341,42,Wholesale Trade
42342,Office Equipment Merchant Wholesalers,Office Equipment Merchant Wholesalers,NAICS Industry,5,,No change from 2017 NAICS,false,4234,42,Wholesale Trade
423420,Office Equipment Merchant Wholesalers,Office Equipment Merchant Wholesalers,National Industry,6,,No change from 2017 NAICS,false,42342,42,Wholesale Trade
42343,Computer and Computer Peripheral Equipment and Software Merchant Wholesalers,Computer and Computer Peripheral Equipment and Software Merchant Wholesalers,NAICS Industry,5,,No change from 2017 NAICS,false,4234,42,Wholesale Trade
423430,Computer and Computer Peripheral Equipment and Software Merchant Wholesalers,Computer and Computer Peripheral Equipment and Software Merchant Wholesalers,National Industry,6,,No change from 2017 NAICS,false,42343,42,Wholesale Trade
42344,Other Commercial Equipment Merchant Wholesalers,Other Commercial Equipment Merchant Wholesalers,NAICS Industry,5,,No change from 2017 NAICS,false,4234,42,Wholesale Trade
423440,Other Commercial Equipment Merchant Wholesalers,Other Commercial Equipment Merchant Wholesalers,National Industry,6,,No change from 2017 NAICS,false,42344,42,Wholesale Trade
42345,"Medical, Dental, and Hospital Equipment and Supplies Merchant Wholesalers","Medical, Dental, and Hospital Equipment and Supplies Merchant Wholesalers",NAICS Industry,5,,No change from 2017 NAICS,false,4234,42,Wholesale Trade
423450,"Medical, Dental, and Hospital Equipment and Supplies Merchant Wholesalers","Medical, Dental, and Hospital Equipment and Supplies Merchant Wholesalers",National Industry,6,,No change from 2017 NAICS,false,42345,42,Wholesale Trade
42346,Ophthalmic Goods Merchant Wholesalers,Ophthalmic Goods Merchant Wholesalers,NAICS Industry,5,,No change from 2017 NAICS,false,4234,42,Wholesale Trade
423460,Ophthalmic Goods Merchant Wholesalers,Ophthalmic Goods Merchant Wholesalers,National Industry,6,,No change from 2017 NAICS,false,42346,42,Wholesale Trade
42349,Other Professional Equipment and Supplies Merchant Wholesalers,Other Professional Equipment and Supplies Merchant Wholesalers,NAICS Industry,5,,No change from 2017 NAICS,false,4234,42,Wholesale Trade
423490,Other Professional Equipment and Supplies Merchant Wholesalers,Other Professional Equipment and Supplies Merchant Wholesalers,National Industry,6,,No change from 2017 NAICS,false,42349,42,Wholesale Trade
4235,Metal and Mineral (except Petroleum) Merchant Wholesalers,Metal and Mineral (except Petroleum) Merchant Wholesalers,Industry Group,4,,No change from 2017 NAICS,false,423,42,Wholesale Trade
42351,Metal Service Centers and Other Metal Merchant Wholesalers,Metal Service Centers and Other Metal Merchant Wholesalers,NAICS Industry,5,,No change from 2017 NAICS,false,4235,42,Wholesale Trade
423510,Metal Service Centers and Other Metal Merchant Wholesalers,Metal Service Centers and Other Metal Merchant Wholesalers,National Industry,6,,No change from 2017 NAICS,false,42351,42,Wholesale Trade
42352,Coal and Other Mineral and Ore Merchant Wholesalers,Coal and Other Mineral and Ore Merchant Wholesalers,NAICS Industry,5,,No change from 2017 NAICS,false,4235,42,Wholesale Trade
423520,Coal and Other Mineral and Ore Merchant Wholesalers,Coal and Other Mineral and Ore Merchant Wholesalers,National Industry,6,,No change from 2017 NAICS,false,42352,42,Wholesale Trade
4236,Household Appliances and Electrical and Electronic Goods Merchant Wholesalers,Household Appliances and Electrical and Electronic Goods Merchant Wholesalers,Industry Group,4,,No change from 2017 NAICS,false,423,42,Wholesale Trade
42361,"Electrical Apparatus and Equipment, Wiring Supplies, and Related Equipment Merchant Wholesalers","Electrical Apparatus and Equipment, Wiring Supplies, and Related Equipment Merchant Wholesalers",NAICS Industry,5,,No change from 2017 NAICS,false,4236,42,Wholesale Trade
423610,"Electrical Apparatus and Equipment, Wiring Supplies, and Related Equipment Merchant Wholesalers","Electrical Apparatus and Equipment, Wiring Supplies, and Related Equipment Merchant Wholesalers",National Industry,6,,No change from 2017 NAICS,false,42361,42,Wholesale Trade
42362,"Household Appliances, Electric Housewares, and Consumer Electronics Merchant Wholesalers","Household Appliances, Electric Housewares, and Consumer Electronics Merchant Wholesalers",NAICS Industry,5,,No change from 2017 NAICS,false,4236,42,Wholesale Trade
423620,"Household Appliances, Electric Housewares, and Consumer Electronics Merchant Wholesalers","Household Appliances, Electric Housewares, and Consumer Electronics Merchant Wholesalers",National Industry,6,,No change from 2017 NAICS,false,42362,42,Wholesale Trade
42369,Other Electronic Parts and Equipment Merchant Wholesalers,Other Electronic Parts and Equipment Merchant Wholesalers,NAICS Industry,5,,No change from 2017 NAICS,false,4236,42,Wholesale Trade
423690,Other Electronic Parts and Equipment Merchant Wholesalers,Other Electronic Parts and Equipment Merchant Wholesalers,National Industry,6,,No change from 2017 NAICS,false,42369,42,Wholesale Trade
4237,"Hardware, and Plumbing and Heating Equipment and Supplies Merchant Wholesalers","Hardware, and Plumbing and Heating Equipment and Supplies Merchant Wholesalers",Industry Group,4,,No change from 2017 NAICS,false,423,42,Wholesale Trade
42371,Hardware Merchant Wholesalers,Hardware Merchant Wholesalers,NAICS Industry,5,,No change from 2017 NAICS,false,4237,42,Wholesale Trade
423710,Hardware Merchant Wholesalers,Hardware Merchant Wholesalers,National Industry,6,,No change from 2017 NAICS,false,42371,42,Wholesale Trade
42372,Plumbing and Heating Equipment and Supplies (Hydronics) Merchant Wholesalers,Plumbing and Heating Equipment and Supplies (Hydronics) Merchant Wholesalers,NAICS Industry,5,,No change from 2017 NAICS,false,4237,42,Wholesale Trade
423720,Plumbing and Heating Equipment and Supplies (Hydronics) Merchant Wholesalers,Plumbing and Heating Equipment and Supplies (Hydronics) Merchant Wholesalers,National Industry,6,,No change from 2017 NAICS,false,42372,42,Wholesale Trade
42373,Warm Air Heating and Air-Conditioning Equipment and Supplies Merchant Wholesalers,Warm Air Heating and Air-Conditioning Equipment and Supplies Merchant Wholesalers,NAICS Industry,5,,No change from 2017 NAICS,false,4237,42,Wholesale Trade
423730,Warm Air Heating and Air-Conditioning Equipment and Supplies Merchant Wholesalers,Warm Air Heating and Air-Conditioning Equipment and Supplies Merchant Wholesalers,National Industry,6,,No change from 2017 NAICS,false,42373,42,Wholesale Trade
42374,Refrigeration Equipment and Supplies Merchant Wholesalers,Refrigeration Equipment and Supplies Merchant Wholesalers,NAICS Industry,5,,No change from 2017 NAICS,false,4237,42,Wholesale Trade
423740,Refrigeration Equipment and Supplies Merchant Wholesalers,Refrigeration Equipment and Supplies Merchant Wholesalers,National Industry,6,,No change from 2017 NAICS,false,42374,42,Wholesale Trade
4238,"Machinery, Equipment, and Supplies Merchant Wholesalers","Machinery, Equipment, and Supplies Merchant Wholesalers",Industry Group,4,,No change from 2017 NAICS,false,423,42,Wholesale Trade
42381,Construction and Mining (except Oil Well) Machinery and Equipment Merchant Wholesalers,Construction and Mining (except Oil Well) Machinery and Equipment Merchant Wholesalers,NAICS Industry,5,,No change from 2017 NAICS,false,4238,42,Wholesale Trade
423810,Construction and Mining (except Oil Well) Machinery and Equipment Merchant Wholesalers,Construction and Mining (except Oil Well) Machinery and Equipment Merchant Wholesalers,National Industry,6,,No change from 2017 NAICS,false,42381,42,Wholesale Trade
42382,Farm and Garden Machinery and Equipment Merchant Wholesalers,Farm and Garden Machinery and Equipment Merchant Wholesalers,NAICS Industry,5,,No change from 2017 NAICS,false,4238,42,Wholesale Trade
423820,Farm and Garden Machinery and Equipment Merchant Wholesalers,Farm and Garden Machinery and Equipment Merchant Wholesalers,National Industry,6,,No change from 2017 NAICS,false,42382,42,Wholesale Trade
42383,Industrial Machinery and Equipment Merchant Wholesalers,Industrial Machinery and Equipment Merchant Wholesalers,NAICS Industry,5,,No change from 2017 NAICS,false,4238,42,Wholesale Trade
423830,Industrial Machinery and Equipment Merchant Wholesalers,Industrial Machinery and Equipment Merchant Wholesalers,National Industry,6,,No change from 2017 NAICS,false,42383,42,Wholesale Trade
42384,Industrial Supplies Merchant Wholesalers,Industrial Supplies Merchant Wholesalers,NAICS Industry,5,,No change from 2017 NAICS,false,4238,42,Wholesale Trade
423840,Industrial Supplies Merchant Wholesalers,Industrial Supplies Merchant Wholesalers,National Industry,6,,No change from 2017 NAICS,false,42384,42,Wholesale Trade
42385,Service Establishment Equipment and Supplies Merchant Wholesalers,Service Establishment Equipment and Supplies Merchant Wholesalers,NAICS Industry,5,,No change from 2017 NAICS,false,4238,42,Wholesale Trade
423850,Service Establishment Equipment and Supplies Merchant Wholesalers,Service Establishment Equipment and Supplies Merchant Wholesalers,National Industry,6,,No change from 2017 NAICS,false,42385,42,Wholesale Trade
42386,Transportation Equipment and Supplies (except Motor Vehicle) Merchant Wholesalers,Transportation Equipment and Supplies (except Motor Vehicle) Merchant Wholesalers,NAICS Industry,5,,No change from 2017 NAICS,false,4238,42,Wholesale Trade
423860,Transportation Equipment and Supplies (except Motor Vehicle) Merchant Wholesalers,Transportation Equipment and Supplies (except Motor Vehicle) Merchant Wholesalers,National Industry,6,,No change from 2017 NAICS,false,42386,42,Wholesale Trade
4239,Miscellaneous Durable Goods Merchant Wholesalers,Miscellaneous Durable Goods Merchant Wholesalers,Industry Group,4,,No change from 2017 NAICS,false,423,42,Wholesale Trade
42391,Sporting and Recreational Goods and Supplies Merchant Wholesalers,Sporting and Recreational Goods and Supplies Merchant Wholesalers,NAICS Industry,5,,No change from 2017 NAICS,false,4239,42,Wholesale Trade
423910,Sporting and Recreational Goods and Supplies Merchant Wholesalers,Sporting and Recreational Goods and Supplies Merchant Wholesalers,National Industry,6,,No change from 2017 NAICS,false,42391,42,Wholesale Trade
42392,Toy and Hobby Goods and Supplies Merchant Wholesalers,Toy and Hobby Goods and Supplies Merchant Wholesalers,NAICS Industry,5,,No change from 2017 NAICS,false,4239,42,Wholesale Trade
423920,Toy and Hobby Goods and Supplies Merchant Wholesalers,Toy and Hobby Goods and Supplies Merchant Wholesalers,National Industry,6,,No change from 2017 NAICS,false,42392,42,Wholesale Trade
42393,Recyclable Material Merchant Wholesalers,Recyclable Material Merchant Wholesalers,NAICS Industry,5,,No change from 2017 NAICS,false,4239,42,Wholesale Trade
423930,Recyclable Material Merchant Wholesalers,Recyclable Material Merchant Wholesalers,National Industry,6,,No change from 2017 NAICS,false,42393,42,Wholesale Trade
42394,"Jewelry, Watch, Precious Stone, and Precious Metal Merchant Wholesalers","Jewelry, Watch, Precious Stone, and Precious Metal Merchant Wholesalers",NAICS Industry,5,,No change from 2017 NAICS,false,4239,42,Wholesale Trade
423940,"Jewelry, Watch, Precious Stone, and Precious Metal Merchant Wholesalers","Jewelry, Watch, Precious Stone, and Precious Metal Merchant Wholesalers",National Industry,6,,No change from 2017 NAICS,false,42394,42,Wholesale Trade
42399,Other Miscellaneous Durable Goods Merchant Wholesalers,Other Miscellaneous Durable Goods Merchant Wholesalers,NAICS Industry,5,,No change from 2017 NAICS,false,4239,42,Wholesale Trade
423990,Other Miscellaneous Durable Goods Merchant Wholesalers,Other Miscellaneous Durable Goods Merchant Wholesalers,National Industry,6,,No change from 2017 NAICS,false,42399,42,Wholesale Trade
424,"Merchant Wholesalers, Nondurable Goods","Merchant Wholesalers, Nondurable Goods",Subsector,3,,No change from 2017 NAICS,false,42,42,Wholesale Trade
4241,Paper and Paper Product Merchant Wholesalers,Paper and Paper Product Merchant Wholesalers,Industry Group,4,,No change from 2017 NAICS,false,424,42,Wholesale Trade
42411,Printing and Writing Paper Merchant Wholesalers,Printing and Writing Paper Merchant Wholesalers,NAICS Industry,5,,No change from 2017 NAICS,false,4241,42,Wholesale Trade
424110,Printing and Writing Paper Merchant Wholesalers,Printing and Writing Paper Merchant Wholesalers,National Industry,6,,No change from 2017 NAICS,false,42411,42,Wholesale Trade
42412,Stationery and Office Supplies Merchant Wholesalers,Stationery and Office Supplies Merchant Wholesalers,NAICS Industry,5,,No change from 2017 NAICS,false,4241,42,Wholesale Trade
424120,Stationery and Office Supplies Merchant Wholesalers,Stationery and Office Supplies Merchant Wholesalers,National Industry,6,,No change from 2017 NAICS,false,42412,42,Wholesale Trade
42413,Industrial and Personal Service Paper Merchant Wholesalers,Industrial and Personal Service Paper Merchant Wholesalers,NAICS Industry,5,,No change from 2017 NAICS,false,4241,42,Wholesale Trade
424130,Industrial and Personal Service Paper Merchant Wholesalers,Industrial and Personal Service Paper Merchant Wholesalers,National Industry,6,,No change from 2017 NAICS,false,42413,42,Wholesale Trade
4242,Drugs and Druggists' Sundries Merchant Wholesalers,Drugs and Druggists' Sundries Merchant Wholesalers,Industry Group,4,,No change from 2017 NAICS,false,424,42,Wholesale Trade
42421,Drugs and Druggists' Sundries Merchant Wholesalers,Drugs and Druggists' Sundries Merchant Wholesalers,NAICS Industry,5,,No change from 2017 NAICS,false,4242,42,Wholesale Trade
424210,Drugs and Druggists' Sundries Merchant Wholesalers,Drugs and Druggists' Sundries Merchant Wholesalers,National Industry,6,,No change from 2017 NAICS,false,42421,42,Wholesale Trade
4243,"Apparel, Piece Goods, and Notions Merchant Wholesalers","Apparel, Piece Goods, and Notions Merchant Wholesalers",Industry Group,4,,No change from 2017 NAICS,false,424,42,Wholesale Trade
42431,"Piece Goods, Notions, and Other Dry Goods Merchant Wholesalers","Piece Goods, Notions, and Other Dry Goods Merchant Wholesalers",NAICS Industry,5,,No change from 2017 NAICS,false,4243,42,Wholesale Trade
424310,"Piece Goods, Notions, and Other Dry Goods Merchant Wholesalers","Piece Goods, Notions, and Other Dry Goods Merchant Wholesalers",National Industry,6,,No change from 2017 NAICS,false,42431,42,Wholesale Trade
42434,Footwear Merchant Wholesalers,Footwear Merchant Wholesalers,NAICS Industry,5,,No change from 2017 NAICS,false,4243,42,Wholesale Trade
424340,Footwear Merchant Wholesalers,Footwear Merchant Wholesalers,National Industry,6,,No change from 2017 NAICS,false,42434,42,Wholesale Trade
42435,Clothing and Clothing Accessories Merchant Wholesalers,Clothing and Clothing Accessories Merchant Wholesalers,NAICS Industry,5,**,New code for 2022 NAICS,false,4243,42,Wholesale Trade
424350,Clothing and Clothing Accessories Merchant Wholesalers,Clothing and Clothing Accessories Merchant Wholesalers,National Industry,6,**,New code for 2022 NAICS,false,42435,42,Wholesale Trade
4244,Grocery and Related Product Merchant Wholesalers,Grocery and Related Product Merchant Wholesalers,Industry Group,4,,No change from 2017 NAICS,false,424,42,Wholesale Trade
42441,General Line Grocery Merchant Wholesalers,General Line Grocery Merchant Wholesalers,NAICS Industry,5,,No change from 2017 NAICS,false,4244,42,Wholesale Trade
424410,General Line Grocery Merchant Wholesalers,General Line Grocery Merchant Wholesalers,National Industry,6,,No change from 2017 NAICS,false,42441,42,Wholesale Trade
42442,Packaged Frozen Food Merchant Wholesalers,Packaged Frozen Food Merchant Wholesalers,NAICS Industry,5,,No change from 2017 NAICS,false,4244,42,Wholesale Trade
424420,Packaged Frozen Food Merchant Wholesalers,Packaged Frozen Food Merchant Wholesalers,National Industry,6,,No change from 2017 NAICS,false,42442,42,Wholesale Trade
42443,Dairy Product (except Dried or Canned) Merchant Wholesalers,Dairy Product (except Dried or Canned) Merchant Wholesalers,NAICS Industry,5,,No change from 2017 NAICS,false,4244,42,Wholesale Trade
424430,Dairy Product (except Dried or Canned) Merchant Wholesalers,Dairy Product (except Dried or Canned) Merchant Wholesalers,National Industry,6,,No change from 2017 NAICS,false,42443,42,Wholesale Trade
42444,Poultry and Poultry Product Merchant Wholesalers,Poultry and Poultry Product Merchant Wholesalers,NAICS Industry,5,,No change from 2017 NAICS,false,4244,42,Wholesale Trade
424440,Poultry and Poultry Product Merchant Wholesalers,Poultry and Poultry Product Merchant Wholesalers,National Industry,6,,No change from 2017 NAICS,false,42444,42,Wholesale Trade
42445,Confectionery Merchant Wholesalers,Confectionery Merchant Wholesalers,NAICS Industry,5,,No change from 2017 NAICS,false,4244,42,Wholesale Trade
424450,Confectionery Merchant Wholesalers,Confectionery Merchant Wholesalers,National Industry,6,,No change from 2017 NAICS,false,42445,42,Wholesale Trade
42446,Fish and Seafood Merchant Wholesalers,Fish and Seafood Merchant Wholesalers,NAICS Industry,5,,No change from 2017 NAICS,false,4244,42,Wholesale Trade
424460,Fish and Seafood Merchant Wholesalers,Fish and Seafood Merchant Wholesalers,National Industry,6,,No change from 2017 NAICS,false,42446,42,Wholesale Trade
42447,Meat and Meat Product Merchant Wholesalers,Meat and Meat Product Merchant Wholesalers,NAICS Industry,5,,No change from 2017 NAICS,false,4244,42,Wholesale Trade
424470,Meat and Meat Product Merchant Wholesalers,Meat and Meat Product Merchant Wholesalers,National Industry,6,,No change from 2017 NAICS,false,42447,42,Wholesale Trade
42448,Fresh Fruit and Vegetable Merchant Wholesalers,Fresh Fruit and Vegetable Merchant Wholesalers,NAICS Industry,5,,No change from 2017 NAICS,false,4244,42,Wholesale Trade
424480,Fresh Fruit and Vegetable Merchant Wholesalers,Fresh Fruit and Vegetable Merchant Wholesalers,National Industry,6,,No change from 2017 NAICS,false,42448,42,Wholesale Trade
42449,Other Grocery and Related Products Merchant Wholesalers,Other Grocery and Related Products Merchant Wholesalers,NAICS Industry,5,,No change from 2017 NAICS,false,4244,42,Wholesale Trade
424490,Other Grocery and Related Products Merchant Wholesalers,Other Grocery and Related Products Merchant Wholesalers,National Industry,6,,No change from 2017 NAICS,false,42449,42,Wholesale Trade
4245,Farm Product Raw Material Merchant Wholesalers,Farm Product Raw Material Merchant Wholesalers,Industry Group,4,,No change from 2017 NAICS,false,424,42,Wholesale Trade
42451,Grain and Field Bean Merchant Wholesalers,Grain and Field Bean Merchant Wholesalers,NAICS Industry,5,,No change from 2017 NAICS,false,4245,42,Wholesale Trade
424510,Grain and Field Bean Merchant Wholesalers,Grain and Field Bean Merchant Wholesalers,National Industry,6,,No change from 2017 NAICS,false,42451,42,Wholesale Trade
42452,Livestock Merchant Wholesalers,Livestock Merchant Wholesalers,NAICS Industry,5,,No change from 2017 NAICS,false,4245,42,Wholesale Trade
424520,Livestock Merchant Wholesalers,Livestock Merchant Wholesalers,National Industry,6,,No change from 2017 NAICS,false,42452,42,Wholesale Trade
42459,Other Farm Product Raw Material Merchant Wholesalers,Other Farm Product Raw Material Merchant Wholesalers,NAICS Industry,5,,No change from 2017 NAICS,false,4245,42,Wholesale Trade
424590,Other Farm Product Raw Material Merchant Wholesalers,Other Farm Product Raw Material Merchant Wholesalers,National Industry,6,,No change from 2017 NAICS,false,42459,42,Wholesale Trade
4246,Chemical and Allied Products Merchant Wholesalers,Chemical and Allied Products Merchant Wholesalers,Industry Group,4,,No change from 2017 NAICS,false,424,42,Wholesale Trade
42461,Plastics Materials and Basic Forms and Shapes Merchant Wholesalers,Plastics Materials and Basic Forms and Shapes Merchant Wholesalers,NAICS Industry,5,,No change from 2017 NAICS,false,4246,42,Wholesale Trade
424610,Plastics Materials and Basic Forms and Shapes Merchant Wholesalers,Plastics Materials and Basic Forms and Shapes Merchant Wholesalers,National Industry,6,,No change from 2017 NAICS,false,42461,42,Wholesale Trade
42469,Other Chemical and Allied Products Merchant Wholesalers,Other Chemical and Allied Products Merchant Wholesalers,NAICS Industry,5,,No change from 2017 NAICS,false,4246,42,Wholesale Trade
424690,Other Chemical and Allied Products Merchant Wholesalers,Other Chemical and Allied Products Merchant Wholesalers,National Industry,6,,No change from 2017 NAICS,false,42469,42,Wholesale Trade
4247,Petroleum and Petroleum Products Merchant Wholesalers,Petroleum and Petroleum Products Merchant Wholesalers,Industry Group,4,,No change from 2017 NAICS,false,424,42,Wholesale Trade
42471,Petroleum Bulk Stations and Terminals,Petroleum Bulk Stations and Terminals,NAICS Industry,5,,No change from 2017 NAICS,false,4247,42,Wholesale Trade
424710,Petroleum Bulk Stations and Terminals,Petroleum Bulk Stations and Terminals,National Industry,6,,No change from 2017 NAICS,false,42471,42,Wholesale Trade
42472,Petroleum and Petroleum Products Merchant Wholesalers (except Bulk Stations and Terminals),Petroleum and Petroleum Products Merchant Wholesalers (except Bulk Stations and Terminals),NAICS Industry,5,,No change from 2017 NAICS,false,4247,42,Wholesale Trade
424720,Petroleum and Petroleum Products Merchant Wholesalers (except Bulk Stations and Terminals),Petroleum and Petroleum Products Merchant Wholesalers (except Bulk Stations and Terminals),National Industry,6,,No change from 2017 NAICS,false,42472,42,Wholesale Trade
4248,"Beer, Wine, and Distilled Alcoholic Beverage Merchant Wholesalers","Beer, Wine, and Distilled Alcoholic Beverage Merchant Wholesalers",Industry Group,4,,No change from 2017 NAICS,false,424,42,Wholesale Trade
42481,Beer and Ale Merchant Wholesalers,Beer and Ale Merchant Wholesalers,NAICS Industry,5,,No change from 2017 NAICS,false,4248,42,Wholesale Trade
424810,Beer and Ale Merchant Wholesalers,Beer and Ale Merchant Wholesalers,National Industry,6,,No change from 2017 NAICS,false,42481,42,Wholesale Trade
42482,Wine and Distilled Alcoholic Beverage Merchant Wholesalers,Wine and Distilled Alcoholic Beverage Merchant Wholesalers,NAICS Industry,5,,No change from 2017 NAICS,false,4248,42,Wholesale Trade
424820,Wine and Distilled Alcoholic Beverage Merchant Wholesalers,Wine and Distilled Alcoholic Beverage Merchant Wholesalers,National Industry,6,,No change from 2017 NAICS,false,42482,42,Wholesale Trade
4249,Miscellaneous Nondurable Goods Merchant Wholesalers,Miscellaneous Nondurable Goods Merchant Wholesalers,Industry Group,4,,No change from 2017 NAICS,false,424,42,Wholesale Trade
42491,Farm Supplies Merchant Wholesalers,Farm Supplies Merchant Wholesalers,NAICS Industry,5,,No change from 2017 NAICS,false,4249,42,Wholesale Trade
424910,Farm Supplies Merchant Wholesalers,Farm Supplies Merchant Wholesalers,National Industry,6,,No change from 2017 NAICS,false,42491,42,Wholesale Trade
42492,"Book, Periodical, and Newspaper Merchant Wholesalers","Book, Periodical, and Newspaper Merchant Wholesalers",NAICS Industry,5,,No change from 2017 NAICS,false,4249,42,Wholesale Trade
424920,"Book, Periodical, and Newspaper Merchant Wholesalers","Book, Periodical, and Newspaper Merchant Wholesalers",National Industry,6,,No change from 2017 NAICS,false,42492,42,Wholesale Trade
42493,"Flower, Nursery Stock, and Florists' Supplies Merchant Wholesalers","Flower, Nursery Stock, and Florists' Supplies Merchant Wholesalers",NAICS Industry,5,,No change from 2017 NAICS,false,4249,42,Wholesale Trade
424930,"Flower, Nursery Stock, and Florists' Supplies Merchant Wholesalers","Flower, Nursery Stock, and Florists' Supplies Merchant Wholesalers",National Industry,6,,No change from 2017 NAICS,false,42493,42,Wholesale Trade
42494,Tobacco Product and Electronic Cigarette Merchant Wholesalers,Tobacco Product and Electronic Cigarette Merchant Wholesalers,NAICS Industry,5,*,"Title change, no content change",false,4249,42,Wholesale Trade
424940,Tobacco Product and Electronic Cigarette Merchant Wholesalers,Tobacco Product and Electronic Cigarette Merchant Wholesalers,National Industry,6,*,"Title change, no content change",false,42494,42,Wholesale Trade
42495,"Paint, Varnish, and Supplies Merchant Wholesalers","Paint, Varnish, and Supplies Merchant Wholesalers",NAICS Industry,5,,No change from 2017 NAICS,false,4249,42,Wholesale Trade
424950,"Paint, Varnish, and Supplies Merchant Wholesalers","Paint, Varnish, and Supplies Merchant Wholesalers",National Industry,6,,No change from 2017 NAICS,false,42495,42,Wholesale Trade
42499,Other Miscellaneous Nondurable Goods Merchant Wholesalers,Other Miscellaneous Nondurable Goods Merchant Wholesalers,NAICS Industry,5,,No change from 2017 NAICS,false,4249,42,Wholesale Trade
424990,Other Miscellaneous Nondurable Goods Merchant Wholesalers,Other Miscellaneous Nondurable Goods Merchant Wholesalers,National Industry,6,,No change from 2017 NAICS,false,42499,42,Wholesale Trade
425,Wholesale Trade Agents and Brokers,Wholesale Trade Agents and Brokers,Subsector,3,*,"Title change, no content change",false,42,42,Wholesale Trade
4251,Wholesale Trade Agents and Brokers,Wholesale Trade Agents and Brokers,Industry Group,4,*,"Title change, no content change",false,425,42,Wholesale Trade
42512,Wholesale Trade Agents and Brokers,Wholesale Trade Agents and Brokers,NAICS Industry,5,***,"Re-used code, content change (with or without title change)",false,4251,42,Wholesale Trade
425120,Wholesale Trade Agents and Brokers,Wholesale Trade Agents and Brokers,National Industry,6,***,"Re-used code, content change (with or without title change)",false,42512,42,Wholesale Trade
44-45,Retail Trade,Retail TradeT,Sector,2,,No change from 2017 NAICS,true,,44-45,Retail Trade
441,Motor Vehicle and Parts Dealers,Motor Vehicle and Parts Dealers,Subsector,3,****,"Re-used code, content change at lower level with insignificant impact",false,44-45,44-45,Retail Trade
4411,Automobile Dealers,Automobile Dealers,Industry Group,4,,No change from 2017 NAICS,false,441,44-45,Retail Trade
44111,New Car Dealers,New Car Dealers,NAICS Industry,5,,No change from 2017 NAICS,false,4411,44-45,Retail Trade
441110,New Car Dealers,New Car Dealers,National Industry,6,,No change from 2017 NAICS,false,44111,44-45,Retail Trade
44112,Used Car Dealers,Used Car Dealers,NAICS Industry,5,,No change from 2017 NAICS,false,4411,44-45,Retail Trade
441120,Used Car Dealers,Used Car Dealers,National Industry,6,,No change from 2017 NAICS,false,44112,44-45,Retail Trade
4412,Other Motor Vehicle Dealers,Other Motor Vehicle Dealers,Industry Group,4,,No change from 2017 NAICS,false,441,44-45,Retail Trade
44121,Recreational Vehicle Dealers,Recreational Vehicle Dealers,NAICS Industry,5,,No change from 2017 NAICS,false,4412,44-45,Retail Trade
441210,Recreational Vehicle Dealers,Recreational Vehicle Dealers,National Industry,6,,No change from 2017 NAICS,false,44121,44-45,Retail Trade
44122,"Motorcycle, Boat, and Other Motor Vehicle Dealers","Motorcycle, Boat, and Other Motor Vehicle Dealers",NAICS Industry,5,,No change from 2017 NAICS,false,4412,44-45,Retail Trade
441222,Boat Dealers,Boat Dealers,National Industry,6,,No change from 2017 NAICS,false,44122,44-45,Retail Trade
441227,"Motorcycle, ATV, and All Other Motor Vehicle Dealers","Motorcycle, ATV, and All Other Motor Vehicle Dealers",National Industry,6,**,New code for 2022 NAICS,false,44122,44-45,Retail Trade
4413,"Automotive Parts, Accessories, and Tire Retailers","Automotive Parts, Accessories, and Tire Retailers",Industry Group,4,***,"Re-used code, content change (with or without title change)",false,441,44-45,Retail Trade
44133,Automotive Parts and Accessories Retailers,Automotive Parts and Accessories Retailers,NAICS Industry,5,**,New code for 2022 NAICS,false,4413,44-45,Retail Trade
441330,Automotive Parts and Accessories Retailers,Automotive Parts and Accessories Retailers,National Industry,6,**,New code for 2022 NAICS,false,44133,44-45,Retail Trade
44134,Tire Dealers,Tire Dealers,NAICS Industry,5,**,New code for 2022 NAICS,false,4413,44-45,Retail Trade
441340,Tire Dealers,Tire Dealers,National Industry,6,**,New code for 2022 NAICS,false,44134,44-45,Retail Trade
444,Building Material and Garden Equipment and Supplies Dealers,Building Material and Garden Equipment and Supplies Dealers,Subsector,3,****,"Re-used code, content change at lower level with insignificant impact",false,44-45,44-45,Retail Trade
4441,Building Material and Supplies Dealers,Building Material and Supplies Dealers,Industry Group,4,,No change from 2017 NAICS,false,444,44-45,Retail Trade
44411,Home Centers,Home Centers,NAICS Industry,5,,No change from 2017 NAICS,false,4441,44-45,Retail Trade
444110,Home Centers,Home Centers,National Industry,6,,No change from 2017 NAICS,false,44411,44-45,Retail Trade
44412,Paint and Wallpaper Retailers,Paint and Wallpaper Retailers,NAICS Industry,5,*,"Title change, no content change",false,4441,44-45,Retail Trade
444120,Paint and Wallpaper Retailers,Paint and Wallpaper Retailers,National Industry,6,*,"Title change, no content change",false,44412,44-45,Retail Trade
44414,Hardware Retailers,Hardware Retailers,NAICS Industry,5,**,New code for 2022 NAICS,false,4441,44-45,Retail Trade
444140,Hardware Retailers,Hardware Retailers,National Industry,6,**,New code for 2022 NAICS,false,44414,44-45,Retail Trade
44418,Other Building Material Dealers,Other Building Material Dealers,NAICS Industry,5,**,New code for 2022 NAICS,false,4441,44-45,Retail Trade
444180,Other Building Material Dealers,Other Building Material Dealers,National Industry,6,**,New code for 2022 NAICS,false,44418,44-45,Retail Trade
4442,Lawn and Garden Equipment and Supplies Retailers,Lawn and Garden Equipment and Supplies Retailers,Industry Group,4,***,"Re-used code, content change (with or without title change)",false,444,44-45,Retail Trade
44423,Outdoor Power Equipment Retailers,Outdoor Power Equipment Retailers,NAICS Industry,5,**,New code for 2022 NAICS,false,4442,44-45,Retail Trade
444230,Outdoor Power Equipment Retailers,Outdoor Power Equipment Retailers,National Industry,6,**,New code for 2022 NAICS,false,44423,44-45,Retail Trade
44424,"Nursery, Garden Center, and Farm Supply Retailers","Nursery, Garden Center, and Farm Supply Retailers",NAICS Industry,5,**,New code for 2022 NAICS,false,4442,44-45,Retail Trade
444240,"Nursery, Garden Center, and Farm Supply Retailers","Nursery, Garden Center, and Farm Supply Retailers",National Industry,6,**,New code for 2022 NAICS,false,44424,44-45,Retail Trade
445,Food and Beverage Retailers,Food and Beverage Retailers,Subsector,3,****,"Re-used code, content change at lower level with insignificant impact",false,44-45,44-45,Retail Trade
4451,Grocery and Convenience Retailers,Grocery and Convenience Retailers,Industry Group,4,****,"Re-used code, content change at lower level with insignificant impact",false,445,44-45,Retail Trade
44511,Supermarkets and Other Grocery Retailers (except Convenience Retailers),Supermarkets and Other Grocery Retailers (except Convenience Retailers),NAICS Industry,5,*,"Title change, no content change",false,4451,44-45,Retail Trade
445110,Supermarkets and Other Grocery Retailers (except Convenience Retailers),Supermarkets and Other Grocery Retailers (except Convenience Retailers),National Industry,6,*,"Title change, no content change",false,44511,44-45,Retail Trade
44513,Convenience Retailers and Vending Machine Operators,Convenience Retailers and Vending Machine Operators,NAICS Industry,5,**,New code for 2022 NAICS,false,4451,44-45,Retail Trade
445131,Convenience Retailers,Convenience Retailers,National Industry,6,**,New code for 2022 NAICS,false,44513,44-45,Retail Trade
445132,Vending Machine Operators,Vending Machine Operators,National Industry,6,**,New code for 2022 NAICS,false,44513,44-45,Retail Trade
4452,Specialty Food Retailers,Specialty Food Retailers,Industry Group,4,****,"Re-used code, content change at lower level with insignificant impact",false,445,44-45,Retail Trade
44523,Fruit and Vegetable Retailers,Fruit and Vegetable Retailers,NAICS Industry,5,*,"Title change, no content change",false,4452,44-45,Retail Trade
445230,Fruit and Vegetable Retailers,Fruit and Vegetable Retailers,National Industry,6,*,"Title change, no content change",false,44523,44-45,Retail Trade
44524,Meat Retailers,Meat Retailers,NAICS Industry,5,**,New code for 2022 NAICS,false,4452,44-45,Retail Trade
445240,Meat Retailers,Meat Retailers,National Industry,6,**,New code for 2022 NAICS,false,44524,44-45,Retail Trade
44525,Fish and Seafood Retailers,Fish and Seafood Retailers,NAICS Industry,5,**,New code for 2022 NAICS,false,4452,44-45,Retail Trade
445250,Fish and Seafood Retailers,Fish and Seafood Retailers,National Industry,6,**,New code for 2022 NAICS,false,44525,44-45,Retail Trade
44529,Other Specialty Food Retailers,Other Specialty Food Retailers,NAICS Industry,5,*,"Title change, no content change",false,4452,44-45,Retail Trade
445291,Baked Goods Retailers,Baked Goods Retailers,National Industry,6,*,"Title change, no content change",false,44529,44-45,Retail Trade
445292,Confectionery and Nut Retailers,Confectionery and Nut Retailers,National Industry,6,*,"Title change, no content change",false,44529,44-45,Retail Trade
445298,All Other Specialty Food Retailers,All Other Specialty Food Retailers,National Industry,6,**,New code for 2022 NAICS,false,44529,44-45,Retail Trade
4453,"Beer, Wine, and Liquor Retailers","Beer, Wine, and Liquor Retailers",Industry Group,4,***,"Re-used code, content change (with or without title change)",false,445,44-45,Retail Trade
44532,"Beer, Wine, and Liquor Retailers","Beer, Wine, and Liquor Retailers",NAICS Industry,5,**,New code for 2022 NAICS,false,4453,44-45,Retail Trade
445320,"Beer, Wine, and Liquor Retailers","Beer, Wine, and Liquor Retailers",National Industry,6,**,New code for 2022 NAICS,false,44532,44-45,Retail Trade
449,"Furniture, Home Furnishings, Electronics, and Appliance Retailers","Furniture, Home Furnishings, Electronics, and Appliance Retailers",Subsector,3,**,New code for 2022 NAICS,false,44-45,44-45,Retail Trade
4491,Furniture and Home Furnishings Retailers,Furniture and Home Furnishings Retailers,Industry Group,4,**,New code for 2022 NAICS,false,449,44-45,Retail Trade
44911,Furniture Retailers,Furniture Retailers,NAICS Industry,5,**,New code for 2022 NAICS,false,4491,44-45,Retail Trade
449110,Furniture Retailers,Furniture Retailers,National Industry,6,**,New code for 2022 NAICS,false,44911,44-45,Retail Trade
44912,Home Furnishings Retailers,Home Furnishings Retailers,NAICS Industry,5,**,New code for 2022 NAICS,false,4491,44-45,Retail Trade
449121,Floor Covering Retailers,Floor Covering Retailers,National Industry,6,**,New code for 2022 NAICS,false,44912,44-45,Retail Trade
449122,Window Treatment Retailers,Window Treatment Retailers,National Industry,6,**,New code for 2022 NAICS,false,44912,44-45,Retail Trade
449129,All Other Home Furnishings Retailers,All Other Home Furnishings Retailers,National Industry,6,**,New code for 2022 NAICS,false,44912,44-45,Retail Trade
4492,Electronics and Appliance Retailers,Electronics and Appliance Retailers,Industry Group,4,**,New code for 2022 NAICS,false,449,44-45,Retail Trade
44921,Electronics and Appliance Retailers,Electronics and Appliance Retailers,NAICS Industry,5,**,New code for 2022 NAICS,false,4492,44-45,Retail Trade
449210,Electronics and Appliance Retailers,Electronics and Appliance Retailers,National Industry,6,**,New code for 2022 NAICS,false,44921,44-45,Retail Trade
455,General Merchandise Retailers,General Merchandise Retailers,Subsector,3,**,New code for 2022 NAICS,false,44-45,44-45,Retail Trade
4551,Department Stores,Department Stores,Industry Group,4,**,New code for 2022 NAICS,false,455,44-45,Retail Trade
45511,Department Stores,Department Stores,NAICS Industry,5,**,New code for 2022 NAICS,false,4551,44-45,Retail Trade
455110,Department Stores,Department Stores,National Industry,6,**,New code for 2022 NAICS,false,45511,44-45,Retail Trade
4552,"Warehouse Clubs, Supercenters, and Other General Merchandise Retailers","Warehouse Clubs, Supercenters, and Other General Merchandise Retailers",Industry Group,4,**,New code for 2022 NAICS,false,455,44-45,Retail Trade
45521,"Warehouse Clubs, Supercenters, and Other General Merchandise Retailers","Warehouse Clubs, Supercenters, and Other General Merchandise Retailers",NAICS Industry,5,**,New code for 2022 NAICS,false,4552,44-45,Retail Trade
455211,Warehouse Clubs and Supercenters,Warehouse Clubs and Supercenters,National Industry,6,**,New code for 2022 NAICS,false,45521,44-45,Retail Trade
455219,All Other General Merchandise Retailers,All Other General Merchandise Retailers,National Industry,6,**,New code for 2022 NAICS,false,45521,44-45,Retail Trade
456,Health and Personal Care Retailers,Health and Personal Care Retailers,Subsector,3,**,New code for 2022 NAICS,false,44-45,44-45,Retail Trade
4561,Health and Personal Care Retailers,Health and Personal Care Retailers,Industry Group,4,**,New code for 2022 NAICS,false,456,44-45,Retail Trade
45611,Pharmacies and Drug Retailers,Pharmacies and Drug Retailers,NAICS Industry,5,**,New code for 2022 NAICS,false,4561,44-45,Retail Trade
456110,Pharmacies and Drug Retailers,Pharmacies and Drug Retailers,National Industry,6,**,New code for 2022 NAICS,false,45611,44-45,Retail Trade
45612,"Cosmetics, Beauty Supplies, and Perfume Retailers","Cosmetics, Beauty Supplies, and Perfume Retailers",NAICS Industry,5,**,New code for 2022 NAICS,false,4561,44-45,Retail Trade
456120,"Cosmetics, Beauty Supplies, and Perfume Retailers","Cosmetics, Beauty Supplies, and Perfume Retailers",National Industry,6,**,New code for 2022 NAICS,false,45612,44-45,Retail Trade
45613,Optical Goods Retailers,Optical Goods Retailers,NAICS Industry,5,**,New code for 2022 NAICS,false,4561,44-45,Retail Trade
456130,Optical Goods Retailers,Optical Goods Retailers,National Industry,6,**,New code for 2022 NAICS,false,45613,44-45,Retail Trade
45619,Other Health and Personal Care Retailers,Other Health and Personal Care Retailers,NAICS Industry,5,**,New code for 2022 NAICS,false,4561,44-45,Retail Trade
456191,Food (Health) Supplement Retailers,Food (Health) Supplement Retailers,National Industry,6,**,New code for 2022 NAICS,false,45619,44-45,Retail Trade
456199,All Other Health and Personal Care Retailers,All Other Health and Personal Care Retailers,National Industry,6,**,New code for 2022 NAICS,false,45619,44-45,Retail Trade
457,Gasoline Stations and Fuel Dealers,Gasoline Stations and Fuel Dealers,Subsector,3,**,New code for 2022 NAICS,false,44-45,44-45,Retail Trade
4571,Gasoline Stations,Gasoline Stations,Industry Group,4,**,New code for 2022 NAICS,false,457,44-45,Retail Trade
45711,Gasoline Stations with Convenience Stores,Gasoline Stations with Convenience Stores,NAICS Industry,5,**,New code for 2022 NAICS,false,4571,44-45,Retail Trade
457110,Gasoline Stations with Convenience Stores,Gasoline Stations with Convenience Stores,National Industry,6,**,New code for 2022 NAICS,false,45711,44-45,Retail Trade
45712,Other Gasoline Stations,Other Gasoline Stations,NAICS Industry,5,**,New code for 2022 NAICS,false,4571,44-45,Retail Trade
457120,Other Gasoline Stations,Other Gasoline Stations,National Industry,6,**,New code for 2022 NAICS,false,45712,44-45,Retail Trade
4572,Fuel Dealers,Fuel Dealers,Industry Group,4,**,New code for 2022 NAICS,false,457,44-45,Retail Trade
45721,Fuel Dealers,Fuel Dealers,NAICS Industry,5,**,New code for 2022 NAICS,false,4572,44-45,Retail Trade
457210,Fuel Dealers,Fuel Dealers,National Industry,6,**,New code for 2022 NAICS,false,45721,44-45,Retail Trade
458,"Clothing, Clothing Accessories, Shoe, and Jewelry Retailers","Clothing, Clothing Accessories, Shoe, and Jewelry Retailers",Subsector,3,**,New code for 2022 NAICS,false,44-45,44-45,Retail Trade
4581,Clothing and Clothing Accessories Retailers,Clothing and Clothing Accessories Retailers,Industry Group,4,**,New code for 2022 NAICS,false,458,44-45,Retail Trade
45811,Clothing and Clothing Accessories Retailers,Clothing and Clothing Accessories Retailers,NAICS Industry,5,**,New code for 2022 NAICS,false,4581,44-45,Retail Trade
458110,Clothing and Clothing Accessories Retailers,Clothing and Clothing Accessories Retailers,National Industry,6,**,New code for 2022 NAICS,false,45811,44-45,Retail Trade
4582,Shoe Retailers,Shoe Retailers,Industry Group,4,**,New code for 2022 NAICS,false,458,44-45,Retail Trade
45821,Shoe Retailers,Shoe Retailers,NAICS Industry,5,**,New code for 2022 NAICS,false,4582,44-45,Retail Trade
458210,Shoe Retailers,Shoe Retailers,National Industry,6,**,New code for 2022 NAICS,false,45821,44-45,Retail Trade
4583,"Jewelry, Luggage, and Leather Goods Retailers","Jewelry, Luggage, and Leather Goods Retailers",Industry Group,4,**,New code for 2022 NAICS,false,458,44-45,Retail Trade
45831,Jewelry Retailers,Jewelry Retailers,NAICS Industry,5,**,New code for 2022 NAICS,false,4583,44-45,Retail Trade
458310,Jewelry Retailers,Jewelry Retailers,National Industry,6,**,New code for 2022 NAICS,false,45831,44-45,Retail Trade
45832,Luggage and Leather Goods Retailers,Luggage and Leather Goods Retailers,NAICS Industry,5,**,New code for 2022 NAICS,false,4583,44-45,Retail Trade
458320,Luggage and Leather Goods Retailers,Luggage and Leather Goods Retailers,National Industry,6,**,New code for 2022 NAICS,false,45832,44-45,Retail Trade
459,"Sporting Goods, Hobby, Musical Instrument, Book, and Miscellaneous Retailers","Sporting Goods, Hobby, Musical Instrument, Book, and Miscellaneous Retailers",Subsector,3,**,New code for 2022 NAICS,false,44-45,44-45,Retail Trade
4591,"Sporting Goods, Hobby, and Musical Instrument Retailers","Sporting Goods, Hobby, and Musical Instrument Retailers",Industry Group,4,**,New code for 2022 NAICS,false,459,44-45,Retail Trade
45911,Sporting Goods Retailers,Sporting Goods Retailers,NAICS Industry,5,**,New code for 2022 NAICS,false,4591,44-45,Retail Trade
459110,Sporting Goods Retailers,Sporting Goods Retailers,National Industry,6,**,New code for 2022 NAICS,false,45911,44-45,Retail Trade
45912,"Hobby, Toy, and Game Retailers","Hobby, Toy, and Game Retailers",NAICS Industry,5,**,New code for 2022 NAICS,false,4591,44-45,Retail Trade
459120,"Hobby, Toy, and Game Retailers","Hobby, Toy, and Game Retailers",National Industry,6,**,New code for 2022 NAICS,false,45912,44-45,Retail Trade
45913,"Sewing, Needlework, and Piece Goods Retailers","Sewing, Needlework, and Piece Goods Retailers",NAICS Industry,5,**,New code for 2022 NAICS,false,4591,44-45,Retail Trade
459130,"Sewing, Needlework, and Piece Goods Retailers","Sewing, Needlework, and Piece Goods Retailers",National Industry,6,**,New code for 2022 NAICS,false,45913,44-45,Retail Trade
45914,Musical Instrument and Supplies Retailers,Musical Instrument and Supplies Retailers,NAICS Industry,5,**,New code for 2022 NAICS,false,4591,44-45,Retail Trade
459140,Musical Instrument and Supplies Retailers,Musical Instrument and Supplies Retailers,National Industry,6,**,New code for 2022 NAICS,false,45914,44-45,Retail Trade
4592,Book Retailers and News Dealers,Book Retailers and News Dealers,Industry Group,4,**,New code for 2022 NAICS,false,459,44-45,Retail Trade
45921,Book Retailers and News Dealers,Book Retailers and News Dealers,NAICS Industry,5,**,New code for 2022 NAICS,false,4592,44-45,Retail Trade
459210,Book Retailers and News Dealers,Book Retailers and News Dealers,National Industry,6,**,New code for 2022 NAICS,false,45921,44-45,Retail Trade
4593,Florists,Florists,Industry Group,4,**,New code for 2022 NAICS,false,459,44-45,Retail Trade
45931,Florists,Florists,NAICS Industry,5,**,New code for 2022 NAICS,false,4593,44-45,Retail Trade
459310,Florists,Florists,National Industry,6,**,New code for 2022 NAICS,false,45931,44-45,Retail Trade
4594,"Office Supplies, Stationery, and Gift Retailers","Office Supplies, Stationery, and Gift Retailers",Industry Group,4,**,New code for 2022 NAICS,false,459,44-45,Retail Trade
45941,Office Supplies and Stationery Retailers,Office Supplies and Stationery Retailers,NAICS Industry,5,**,New code for 2022 NAICS,false,4594,44-45,Retail Trade
459410,Office Supplies and Stationery Retailers,Office Supplies and Stationery Retailers,National Industry,6,**,New code for 2022 NAICS,false,45941,44-45,Retail Trade
45942,"Gift, Novelty, and Souvenir Retailers","Gift, Novelty, and Souvenir Retailers",NAICS Industry,5,**,New code for 2022 NAICS,false,4594,44-45,Retail Trade
459420,"Gift, Novelty, and Souvenir Retailers","Gift, Novelty, and Souvenir Retailers",National Industry,6,**,New code for 2022 NAICS,false,45942,44-45,Retail Trade
4595,Used Merchandise Retailers,Used Merchandise Retailers,Industry Group,4,**,New code for 2022 NAICS,false,459,44-45,Retail Trade
45951,Used Merchandise Retailers,Used Merchandise Retailers,NAICS Industry,5,**,New code for 2022 NAICS,false,4595,44-45,Retail Trade
459510,Used Merchandise Retailers,Used Merchandise Retailers,National Industry,6,**,New code for 2022 NAICS,false,45951,44-45,Retail Trade
4599,Other Miscellaneous Retailers,Other Miscellaneous Retailers,Industry Group,4,**,New code for 2022 NAICS,false,459,44-45,Retail Trade
45991,Pet and Pet Supplies Retailers,Pet and Pet Supplies Retailers,NAICS Industry,5,**,New code for 2022 NAICS,false,4599,44-45,Retail Trade
459910,Pet and Pet Supplies Retailers,Pet and Pet Supplies Retailers,National Industry,6,**,New code for 2022 NAICS,false,45991,44-45,Retail Trade
45992,Art Dealers,Art Dealers,NAICS Industry,5,**,New code for 2022 NAICS,false,4599,44-45,Retail Trade
459920,Art Dealers,Art Dealers,National Industry,6,**,New code for 2022 NAICS,false,45992,44-45,Retail Trade
45993,Manufactured (Mobile) Home Dealers,Manufactured (Mobile) Home Dealers,NAICS Industry,5,**,New code for 2022 NAICS,false,4599,44-45,Retail Trade
459930,Manufactured (Mobile) Home Dealers,Manufactured (Mobile) Home Dealers,National Industry,6,**,New code for 2022 NAICS,false,45993,44-45,Retail Trade
45999,All Other Miscellaneous Retailers,All Other Miscellaneous Retailers,NAICS Industry,5,**,New code for 2022 NAICS,false,4599,44-45,Retail Trade
459991,"Tobacco, Electronic Cigarette, and Other Smoking Supplies Retailers","Tobacco, Electronic Cigarette, and Other Smoking Supplies Retailers",National Industry,6,**,New code for 2022 NAICS,false,45999,44-45,Retail Trade
459999,All Other Miscellaneous Retailers,All Other Miscellaneous Retailers,National Industry,6,**,New code for 2022 NAICS,false,45999,44-45,Retail Trade
48-49,Transportation and Warehousing,Transportation and WarehousingT,Sector,2,,No change from 2017 NAICS,true,,48-49,Transportation and Warehousing
481,Air Transportation,Air TransportationT,Subsector,3,,No change from 2017 NAICS,true,48-49,48-49,Transportation and Warehousing
4811,Scheduled Air Transportation,Scheduled Air TransportationT,Industry Group,4,,No change from 2017 NAICS,true,481,48-49,Transportation and Warehousing
48111,Scheduled Air Transportation,Scheduled Air TransportationT,NAICS Industry,5,,No change from 2017 NAICS,true,4811,48-49,Transportation and Warehousing
481111,Scheduled Passenger Air Transportation,Scheduled Passenger Air Transportation,National Industry,6,,No change from 2017 NAICS,false,48111,48-49,Transportation and Warehousing
481112,Scheduled Freight Air Transportation,Scheduled Freight Air Transportation,National Industry,6,,No change from 2017 NAICS,false,48111,48-49,Transportation and Warehousing
4812,Nonscheduled Air Transportation,Nonscheduled Air TransportationT,Industry Group,4,,No change from 2017 NAICS,true,481,48-49,Transportation and Warehousing
48121,Nonscheduled Air Transportation,Nonscheduled Air TransportationT,NAICS Industry,5,,No change from 2017 NAICS,true,4812,48-49,Transportation and Warehousing
481211,Nonscheduled Chartered Passenger Air Transportation,Nonscheduled Chartered Passenger Air Transportation,National Industry,6,,No change from 2017 NAICS,false,48121,48-49,Transportation and Warehousing
481212,Nonscheduled Chartered Freight Air Transportation,Nonscheduled Chartered Freight Air Transportation,National Industry,6,,No change from 2017 NAICS,false,48121,48-49,Transportation and Warehousing
481219,Other Nonscheduled Air Transportation,Other Nonscheduled Air Transportation,National Industry,6,,No change from 2017 NAICS,false,48121,48-49,Transportation and Warehousing
482,Rail Transportation,Rail TransportationT,Subsector,3,,No change from 2017 NAICS,true,48-49,48-49,Transportation and Warehousing
4821,Rail Transportation,Rail TransportationT,Industry Group,4,,No change from 2017 NAICS,true,482,48-49,Transportation and Warehousing
48211,Rail Transportation,Rail TransportationT,NAICS Industry,5,,No change from 2017 NAICS,true,4821,48-49,Transportation and Warehousing
482111,Line-Haul Railroads,Line-Haul Railroads,National Industry,6,,No change from 2017 NAICS,false,48211,48-49,Transportation and Warehousing
482112,Short Line Railroads,Short Line Railroads,National Industry,6,,No change from 2017 NAICS,false,48211,48-49,Transportation and Warehousing
483,Water Transportation,Water TransportationT,Subsector,3,,No change from 2017 NAICS,true,48-49,48-49,Transportation and Warehousing
4831,"Deep Sea, Coastal, and Great Lakes Water Transportation","Deep Sea, Coastal, and Great Lakes Water TransportationT",Industry Group,4,,No change from 2017 NAICS,true,483,48-49,Transportation and Warehousing
48311,"Deep Sea, Coastal, and Great Lakes Water Transportation","Deep Sea, Coastal, and Great Lakes Water TransportationT",NAICS Industry,5,,No change from 2017 NAICS,true,4831,48-49,Transportation and Warehousing
483111,Deep Sea Freight Transportation,Deep Sea Freight Transportation,National Industry,6,,No change from 2017 NAICS,false,48311,48-49,Transportation and Warehousing
483112,Deep Sea Passenger Transportation,Deep Sea Passenger Transportation,National Industry,6,,No change from 2017 NAICS,false,48311,48-49,Transportation and Warehousing
483113,Coastal and Great Lakes Freight Transportation,Coastal and Great Lakes Freight Transportation,National Industry,6,,No change from 2017 NAICS,false,48311,48-49,Transportation and Warehousing
483114,Coastal and Great Lakes Passenger Transportation,Coastal and Great Lakes Passenger Transportation,National Industry,6,,No change from 2017 NAICS,false,48311,48-49,Transportation and Warehousing
4832,Inland Water Transportation,Inland Water TransportationT,Industry Group,4,,No change from 2017 NAICS,true,483,48-49,Transportation and Warehousing
48321,Inland Water Transportation,Inland Water TransportationT,NAICS Industry,5,,No change from 2017 NAICS,true,4832,48-49,Transportation and Warehousing
483211,Inland Water Freight Transportation,Inland Water Freight Transportation,National Industry,6,,No change from 2017 NAICS,false,48321,48-49,Transportation and Warehousing
483212,Inland Water Passenger Transportation,Inland Water Passenger Transportation,National Industry,6,,No change from 2017 NAICS,false,48321,48-49,Transportation and Warehousing
484,Truck Transportation,Truck TransportationT,Subsector,3,,No change from 2017 NAICS,true,48-49,48-49,Transportation and Warehousing
4841,General Freight Trucking,General Freight TruckingT,Industry Group,4,,No change from 2017 NAICS,true,484,48-49,Transportation and Warehousing
48411,"General Freight Trucking, Local","General Freight Trucking, LocalT",NAICS Industry,5,,No change from 2017 NAICS,true,4841,48-49,Transportation and Warehousing
484110,"General Freight Trucking, Local","General Freight Trucking, Local",National Industry,6,,No change from 2017 NAICS,false,48411,48-49,Transportation and Warehousing
48412,"General Freight Trucking, Long-Distance","General Freight Trucking, Long-DistanceT",NAICS Industry,5,,No change from 2017 NAICS,true,4841,48-49,Transportation and Warehousing
484121,"General Freight Trucking, Long-Distance, Truckload","General Freight Trucking, Long-Distance, Truckload",National Industry,6,,No change from 2017 NAICS,false,48412,48-49,Transportation and Warehousing
484122,"General Freight Trucking, Long-Distance, Less Than Truckload","General Freight Trucking, Long-Distance, Less Than Truckload",National Industry,6,,No change from 2017 NAICS,false,48412,48-49,Transportation and Warehousing
4842,Specialized Freight Trucking,Specialized Freight TruckingT,Industry Group,4,,No change from 2017 NAICS,true,484,48-49,Transportation and Warehousing
48421,Used Household and Office Goods Moving,Used Household and Office Goods MovingT,NAICS Industry,5,,No change from 2017 NAICS,true,4842,48-49,Transportation and Warehousing
484210,Used Household and Office Goods Moving,Used Household and Office Goods Moving,National Industry,6,,No change from 2017 NAICS,false,48421,48-49,Transportation and Warehousing
48422,"Specialized Freight (except Used Goods) Trucking, Local","Specialized Freight (except Used Goods) Trucking, LocalT",NAICS Industry,5,,No change from 2017 NAICS,true,4842,48-49,Transportation and Warehousing
484220,"Specialized Freight (except Used Goods) Trucking, Local","Specialized Freight (except Used Goods) Trucking, Local",National Industry,6,,No change from 2017 NAICS,false,48422,48-49,Transportation and Warehousing
48423,"Specialized Freight (except Used Goods) Trucking, Long-Distance","Specialized Freight (except Used Goods) Trucking, Long-DistanceT",NAICS Industry,5,,No change from 2017 NAICS,true,4842,48-49,Transportation and Warehousing
484230,"Specialized Freight (except Used Goods) Trucking, Long-Distance","Specialized Freight (except Used Goods) Trucking, Long-Distance",National Industry,6,,No change from 2017 NAICS,false,48423,48-49,Transportation and Warehousing
485,Transit and Ground Passenger Transportation,Transit and Ground Passenger TransportationT,Subsector,3,,No change from 2017 NAICS,true,48-49,48-49,Transportation and Warehousing
4851,Urban Transit Systems,Urban Transit SystemsT,Industry Group,4,,No change from 2017 NAICS,true,485,48-49,Transportation and Warehousing
48511,Urban Transit Systems,Urban Transit SystemsT,NAICS Industry,5,,No change from 2017 NAICS,true,4851,48-49,Transportation and Warehousing
485111,Mixed Mode Transit Systems,Mixed Mode Transit Systems,National Industry,6,,No change from 2017 NAICS,false,48511,48-49,Transportation and Warehousing
485112,Commuter Rail Systems,Commuter Rail Systems,National Industry,6,,No change from 2017 NAICS,false,48511,48-49,Transportation and Warehousing
485113,Bus and Other Motor Vehicle Transit Systems,Bus and Other Motor Vehicle Transit Systems,National Industry,6,,No change from 2017 NAICS,false,48511,48-49,Transportation and Warehousing
485119,Other Urban Transit Systems,Other Urban Transit Systems,National Industry,6,,No change from 2017 NAICS,false,48511,48-49,Transportation and Warehousing
4852,Interurban and Rural Bus Transportation,Interurban and Rural Bus TransportationT,Industry Group,4,,No change from 2017 NAICS,true,485,48-49,Transportation and Warehousing
48521,Interurban and Rural Bus Transportation,Interurban and Rural Bus TransportationT,NAICS Industry,5,,No change from 2017 NAICS,true,4852,48-49,Transportation and Warehousing
485210,Interurban and Rural Bus Transportation,Interurban and Rural Bus Transportation,National Industry,6,,No change from 2017 NAICS,false,48521,48-49,Transportation and Warehousing
4853,Taxi and Limousine Service,Taxi and Limousine ServiceT,Industry Group,4,,No change from 2017 NAICS,true,485,48-49,Transportation and Warehousing
48531,Taxi and Ridesharing Services,Taxi and Ridesharing ServicesT,NAICS Industry,5,*,"Title change, no content change",true,4853,48-49,Transportation and Warehousing
485310,Taxi and Ridesharing Services,Taxi and Ridesharing Services,National Industry,6,*,"Title change, no content change",false,48531,48-49,Transportation and Warehousing
48532,Limousine Service,Limousine ServiceT,NAICS Industry,5,,No change from 2017 NAICS,true,4853,48-49,Transportation and Warehousing
485320,Limousine Service,Limousine Service,National Industry,6,,No change from 2017 NAICS,false,48532,48-49,Transportation and Warehousing
4854,School and Employee Bus Transportation,School and Employee Bus TransportationT,Industry Group,4,,No change from 2017 NAICS,true,485,48-49,Transportation and Warehousing
48541,School and Employee Bus Transportation,School and Employee Bus TransportationT,NAICS Industry,5,,No change from 2017 NAICS,true,4854,48-49,Transportation and Warehousing
485410,School and Employee Bus Transportation,School and Employee Bus Transportation,National Industry,6,,No change from 2017 NAICS,false,48541,48-49,Transportation and Warehousing
4855,Charter Bus Industry,Charter Bus IndustryT,Industry Group,4,,No change from 2017 NAICS,true,485,48-49,Transportation and Warehousing
48551,Charter Bus Industry,Charter Bus IndustryT,NAICS Industry,5,,No change from 2017 NAICS,true,4855,48-49,Transportation and Warehousing
485510,Charter Bus Industry,Charter Bus Industry,National Industry,6,,No change from 2017 NAICS,false,48551,48-49,Transportation and Warehousing
4859,Other Transit and Ground Passenger Transportation,Other Transit and Ground Passenger TransportationT,Industry Group,4,,No change from 2017 NAICS,true,485,48-49,Transportation and Warehousing
48599,Other Transit and Ground Passenger Transportation,Other Transit and Ground Passenger TransportationT,NAICS Industry,5,,No change from 2017 NAICS,true,4859,48-49,Transportation and Warehousing
485991,Special Needs Transportation,Special Needs Transportation,National Industry,6,,No change from 2017 NAICS,false,48599,48-49,Transportation and Warehousing
485999,All Other Transit and Ground Passenger Transportation,All Other Transit and Ground Passenger Transportation,National Industry,6,,No change from 2017 NAICS,false,48599,48-49,Transportation and Warehousing
486,Pipeline Transportation,Pipeline TransportationT,Subsector,3,,No change from 2017 NAICS,true,48-49,48-49,Transportation and Warehousing
4861,Pipeline Transportation of Crude Oil,Pipeline Transportation of Crude OilT,Industry Group,4,,No change from 2017 NAICS,true,486,48-49,Transportation and Warehousing
48611,Pipeline Transportation of Crude Oil,Pipeline Transportation of Crude OilT,NAICS Industry,5,,No change from 2017 NAICS,true,4861,48-49,Transportation and Warehousing
486110,Pipeline Transportation of Crude Oil,Pipeline Transportation of Crude Oil,National Industry,6,,No change from 2017 NAICS,false,48611,48-49,Transportation and Warehousing
4862,Pipeline Transportation of Natural Gas,Pipeline Transportation of Natural GasT,Industry Group,4,,No change from 2017 NAICS,true,486,48-49,Transportation and Warehousing
48621,Pipeline Transportation of Natural Gas,Pipeline Transportation of Natural GasT,NAICS Industry,5,,No change from 2017 NAICS,true,4862,48-49,Transportation and Warehousing
486210,Pipeline Transportation of Natural Gas,Pipeline Transportation of Natural Gas,National Industry,6,,No change from 2017 NAICS,false,48621,48-49,Transportation and Warehousing
4869,Other Pipeline Transportation,Other Pipeline TransportationT,Industry Group,4,,No change from 2017 NAICS,true,486,48-49,Transportation and Warehousing
48691,Pipeline Transportation of Refined Petroleum Products,Pipeline Transportation of Refined Petroleum ProductsT,NAICS Industry,5,,No change from 2017 NAICS,true,4869,48-49,Transportation and Warehousing
486910,Pipeline Transportation of Refined Petroleum Products,Pipeline Transportation of Refined Petroleum Products,National Industry,6,,No change from 2017 NAICS,false,48691,48-49,Transportation and Warehousing
48699,All Other Pipeline Transportation,All Other Pipeline TransportationT,NAICS Industry,5,,No change from 2017 NAICS,true,4869,48-49,Transportation and Warehousing
486990,All Other Pipeline Transportation,All Other Pipeline Transportation,National Industry,6,,No change from 2017 NAICS,false,48699,48-49,Transportation and Warehousing
487,Scenic and Sightseeing Transportation,Scenic and Sightseeing TransportationT,Subsector,3,,No change from 2017 NAICS,true,48-49,48-49,Transportation and Warehousing
4871,"Scenic and Sightseeing Transportation, Land","Scenic and Sightseeing Transportation, LandT",Industry Group,4,,No change from 2017 NAICS,true,487,48-49,Transportation and Warehousing
48711,"Scenic and Sightseeing Transportation, Land","Scenic and Sightseeing Transportation, LandT",NAICS Industry,5,,No change from 2017 NAICS,true,4871,48-49,Transportation and Warehousing
487110,"Scenic and Sightseeing Transportation, Land","Scenic and Sightseeing Transportation, Land",National Industry,6,,No change from 2017 NAICS,false,48711,48-49,Transportation and Warehousing
4872,"Scenic and Sightseeing Transportation, Water","Scenic and Sightseeing Transportation, WaterT",Industry Group,4,,No change from 2017 NAICS,true,487,48-49,Transportation and Warehousing
48721,"Scenic and Sightseeing Transportation, Water","Scenic and Sightseeing Transportation, WaterT",NAICS Industry,5,,No change from 2017 NAICS,true,4872,48-49,Transportation and Warehousing
487210,"Scenic and Sightseeing Transportation, Water","Scenic and Sightseeing Transportation, Water",National Industry,6,,No change from 2017 NAICS,false,48721,48-49,Transportation and Warehousing
4879,"Scenic and Sightseeing Transportation, Other","Scenic and Sightseeing Transportation, OtherT",Industry Group,4,,No change from 2017 NAICS,true,487,48-49,Transportation and Warehousing
48799,"Scenic and Sightseeing Transportation, Other","Scenic and Sightseeing Transportation, OtherT",NAICS Industry,5,,No change from 2017 NAICS,true,4879,48-49,Transportation and Warehousing
487990,"Scenic and Sightseeing Transportation, Other","Scenic and Sightseeing Transportation, Other",National Industry,6,,No change from 2017 NAICS,false,48799,48-49,Transportation and Warehousing
488,Support Activities for Transportation,Support Activities for TransportationT,Subsector,3,,No change from 2017 NAICS,true,48-49,48-49,Transportation and Warehousing
4881,Support Activities for Air Transportation,Support Activities for Air TransportationT,Industry Group,4,,No change from 2017 NAICS,true,488,48-49,Transportation and Warehousing
48811,Airport Operations,Airport OperationsT,NAICS Industry,5,,No change from 2017 NAICS,true,4881,48-49,Transportation and Warehousing
488111,Air Traffic Control,Air Traffic Control,National Industry,6,,No change from 2017 NAICS,false,48811,48-49,Transportation and Warehousing
488119,Other Airport Operations,Other Airport Operations,National Industry,6,,No change from 2017 NAICS,false,48811,48-49,Transportation and Warehousing
48819,Other Support Activities for Air Transportation,Other Support Activities for Air TransportationT,NAICS Industry,5,,No change from 2017 NAICS,true,4881,48-49,Transportation and Warehousing
488190,Other Support Activities for Air Transportation,Other Support Activities for Air Transportation,National Industry,6,,No change from 2017 NAICS,false,48819,48-49,Transportation and Warehousing
4882,Support Activities for Rail Transportation,Support Activities for Rail TransportationT,Industry Group,4,,No change from 2017 NAICS,true,488,48-49,Transportation and Warehousing
48821,Support Activities for Rail Transportation,Support Activities for Rail TransportationT,NAICS Industry,5,,No change from 2017 NAICS,true,4882,48-49,Transportation and Warehousing
488210,Support Activities for Rail Transportation,Support Activities for Rail Transportation,National Industry,6,,No change from 2017 NAICS,false,48821,48-49,Transportation and Warehousing
4883,Support Activities for Water Transportation,Support Activities for Water TransportationT,Industry Group,4,,No change from 2017 NAICS,true,488,48-49,Transportation and Warehousing
48831,Port and Harbor Operations,Port and Harbor OperationsT,NAICS Industry,5,,No change from 2017 NAICS,true,4883,48-49,Transportation and Warehousing
488310,Port and Harbor Operations,Port and Harbor Operations,National Industry,6,,No change from 2017 NAICS,false,48831,48-49,Transportation and Warehousing
48832,Marine Cargo Handling,Marine Cargo HandlingT,NAICS Industry,5,,No change from 2017 NAICS,true,4883,48-49,Transportation and Warehousing
488320,Marine Cargo Handling,Marine Cargo Handling,National Industry,6,,No change from 2017 NAICS,false,48832,48-49,Transportation and Warehousing
48833,Navigational Services to Shipping,Navigational Services to ShippingT,NAICS Industry,5,,No change from 2017 NAICS,true,4883,48-49,Transportation and Warehousing
488330,Navigational Services to Shipping,Navigational Services to Shipping,National Industry,6,,No change from 2017 NAICS,false,48833,48-49,Transportation and Warehousing
48839,Other Support Activities for Water Transportation,Other Support Activities for Water TransportationT,NAICS Industry,5,,No change from 2017 NAICS,true,4883,48-49,Transportation and Warehousing
488390,Other Support Activities for Water Transportation,Other Support Activities for Water Transportation,National Industry,6,,No change from 2017 NAICS,false,48839,48-49,Transportation and Warehousing
4884,Support Activities for Road Transportation,Support Activities for Road TransportationT,Industry Group,4,,No change from 2017 NAICS,true,488,48-49,Transportation and Warehousing
48841,Motor Vehicle Towing,Motor Vehicle TowingT,NAICS Industry,5,,No change from 2017 NAICS,true,4884,48-49,Transportation and Warehousing
488410,Motor Vehicle Towing,Motor Vehicle Towing,National Industry,6,,No change from 2017 NAICS,false,48841,48-49,Transportation and Warehousing
48849,Other Support Activities for Road Transportation,Other Support Activities for Road TransportationT,NAICS Industry,5,,No change from 2017 NAICS,true,4884,48-49,Transportation and Warehousing
488490,Other Support Activities for Road Transportation,Other Support Activities for Road Transportation,National Industry,6,,No change from 2017 NAICS,false,48849,48-49,Transportation and Warehousing
4885,Freight Transportation Arrangement,Freight Transportation ArrangementT,Industry Group,4,,No change from 2017 NAICS,true,488,48-49,Transportation and Warehousing
48851,Freight Transportation Arrangement,Freight Transportation ArrangementT,NAICS Industry,5,,No change from 2017 NAICS,true,4885,48-49,Transportation and Warehousing
488510,Freight Transportation Arrangement,Freight Transportation Arrangement,National Industry,6,,No change from 2017 NAICS,false,48851,48-49,Transportation and Warehousing
4889,Other Support Activities for Transportation,Other Support Activities for TransportationT,Industry Group,4,,No change from 2017 NAICS,true,488,48-49,Transportation and Warehousing
48899,Other Support Activities for Transportation,Other Support Activities for TransportationT,NAICS Industry,5,,No change from 2017 NAICS,true,4889,48-49,Transportation and Warehousing
488991,Packing and Crating,Packing and Crating,National Industry,6,,No change from 2017 NAICS,false,48899,48-49,Transportation and Warehousing
488999,All Other Support Activities for Transportation,All Other Support Activities for Transportation,National Industry,6,,No change from 2017 NAICS,false,48899,48-49,Transportation and Warehousing
491,Postal Service,Postal ServiceT,Subsector,3,,No change from 2017 NAICS,true,48-49,48-49,Transportation and Warehousing
4911,Postal Service,Postal ServiceT,Industry Group,4,,No change from 2017 NAICS,true,491,48-49,Transportation and Warehousing
49111,Postal Service,Postal ServiceT,NAICS Industry,5,,No change from 2017 NAICS,true,4911,48-49,Transportation and Warehousing
491110,Postal Service,Postal Service,National Industry,6,,No change from 2017 NAICS,false,49111,48-49,Transportation and Warehousing
492,Couriers and Messengers,Couriers and MessengersT,Subsector,3,,No change from 2017 NAICS,true,48-49,48-49,Transportation and Warehousing
4921,Couriers and Express Delivery Services,Couriers and Express Delivery ServicesT,Industry Group,4,,No change from 2017 NAICS,true,492,48-49,Transportation and Warehousing
49211,Couriers and Express Delivery Services,Couriers and Express Delivery ServicesT,NAICS Industry,5,,No change from 2017 NAICS,true,4921,48-49,Transportation and Warehousing
492110,Couriers and Express Delivery Services,Couriers and Express Delivery Services,National Industry,6,,No change from 2017 NAICS,false,49211,48-49,Transportation and Warehousing
4922,Local Messengers and Local Delivery,Local Messengers and Local DeliveryT,Industry Group,4,,No change from 2017 NAICS,true,492,48-49,Transportation and Warehousing
49221,Local Messengers and Local Delivery,Local Messengers and Local DeliveryT,NAICS Industry,5,,No change from 2017 NAICS,true,4922,48-49,Transportation and Warehousing
492210,Local Messengers and Local Delivery,Local Messengers and Local Delivery,National Industry,6,,No change from 2017 NAICS,false,49221,48-49,Transportation and Warehousing
493,Warehousing and Storage,Warehousing and StorageT,Subsector,3,,No change from 2017 NAICS,true,48-49,48-49,Transportation and Warehousing
4931,Warehousing and Storage,Warehousing and StorageT,Industry Group,4,,No change from 2017 NAICS,true,493,48-49,Transportation and Warehousing
49311,General Warehousing and Storage,General Warehousing and StorageT,NAICS Industry,5,,No change from 2017 NAICS,true,4931,48-49,Transportation and Warehousing
493110,General Warehousing and Storage,General Warehousing and Storage,National Industry,6,,No change from 2017 NAICS,false,49311,48-49,Transportation and Warehousing
49312,Refrigerated Warehousing and Storage,Refrigerated Warehousing and StorageT,NAICS Industry,5,,No change from 2017 NAICS,true,4931,48-49,Transportation and Warehousing
493120,Refrigerated Warehousing and Storage,Refrigerated Warehousing and Storage,National Industry,6,,No change from 2017 NAICS,false,49312,48-49,Transportation and Warehousing
49313,Farm Product Warehousing and Storage,Farm Product Warehousing and StorageT,NAICS Industry,5,,No change from 2017 NAICS,true,4931,48-49,Transportation and Warehousing
493130,Farm Product Warehousing and Storage,Farm Product Warehousing and Storage,National Industry,6,,No change from 2017 NAICS,false,49313,48-49,Transportation and Warehousing
49319,Other Warehousing and Storage,Other Warehousing and StorageT,NAICS Industry,5,,No change from 2017 NAICS,true,4931,48-49,Transportation and Warehousing
493190,Other Warehousing and Storage,Other Warehousing and Storage,National Industry,6,,No change from 2017 NAICS,false,49319,48-49,Transportation and Warehousing
51,Information,InformationT,Sector,2,,No change from 2017 NAICS,true,,51,Information
512,Motion Picture and Sound Recording Industries,Motion Picture and Sound Recording IndustriesT,Subsector,3,,No change from 2017 NAICS,true,51,51,Information
5121,Motion Picture and Video Industries,Motion Picture and Video IndustriesT,Industry Group,4,,No change from 2017 NAICS,true,512,51,Information
51211,Motion Picture and Video Production,Motion Picture and Video ProductionT,NAICS Industry,5,,No change from 2017 NAICS,true,5121,51,Information
512110,Motion Picture and Video Production,Motion Picture and Video Production,National Industry,6,,No change from 2017 NAICS,false,51211,51,Information
51212,Motion Picture and Video Distribution,Motion Picture and Video DistributionT,NAICS Industry,5,,No change from 2017 NAICS,true,5121,51,Information
512120,Motion Picture and Video Distribution,Motion Picture and Video Distribution,National Industry,6,,No change from 2017 NAICS,false,51212,51,Information
51213,Motion Picture and Video Exhibition,Motion Picture and Video ExhibitionT,NAICS Industry,5,,No change from 2017 NAICS,true,5121,51,Information
512131,Motion Picture Theaters (except Drive-Ins),Motion Picture Theaters (except Drive-Ins),National Industry,6,,No change from 2017 NAICS,false,51213,51,Information
512132,Drive-In Motion Picture Theaters,Drive-In Motion Picture Theaters,National Industry,6,,No change from 2017 NAICS,false,51213,51,Information
51219,Postproduction Services and Other Motion Picture and Video Industries,Postproduction Services and Other Motion Picture and Video IndustriesT,NAICS Industry,5,,No change from 2017 NAICS,true,5121,51,Information
512191,Teleproduction and Other Postproduction Services,Teleproduction and Other Postproduction Services,National Industry,6,,No change from 2017 NAICS,false,51219,51,Information
512199,Other Motion Picture and Video Industries,Other Motion Picture and Video Industries,National Industry,6,,No change from 2017 NAICS,false,51219,51,Information
5122,Sound Recording Industries,Sound Recording IndustriesT,Industry Group,4,,No change from 2017 NAICS,true,512,51,Information
51223,Music Publishers,Music PublishersT,NAICS Industry,5,,No change from 2017 NAICS,true,5122,51,Information
512230,Music Publishers,Music Publishers,National Industry,6,,No change from 2017 NAICS,false,51223,51,Information
51224,Sound Recording Studios,Sound Recording StudiosT,NAICS Industry,5,,No change from 2017 NAICS,true,5122,51,Information
512240,Sound Recording Studios,Sound Recording Studios,National Industry,6,,No change from 2017 NAICS,false,51224,51,Information
51225,Record Production and Distribution,Record Production and DistributionT,NAICS Industry,5,,No change from 2017 NAICS,true,5122,51,Information
512250,Record Production and Distribution,Record Production and Distribution,National Industry,6,,No change from 2017 NAICS,false,51225,51,Information
51229,Other Sound Recording Industries,Other Sound Recording IndustriesT,NAICS Industry,5,,No change from 2017 NAICS,true,5122,51,Information
512290,Other Sound Recording Industries,Other Sound Recording Industries,National Industry,6,,No change from 2017 NAICS,false,51229,51,Information
513,Publishing Industries,Publishing IndustriesT,Subsector,3,**,New code for 2022 NAICS,true,51,51,Information
5131,"Newspaper, Periodical, Book, and Directory Publishers","Newspaper, Periodical, Book, and Directory PublishersT",Industry Group,4,**,New code for 2022 NAICS,true,513,51,Information
51311,Newspaper Publishers,Newspaper PublishersT,NAICS Industry,5,**,New code for 2022 NAICS,true,5131,51,Information
513110,Newspaper Publishers,Newspaper Publishers,National Industry,6,**,New code for 2022 NAICS,false,51311,51,Information
51312,Periodical Publishers,Periodical PublishersT,NAICS Industry,5,**,New code for 2022 NAICS,true,5131,51,Information
513120,Periodical Publishers,Periodical Publishers,National Industry,6,**,New code for 2022 NAICS,false,51312,51,Information
51313,Book Publishers,Book PublishersT,NAICS Industry,5,**,New code for 2022 NAICS,true,5131,51,Information
513130,Book Publishers,Book Publishers,National Industry,6,**,New code for 2022 NAICS,false,51313,51,Information
51314,Directory and Mailing List Publishers,Directory and Mailing List PublishersT,NAICS Industry,5,**,New code for 2022 NAICS,true,5131,51,Information
513140,Directory and Mailing List Publishers,Directory and Mailing List Publishers,National Industry,6,**,New code for 2022 NAICS,false,51314,51,Information
51319,Other Publishers,Other PublishersT,NAICS Industry,5,**,New code for 2022 NAICS,true,5131,51,Information
513191,Greeting Card Publishers,Greeting Card Publishers,National Industry,6,**,New code for 2022 NAICS,false,51319,51,Information
513199,All Other Publishers,All Other Publishers,National Industry,6,**,New code for 2022 NAICS,false,51319,51,Information
5132,Software Publishers,Software PublishersT,Industry Group,4,**,New code for 2022 NAICS,true,513,51,Information
51321,Software Publishers,Software PublishersT,NAICS Industry,5,**,New code for 2022 NAICS,true,5132,51,Information
513210,Software Publishers,Software Publishers,National Industry,6,**,New code for 2022 NAICS,false,51321,51,Information
516,Broadcasting and Content Providers,Broadcasting and Content ProvidersT,Subsector,3,**,New code for 2022 NAICS,true,51,51,Information
5161,Radio and Television Broadcasting Stations,Radio and Television Broadcasting StationsT,Industry Group,4,**,New code for 2022 NAICS,true,516,51,Information
51611,Radio Broadcasting Stations,Radio Broadcasting StationsT,NAICS Industry,5,**,New code for 2022 NAICS,true,5161,51,Information
516110,Radio Broadcasting Stations,Radio Broadcasting Stations,National Industry,6,**,New code for 2022 NAICS,false,51611,51,Information
51612,Television Broadcasting Stations,Television Broadcasting StationsT,NAICS Industry,5,**,New code for 2022 NAICS,true,5161,51,Information
516120,Television Broadcasting Stations,Television Broadcasting Stations,National Industry,6,**,New code for 2022 NAICS,false,51612,51,Information
5162,"Media Streaming Distribution Services, Social Networks, and Other Media Networks and Content Providers","Media Streaming Distribution Services, Social Networks, and Other Media Networks and Content ProvidersT",Industry Group,4,**,New code for 2022 NAICS,true,516,51,Information
51621,"Media Streaming Distribution Services, Social Networks, and Other Media Networks and Content Providers","Media Streaming Distribution Services, Social Networks, and Other Media Networks and Content ProvidersT",NAICS Industry,5,**,New code for 2022 NAICS,true,5162,51,Information
516210,"Media Streaming Distribution Services, Social Networks, and Other Media Networks and Content Providers","Media Streaming Distribution Services, Social Networks, and Other Media Networks and Content Providers",National Industry,6,**,New code for 2022 NAICS,false,51621,51,Information
517,Telecommunications,TelecommunicationsT,Subsector,3,,No change from 2017 NAICS,true,51,51,Information
5171,Wired and Wireless Telecommunications (except Satellite),Wired and Wireless Telecommunications (except Satellite),Industry Group,4,**,New code for 2022 NAICS,false,517,51,Information
51711,Wired and Wireless Telecommunications Carriers (except Satellite),Wired and Wireless Telecommunications Carriers (except Satellite),NAICS Industry,5,**,New code for 2022 NAICS,false,5171,51,Information
517111,Wired Telecommunications Carriers,Wired Telecommunications Carriers,National Industry,6,**,New code for 2022 NAICS,false,51711,51,Information
517112,Wireless Telecommunications Carriers (except Satellite),Wireless Telecommunications Carriers (except Satellite),National Industry,6,**,New code for 2022 NAICS,false,51711,51,Information
51712,Telecommunications Resellers and Agents for Wireless Telecommunication Services,Telecommunications Resellers and Agents for Wireless Telecommunication Services,NAICS Industry,5,**,New code for 2022 NAICS,false,5171,51,Information
517121,Telecommunications Resellers,Telecommunications Resellers,National Industry,6,**,New code for 2022 NAICS,false,51712,51,Information
517122,Agents for Wireless Telecommunications Services,Agents for Wireless Telecommunications Services,National Industry,6,**,New code for 2022 NAICS,false,51712,51,Information
5174,Satellite Telecommunications,Satellite TelecommunicationsT,Industry Group,4,,No change from 2017 NAICS,true,517,51,Information
51741,Satellite Telecommunications,Satellite TelecommunicationsT,NAICS Industry,5,,No change from 2017 NAICS,true,5174,51,Information
517410,Satellite Telecommunications,Satellite Telecommunications,National Industry,6,,No change from 2017 NAICS,false,51741,51,Information
5178,All Other Telecommunications,All Other Telecommunications,Industry Group,4,**,New code for 2022 NAICS,false,517,51,Information
51781,All Other Telecommunications,All Other Telecommunications,NAICS Industry,5,**,New code for 2022 NAICS,false,5178,51,Information
517810,All Other Telecommunications,All Other Telecommunications,National Industry,6,**,New code for 2022 NAICS,false,51781,51,Information
518,"Computing Infrastructure Providers, Data Processing, Web Hosting, and Related Services","Computing Infrastructure Providers, Data Processing, Web Hosting, and Related ServicesT",Subsector,3,*,"Title change, no content change",true,51,51,Information
5182,"Computing Infrastructure Providers, Data Processing, Web Hosting, and Related Services","Computing Infrastructure Providers, Data Processing, Web Hosting, and Related ServicesT",Industry Group,4,*,"Title change, no content change",true,518,51,Information
51821,"Computing Infrastructure Providers, Data Processing, Web Hosting, and Related Services","Computing Infrastructure Providers, Data Processing, Web Hosting, and Related ServicesT",NAICS Industry,5,*,"Title change, no content change",true,5182,51,Information
518210,"Computing Infrastructure Providers, Data Processing, Web Hosting, and Related Services","Computing Infrastructure Providers, Data Processing, Web Hosting, and Related Services",National Industry,6,*,"Title change, no content change",false,51821,51,Information
519,"Web Search Portals, Libraries, Archives, and Other Information Services","Web Search Portals, Libraries, Archives, and Other Information ServicesT",Subsector,3,***,"Re-used code, content change (with or without title change)",true,51,51,Information
5192,"Web Search Portals, Libraries, Archives, and Other Information Services","Web Search Portals, Libraries, Archives, and Other Information ServicesT",Industry Group,4,**,New code for 2022 NAICS,true,519,51,Information
51921,Libraries and Archives,Libraries and ArchivesT,NAICS Industry,5,**,New code for 2022 NAICS,true,5192,51,Information
519210,Libraries and Archives,Libraries and Archives,National Industry,6,**,New code for 2022 NAICS,false,51921,51,Information
51929,Web Search Portals and All Other Information Services,Web Search Portals and All Other Information ServicesT,NAICS Industry,5,**,New code for 2022 NAICS,true,5192,51,Information
519290,Web Search Portals and All Other Information Services,Web Search Portals and All Other Information Services,National Industry,6,**,New code for 2022 NAICS,false,51929,51,Information
52,Finance and Insurance,Finance and InsuranceT,Sector,2,,No change from 2017 NAICS,true,,52,Finance and Insurance
521,Monetary Authorities-Central Bank,Monetary Authorities-Central BankT,Subsector,3,,No change from 2017 NAICS,true,52,52,Finance and Insurance
5211,Monetary Authorities-Central Bank,Monetary Authorities-Central BankT,Industry Group,4,,No change from 2017 NAICS,true,521,52,Finance and Insurance
52111,Monetary Authorities-Central Bank,Monetary Authorities-Central BankT,NAICS Industry,5,,No change from 2017 NAICS,true,5211,52,Finance and Insurance
521110,Monetary Authorities-Central Bank,Monetary Authorities-Central Bank,National Industry,6,,No change from 2017 NAICS,false,52111,52,Finance and Insurance
522,Credit Intermediation and Related Activities,Credit Intermediation and Related ActivitiesT,Subsector,3,,No change from 2017 NAICS,true,52,52,Finance and Insurance
5221,Depository Credit Intermediation,Depository Credit Intermediation,Industry Group,4,,No change from 2017 NAICS,false,522,52,Finance and Insurance
52211,Commercial Banking,Commercial Banking,NAICS Industry,5,,No change from 2017 NAICS,false,5221,52,Finance and Insurance
522110,Commercial Banking,Commercial Banking,National Industry,6,,No change from 2017 NAICS,false,52211,52,Finance and Insurance
52213,Credit Unions,Credit Unions,NAICS Industry,5,,No change from 2017 NAICS,false,5221,52,Finance and Insurance
522130,Credit Unions,Credit Unions,National Industry,6,,No change from 2017 NAICS,false,52213,52,Finance and Insurance
52218,Savings Institutions and Other Depository Credit Intermediation,Savings Institutions and Other Depository Credit Intermediation,NAICS Industry,5,**,New code for 2022 NAICS,false,5221,52,Finance and Insurance
522180,Savings Institutions and Other Depository Credit Intermediation,Savings Institutions and Other Depository Credit Intermediation,National Industry,6,**,New code for 2022 NAICS,false,52218,52,Finance and Insurance
5222,Nondepository Credit Intermediation,Nondepository Credit Intermediation,Industry Group,4,,No change from 2017 NAICS,false,522,52,Finance and Insurance
52221,Credit Card Issuing,Credit Card Issuing,NAICS Industry,5,,No change from 2017 NAICS,false,5222,52,Finance and Insurance
522210,Credit Card Issuing,Credit Card Issuing,National Industry,6,,No change from 2017 NAICS,false,52221,52,Finance and Insurance
52222,Sales Financing,Sales Financing,NAICS Industry,5,,No change from 2017 NAICS,false,5222,52,Finance and Insurance
522220,Sales Financing,Sales Financing,National Industry,6,,No change from 2017 NAICS,false,52222,52,Finance and Insurance
52229,Other Nondepository Credit Intermediation,Other Nondepository Credit Intermediation,NAICS Industry,5,,No change from 2017 NAICS,false,5222,52,Finance and Insurance
522291,Consumer Lending,Consumer Lending,National Industry,6,,No change from 2017 NAICS,false,52229,52,Finance and Insurance
522292,Real Estate Credit,Real Estate Credit,National Industry,6,,No change from 2017 NAICS,false,52229,52,Finance and Insurance
522299,"International, Secondary Market, and All Other Nondepository Credit Intermediation","International, Secondary Market, and All Other Nondepository Credit Intermediation",National Industry,6,**,New code for 2022 NAICS,false,52229,52,Finance and Insurance
5223,Activities Related to Credit Intermediation,Activities Related to Credit Intermediation,Industry Group,4,,No change from 2017 NAICS,false,522,52,Finance and Insurance
52231,Mortgage and Nonmortgage Loan Brokers,Mortgage and Nonmortgage Loan Brokers,NAICS Industry,5,,No change from 2017 NAICS,false,5223,52,Finance and Insurance
522310,Mortgage and Nonmortgage Loan Brokers,Mortgage and Nonmortgage Loan Brokers,National Industry,6,,No change from 2017 NAICS,false,52231,52,Finance and Insurance
52232,"Financial Transactions Processing, Reserve, and Clearinghouse Activities","Financial Transactions Processing, Reserve, and Clearinghouse Activities",NAICS Industry,5,,No change from 2017 NAICS,false,5223,52,Finance and Insurance
522320,"Financial Transactions Processing, Reserve, and Clearinghouse Activities","Financial Transactions Processing, Reserve, and Clearinghouse Activities",National Industry,6,,No change from 2017 NAICS,false,52232,52,Finance and Insurance
52239,Other Activities Related to Credit Intermediation,Other Activities Related to Credit Intermediation,NAICS Industry,5,,No change from 2017 NAICS,false,5223,52,Finance and Insurance
522390,Other Activities Related to Credit Intermediation,Other Activities Related to Credit Intermediation,National Industry,6,,No change from 2017 NAICS,false,52239,52,Finance and Insurance
523,"Securities, Commodity Contracts, and Other Financial Investments and Related Activities","Securities, Commodity Contracts, and Other Financial Investments and Related ActivitiesT",Subsector,3,,No change from 2017 NAICS,true,52,52,Finance and Insurance
5231,Securities and Commodity Contracts Intermediation and Brokerage,Securities and Commodity Contracts Intermediation and BrokerageT,Industry Group,4,,No change from 2017 NAICS,true,523,52,Finance and Insurance
52315,Investment Banking and Securities Intermediation,Investment Banking and Securities Intermediation,NAICS Industry,5,**,New code for 2022 NAICS,false,5231,52,Finance and Insurance
523150,Investment Banking and Securities Intermediation,Investment Banking and Securities Intermediation,National Industry,6,**,New code for 2022 NAICS,false,52315,52,Finance and Insurance
52316,Commodity Contracts Intermediation,Commodity Contracts Intermediation,NAICS Industry,5,**,New code for 2022 NAICS,false,5231,52,Finance and Insurance
523160,Commodity Contracts Intermediation,Commodity Contracts Intermediation,National Industry,6,**,New code for 2022 NAICS,false,52316,52,Finance and Insurance
5232,Securities and Commodity Exchanges,Securities and Commodity ExchangesT,Industry Group,4,,No change from 2017 NAICS,true,523,52,Finance and Insurance
52321,Securities and Commodity Exchanges,Securities and Commodity ExchangesT,NAICS Industry,5,,No change from 2017 NAICS,true,5232,52,Finance and Insurance
523210,Securities and Commodity Exchanges,Securities and Commodity Exchanges,National Industry,6,,No change from 2017 NAICS,false,52321,52,Finance and Insurance
5239,Other Financial Investment Activities,Other Financial Investment ActivitiesT,Industry Group,4,,No change from 2017 NAICS,true,523,52,Finance and Insurance
52391,Miscellaneous Intermediation,Miscellaneous Intermediation,NAICS Industry,5,,No change from 2017 NAICS,false,5239,52,Finance and Insurance
523910,Miscellaneous Intermediation,Miscellaneous Intermediation,National Industry,6,,No change from 2017 NAICS,false,52391,52,Finance and Insurance
52394,Portfolio Management and Investment Advice,Portfolio Management and Investment Advice,NAICS Industry,5,**,New code for 2022 NAICS,false,5239,52,Finance and Insurance
523940,Portfolio Management and Investment Advice,Portfolio Management and Investment Advice,National Industry,6,**,New code for 2022 NAICS,false,52394,52,Finance and Insurance
52399,All Other Financial Investment Activities,All Other Financial Investment Activities,NAICS Industry,5,,No change from 2017 NAICS,false,5239,52,Finance and Insurance
523991,"Trust, Fiduciary, and Custody Activities","Trust, Fiduciary, and Custody Activities",National Industry,6,,No change from 2017 NAICS,false,52399,52,Finance and Insurance
523999,Miscellaneous Financial Investment Activities,Miscellaneous Financial Investment Activities,National Industry,6,,No change from 2017 NAICS,false,52399,52,Finance and Insurance
524,Insurance Carriers and Related Activities,Insurance Carriers and Related ActivitiesT,Subsector,3,,No change from 2017 NAICS,true,52,52,Finance and Insurance
5241,Insurance Carriers,Insurance CarriersT,Industry Group,4,,No change from 2017 NAICS,true,524,52,Finance and Insurance
52411,"Direct Life, Health, and Medical Insurance Carriers","Direct Life, Health, and Medical Insurance Carriers",NAICS Industry,5,,No change from 2017 NAICS,false,5241,52,Finance and Insurance
524113,Direct Life Insurance Carriers,Direct Life Insurance Carriers,National Industry,6,,No change from 2017 NAICS,false,52411,52,Finance and Insurance
524114,Direct Health and Medical Insurance Carriers,Direct Health and Medical Insurance Carriers,National Industry,6,,No change from 2017 NAICS,false,52411,52,Finance and Insurance
52412,"Direct Insurance (except Life, Health, and Medical) Carriers","Direct Insurance (except Life, Health, and Medical) Carriers",NAICS Industry,5,,No change from 2017 NAICS,false,5241,52,Finance and Insurance
524126,Direct Property and Casualty Insurance Carriers,Direct Property and Casualty Insurance Carriers,National Industry,6,,No change from 2017 NAICS,false,52412,52,Finance and Insurance
524127,Direct Title Insurance Carriers,Direct Title Insurance Carriers,National Industry,6,,No change from 2017 NAICS,false,52412,52,Finance and Insurance
524128,"Other Direct Insurance (except Life, Health, and Medical) Carriers","Other Direct Insurance (except Life, Health, and Medical) Carriers",National Industry,6,,No change from 2017 NAICS,false,52412,52,Finance and Insurance
52413,Reinsurance Carriers,Reinsurance Carriers,NAICS Industry,5,,No change from 2017 NAICS,false,5241,52,Finance and Insurance
524130,Reinsurance Carriers,Reinsurance Carriers,National Industry,6,,No change from 2017 NAICS,false,52413,52,Finance and Insurance
5242,"Agencies, Brokerages, and Other Insurance Related Activities","Agencies, Brokerages, and Other Insurance Related ActivitiesT",Industry Group,4,,No change from 2017 NAICS,true,524,52,Finance and Insurance
52421,Insurance Agencies and Brokerages,Insurance Agencies and Brokerages,NAICS Industry,5,,No change from 2017 NAICS,false,5242,52,Finance and Insurance
524210,Insurance Agencies and Brokerages,Insurance Agencies and Brokerages,National Industry,6,,No change from 2017 NAICS,false,52421,52,Finance and Insurance
52429,Other Insurance Related Activities,Other Insurance Related Activities,NAICS Industry,5,,No change from 2017 NAICS,false,5242,52,Finance and Insurance
524291,Claims Adjusting,Claims Adjusting,National Industry,6,,No change from 2017 NAICS,false,52429,52,Finance and Insurance
524292,Pharmacy Benefit Management and Other Third Party Administration of Insurance and Pension Funds,Pharmacy Benefit Management and Other Third Party Administration of Insurance and Pension Funds,National Industry,6,*,"Title change, no content change",false,52429,52,Finance and Insurance
524298,All Other Insurance Related Activities,All Other Insurance Related Activities,National Industry,6,,No change from 2017 NAICS,false,52429,52,Finance and Insurance
525,"Funds, Trusts, and Other Financial Vehicles","Funds, Trusts, and Other Financial Vehicles",Subsector,3,,No change from 2017 NAICS,false,52,52,Finance and Insurance
5251,Insurance and Employee Benefit Funds,Insurance and Employee Benefit Funds,Industry Group,4,,No change from 2017 NAICS,false,525,52,Finance and Insurance
52511,Pension Funds,Pension Funds,NAICS Industry,5,,No change from 2017 NAICS,false,5251,52,Finance and Insurance
525110,Pension Funds,Pension Funds,National Industry,6,,No change from 2017 NAICS,false,52511,52,Finance and Insurance
52512,Health and Welfare Funds,Health and Welfare Funds,NAICS Industry,5,,No change from 2017 NAICS,false,5251,52,Finance and Insurance
525120,Health and Welfare Funds,Health and Welfare Funds,National Industry,6,,No change from 2017 NAICS,false,52512,52,Finance and Insurance
52519,Other Insurance Funds,Other Insurance Funds,NAICS Industry,5,,No change from 2017 NAICS,false,5251,52,Finance and Insurance
525190,Other Insurance Funds,Other Insurance Funds,National Industry,6,,No change from 2017 NAICS,false,52519,52,Finance and Insurance
5259,Other Investment Pools and Funds,Other Investment Pools and Funds,Industry Group,4,,No change from 2017 NAICS,false,525,52,Finance and Insurance
52591,Open-End Investment Funds,Open-End Investment Funds,NAICS Industry,5,,No change from 2017 NAICS,false,5259,52,Finance and Insurance
525910,Open-End Investment Funds,Open-End Investment Funds,National Industry,6,,No change from 2017 NAICS,false,52591,52,Finance and Insurance
52592,"Trusts, Estates, and Agency Accounts","Trusts, Estates, and Agency Accounts",NAICS Industry,5,,No change from 2017 NAICS,false,5259,52,Finance and Insurance
525920,"Trusts, Estates, and Agency Accounts","Trusts, Estates, and Agency Accounts",National Industry,6,,No change from 2017 NAICS,false,52592,52,Finance and Insurance
52599,Other Financial Vehicles,Other Financial Vehicles,NAICS Industry,5,,No change from 2017 NAICS,false,5259,52,Finance and Insurance
525990,Other Financial Vehicles,Other Financial Vehicles,National Industry,6,,No change from 2017 NAICS,false,52599,52,Finance and Insurance
53,Real Estate and Rental and Leasing,Real Estate and Rental and LeasingT,Sector,2,,No change from 2017 NAICS,true,,53,Real Estate and Rental and Leasing
531,Real Estate,Real EstateT,Subsector,3,,No change from 2017 NAICS,true,53,53,Real Estate and Rental and Leasing
5311,Lessors of Real Estate,Lessors of Real EstateT,Industry Group,4,,No change from 2017 NAICS,true,531,53,Real Estate and Rental and Leasing
53111,Lessors of Residential Buildings and Dwellings,Lessors of Residential Buildings and Dwellings,NAICS Industry,5,,No change from 2017 NAICS,false,5311,53,Real Estate and Rental and Leasing
531110,Lessors of Residential Buildings and Dwellings,Lessors of Residential Buildings and Dwellings,National Industry,6,,No change from 2017 NAICS,false,53111,53,Real Estate and Rental and Leasing
53112,Lessors of Nonresidential Buildings (except Miniwarehouses),Lessors of Nonresidential Buildings (except Miniwarehouses),NAICS Industry,5,,No change from 2017 NAICS,false,5311,53,Real Estate and Rental and Leasing
531120,Lessors of Nonresidential Buildings (except Miniwarehouses),Lessors of Nonresidential Buildings (except Miniwarehouses),National Industry,6,,No change from 2017 NAICS,false,53112,53,Real Estate and Rental and Leasing
53113,Lessors of Miniwarehouses and Self-Storage Units,Lessors of Miniwarehouses and Self-Storage Units,NAICS Industry,5,,No change from 2017 NAICS,false,5311,53,Real Estate and Rental and Leasing
531130,Lessors of Miniwarehouses and Self-Storage Units,Lessors of Miniwarehouses and Self-Storage Units,National Industry,6,,No change from 2017 NAICS,false,53113,53,Real Estate and Rental and Leasing
53119,Lessors of Other Real Estate Property,Lessors of Other Real Estate Property,NAICS Industry,5,,No change from 2017 NAICS,false,5311,53,Real Estate and Rental and Leasing
531190,Lessors of Other Real Estate Property,Lessors of Other Real Estate Property,National Industry,6,,No change from 2017 NAICS,false,53119,53,Real Estate and Rental and Leasing
5312,Offices of Real Estate Agents and Brokers,Offices of Real Estate Agents and BrokersT,Industry Group,4,,No change from 2017 NAICS,true,531,53,Real Estate and Rental and Leasing
53121,Offices of Real Estate Agents and Brokers,Offices of Real Estate Agents and BrokersT,NAICS Industry,5,,No change from 2017 NAICS,true,5312,53,Real Estate and Rental and Leasing
531210,Offices of Real Estate Agents and Brokers,Offices of Real Estate Agents and Brokers,National Industry,6,,No change from 2017 NAICS,false,53121,53,Real Estate and Rental and Leasing
5313,Activities Related to Real Estate,Activities Related to Real EstateT,Industry Group,4,,No change from 2017 NAICS,true,531,53,Real Estate and Rental and Leasing
53131,Real Estate Property Managers,Real Estate Property Managers,NAICS Industry,5,,No change from 2017 NAICS,false,5313,53,Real Estate and Rental and Leasing
531311,Residential Property Managers,Residential Property Managers,National Industry,6,,No change from 2017 NAICS,false,53131,53,Real Estate and Rental and Leasing
531312,Nonresidential Property Managers,Nonresidential Property Managers,National Industry,6,,No change from 2017 NAICS,false,53131,53,Real Estate and Rental and Leasing
53132,Offices of Real Estate Appraisers,Offices of Real Estate Appraisers,NAICS Industry,5,,No change from 2017 NAICS,false,5313,53,Real Estate and Rental and Leasing
531320,Offices of Real Estate Appraisers,Offices of Real Estate Appraisers,National Industry,6,,No change from 2017 NAICS,false,53132,53,Real Estate and Rental and Leasing
53139,Other Activities Related to Real Estate,Other Activities Related to Real Estate,NAICS Industry,5,,No change from 2017 NAICS,false,5313,53,Real Estate and Rental and Leasing
531390,Other Activities Related to Real Estate,Other Activities Related to Real Estate,National Industry,6,,No change from 2017 NAICS,false,53139,53,Real Estate and Rental and Leasing
532,Rental and Leasing Services,Rental and Leasing ServicesT,Subsector,3,,No change from 2017 NAICS,true,53,53,Real Estate and Rental and Leasing
5321,Automotive Equipment Rental and Leasing,Automotive Equipment Rental and LeasingT,Industry Group,4,,No change from 2017 NAICS,true,532,53,Real Estate and Rental and Leasing
53211,Passenger Car Rental and Leasing,Passenger Car Rental and LeasingT,NAICS Industry,5,,No change from 2017 NAICS,true,5321,53,Real Estate and Rental and Leasing
532111,Passenger Car Rental,Passenger Car Rental,National Industry,6,,No change from 2017 NAICS,false,53211,53,Real Estate and Rental and Leasing
532112,Passenger Car Leasing,Passenger Car Leasing,National Industry,6,,No change from 2017 NAICS,false,53211,53,Real Estate and Rental and Leasing
53212,"Truck, Utility Trailer, and RV (Recreational Vehicle) Rental and Leasing","Truck, Utility Trailer, and RV (Recreational Vehicle) Rental and LeasingT",NAICS Industry,5,,No change from 2017 NAICS,true,5321,53,Real Estate and Rental and Leasing
532120,"Truck, Utility Trailer, and RV (Recreational Vehicle) Rental and Leasing","Truck, Utility Trailer, and RV (Recreational Vehicle) Rental and Leasing",National Industry,6,,No change from 2017 NAICS,false,53212,53,Real Estate and Rental and Leasing
5322,Consumer Goods Rental,Consumer Goods RentalT,Industry Group,4,,No change from 2017 NAICS,true,532,53,Real Estate and Rental and Leasing
53221,Consumer Electronics and Appliances Rental,Consumer Electronics and Appliances RentalT,NAICS Industry,5,,No change from 2017 NAICS,true,5322,53,Real Estate and Rental and Leasing
532210,Consumer Electronics and Appliances Rental,Consumer Electronics and Appliances Rental,National Industry,6,,No change from 2017 NAICS,false,53221,53,Real Estate and Rental and Leasing
53228,Other Consumer Goods Rental,Other Consumer Goods RentalT,NAICS Industry,5,,No change from 2017 NAICS,true,5322,53,Real Estate and Rental and Leasing
532281,Formal Wear and Costume Rental,Formal Wear and Costume Rental,National Industry,6,,No change from 2017 NAICS,false,53228,53,Real Estate and Rental and Leasing
532282,Video Tape and Disc Rental,Video Tape and Disc Rental,National Industry,6,,No change from 2017 NAICS,false,53228,53,Real Estate and Rental and Leasing
532283,Home Health Equipment Rental,Home Health Equipment Rental,National Industry,6,,No change from 2017 NAICS,false,53228,53,Real Estate and Rental and Leasing
532284,Recreational Goods Rental,Recreational Goods Rental,National Industry,6,,No change from 2017 NAICS,false,53228,53,Real Estate and Rental and Leasing
532289,All Other Consumer Goods Rental,All Other Consumer Goods Rental,National Industry,6,,No change from 2017 NAICS,false,53228,53,Real Estate and Rental and Leasing
5323,General Rental Centers,General Rental CentersT,Industry Group,4,,No change from 2017 NAICS,true,532,53,Real Estate and Rental and Leasing
53231,General Rental Centers,General Rental CentersT,NAICS Industry,5,,No change from 2017 NAICS,true,5323,53,Real Estate and Rental and Leasing
532310,General Rental Centers,General Rental Centers,National Industry,6,,No change from 2017 NAICS,false,53231,53,Real Estate and Rental and Leasing
5324,Commercial and Industrial Machinery and Equipment Rental and Leasing,Commercial and Industrial Machinery and Equipment Rental and LeasingT,Industry Group,4,,No change from 2017 NAICS,true,532,53,Real Estate and Rental and Leasing
53241,"Construction, Transportation, Mining, and Forestry Machinery and Equipment Rental and Leasing","Construction, Transportation, Mining, and Forestry Machinery and Equipment Rental and LeasingT",NAICS Industry,5,,No change from 2017 NAICS,true,5324,53,Real Estate and Rental and Leasing
532411,"Commercial Air, Rail, and Water Transportation Equipment Rental and Leasing","Commercial Air, Rail, and Water Transportation Equipment Rental and Leasing",National Industry,6,,No change from 2017 NAICS,false,53241,53,Real Estate and Rental and Leasing
532412,"Construction, Mining, and Forestry Machinery and Equipment Rental and Leasing","Construction, Mining, and Forestry Machinery and Equipment Rental and Leasing",National Industry,6,,No change from 2017 NAICS,false,53241,53,Real Estate and Rental and Leasing
53242,Office Machinery and Equipment Rental and Leasing,Office Machinery and Equipment Rental and LeasingT,NAICS Industry,5,,No change from 2017 NAICS,true,5324,53,Real Estate and Rental and Leasing
532420,Office Machinery and Equipment Rental and Leasing,Office Machinery and Equipment Rental and Leasing,National Industry,6,,No change from 2017 NAICS,false,53242,53,Real Estate and Rental and Leasing
53249,Other Commercial and Industrial Machinery and Equipment Rental and Leasing,Other Commercial and Industrial Machinery and Equipment Rental and LeasingT,NAICS Industry,5,,No change from 2017 NAICS,true,5324,53,Real Estate and Rental and Leasing
532490,Other Commercial and Industrial Machinery and Equipment Rental and Leasing,Other Commercial and Industrial Machinery and Equipment Rental and Leasing,National Industry,6,,No change from 2017 NAICS,false,53249,53,Real Estate and Rental and Leasing
533,Lessors of Nonfinancial Intangible Assets (except Copyrighted Works),Lessors of Nonfinancial Intangible Assets (except Copyrighted Works)T,Subsector,3,,No change from 2017 NAICS,true,53,53,Real Estate and Rental and Leasing
5331,Lessors of Nonfinancial Intangible Assets (except Copyrighted Works),Lessors of Nonfinancial Intangible Assets (except Copyrighted Works)T,Industry Group,4,,No change from 2017 NAICS,true,533,53,Real Estate and Rental and Leasing
53311,Lessors of Nonfinancial Intangible Assets (except Copyrighted Works),Lessors of Nonfinancial Intangible Assets (except Copyrighted Works)T,NAICS Industry,5,,No change from 2017 NAICS,true,5331,53,Real Estate and Rental and Leasing
533110,Lessors of Nonfinancial Intangible Assets (except Copyrighted Works),Lessors of Nonfinancial Intangible Assets (except Copyrighted Works),National Industry,6,,No change from 2017 NAICS,false,53311,53,Real Estate and Rental and Leasing
54,"Professional, Scientific, and Technical Services","Professional, Scientific, and Technical ServicesT",Sector,2,,No change from 2017 NAICS,true,,54,"Professional, Scientific, and Technical Services"
541,"Professional, Scientific, and Technical Services","Professional, Scientific, and Technical ServicesT",Subsector,3,,No change from 2017 NAICS,true,54,54,"Professional, Scientific, and Technical Services"
5411,Legal Services,Legal ServicesT,Industry Group,4,,No change from 2017 NAICS,true,541,54,"Professional, Scientific, and Technical Services"
54111,Offices of Lawyers,Offices of LawyersT,NAICS Industry,5,,No change from 2017 NAICS,true,5411,54,"Professional, Scientific, and Technical Services"
541110,Offices of Lawyers,Offices of Lawyers,National Industry,6,,No change from 2017 NAICS,false,54111,54,"Professional, Scientific, and Technical Services"
54112,Offices of Notaries,Offices of NotariesT,NAICS Industry,5,,No change from 2017 NAICS,true,5411,54,"Professional, Scientific, and Technical Services"
541120,Offices of Notaries,Offices of Notaries,National Industry,6,,No change from 2017 NAICS,false,54112,54,"Professional, Scientific, and Technical Services"
54119,Other Legal Services,Other Legal ServicesT,NAICS Industry,5,,No change from 2017 NAICS,true,5411,54,"Professional, Scientific, and Technical Services"
541191,Title Abstract and Settlement Offices,Title Abstract and Settlement Offices,National Industry,6,,No change from 2017 NAICS,false,54119,54,"Professional, Scientific, and Technical Services"
541199,All Other Legal Services,All Other Legal Services,National Industry,6,,No change from 2017 NAICS,false,54119,54,"Professional, Scientific, and Technical Services"
5412,"Accounting, Tax Preparation, Bookkeeping, and Payroll Services","Accounting, Tax Preparation, Bookkeeping, and Payroll ServicesT",Industry Group,4,,No change from 2017 NAICS,true,541,54,"Professional, Scientific, and Technical Services"
54121,"Accounting, Tax Preparation, Bookkeeping, and Payroll Services","Accounting, Tax Preparation, Bookkeeping, and Payroll ServicesT",NAICS Industry,5,,No change from 2017 NAICS,true,5412,54,"Professional, Scientific, and Technical Services"
541211,Offices of Certified Public Accountants,Offices of Certified Public Accountants,National Industry,6,,No change from 2017 NAICS,false,54121,54,"Professional, Scientific, and Technical Services"
541213,Tax Preparation Services,Tax Preparation Services,National Industry,6,,No change from 2017 NAICS,false,54121,54,"Professional, Scientific, and Technical Services"
541214,Payroll Services,Payroll Services,National Industry,6,,No change from 2017 NAICS,false,54121,54,"Professional, Scientific, and Technical Services"
541219,Other Accounting Services,Other Accounting Services,National Industry,6,,No change from 2017 NAICS,false,54121,54,"Professional, Scientific, and Technical Services"
5413,"Architectural, Engineering, and Related Services","Architectural, Engineering, and Related ServicesT",Industry Group,4,,No change from 2017 NAICS,true,541,54,"Professional, Scientific, and Technical Services"
54131,Architectural Services,Architectural ServicesT,NAICS Industry,5,,No change from 2017 NAICS,true,5413,54,"Professional, Scientific, and Technical Services"
541310,Architectural Services,Architectural Services,National Industry,6,,No change from 2017 NAICS,false,54131,54,"Professional, Scientific, and Technical Services"
54132,Landscape Architectural Services,Landscape Architectural ServicesT,NAICS Industry,5,,No change from 2017 NAICS,true,5413,54,"Professional, Scientific, and Technical Services"
541320,Landscape Architectural Services,Landscape Architectural Services,National Industry,6,,No change from 2017 NAICS,false,54132,54,"Professional, Scientific, and Technical Services"
54133,Engineering Services,Engineering ServicesT,NAICS Industry,5,,No change from 2017 NAICS,true,5413,54,"Professional, Scientific, and Technical Services"
541330,Engineering Services,Engineering Services,National Industry,6,,No change from 2017 NAICS,false,54133,54,"Professional, Scientific, and Technical Services"
54134,Drafting Services,Drafting ServicesT,NAICS Industry,5,,No change from 2017 NAICS,true,5413,54,"Professional, Scientific, and Technical Services"
541340,Drafting Services,Drafting Services,National Industry,6,,No change from 2017 NAICS,false,54134,54,"Professional, Scientific, and Technical Services"
54135,Building Inspection Services,Building Inspection ServicesT,NAICS Industry,5,,No change from 2017 NAICS,true,5413,54,"Professional, Scientific, and Technical Services"
541350,Building Inspection Services,Building Inspection Services,National Industry,6,,No change from 2017 NAICS,false,54135,54,"Professional, Scientific, and Technical Services"
54136,Geophysical Surveying and Mapping Services,Geophysical Surveying and Mapping ServicesT,NAICS Industry,5,,No change from 2017 NAICS,true,5413,54,"Professional, Scientific, and Technical Services"
541360,Geophysical Surveying and Mapping Services,Geophysical Surveying and Mapping Services,National Industry,6,,No change from 2017 NAICS,false,54136,54,"Professional, Scientific, and Technical Services"
54137,Surveying and Mapping (except Geophysical) Services,Surveying and Mapping (except Geophysical) ServicesT,NAICS Industry,5,,No change from 2017 NAICS,true,5413,54,"Professional, Scientific, and Technical Services"
541370,Surveying and Mapping (except Geophysical) Services,Surveying and Mapping (except Geophysical) Services,National Industry,6,,No change from 2017 NAICS,false,54137,54,"Professional, Scientific, and Technical Services"
54138,Testing Laboratories and Services,Testing Laboratories and ServicesT,NAICS Industry,5,*,"Title change, no content change",true,5413,54,"Professional, Scientific, and Technical Services"
541380,Testing Laboratories and Services,Testing Laboratories and Services,National Industry,6,*,"Title change, no content change",false,54138,54,"Professional, Scientific, and Technical Services"
5414,Specialized Design Services,Specialized Design ServicesT,Industry Group,4,,No change from 2017 NAICS,true,541,54,"Professional, Scientific, and Technical Services"
54141,Interior Design Services,Interior Design ServicesT,NAICS Industry,5,,No change from 2017 NAICS,true,5414,54,"Professional, Scientific, and Technical Services"
541410,Interior Design Services,Interior Design Services,National Industry,6,,No change from 2017 NAICS,false,54141,54,"Professional, Scientific, and Technical Services"
54142,Industrial Design Services,Industrial Design ServicesT,NAICS Industry,5,,No change from 2017 NAICS,true,5414,54,"Professional, Scientific, and Technical Services"
541420,Industrial Design Services,Industrial Design Services,National Industry,6,,No change from 2017 NAICS,false,54142,54,"Professional, Scientific, and Technical Services"
54143,Graphic Design Services,Graphic Design ServicesT,NAICS Industry,5,,No change from 2017 NAICS,true,5414,54,"Professional, Scientific, and Technical Services"
541430,Graphic Design Services,Graphic Design Services,National Industry,6,,No change from 2017 NAICS,false,54143,54,"Professional, Scientific, and Technical Services"
54149,Other Specialized Design Services,Other Specialized Design ServicesT,NAICS Industry,5,,No change from 2017 NAICS,true,5414,54,"Professional, Scientific, and Technical Services"
541490,Other Specialized Design Services,Other Specialized Design Services,National Industry,6,,No change from 2017 NAICS,false,54149,54,"Professional, Scientific, and Technical Services"
5415,Computer Systems Design and Related Services,Computer Systems Design and Related ServicesT,Industry Group,4,,No change from 2017 NAICS,true,541,54,"Professional, Scientific, and Technical Services"
54151,Computer Systems Design and Related Services,Computer Systems Design and Related ServicesT,NAICS Industry,5,,No change from 2017 NAICS,true,5415,54,"Professional, Scientific, and Technical Services"
541511,Custom Computer Programming Services,Custom Computer Programming Services,National Industry,6,,No change from 2017 NAICS,false,54151,54,"Professional, Scientific, and Technical Services"
541512,Computer Systems Design Services,Computer Systems Design Services,National Industry,6,,No change from 2017 NAICS,false,54151,54,"Professional, Scientific, and Technical Services"
541513,Computer Facilities Management Services,Computer Facilities Management Services,National Industry,6,,No change from 2017 NAICS,false,54151,54,"Professional, Scientific, and Technical Services"
541519,Other Computer Related Services,Other Computer Related Services,National Industry,6,,No change from 2017 NAICS,false,54151,54,"Professional, Scientific, and Technical Services"
5416,"Management, Scientific, and Technical Consulting Services","Management, Scientific, and Technical Consulting ServicesT",Industry Group,4,,No change from 2017 NAICS,true,541,54,"Professional, Scientific, and Technical Services"
54161,Management Consulting Services,Management Consulting ServicesT,NAICS Industry,5,,No change from 2017 NAICS,true,5416,54,"Professional, Scientific, and Technical Services"
541611,Administrative Management and General Management Consulting Services,Administrative Management and General Management Consulting Services,National Industry,6,,No change from 2017 NAICS,false,54161,54,"Professional, Scientific, and Technical Services"
541612,Human Resources Consulting Services,Human Resources Consulting Services,National Industry,6,,No change from 2017 NAICS,false,54161,54,"Professional, Scientific, and Technical Services"
541613,Marketing Consulting Services,Marketing Consulting Services,National Industry,6,,No change from 2017 NAICS,false,54161,54,"Professional, Scientific, and Technical Services"
541614,"Process, Physical Distribution, and Logistics Consulting Services","Process, Physical Distribution, and Logistics Consulting Services",National Industry,6,,No change from 2017 NAICS,false,54161,54,"Professional, Scientific, and Technical Services"
541618,Other Management Consulting Services,Other Management Consulting Services,National Industry,6,,No change from 2017 NAICS,false,54161,54,"Professional, Scientific, and Technical Services"
54162,Environmental Consulting Services,Environmental Consulting ServicesT,NAICS Industry,5,,No change from 2017 NAICS,true,5416,54,"Professional, Scientific, and Technical Services"
541620,Environmental Consulting Services,Environmental Consulting Services,National Industry,6,,No change from 2017 NAICS,false,54162,54,"Professional, Scientific, and Technical Services"
54169,Other Scientific and Technical Consulting Services,Other Scientific and Technical Consulting ServicesT,NAICS Industry,5,,No change from 2017 NAICS,true,5416,54,"Professional, Scientific, and Technical Services"
541690,Other Scientific and Technical Consulting Services,Other Scientific and Technical Consulting Services,National Industry,6,,No change from 2017 NAICS,false,54169,54,"Professional, Scientific, and Technical Services"
5417,Scientific Research and Development Services,Scientific Research and Development ServicesT,Industry Group,4,,No change from 2017 NAICS,true,541,54,"Professional, Scientific, and Technical Services"
54171,"Research and Development in the Physical, Engineering, and Life Sciences","Research and Development in the Physical, Engineering, and Life SciencesT",NAICS Industry,5,,No change from 2017 NAICS,true,5417,54,"Professional, Scientific, and Technical Services"
541713,Research and Development in Nanotechnology,Research and Development in Nanotechnology,National Industry,6,,No change from 2017 NAICS,false,54171,54,"Professional, Scientific, and Technical Services"
541714,Research and Development in Biotechnology (except Nanobiotechnology),Research and Development in Biotechnology (except Nanobiotechnology),National Industry,6,,No change from 2017 NAICS,false,54171,54,"Professional, Scientific, and Technical Services"
541715,"Research and Development in the Physical, Engineering, and Life Sciences (except Nanotechnology and Biotechnology)","Research and Development in the Physical, Engineering, and Life Sciences (except Nanotechnology and Biotechnology)",National Industry,6,,No change from 2017 NAICS,false,54171,54,"Professional, Scientific, and Technical Services"
54172,Research and Development in the Social Sciences and Humanities,Research and Development in the Social Sciences and HumanitiesT,NAICS Industry,5,,No change from 2017 NAICS,true,5417,54,"Professional, Scientific, and Technical Services"
541720,Research and Development in the Social Sciences and Humanities,Research and Development in the Social Sciences and Humanities,National Industry,6,,No change from 2017 NAICS,false,54172,54,"Professional, Scientific, and Technical Services"
5418,"Advertising, Public Relations, and Related Services","Advertising, Public Relations, and Related ServicesT",Industry Group,4,,No change from 2017 NAICS,true,541,54,"Professional, Scientific, and Technical Services"
54181,Advertising Agencies,Advertising AgenciesT,NAICS Industry,5,,No change from 2017 NAICS,true,5418,54,"Professional, Scientific, and Technical Services"
541810,Advertising Agencies,Advertising Agencies,National Industry,6,,No change from 2017 NAICS,false,54181,54,"Professional, Scientific, and Technical Services"
54182,Public Relations Agencies,Public Relations AgenciesT,NAICS Industry,5,,No change from 2017 NAICS,true,5418,54,"Professional, Scientific, and Technical Services"
541820,Public Relations Agencies,Public Relations Agencies,National Industry,6,,No change from 2017 NAICS,false,54182,54,"Professional, Scientific, and Technical Services"
54183,Media Buying Agencies,Media Buying AgenciesT,NAICS Industry,5,,No change from 2017 NAICS,true,5418,54,"Professional, Scientific, and Technical Services"
541830,Media Buying Agencies,Media Buying Agencies,National Industry,6,,No change from 2017 NAICS,false,54183,54,"Professional, Scientific, and Technical Services"
54184,Media Representatives,Media RepresentativesT,NAICS Industry,5,,No change from 2017 NAICS,true,5418,54,"Professional, Scientific, and Technical Services"
541840,Media Representatives,Media Representatives,National Industry,6,,No change from 2017 NAICS,false,54184,54,"Professional, Scientific, and Technical Services"
54185,Indoor and Outdoor Display Advertising,Indoor and Outdoor Display AdvertisingT,NAICS Industry,5,*,"Title change, no content change",true,5418,54,"Professional, Scientific, and Technical Services"
541850,Indoor and Outdoor Display Advertising,Indoor and Outdoor Display Advertising,National Industry,6,*,"Title change, no content change",false,54185,54,"Professional, Scientific, and Technical Services"
54186,Direct Mail Advertising,Direct Mail AdvertisingT,NAICS Industry,5,,No change from 2017 NAICS,true,5418,54,"Professional, Scientific, and Technical Services"
541860,Direct Mail Advertising,Direct Mail Advertising,National Industry,6,,No change from 2017 NAICS,false,54186,54,"Professional, Scientific, and Technical Services"
54187,Advertising Material Distribution Services,Advertising Material Distribution ServicesT,NAICS Industry,5,,No change from 2017 NAICS,true,5418,54,"Professional, Scientific, and Technical Services"
541870,Advertising Material Distribution Services,Advertising Material Distribution Services,National Industry,6,,No change from 2017 NAICS,false,54187,54,"Professional, Scientific, and Technical Services"
54189,Other Services Related to Advertising,Other Services Related to AdvertisingT,NAICS Industry,5,,No change from 2017 NAICS,true,5418,54,"Professional, Scientific, and Technical Services"
541890,Other Services Related to Advertising,Other Services Related to Advertising,National Industry,6,,No change from 2017 NAICS,false,54189,54,"Professional, Scientific, and Technical Services"
5419,"Other Professional, Scientific, and Technical Services","Other Professional, Scientific, and Technical ServicesT",Industry Group,4,,No change from 2017 NAICS,true,541,54,"Professional, Scientific, and Technical Services"
54191,Marketing Research and Public Opinion Polling,Marketing Research and Public Opinion PollingT,NAICS Industry,5,,No change from 2017 NAICS,true,5419,54,"Professional, Scientific, and Technical Services"
541910,Marketing Research and Public Opinion Polling,Marketing Research and Public Opinion Polling,National Industry,6,,No change from 2017 NAICS,false,54191,54,"Professional, Scientific, and Technical Services"
54192,Photographic Services,Photographic ServicesT,NAICS Industry,5,,No change from 2017 NAICS,true,5419,54,"Professional, Scientific, and Technical Services"
541921,"Photography Studios, Portrait","Photography Studios, Portrait",National Industry,6,,No change from 2017 NAICS,false,54192,54,"Professional, Scientific, and Technical Services"
541922,Commercial Photography,Commercial Photography,National Industry,6,,No change from 2017 NAICS,false,54192,54,"Professional, Scientific, and Technical Services"
54193,Translation and Interpretation Services,Translation and Interpretation ServicesT,NAICS Industry,5,,No change from 2017 NAICS,true,5419,54,"Professional, Scientific, and Technical Services"
541930,Translation and Interpretation Services,Translation and Interpretation Services,National Industry,6,,No change from 2017 NAICS,false,54193,54,"Professional, Scientific, and Technical Services"
54194,Veterinary Services,Veterinary ServicesT,NAICS Industry,5,,No change from 2017 NAICS,true,5419,54,"Professional, Scientific, and Technical Services"
541940,Veterinary Services,Veterinary Services,National Industry,6,,No change from 2017 NAICS,false,54194,54,"Professional, Scientific, and Technical Services"
54199,"All Other Professional, Scientific, and Technical Services","All Other Professional, Scientific, and Technical ServicesT",NAICS Industry,5,,No change from 2017 NAICS,true,5419,54,"Professional, Scientific, and Technical Services"
541990,"All Other Professional, Scientific, and Technical Services","All Other Professional, Scientific, and Technical Services",National Industry,6,,No change from 2017 NAICS,false,54199,54,"Professional, Scientific, and Technical Services"
55,Management of Companies and Enterprises,Management of Companies and EnterprisesT,Sector,2,,No change from 2017 NAICS,true,,55,Management of Companies and Enterprises
551,Management of Companies and Enterprises,Management of Companies and EnterprisesT,Subsector,3,,No change from 2017 NAICS,true,55,55,Management of Companies and Enterprises
5511,Management of Companies and Enterprises,Management of Companies and EnterprisesT,Industry Group,4,,No change from 2017 NAICS,true,551,55,Management of Companies and Enterprises
55111,Management of Companies and Enterprises,Management of Companies and EnterprisesT,NAICS Industry,5,,No change from 2017 NAICS,true,5511,55,Management of Companies and Enterprises
551111,Offices of Bank Holding Companies,Offices of Bank Holding Companies,National Industry,6,,No change from 2017 NAICS,false,55111,55,Management of Companies and Enterprises
551112,Offices of Other Holding Companies,Offices of Other Holding Companies,National Industry,6,,No change from 2017 NAICS,false,55111,55,Management of Companies and Enterprises
551114,"Corporate, Subsidiary, and Regional Managing Offices","Corporate, Subsidiary, and Regional Managing Offices",National Industry,6,,No change from 2017 NAICS,false,55111,55,Management of Companies and Enterprises
56,Administrative and Support and Waste Management and Remediation Services,Administrative and Support and Waste Management and Remediation ServicesT,Sector,2,,No change from 2017 NAICS,true,,56,Administrative and Support and Waste Management and Remediation Services
561,Administrative and Support Services,Administrative and Support ServicesT,Subsector,3,,No change from 2017 NAICS,true,56,56,Administrative and Support and Waste Management and Remediation Services
5611,Office Administrative Services,Office Administrative ServicesT,Industry Group,4,,No change from 2017 NAICS,true,561,56,Administrative and Support and Waste Management and Remediation Services
56111,Office Administrative Services,Office Administrative ServicesT,NAICS Industry,5,,No change from 2017 NAICS,true,5611,56,Administrative and Support and Waste Management and Remediation Services
561110,Office Administrative Services,Office Administrative Services,National Industry,6,,No change from 2017 NAICS,false,56111,56,Administrative and Support and Waste Management and Remediation Services
5612,Facilities Support Services,Facilities Support ServicesT,Industry Group,4,,No change from 2017 NAICS,true,561,56,Administrative and Support and Waste Management and Remediation Services
56121,Facilities Support Services,Facilities Support ServicesT,NAICS Industry,5,,No change from 2017 NAICS,true,5612,56,Administrative and Support and Waste Management and Remediation Services
561210,Facilities Support Services,Facilities Support Services,National Industry,6,,No change from 2017 NAICS,false,56121,56,Administrative and Support and Waste Management and Remediation Services
5613,Employment Services,Employment ServicesT,Industry Group,4,,No change from 2017 NAICS,true,561,56,Administrative and Support and Waste Management and Remediation Services
56131,Employment Placement Agencies and Executive Search Services,Employment Placement Agencies and Executive Search ServicesT,NAICS Industry,5,,No change from 2017 NAICS,true,5613,56,Administrative and Support and Waste Management and Remediation Services
561311,Employment Placement Agencies,Employment Placement Agencies,National Industry,6,,No change from 2017 NAICS,false,56131,56,Administrative and Support and Waste Management and Remediation Services
561312,Executive Search Services,Executive Search Services,National Industry,6,,No change from 2017 NAICS,false,56131,56,Administrative and Support and Waste Management and Remediation Services
56132,Temporary Help Services,Temporary Help ServicesT,NAICS Industry,5,,No change from 2017 NAICS,true,5613,56,Administrative and Support and Waste Management and Remediation Services
561320,Temporary Help Services,Temporary Help Services,National Industry,6,,No change from 2017 NAICS,false,56132,56,Administrative and Support and Waste Management and Remediation Services
56133,Professional Employer Organizations,Professional Employer OrganizationsT,NAICS Industry,5,,No change from 2017 NAICS,true,5613,56,Administrative and Support and Waste Management and Remediation Services
561330,Professional Employer Organizations,Professional Employer Organizations,National Industry,6,,No change from 2017 NAICS,false,56133,56,Administrative and Support and Waste Management and Remediation Services
5614,Business Support Services,Business Support ServicesT,Industry Group,4,,No change from 2017 NAICS,true,561,56,Administrative and Support and Waste Management and Remediation Services
56141,Document Preparation Services,Document Preparation ServicesT,NAICS Industry,5,,No change from 2017 NAICS,true,5614,56,Administrative and Support and Waste Management and Remediation Services
561410,Document Preparation Services,Document Preparation Services,National Industry,6,,No change from 2017 NAICS,false,56141,56,Administrative and Support and Waste Management and Remediation Services
56142,Telephone Call Centers,Telephone Call CentersT,NAICS Industry,5,,No change from 2017 NAICS,true,5614,56,Administrative and Support and Waste Management and Remediation Services
561421,Telephone Answering Services,Telephone Answering Services,National Industry,6,,No change from 2017 NAICS,false,56142,56,Administrative and Support and Waste Management and Remediation Services
561422,Telemarketing Bureaus and Other Contact Centers,Telemarketing Bureaus and Other Contact Centers,National Industry,6,,No change from 2017 NAICS,false,56142,56,Administrative and Support and Waste Management and Remediation Services
56143,Business Service Centers,Business Service CentersT,NAICS Industry,5,,No change from 2017 NAICS,true,5614,56,Administrative and Support and Waste Management and Remediation Services
561431,Private Mail Centers,Private Mail Centers,National Industry,6,,No change from 2017 NAICS,false,56143,56,Administrative and Support and Waste Management and Remediation Services
561439,Other Business Service Centers (including Copy Shops),Other Business Service Centers (including Copy Shops),National Industry,6,,No change from 2017 NAICS,false,56143,56,Administrative and Support and Waste Management and Remediation Services
56144,Collection Agencies,Collection AgenciesT,NAICS Industry,5,,No change from 2017 NAICS,true,5614,56,Administrative and Support and Waste Management and Remediation Services
561440,Collection Agencies,Collection Agencies,National Industry,6,,No change from 2017 NAICS,false,56144,56,Administrative and Support and Waste Management and Remediation Services
56145,Credit Bureaus,Credit BureausT,NAICS Industry,5,,No change from 2017 NAICS,true,5614,56,Administrative and Support and Waste Management and Remediation Services
561450,Credit Bureaus,Credit Bureaus,National Industry,6,,No change from 2017 NAICS,false,56145,56,Administrative and Support and Waste Management and Remediation Services
56149,Other Business Support Services,Other Business Support ServicesT,NAICS Industry,5,,No change from 2017 NAICS,true,5614,56,Administrative and Support and Waste Management and Remediation Services
561491,Repossession Services,Repossession Services,National Industry,6,,No change from 2017 NAICS,false,56149,56,Administrative and Support and Waste Management and Remediation Services
561492,Court Reporting and Stenotype Services,Court Reporting and Stenotype Services,National Industry,6,,No change from 2017 NAICS,false,56149,56,Administrative and Support and Waste Management and Remediation Services
561499,All Other Business Support Services,All Other Business Support Services,National Industry,6,,No change from 2017 NAICS,false,56149,56,Administrative and Support and Waste Management and Remediation Services
5615,Travel Arrangement and Reservation Services,Travel Arrangement and Reservation ServicesT,Industry Group,4,,No change from 2017 NAICS,true,561,56,Administrative and Support and Waste Management and Remediation Services
56151,Travel Agencies,Travel AgenciesT,NAICS Industry,5,,No change from 2017 NAICS,true,5615,56,Administrative and Support and Waste Management and Remediation Services
561510,Travel Agencies,Travel Agencies,National Industry,6,,No change from 2017 NAICS,false,56151,56,Administrative and Support and Waste Management and Remediation Services
56152,Tour Operators,Tour OperatorsT,NAICS Industry,5,,No change from 2017 NAICS,true,5615,56,Administrative and Support and Waste Management and Remediation Services
561520,Tour Operators,Tour Operators,National Industry,6,,No change from 2017 NAICS,false,56152,56,Administrative and Support and Waste Management and Remediation Services
56159,Other Travel Arrangement and Reservation Services,Other Travel Arrangement and Reservation ServicesT,NAICS Industry,5,,No change from 2017 NAICS,true,5615,56,Administrative and Support and Waste Management and Remediation Services
561591,Convention and Visitors Bureaus,Convention and Visitors Bureaus,National Industry,6,,No change from 2017 NAICS,false,56159,56,Administrative and Support and Waste Management and Remediation Services
561599,All Other Travel Arrangement and Reservation Services,All Other Travel Arrangement and Reservation Services,National Industry,6,,No change from 2017 NAICS,false,56159,56,Administrative and Support and Waste Management and Remediation Services
5616,Investigation and Security Services,Investigation and Security ServicesT,Industry Group,4,,No change from 2017 NAICS,true,561,56,Administrative and Support and Waste Management and Remediation Services
56161,"Investigation, Guard, and Armored Car Services","Investigation, Guard, and Armored Car ServicesT",NAICS Industry,5,,No change from 2017 NAICS,true,5616,56,Administrative and Support and Waste Management and Remediation Services
561611,Investigation and Personal Background Check Services,Investigation and Personal Background Check Services,National Industry,6,*,"Title change, no content change",false,56161,56,Administrative and Support and Waste Management and Remediation Services
561612,Security Guards and Patrol Services,Security Guards and Patrol Services,National Industry,6,,No change from 2017 NAICS,false,56161,56,Administrative and Support and Waste Management and Remediation Services
561613,Armored Car Services,Armored Car Services,National Industry,6,,No change from 2017 NAICS,false,56161,56,Administrative and Support and Waste Management and Remediation Services
56162,Security Systems Services,Security Systems ServicesT,NAICS Industry,5,,No change from 2017 NAICS,true,5616,56,Administrative and Support and Waste Management and Remediation Services
561621,Security Systems Services (except Locksmiths),Security Systems Services (except Locksmiths),National Industry,6,,No change from 2017 NAICS,false,56162,56,Administrative and Support and Waste Management and Remediation Services
561622,Locksmiths,Locksmiths,National Industry,6,,No change from 2017 NAICS,false,56162,56,Administrative and Support and Waste Management and Remediation Services
5617,Services to Buildings and Dwellings,Services to Buildings and DwellingsT,Industry Group,4,,No change from 2017 NAICS,true,561,56,Administrative and Support and Waste Management and Remediation Services
56171,Exterminating and Pest Control Services,Exterminating and Pest Control ServicesT,NAICS Industry,5,,No change from 2017 NAICS,true,5617,56,Administrative and Support and Waste Management and Remediation Services
561710,Exterminating and Pest Control Services,Exterminating and Pest Control Services,National Industry,6,,No change from 2017 NAICS,false,56171,56,Administrative and Support and Waste Management and Remediation Services
56172,Janitorial Services,Janitorial ServicesT,NAICS Industry,5,,No change from 2017 NAICS,true,5617,56,Administrative and Support and Waste Management and Remediation Services
561720,Janitorial Services,Janitorial Services,National Industry,6,,No change from 2017 NAICS,false,56172,56,Administrative and Support and Waste Management and Remediation Services
56173,Landscaping Services,Landscaping ServicesT,NAICS Industry,5,,No change from 2017 NAICS,true,5617,56,Administrative and Support and Waste Management and Remediation Services
561730,Landscaping Services,Landscaping Services,National Industry,6,,No change from 2017 NAICS,false,56173,56,Administrative and Support and Waste Management and Remediation Services
56174,Carpet and Upholstery Cleaning Services,Carpet and Upholstery Cleaning ServicesT,NAICS Industry,5,,No change from 2017 NAICS,true,5617,56,Administrative and Support and Waste Management and Remediation Services
561740,Carpet and Upholstery Cleaning Services,Carpet and Upholstery Cleaning Services,National Industry,6,,No change from 2017 NAICS,false,56174,56,Administrative and Support and Waste Management and Remediation Services
56179,Other Services to Buildings and Dwellings,Other Services to Buildings and DwellingsT,NAICS Industry,5,,No change from 2017 NAICS,true,5617,56,Administrative and Support and Waste Management and Remediation Services
561790,Other Services to Buildings and Dwellings,Other Services to Buildings and Dwellings,National Industry,6,,No change from 2017 NAICS,false,56179,56,Administrative and Support and Waste Management and Remediation Services
5619,Other Support Services,Other Support ServicesT,Industry Group,4,,No change from 2017 NAICS,true,561,56,Administrative and Support and Waste Management and Remediation Services
56191,Packaging and Labeling Services,Packaging and Labeling ServicesT,NAICS Industry,5,,No change from 2017 NAICS,true,5619,56,Administrative and Support and Waste Management and Remediation Services
561910,Packaging and Labeling Services,Packaging and Labeling Services,National Industry,6,,No change from 2017 NAICS,false,56191,56,Administrative and Support and Waste Management and Remediation Services
56192,Convention and Trade Show Organizers,Convention and Trade Show OrganizersT,NAICS Industry,5,,No change from 2017 NAICS,true,5619,56,Administrative and Support and Waste Management and Remediation Services
561920,Convention and Trade Show Organizers,Convention and Trade Show Organizers,National Industry,6,,No change from 2017 NAICS,false,56192,56,Administrative and Support and Waste Management and Remediation Services
56199,All Other Support Services,All Other Support ServicesT,NAICS Industry,5,,No change from 2017 NAICS,true,5619,56,Administrative and Support and Waste Management and Remediation Services
561990,All Other Support Services,All Other Support Services,National Industry,6,,No change from 2017 NAICS,false,56199,56,Administrative and Support and Waste Management and Remediation Services
562,Waste Management and Remediation Services,Waste Management and Remediation ServicesT,Subsector,3,,No change from 2017 NAICS,true,56,56,Administrative and Support and Waste Management and Remediation Services
5621,Waste Collection,Waste Collection,Industry Group,4,,No change from 2017 NAICS,false,562,56,Administrative and Support and Waste Management and Remediation Services
56211,Waste Collection,Waste Collection,NAICS Industry,5,,No change from 2017 NAICS,false,5621,56,Administrative and Support and Waste Management and Remediation Services
562111,Solid Waste Collection,Solid Waste Collection,National Industry,6,,No change from 2017 NAICS,false,56211,56,Administrative and Support and Waste Management and Remediation Services
562112,Hazardous Waste Collection,Hazardous Waste Collection,National Industry,6,,No change from 2017 NAICS,false,56211,56,Administrative and Support and Waste Management and Remediation Services
562119,Other Waste Collection,Other Waste Collection,National Industry,6,,No change from 2017 NAICS,false,56211,56,Administrative and Support and Waste Management and Remediation Services
5622,Waste Treatment and Disposal,Waste Treatment and Disposal,Industry Group,4,,No change from 2017 NAICS,false,562,56,Administrative and Support and Waste Management and Remediation Services
56221,Waste Treatment and Disposal,Waste Treatment and Disposal,NAICS Industry,5,,No change from 2017 NAICS,false,5622,56,Administrative and Support and Waste Management and Remediation Services
562211,Hazardous Waste Treatment and Disposal,Hazardous Waste Treatment and Disposal,National Industry,6,,No change from 2017 NAICS,false,56221,56,Administrative and Support and Waste Management and Remediation Services
562212,Solid Waste Landfill,Solid Waste Landfill,National Industry,6,,No change from 2017 NAICS,false,56221,56,Administrative and Support and Waste Management and Remediation Services
562213,Solid Waste Combustors and Incinerators,Solid Waste Combustors and Incinerators,National Industry,6,,No change from 2017 NAICS,false,56221,56,Administrative and Support and Waste Management and Remediation Services
562219,Other Nonhazardous Waste Treatment and Disposal,Other Nonhazardous Waste Treatment and Disposal,National Industry,6,,No change from 2017 NAICS,false,56221,56,Administrative and Support and Waste Management and Remediation Services
5629,Remediation and Other Waste Management Services,Remediation and Other Waste Management Services,Industry Group,4,,No change from 2017 NAICS,false,562,56,Administrative and Support and Waste Management and Remediation Services
56291,Remediation Services,Remediation Services,NAICS Industry,5,,No change from 2017 NAICS,false,5629,56,Administrative and Support and Waste Management and Remediation Services
562910,Remediation Services,Remediation Services,National Industry,6,,No change from 2017 NAICS,false,56291,56,Administrative and Support and Waste Management and Remediation Services
56292,Materials Recovery Facilities,Materials Recovery Facilities,NAICS Industry,5,,No change from 2017 NAICS,false,5629,56,Administrative and Support and Waste Management and Remediation Services
562920,Materials Recovery Facilities,Materials Recovery Facilities,National Industry,6,,No change from 2017 NAICS,false,56292,56,Administrative and Support and Waste Management and Remediation Services
56299,All Other Waste Management Services,All Other Waste Management Services,NAICS Industry,5,,No change from 2017 NAICS,false,5629,56,Administrative and Support and Waste Management and Remediation Services
562991,Septic Tank and Related Services,Septic Tank and Related Services,National Industry,6,,No change from 2017 NAICS,false,56299,56,Administrative and Support and Waste Management and Remediation Services
562998,All Other Miscellaneous Waste Management Services,All Other Miscellaneous Waste Management Services,National Industry,6,,No change from 2017 NAICS,false,56299,56,Administrative and Support and Waste Management and Remediation Services
61,Educational Services,Educational ServicesT,Sector,2,,No change from 2017 NAICS,true,,61,Educational Services
611,Educational Services,Educational ServicesT,Subsector,3,,No change from 2017 NAICS,true,61,61,Educational Services
6111,Elementary and Secondary Schools,Elementary and Secondary SchoolsT,Industry Group,4,,No change from 2017 NAICS,true,611,61,Educational Services
61111,Elementary and Secondary Schools,Elementary and Secondary Schools,NAICS Industry,5,,No change from 2017 NAICS,false,6111,61,Educational Services
611110,Elementary and Secondary Schools,Elementary and Secondary Schools,National Industry,6,,No change from 2017 NAICS,false,61111,61,Educational Services
6112,Junior Colleges,Junior CollegesT,Industry Group,4,,No change from 2017 NAICS,true,611,61,Educational Services
61121,Junior Colleges,Junior CollegesT,NAICS Industry,5,,No change from 2017 NAICS,true,6112,61,Educational Services
611210,Junior Colleges,Junior Colleges,National Industry,6,,No change from 2017 NAICS,false,61121,61,Educational Services
6113,"Colleges, Universities, and Professional Schools","Colleges, Universities, and Professional SchoolsT",Industry Group,4,,No change from 2017 NAICS,true,611,61,Educational Services
61131,"Colleges, Universities, and Professional Schools","Colleges, Universities, and Professional SchoolsT",NAICS Industry,5,,No change from 2017 NAICS,true,6113,61,Educational Services
611310,"Colleges, Universities, and Professional Schools","Colleges, Universities, and Professional Schools",National Industry,6,,No change from 2017 NAICS,false,61131,61,Educational Services
6114,Business Schools and Computer and Management Training,Business Schools and Computer and Management TrainingT,Industry Group,4,,No change from 2017 NAICS,true,611,61,Educational Services
61141,Business and Secretarial Schools,Business and Secretarial SchoolsT,NAICS Industry,5,,No change from 2017 NAICS,true,6114,61,Educational Services
611410,Business and Secretarial Schools,Business and Secretarial Schools,National Industry,6,,No change from 2017 NAICS,false,61141,61,Educational Services
61142,Computer Training,Computer TrainingT,NAICS Industry,5,,No change from 2017 NAICS,true,6114,61,Educational Services
611420,Computer Training,Computer Training,National Industry,6,,No change from 2017 NAICS,false,61142,61,Educational Services
61143,Professional and Management Development Training,Professional and Management Development TrainingT,NAICS Industry,5,,No change from 2017 NAICS,true,6114,61,Educational Services
611430,Professional and Management Development Training,Professional and Management Development Training,National Industry,6,,No change from 2017 NAICS,false,61143,61,Educational Services
6115,Technical and Trade Schools,Technical and Trade SchoolsT,Industry Group,4,,No change from 2017 NAICS,true,611,61,Educational Services
61151,Technical and Trade Schools,Technical and Trade SchoolsT,NAICS Industry,5,,No change from 2017 NAICS,true,6115,61,Educational Services
611511,Cosmetology and Barber Schools,Cosmetology and Barber Schools,National Industry,6,,No change from 2017 NAICS,false,61151,61,Educational Services
611512,Flight Training,Flight Training,National Industry,6,,No change from 2017 NAICS,false,61151,61,Educational Services
611513,Apprenticeship Training,Apprenticeship Training,National Industry,6,,No change from 2017 NAICS,false,61151,61,Educational Services
611519,Other Technical and Trade Schools,Other Technical and Trade Schools,National Industry,6,,No change from 2017 NAICS,false,61151,61,Educational Services
6116,Other Schools and Instruction,Other Schools and InstructionT,Industry Group,4,,No change from 2017 NAICS,true,611,61,Educational Services
61161,Fine Arts Schools,Fine Arts SchoolsT,NAICS Industry,5,,No change from 2017 NAICS,true,6116,61,Educational Services
611610,Fine Arts Schools,Fine Arts Schools,National Industry,6,,No change from 2017 NAICS,false,61161,61,Educational Services
61162,Sports and Recreation Instruction,Sports and Recreation InstructionT,NAICS Industry,5,,No change from 2017 NAICS,true,6116,61,Educational Services
611620,Sports and Recreation Instruction,Sports and Recreation Instruction,National Industry,6,,No change from 2017 NAICS,false,61162,61,Educational Services
61163,Language Schools,Language SchoolsT,NAICS Industry,5,,No change from 2017 NAICS,true,6116,61,Educational Services
611630,Language Schools,Language Schools,National Industry,6,,No change from 2017 NAICS,false,61163,61,Educational Services
61169,All Other Schools and Instruction,All Other Schools and InstructionT,NAICS Industry,5,,No change from 2017 NAICS,true,6116,61,Educational Services
611691,Exam Preparation and Tutoring,Exam Preparation and Tutoring,National Industry,6,,No change from 2017 NAICS,false,61169,61,Educational Services
611692,Automobile Driving Schools,Automobile Driving Schools,National Industry,6,,No change from 2017 NAICS,false,61169,61,Educational Services
611699,All Other Miscellaneous Schools and Instruction,All Other Miscellaneous Schools and Instruction,National Industry,6,,No change from 2017 NAICS,false,61169,61,Educational Services
6117,Educational Support Services,Educational Support ServicesT,Industry Group,4,,No change from 2017 NAICS,true,611,61,Educational Services
61171,Educational Support Services,Educational Support ServicesT,NAICS Industry,5,,No change from 2017 NAICS,true,6117,61,Educational Services
611710,Educational Support Services,Educational Support Services,National Industry,6,,No change from 2017 NAICS,false,61171,61,Educational Services
62,Health Care and Social Assistance,Health Care and Social AssistanceT,Sector,2,,No change from 2017 NAICS,true,,62,Health Care and Social Assistance
621,Ambulatory Health Care Services,Ambulatory Health Care ServicesT,Subsector,3,,No change from 2017 NAICS,true,62,62,Health Care and Social Assistance
6211,Offices of Physicians,Offices of PhysiciansT,Industry Group,4,,No change from 2017 NAICS,true,621,62,Health Care and Social Assistance
62111,Offices of Physicians,Offices of PhysiciansT,NAICS Industry,5,,No change from 2017 NAICS,true,6211,62,Health Care and Social Assistance
621111,Offices of Physicians (except Mental Health Specialists),Offices of Physicians (except Mental Health Specialists),National Industry,6,,No change from 2017 NAICS,false,62111,62,Health Care and Social Assistance
621112,"Offices of Physicians, Mental Health Specialists","Offices of Physicians, Mental Health Specialists",National Industry,6,,No change from 2017 NAICS,false,62111,62,Health Care and Social Assistance
6212,Offices of Dentists,Offices of DentistsT,Industry Group,4,,No change from 2017 NAICS,true,621,62,Health Care and Social Assistance
62121,Offices of Dentists,Offices of DentistsT,NAICS Industry,5,,No change from 2017 NAICS,true,6212,62,Health Care and Social Assistance
621210,Offices of Dentists,Offices of Dentists,National Industry,6,,No change from 2017 NAICS,false,62121,62,Health Care and Social Assistance
6213,Offices of Other Health Practitioners,Offices of Other Health PractitionersT,Industry Group,4,,No change from 2017 NAICS,true,621,62,Health Care and Social Assistance
62131,Offices of Chiropractors,Offices of ChiropractorsT,NAICS Industry,5,,No change from 2017 NAICS,true,6213,62,Health Care and Social Assistance
621310,Offices of Chiropractors,Offices of Chiropractors,National Industry,6,,No change from 2017 NAICS,false,62131,62,Health Care and Social Assistance
62132,Offices of Optometrists,Offices of OptometristsT,NAICS Industry,5,,No change from 2017 NAICS,true,6213,62,Health Care and Social Assistance
621320,Offices of Optometrists,Offices of Optometrists,National Industry,6,,No change from 2017 NAICS,false,62132,62,Health Care and Social Assistance
62133,Offices of Mental Health Practitioners (except Physicians),Offices of Mental Health Practitioners (except Physicians)T,NAICS Industry,5,,No change from 2017 NAICS,true,6213,62,Health Care and Social Assistance
621330,Offices of Mental Health Practitioners (except Physicians),Offices of Mental Health Practitioners (except Physicians),National Industry,6,,No change from 2017 NAICS,false,62133,62,Health Care and Social Assistance
62134,"Offices of Physical, Occupational and Speech Therapists, and Audiologists","Offices of Physical, Occupational and Speech Therapists, and AudiologistsT",NAICS Industry,5,,No change from 2017 NAICS,true,6213,62,Health Care and Social Assistance
621340,"Offices of Physical, Occupational and Speech Therapists, and Audiologists","Offices of Physical, Occupational and Speech Therapists, and Audiologists",National Industry,6,,No change from 2017 NAICS,false,62134,62,Health Care and Social Assistance
62139,Offices of All Other Health Practitioners,Offices of All Other Health PractitionersT,NAICS Industry,5,,No change from 2017 NAICS,true,6213,62,Health Care and Social Assistance
621391,Offices of Podiatrists,Offices of Podiatrists,National Industry,6,,No change from 2017 NAICS,false,62139,62,Health Care and Social Assistance
621399,Offices of All Other Miscellaneous Health Practitioners,Offices of All Other Miscellaneous Health Practitioners,National Industry,6,,No change from 2017 NAICS,false,62139,62,Health Care and Social Assistance
6214,Outpatient Care Centers,Outpatient Care CentersT,Industry Group,4,,No change from 2017 NAICS,true,621,62,Health Care and Social Assistance
62141,Family Planning Centers,Family Planning CentersT,NAICS Industry,5,,No change from 2017 NAICS,true,6214,62,Health Care and Social Assistance
621410,Family Planning Centers,Family Planning Centers,National Industry,6,,No change from 2017 NAICS,false,62141,62,Health Care and Social Assistance
62142,Outpatient Mental Health and Substance Abuse Centers,Outpatient Mental Health and Substance Abuse CentersT,NAICS Industry,5,,No change from 2017 NAICS,true,6214,62,Health Care and Social Assistance
621420,Outpatient Mental Health and Substance Abuse Centers,Outpatient Mental Health and Substance Abuse Centers,National Industry,6,,No change from 2017 NAICS,false,62142,62,Health Care and Social Assistance
62149,Other Outpatient Care Centers,Other Outpatient Care CentersT,NAICS Industry,5,,No change from 2017 NAICS,true,6214,62,Health Care and Social Assistance
621491,HMO Medical Centers,HMO Medical Centers,National Industry,6,,No change from 2017 NAICS,false,62149,62,Health Care and Social Assistance
621492,Kidney Dialysis Centers,Kidney Dialysis Centers,National Industry,6,,No change from 2017 NAICS,false,62149,62,Health Care and Social Assistance
621493,Freestanding Ambulatory Surgical and Emergency Centers,Freestanding Ambulatory Surgical and Emergency Centers,National Industry,6,,No change from 2017 NAICS,false,62149,62,Health Care and Social Assistance
621498,All Other Outpatient Care Centers,All Other Outpatient Care Centers,National Industry,6,,No change from 2017 NAICS,false,62149,62,Health Care and Social Assistance
6215,Medical and Diagnostic Laboratories,Medical and Diagnostic LaboratoriesT,Industry Group,4,,No change from 2017 NAICS,true,621,62,Health Care and Social Assistance
62151,Medical and Diagnostic Laboratories,Medical and Diagnostic LaboratoriesT,NAICS Industry,5,,No change from 2017 NAICS,true,6215,62,Health Care and Social Assistance
621511,Medical Laboratories,Medical Laboratories,National Industry,6,,No change from 2017 NAICS,false,62151,62,Health Care and Social Assistance
621512,Diagnostic Imaging Centers,Diagnostic Imaging Centers,National Industry,6,,No change from 2017 NAICS,false,62151,62,Health Care and Social Assistance
6216,Home Health Care Services,Home Health Care ServicesT,Industry Group,4,,No change from 2017 NAICS,true,621,62,Health Care and Social Assistance
62161,Home Health Care Services,Home Health Care ServicesT,NAICS Industry,5,,No change from 2017 NAICS,true,6216,62,Health Care and Social Assistance
621610,Home Health Care Services,Home Health Care Services,National Industry,6,,No change from 2017 NAICS,false,62161,62,Health Care and Social Assistance
6219,Other Ambulatory Health Care Services,Other Ambulatory Health Care ServicesT,Industry Group,4,,No change from 2017 NAICS,true,621,62,Health Care and Social Assistance
62191,Ambulance Services,Ambulance ServicesT,NAICS Industry,5,,No change from 2017 NAICS,true,6219,62,Health Care and Social Assistance
621910,Ambulance Services,Ambulance Services,National Industry,6,,No change from 2017 NAICS,false,62191,62,Health Care and Social Assistance
62199,All Other Ambulatory Health Care Services,All Other Ambulatory Health Care ServicesT,NAICS Industry,5,,No change from 2017 NAICS,true,6219,62,Health Care and Social Assistance
621991,Blood and Organ Banks,Blood and Organ Banks,National Industry,6,,No change from 2017 NAICS,false,62199,62,Health Care and Social Assistance
621999,All Other Miscellaneous Ambulatory Health Care Services,All Other Miscellaneous Ambulatory Health Care Services,National Industry,6,,No change from 2017 NAICS,false,62199,62,Health Care and Social Assistance
622,Hospitals,HospitalsT,Subsector,3,,No change from 2017 NAICS,true,62,62,Health Care and Social Assistance
6221,General Medical and Surgical Hospitals,General Medical and Surgical HospitalsT,Industry Group,4,,No change from 2017 NAICS,true,622,62,Health Care and Social Assistance
62211,General Medical and Surgical Hospitals,General Medical and Surgical HospitalsT,NAICS Industry,5,,No change from 2017 NAICS,true,6221,62,Health Care and Social Assistance
622110,General Medical and Surgical Hospitals,General Medical and Surgical Hospitals,National Industry,6,,No change from 2017 NAICS,false,62211,62,Health Care and Social Assistance
6222,Psychiatric and Substance Abuse Hospitals,Psychiatric and Substance Abuse HospitalsT,Industry Group,4,,No change from 2017 NAICS,true,622,62,Health Care and Social Assistance
62221,Psychiatric and Substance Abuse Hospitals,Psychiatric and Substance Abuse HospitalsT,NAICS Industry,5,,No change from 2017 NAICS,true,6222,62,Health Care and Social Assistance
622210,Psychiatric and Substance Abuse Hospitals,Psychiatric and Substance Abuse Hospitals,National Industry,6,,No change from 2017 NAICS,false,62221,62,Health Care and Social Assistance
6223,Specialty (except Psychiatric and Substance Abuse) Hospitals,Specialty (except Psychiatric and Substance Abuse) HospitalsT,Industry Group,4,,No change from 2017 NAICS,true,622,62,Health Care and Social Assistance
62231,Specialty (except Psychiatric and Substance Abuse) Hospitals,Specialty (except Psychiatric and Substance Abuse) HospitalsT,NAICS Industry,5,,No change from 2017 NAICS,true,6223,62,Health Care and Social Assistance
622310,Specialty (except Psychiatric and Substance Abuse) Hospitals,Specialty (except Psychiatric and Substance Abuse) Hospitals,National Industry,6,,No change from 2017 NAICS,false,62231,62,Health Care and Social Assistance
623,Nursing and Residential Care Facilities,Nursing and Residential Care FacilitiesT,Subsector,3,,No change from 2017 NAICS,true,62,62,Health Care and Social Assistance
6231,Nursing Care Facilities (Skilled Nursing Facilities),Nursing Care Facilities (Skilled Nursing Facilities)T,Industry Group,4,,No change from 2017 NAICS,true,623,62,Health Care and Social Assistance
62311,Nursing Care Facilities (Skilled Nursing Facilities),Nursing Care Facilities (Skilled Nursing Facilities)T,NAICS Industry,5,,No change from 2017 NAICS,true,6231,62,Health Care and Social Assistance
623110,Nursing Care Facilities (Skilled Nursing Facilities),Nursing Care Facilities (Skilled Nursing Facilities),National Industry,6,,No change from 2017 NAICS,false,62311,62,Health Care and Social Assistance
6232,"Residential Intellectual and Developmental Disability, Mental Health, and Substance Abuse Facilities","Residential Intellectual and Developmental Disability, Mental Health, and Substance Abuse FacilitiesT",Industry Group,4,,No change from 2017 NAICS,true,623,62,Health Care and Social Assistance
62321,Residential Intellectual and Developmental Disability Facilities,Residential Intellectual and Developmental Disability FacilitiesT,NAICS Industry,5,,No change from 2017 NAICS,true,6232,62,Health Care and Social Assistance
623210,Residential Intellectual and Developmental Disability Facilities,Residential Intellectual and Developmental Disability Facilities,National Industry,6,,No change from 2017 NAICS,false,62321,62,Health Care and Social Assistance
62322,Residential Mental Health and Substance Abuse Facilities,Residential Mental Health and Substance Abuse FacilitiesT,NAICS Industry,5,,No change from 2017 NAICS,true,6232,62,Health Care and Social Assistance
623220,Residential Mental Health and Substance Abuse Facilities,Residential Mental Health and Substance Abuse Facilities,National Industry,6,,No change from 2017 NAICS,false,62322,62,Health Care and Social Assistance
6233,Continuing Care Retirement Communities and Assisted Living Facilities for the Elderly,Continuing Care Retirement Communities and Assisted Living Facilities for the ElderlyT,Industry Group,4,,No change from 2017 NAICS,true,623,62,Health Care and Social Assistance
62331,Continuing Care Retirement Communities and Assisted Living Facilities for the Elderly,Continuing Care Retirement Communities and Assisted Living Facilities for the ElderlyT,NAICS Industry,5,,No change from 2017 NAICS,true,6233,62,Health Care and Social Assistance
623311,Continuing Care Retirement Communities,Continuing Care Retirement Communities,National Industry,6,,No change from 2017 NAICS,false,62331,62,Health Care and Social Assistance
623312,Assisted Living Facilities for the Elderly,Assisted Living Facilities for the Elderly,National Industry,6,,No change from 2017 NAICS,false,62331,62,Health Care and Social Assistance
6239,Other Residential Care Facilities,Other Residential Care FacilitiesT,Industry Group,4,,No change from 2017 NAICS,true,623,62,Health Care and Social Assistance
62399,Other Residential Care Facilities,Other Residential Care FacilitiesT,NAICS Industry,5,,No change from 2017 NAICS,true,6239,62,Health Care and Social Assistance
623990,Other Residential Care Facilities,Other Residential Care Facilities,National Industry,6,,No change from 2017 NAICS,false,62399,62,Health Care and Social Assistance
624,Social Assistance,Social AssistanceT,Subsector,3,,No change from 2017 NAICS,true,62,62,Health Care and Social Assistance
6241,Individual and Family Services,Individual and Family ServicesT,Industry Group,4,,No change from 2017 NAICS,true,624,62,Health Care and Social Assistance
62411,Child and Youth Services,Child and Youth ServicesT,NAICS Industry,5,,No change from 2017 NAICS,true,6241,62,Health Care and Social Assistance
624110,Child and Youth Services,Child and Youth Services,National Industry,6,,No change from 2017 NAICS,false,62411,62,Health Care and Social Assistance
62412,Services for the Elderly and Persons with Disabilities,Services for the Elderly and Persons with DisabilitiesT,NAICS Industry,5,,No change from 2017 NAICS,true,6241,62,Health Care and Social Assistance
624120,Services for the Elderly and Persons with Disabilities,Services for the Elderly and Persons with Disabilities,National Industry,6,,No change from 2017 NAICS,false,62412,62,Health Care and Social Assistance
62419,Other Individual and Family Services,Other Individual and Family ServicesT,NAICS Industry,5,,No change from 2017 NAICS,true,6241,62,Health Care and Social Assistance
624190,Other Individual and Family Services,Other Individual and Family Services,National Industry,6,,No change from 2017 NAICS,false,62419,62,Health Care and Social Assistance
6242,"Community Food and Housing, and Emergency and Other Relief Services","Community Food and Housing, and Emergency and Other Relief ServicesT",Industry Group,4,,No change from 2017 NAICS,true,624,62,Health Care and Social Assistance
62421,Community Food Services,Community Food ServicesT,NAICS Industry,5,,No change from 2017 NAICS,true,6242,62,Health Care and Social Assistance
624210,Community Food Services,Community Food Services,National Industry,6,,No change from 2017 NAICS,false,62421,62,Health Care and Social Assistance
62422,Community Housing Services,Community Housing ServicesT,NAICS Industry,5,,No change from 2017 NAICS,true,6242,62,Health Care and Social Assistance
624221,Temporary Shelters,Temporary Shelters,National Industry,6,,No change from 2017 NAICS,false,62422,62,Health Care and Social Assistance
624229,Other Community Housing Services,Other Community Housing Services,National Industry,6,,No change from 2017 NAICS,false,62422,62,Health Care and Social Assistance
62423,Emergency and Other Relief Services,Emergency and Other Relief ServicesT,NAICS Industry,5,,No change from 2017 NAICS,true,6242,62,Health Care and Social Assistance
624230,Emergency and Other Relief Services,Emergency and Other Relief Services,National Industry,6,,No change from 2017 NAICS,false,62423,62,Health Care and Social Assistance
6243,Vocational Rehabilitation Services,Vocational Rehabilitation ServicesT,Industry Group,4,,No change from 2017 NAICS,true,624,62,Health Care and Social Assistance
62431,Vocational Rehabilitation Services,Vocational Rehabilitation ServicesT,NAICS Industry,5,,No change from 2017 NAICS,true,6243,62,Health Care and Social Assistance
624310,Vocational Rehabilitation Services,Vocational Rehabilitation Services,National Industry,6,,No change from 2017 NAICS,false,62431,62,Health Care and Social Assistance
6244,Child Care Services,Child Care ServicesT,Industry Group,4,*,"Title change, no content change",true,624,62,Health Care and Social Assistance
62441,Child Care Services,Child Care ServicesT,NAICS Industry,5,*,"Title change, no content change",true,6244,62,Health Care and Social Assistance
624410,Child Care Services,Child Care Services,National Industry,6,*,"Title change, no content change",false,62441,62,Health Care and Social Assistance
71,"Arts, Entertainment, and Recreation","Arts, Entertainment, and RecreationT",Sector,2,,No change from 2017 NAICS,true,,71,"Arts, Entertainment, and Recreation"
711,"Performing Arts, Spectator Sports, and Related Industries","Performing Arts, Spectator Sports, and Related IndustriesT",Subsector,3,,No change from 2017 NAICS,true,71,71,"Arts, Entertainment, and Recreation"
7111,Performing Arts Companies,Performing Arts CompaniesT,Industry Group,4,,No change from 2017 NAICS,true,711,71,"Arts, Entertainment, and Recreation"
71111,Theater Companies and Dinner Theaters,Theater Companies and Dinner TheatersT,NAICS Industry,5,,No change from 2017 NAICS,true,7111,71,"Arts, Entertainment, and Recreation"
711110,Theater Companies and Dinner Theaters,Theater Companies and Dinner Theaters,National Industry,6,,No change from 2017 NAICS,false,71111,71,"Arts, Entertainment, and Recreation"
71112,Dance Companies,Dance CompaniesT,NAICS Industry,5,,No change from 2017 NAICS,true,7111,71,"Arts, Entertainment, and Recreation"
711120,Dance Companies,Dance Companies,National Industry,6,,No change from 2017 NAICS,false,71112,71,"Arts, Entertainment, and Recreation"
71113,Musical Groups and Artists,Musical Groups and ArtistsT,NAICS Industry,5,,No change from 2017 NAICS,true,7111,71,"Arts, Entertainment, and Recreation"
711130,Musical Groups and Artists,Musical Groups and Artists,National Industry,6,,No change from 2017 NAICS,false,71113,71,"Arts, Entertainment, and Recreation"
71119,Other Performing Arts Companies,Other Performing Arts CompaniesT,NAICS Industry,5,,No change from 2017 NAICS,true,7111,71,"Arts, Entertainment, and Recreation"
711190,Other Performing Arts Companies,Other Performing Arts Companies,National Industry,6,,No change from 2017 NAICS,false,71119,71,"Arts, Entertainment, and Recreation"
7112,Spectator Sports,Spectator SportsT,Industry Group,4,,No change from 2017 NAICS,true,711,71,"Arts, Entertainment, and Recreation"
71121,Spectator Sports,Spectator SportsT,NAICS Industry,5,,No change from 2017 NAICS,true,7112,71,"Arts, Entertainment, and Recreation"
711211,Sports Teams and Clubs,Sports Teams and Clubs,National Industry,6,,No change from 2017 NAICS,false,71121,71,"Arts, Entertainment, and Recreation"
711212,Racetracks,Racetracks,National Industry,6,,No change from 2017 NAICS,false,71121,71,"Arts, Entertainment, and Recreation"
711219,Other Spectator Sports,Other Spectator Sports,National Industry,6,,No change from 2017 NAICS,false,71121,71,"Arts, Entertainment, and Recreation"
7113,"Promoters of Performing Arts, Sports, and Similar Events","Promoters of Performing Arts, Sports, and Similar EventsT",Industry Group,4,,No change from 2017 NAICS,true,711,71,"Arts, Entertainment, and Recreation"
71131,"Promoters of Performing Arts, Sports, and Similar Events with Facilities","Promoters of Performing Arts, Sports, and Similar Events with FacilitiesT",NAICS Industry,5,,No change from 2017 NAICS,true,7113,71,"Arts, Entertainment, and Recreation"
711310,"Promoters of Performing Arts, Sports, and Similar Events with Facilities","Promoters of Performing Arts, Sports, and Similar Events with Facilities",National Industry,6,,No change from 2017 NAICS,false,71131,71,"Arts, Entertainment, and Recreation"
71132,"Promoters of Performing Arts, Sports, and Similar Events without Facilities","Promoters of Performing Arts, Sports, and Similar Events without FacilitiesT",NAICS Industry,5,,No change from 2017 NAICS,true,7113,71,"Arts, Entertainment, and Recreation"
711320,"Promoters of Performing Arts, Sports, and Similar Events without Facilities","Promoters of Performing Arts, Sports, and Similar Events without Facilities",National Industry,6,,No change from 2017 NAICS,false,71132,71,"Arts, Entertainment, and Recreation"
7114,"Agents and Managers for Artists, Athletes, Entertainers, and Other Public Figures","Agents and Managers for Artists, Athletes, Entertainers, and Other Public FiguresT",Industry Group,4,,No change from 2017 NAICS,true,711,71,"Arts, Entertainment, and Recreation"
71141,"Agents and Managers for Artists, Athletes, Entertainers, and Other Public Figures","Agents and Managers for Artists, Athletes, Entertainers, and Other Public FiguresT",NAICS Industry,5,,No change from 2017 NAICS,true,7114,71,"Arts, Entertainment, and Recreation"
711410,"Agents and Managers for Artists, Athletes, Entertainers, and Other Public Figures","Agents and Managers for Artists, Athletes, Entertainers, and Other Public Figures",National Industry,6,,No change from 2017 NAICS,false,71141,71,"Arts, Entertainment, and Recreation"
7115,"Independent Artists, Writers, and Performers","Independent Artists, Writers, and PerformersT",Industry Group,4,,No change from 2017 NAICS,true,711,71,"Arts, Entertainment, and Recreation"
71151,"Independent Artists, Writers, and Performers","Independent Artists, Writers, and PerformersT",NAICS Industry,5,,No change from 2017 NAICS,true,7115,71,"Arts, Entertainment, and Recreation"
711510,"Independent Artists, Writers, and Performers","Independent Artists, Writers, and Performers",National Industry,6,,No change from 2017 NAICS,false,71151,71,"Arts, Entertainment, and Recreation"
712,"Museums, Historical Sites, and Similar Institutions","Museums, Historical Sites, and Similar InstitutionsT",Subsector,3,,No change from 2017 NAICS,true,71,71,"Arts, Entertainment, and Recreation"
7121,"Museums, Historical Sites, and Similar Institutions","Museums, Historical Sites, and Similar InstitutionsT",Industry Group,4,,No change from 2017 NAICS,true,712,71,"Arts, Entertainment, and Recreation"
71211,Museums,MuseumsT,NAICS Industry,5,,No change from 2017 NAICS,true,7121,71,"Arts, Entertainment, and Recreation"
712110,Museums,Museums,National Industry,6,,No change from 2017 NAICS,false,71211,71,"Arts, Entertainment, and Recreation"
71212,Historical Sites,Historical SitesT,NAICS Industry,5,,No change from 2017 NAICS,true,7121,71,"Arts, Entertainment, and Recreation"
712120,Historical Sites,Historical Sites,National Industry,6,,No change from 2017 NAICS,false,71212,71,"Arts, Entertainment, and Recreation"
71213,Zoos and Botanical Gardens,Zoos and Botanical GardensT,NAICS Industry,5,,No change from 2017 NAICS,true,7121,71,"Arts, Entertainment, and Recreation"
712130,Zoos and Botanical Gardens,Zoos and Botanical Gardens,National Industry,6,,No change from 2017 NAICS,false,71213,71,"Arts, Entertainment, and Recreation"
71219,Nature Parks and Other Similar Institutions,Nature Parks and Other Similar InstitutionsT,NAICS Industry,5,,No change from 2017 NAICS,true,7121,71,"Arts, Entertainment, and Recreation"
712190,Nature Parks and Other Similar Institutions,Nature Parks and Other Similar Institutions,National Industry,6,,No change from 2017 NAICS,false,71219,71,"Arts, Entertainment, and Recreation"
713,"Amusement, Gambling, and Recreation Industries","Amusement, Gambling, and Recreation IndustriesT",Subsector,3,,No change from 2017 NAICS,true,71,71,"Arts, Entertainment, and Recreation"
7131,Amusement Parks and Arcades,Amusement Parks and ArcadesT,Industry Group,4,,No change from 2017 NAICS,true,713,71,"Arts, Entertainment, and Recreation"
71311,Amusement and Theme Parks,Amusement and Theme ParksT,NAICS Industry,5,,No change from 2017 NAICS,true,7131,71,"Arts, Entertainment, and Recreation"
713110,Amusement and Theme Parks,Amusement and Theme Parks,National Industry,6,,No change from 2017 NAICS,false,71311,71,"Arts, Entertainment, and Recreation"
71312,Amusement Arcades,Amusement ArcadesT,NAICS Industry,5,,No change from 2017 NAICS,true,7131,71,"Arts, Entertainment, and Recreation"
713120,Amusement Arcades,Amusement Arcades,National Industry,6,,No change from 2017 NAICS,false,71312,71,"Arts, Entertainment, and Recreation"
7132,Gambling Industries,Gambling IndustriesT,Industry Group,4,,No change from 2017 NAICS,true,713,71,"Arts, Entertainment, and Recreation"
71321,Casinos (except Casino Hotels),Casinos (except Casino Hotels)T,NAICS Industry,5,,No change from 2017 NAICS,true,7132,71,"Arts, Entertainment, and Recreation"
713210,Casinos (except Casino Hotels),Casinos (except Casino Hotels),National Industry,6,,No change from 2017 NAICS,false,71321,71,"Arts, Entertainment, and Recreation"
71329,Other Gambling Industries,Other Gambling IndustriesT,NAICS Industry,5,,No change from 2017 NAICS,true,7132,71,"Arts, Entertainment, and Recreation"
713290,Other Gambling Industries,Other Gambling Industries,National Industry,6,,No change from 2017 NAICS,false,71329,71,"Arts, Entertainment, and Recreation"
7139,Other Amusement and Recreation Industries,Other Amusement and Recreation IndustriesT,Industry Group,4,,No change from 2017 NAICS,true,713,71,"Arts, Entertainment, and Recreation"
71391,Golf Courses and Country Clubs,Golf Courses and Country ClubsT,NAICS Industry,5,,No change from 2017 NAICS,true,7139,71,"Arts, Entertainment, and Recreation"
713910,Golf Courses and Country Clubs,Golf Courses and Country Clubs,National Industry,6,,No change from 2017 NAICS,false,71391,71,"Arts, Entertainment, and Recreation"
71392,Skiing Facilities,Skiing FacilitiesT,NAICS Industry,5,,No change from 2017 NAICS,true,7139,71,"Arts, Entertainment, and Recreation"
713920,Skiing Facilities,Skiing Facilities,National Industry,6,,No change from 2017 NAICS,false,71392,71,"Arts, Entertainment, and Recreation"
71393,Marinas,MarinasT,NAICS Industry,5,,No change from 2017 NAICS,true,7139,71,"Arts, Entertainment, and Recreation"
713930,Marinas,Marinas,National Industry,6,,No change from 2017 NAICS,false,71393,71,"Arts, Entertainment, and Recreation"
71394,Fitness and Recreational Sports Centers,Fitness and Recreational Sports CentersT,NAICS Industry,5,,No change from 2017 NAICS,true,7139,71,"Arts, Entertainment, and Recreation"
713940,Fitness and Recreational Sports Centers,Fitness and Recreational Sports Centers,National Industry,6,,No change from 2017 NAICS,false,71394,71,"Arts, Entertainment, and Recreation"
71395,Bowling Centers,Bowling CentersT,NAICS Industry,5,,No change from 2017 NAICS,true,7139,71,"Arts, Entertainment, and Recreation"
713950,Bowling Centers,Bowling Centers,National Industry,6,,No change from 2017 NAICS,false,71395,71,"Arts, Entertainment, and Recreation"
71399,All Other Amusement and Recreation Industries,All Other Amusement and Recreation IndustriesT,NAICS Industry,5,,No change from 2017 NAICS,true,7139,71,"Arts, Entertainment, and Recreation"
713990,All Other Amusement and Recreation Industries,All Other Amusement and Recreation Industries,National Industry,6,,No change from 2017 NAICS,false,71399,71,"Arts, Entertainment, and Recreation"
72,Accommodation and Food Services,Accommodation and Food ServicesT,Sector,2,,No change from 2017 NAICS,true,,72,Accommodation and Food Services
721,Accommodation,AccommodationT,Subsector,3,,No change from 2017 NAICS,true,72,72,Accommodation and Food Services
7211,Traveler Accommodation,Traveler AccommodationT,Industry Group,4,,No change from 2017 NAICS,true,721,72,Accommodation and Food Services
72111,Hotels (except Casino Hotels) and Motels,Hotels (except Casino Hotels) and MotelsT,NAICS Industry,5,,No change from 2017 NAICS,true,7211,72,Accommodation and Food Services
721110,Hotels (except Casino Hotels) and Motels,Hotels (except Casino Hotels) and Motels,National Industry,6,,No change from 2017 NAICS,false,72111,72,Accommodation and Food Services
72112,Casino Hotels,Casino HotelsT,NAICS Industry,5,,No change from 2017 NAICS,true,7211,72,Accommodation and Food Services
721120,Casino Hotels,Casino Hotels,National Industry,6,,No change from 2017 NAICS,false,72112,72,Accommodation and Food Services
72119,Other Traveler Accommodation,Other Traveler AccommodationT,NAICS Industry,5,,No change from 2017 NAICS,true,7211,72,Accommodation and Food Services
721191,Bed-and-Breakfast Inns,Bed-and-Breakfast Inns,National Industry,6,,No change from 2017 NAICS,false,72119,72,Accommodation and Food Services
721199,All Other Traveler Accommodation,All Other Traveler Accommodation,National Industry,6,,No change from 2017 NAICS,false,72119,72,Accommodation and Food Services
7212,RV (Recreational Vehicle) Parks and Recreational Camps,RV (Recreational Vehicle) Parks and Recreational CampsT,Industry Group,4,,No change from 2017 NAICS,true,721,72,Accommodation and Food Services
72121,RV (Recreational Vehicle) Parks and Recreational Camps,RV (Recreational Vehicle) Parks and Recreational CampsT,NAICS Industry,5,,No change from 2017 NAICS,true,7212,72,Accommodation and Food Services
721211,RV (Recreational Vehicle) Parks and Campgrounds,RV (Recreational Vehicle) Parks and Campgrounds,National Industry,6,,No change from 2017 NAICS,false,72121,72,Accommodation and Food Services
721214,Recreational and Vacation Camps (except Campgrounds),Recreational and Vacation Camps (except Campgrounds),National Industry,6,,No change from 2017 NAICS,false,72121,72,Accommodation and Food Services
7213,"Rooming and Boarding Houses, Dormitories, and Workers' Camps","Rooming and Boarding Houses, Dormitories, and Workers' CampsT",Industry Group,4,,No change from 2017 NAICS,true,721,72,Accommodation and Food Services
72131,"Rooming and Boarding Houses, Dormitories, and Workers' Camps","Rooming and Boarding Houses, Dormitories, and Workers' CampsT",NAICS Industry,5,,No change from 2017 NAICS,true,7213,72,Accommodation and Food Services
721310,"Rooming and Boarding Houses, Dormitories, and Workers' Camps","Rooming and Boarding Houses, Dormitories, and Workers' Camps",National Industry,6,,No change from 2017 NAICS,false,72131,72,Accommodation and Food Services
722,Food Services and Drinking Places,Food Services and Drinking PlacesT,Subsector,3,,No change from 2017 NAICS,true,72,72,Accommodation and Food Services
7223,Special Food Services,Special Food ServicesT,Industry Group,4,,No change from 2017 NAICS,true,722,72,Accommodation and Food Services
72231,Food Service Contractors,Food Service ContractorsT,NAICS Industry,5,,No change from 2017 NAICS,true,7223,72,Accommodation and Food Services
722310,Food Service Contractors,Food Service Contractors,National Industry,6,,No change from 2017 NAICS,false,72231,72,Accommodation and Food Services
72232,Caterers,CaterersT,NAICS Industry,5,,No change from 2017 NAICS,true,7223,72,Accommodation and Food Services
722320,Caterers,Caterers,National Industry,6,,No change from 2017 NAICS,false,72232,72,Accommodation and Food Services
72233,Mobile Food Services,Mobile Food ServicesT,NAICS Industry,5,,No change from 2017 NAICS,true,7223,72,Accommodation and Food Services
722330,Mobile Food Services,Mobile Food Services,National Industry,6,,No change from 2017 NAICS,false,72233,72,Accommodation and Food Services
7224,Drinking Places (Alcoholic Beverages),Drinking Places (Alcoholic Beverages)T,Industry Group,4,,No change from 2017 NAICS,true,722,72,Accommodation and Food Services
72241,Drinking Places (Alcoholic Beverages),Drinking Places (Alcoholic Beverages)T,NAICS Industry,5,,No change from 2017 NAICS,true,7224,72,Accommodation and Food Services
722410,Drinking Places (Alcoholic Beverages),Drinking Places (Alcoholic Beverages),National Industry,6,,No change from 2017 NAICS,false,72241,72,Accommodation and Food Services
7225,Restaurants and Other Eating Places,Restaurants and Other Eating PlacesT,Industry Group,4,,No change from 2017 NAICS,true,722,72,Accommodation and Food Services
72251,Restaurants and Other Eating Places,Restaurants and Other Eating PlacesT,NAICS Industry,5,,No change from 2017 NAICS,true,7225,72,Accommodation and Food Services
722511,Full-Service Restaurants,Full-Service Restaurants,National Industry,6,,No change from 2017 NAICS,false,72251,72,Accommodation and Food Services
722513,Limited-Service Restaurants,Limited-Service Restaurants,National Industry,6,,No change from 2017 NAICS,false,72251,72,Accommodation and Food Services
722514,"Cafeterias, Grill Buffets, and Buffets","Cafeterias, Grill Buffets, and Buffets",National Industry,6,,No change from 2017 NAICS,false,72251,72,Accommodation and Food Services
722515,Snack and Nonalcoholic Beverage Bars,Snack and Nonalcoholic Beverage Bars,National Industry,6,,No change from 2017 NAICS,false,72251,72,Accommodation and Food Services
81,Other Services (except Public Administration),Other Services (except Public Administration)T,Sector,2,,No change from 2017 NAICS,true,,81,Other Services (except Public Administration)
811,Repair and Maintenance,Repair and MaintenanceT,Subsector,3,,No change from 2017 NAICS,true,81,81,Other Services (except Public Administration)
8111,Automotive Repair and Maintenance,Automotive Repair and MaintenanceT,Industry Group,4,,No change from 2017 NAICS,true,811,81,Other Services (except Public Administration)
81111,Automotive Mechanical and Electrical Repair and Maintenance,Automotive Mechanical and Electrical Repair and MaintenanceT,NAICS Industry,5,,No change from 2017 NAICS,true,8111,81,Other Services (except Public Administration)
811111,General Automotive Repair,General Automotive Repair,National Industry,6,,No change from 2017 NAICS,false,81111,81,Other Services (except Public Administration)
811114,Specialized Automotive Repair,Specialized Automotive Repair,National Industry,6,**,New code for 2022 NAICS,false,81111,81,Other Services (except Public Administration)
81112,"Automotive Body, Paint, Interior, and Glass Repair","Automotive Body, Paint, Interior, and Glass RepairT",NAICS Industry,5,,No change from 2017 NAICS,true,8111,81,Other Services (except Public Administration)
811121,"Automotive Body, Paint, and Interior Repair and Maintenance","Automotive Body, Paint, and Interior Repair and Maintenance",National Industry,6,,No change from 2017 NAICS,false,81112,81,Other Services (except Public Administration)
811122,Automotive Glass Replacement Shops,Automotive Glass Replacement Shops,National Industry,6,,No change from 2017 NAICS,false,81112,81,Other Services (except Public Administration)
81119,Other Automotive Repair and Maintenance,Other Automotive Repair and MaintenanceT,NAICS Industry,5,,No change from 2017 NAICS,true,8111,81,Other Services (except Public Administration)
811191,Automotive Oil Change and Lubrication Shops,Automotive Oil Change and Lubrication Shops,National Industry,6,,No change from 2017 NAICS,false,81119,81,Other Services (except Public Administration)
811192,Car Washes,Car Washes,National Industry,6,,No change from 2017 NAICS,false,81119,81,Other Services (except Public Administration)
811198,All Other Automotive Repair and Maintenance,All Other Automotive Repair and Maintenance,National Industry,6,,No change from 2017 NAICS,false,81119,81,Other Services (except Public Administration)
8112,Electronic and Precision Equipment Repair and Maintenance,Electronic and Precision Equipment Repair and MaintenanceT,Industry Group,4,,No change from 2017 NAICS,true,811,81,Other Services (except Public Administration)
81121,Electronic and Precision Equipment Repair and Maintenance,Electronic and Precision Equipment Repair and MaintenanceT,NAICS Industry,5,,No change from 2017 NAICS,true,8112,81,Other Services (except Public Administration)
811210,Electronic and Precision Equipment Repair and Maintenance,Electronic and Precision Equipment Repair and Maintenance,National Industry,6,**,New code for 2022 NAICS,false,81121,81,Other Services (except Public Administration)
8113,Commercial and Industrial Machinery and Equipment (except Automotive and Electronic) Repair and Maintenance,Commercial and Industrial Machinery and Equipment (except Automotive and Electronic) Repair and MaintenanceT,Industry Group,4,,No change from 2017 NAICS,true,811,81,Other Services (except Public Administration)
81131,Commercial and Industrial Machinery and Equipment (except Automotive and Electronic) Repair and Maintenance,Commercial and Industrial Machinery and Equipment (except Automotive and Electronic) Repair and MaintenanceT,NAICS Industry,5,,No change from 2017 NAICS,true,8113,81,Other Services (except Public Administration)
811310,Commercial and Industrial Machinery and Equipment (except Automotive and Electronic) Repair and Maintenance,Commercial and Industrial Machinery and Equipment (except Automotive and Electronic) Repair and Maintenance,National Industry,6,,No change from 2017 NAICS,false,81131,81,Other Services (except Public Administration)
8114,Personal and Household Goods Repair and Maintenance,Personal and Household Goods Repair and MaintenanceT,Industry Group,4,,No change from 2017 NAICS,true,811,81,Other Services (except Public Administration)
81141,Home and Garden Equipment and Appliance Repair and Maintenance,Home and Garden Equipment and Appliance Repair and MaintenanceT,NAICS Industry,5,,No change from 2017 NAICS,true,8114,81,Other Services (except Public Administration)
811411,Home and Garden Equipment Repair and Maintenance,Home and Garden Equipment Repair and Maintenance,National Industry,6,,No change from 2017 NAICS,false,81141,81,Other Services (except Public Administration)
811412,Appliance Repair and Maintenance,Appliance Repair and Maintenance,National Industry,6,,No change from 2017 NAICS,false,81141,81,Other Services (except Public Administration)
81142,Reupholstery and Furniture Repair,Reupholstery and Furniture RepairT,NAICS Industry,5,,No change from 2017 NAICS,true,8114,81,Other Services (except Public Administration)
811420,Reupholstery and Furniture Repair,Reupholstery and Furniture Repair,National Industry,6,,No change from 2017 NAICS,false,81142,81,Other Services (except Public Administration)
81143,Footwear and Leather Goods Repair,Footwear and Leather Goods RepairT,NAICS Industry,5,,No change from 2017 NAICS,true,8114,81,Other Services (except Public Administration)
811430,Footwear and Leather Goods Repair,Footwear and Leather Goods Repair,National Industry,6,,No change from 2017 NAICS,false,81143,81,Other Services (except Public Administration)
81149,Other Personal and Household Goods Repair and Maintenance,Other Personal and Household Goods Repair and MaintenanceT,NAICS Industry,5,,No change from 2017 NAICS,true,8114,81,Other Services (except Public Administration)
811490,Other Personal and Household Goods Repair and Maintenance,Other Personal and Household Goods Repair and Maintenance,National Industry,6,,No change from 2017 NAICS,false,81149,81,Other Services (except Public Administration)
812,Personal and Laundry Services,Personal and Laundry ServicesT,Subsector,3,,No change from 2017 NAICS,true,81,81,Other Services (except Public Administration)
8121,Personal Care Services,Personal Care Services,Industry Group,4,,No change from 2017 NAICS,false,812,81,Other Services (except Public Administration)
81211,"Hair, Nail, and Skin Care Services","Hair, Nail, and Skin Care Services",NAICS Industry,5,,No change from 2017 NAICS,false,8121,81,Other Services (except Public Administration)
812111,Barber Shops,Barber Shops,National Industry,6,,No change from 2017 NAICS,false,81211,81,Other Services (except Public Administration)
812112,Beauty Salons,Beauty Salons,National Industry,6,,No change from 2017 NAICS,false,81211,81,Other Services (except Public Administration)
812113,Nail Salons,Nail Salons,National Industry,6,,No change from 2017 NAICS,false,81211,81,Other Services (except Public Administration)
81219,Other Personal Care Services,Other Personal Care Services,NAICS Industry,5,,No change from 2017 NAICS,false,8121,81,Other Services (except Public Administration)
812191,Diet and Weight Reducing Centers,Diet and Weight Reducing Centers,National Industry,6,,No change from 2017 NAICS,false,81219,81,Other Services (except Public Administration)
812199,Other Personal Care Services,Other Personal Care Services,National Industry,6,,No change from 2017 NAICS,false,81219,81,Other Services (except Public Administration)
8122,Death Care Services,Death Care Services,Industry Group,4,,No change from 2017 NAICS,false,812,81,Other Services (except Public Administration)
81221,Funeral Homes and Funeral Services,Funeral Homes and Funeral Services,NAICS Industry,5,,No change from 2017 NAICS,false,8122,81,Other Services (except Public Administration)
812210,Funeral Homes and Funeral Services,Funeral Homes and Funeral Services,National Industry,6,,No change from 2017 NAICS,false,81221,81,Other Services (except Public Administration)
81222,Cemeteries and Crematories,Cemeteries and Crematories,NAICS Industry,5,,No change from 2017 NAICS,false,8122,81,Other Services (except Public Administration)
812220,Cemeteries and Crematories,Cemeteries and Crematories,National Industry,6,,No change from 2017 NAICS,false,81222,81,Other Services (except Public Administration)
8123,Drycleaning and Laundry Services,Drycleaning and Laundry Services,Industry Group,4,,No change from 2017 NAICS,false,812,81,Other Services (except Public Administration)
81231,Coin-Operated Laundries and Drycleaners,Coin-Operated Laundries and Drycleaners,NAICS Industry,5,,No change from 2017 NAICS,false,8123,81,Other Services (except Public Administration)
812310,Coin-Operated Laundries and Drycleaners,Coin-Operated Laundries and Drycleaners,National Industry,6,,No change from 2017 NAICS,false,81231,81,Other Services (except Public Administration)
81232,Drycleaning and Laundry Services (except Coin-Operated),Drycleaning and Laundry Services (except Coin-Operated),NAICS Industry,5,,No change from 2017 NAICS,false,8123,81,Other Services (except Public Administration)
812320,Drycleaning and Laundry Services (except Coin-Operated),Drycleaning and Laundry Services (except Coin-Operated),National Industry,6,,No change from 2017 NAICS,false,81232,81,Other Services (except Public Administration)
81233,Linen and Uniform Supply,Linen and Uniform Supply,NAICS Industry,5,,No change from 2017 NAICS,false,8123,81,Other Services (except Public Administration)
812331,Linen Supply,Linen Supply,National Industry,6,,No change from 2017 NAICS,false,81233,81,Other Services (except Public Administration)
812332,Industrial Launderers,Industrial Launderers,National Industry,6,,No change from 2017 NAICS,false,81233,81,Other Services (except Public Administration)
8129,Other Personal Services,Other Personal Services,Industry Group,4,,No change from 2017 NAICS,false,812,81,Other Services (except Public Administration)
81291,Pet Care (except Veterinary) Services,Pet Care (except Veterinary) Services,NAICS Industry,5,,No change from 2017 NAICS,false,8129,81,Other Services (except Public Administration)
812910,Pet Care (except Veterinary) Services,Pet Care (except Veterinary) Services,National Industry,6,,No change from 2017 NAICS,false,81291,81,Other Services (except Public Administration)
81292,Photofinishing,Photofinishing,NAICS Industry,5,,No change from 2017 NAICS,false,8129,81,Other Services (except Public Administration)
812921,Photofinishing Laboratories (except One-Hour),Photofinishing Laboratories (except One-Hour),National Industry,6,,No change from 2017 NAICS,false,81292,81,Other Services (except Public Administration)
812922,One-Hour Photofinishing,One-Hour Photofinishing,National Industry,6,,No change from 2017 NAICS,false,81292,81,Other Services (except Public Administration)
81293,Parking Lots and Garages,Parking Lots and Garages,NAICS Industry,5,,No change from 2017 NAICS,false,8129,81,Other Services (except Public Administration)
812930,Parking Lots and Garages,Parking Lots and Garages,National Industry,6,,No change from 2017 NAICS,false,81293,81,Other Services (except Public Administration)
81299,All Other Personal Services,All Other Personal Services,NAICS Industry,5,,No change from 2017 NAICS,false,8129,81,Other Services (except Public Administration)
812990,All Other Personal Services,All Other Personal Services,National Industry,6,,No change from 2017 NAICS,false,81299,81,Other Services (except Public Administration)
813,"Religious, Grantmaking, Civic, Professional, and Similar Organizations","Religious, Grantmaking, Civic, Professional, and Similar OrganizationsT",Subsector,3,,No change from 2017 NAICS,true,81,81,Other Services (except Public Administration)
8131,Religious Organizations,Religious Organizations,Industry Group,4,,No change from 2017 NAICS,false,813,81,Other Services (except Public Administration)
81311,Religious Organizations,Religious Organizations,NAICS Industry,5,,No change from 2017 NAICS,false,8131,81,Other Services (except Public Administration)
813110,Religious Organizations,Religious Organizations,National Industry,6,,No change from 2017 NAICS,false,81311,81,Other Services (except Public Administration)
8132,Grantmaking and Giving Services,Grantmaking and Giving Services,Industry Group,4,,No change from 2017 NAICS,false,813,81,Other Services (except Public Administration)
81321,Grantmaking and Giving Services,Grantmaking and Giving Services,NAICS Industry,5,,No change from 2017 NAICS,false,8132,81,Other Services (except Public Administration)
813211,Grantmaking Foundations,Grantmaking Foundations,National Industry,6,,No change from 2017 NAICS,false,81321,81,Other Services (except Public Administration)
813212,Voluntary Health Organizations,Voluntary Health Organizations,National Industry,6,,No change from 2017 NAICS,false,81321,81,Other Services (except Public Administration)
813219,Other Grantmaking and Giving Services,Other Grantmaking and Giving Services,National Industry,6,,No change from 2017 NAICS,false,81321,81,Other Services (except Public Administration)
8133,Social Advocacy Organizations,Social Advocacy Organizations,Industry Group,4,,No change from 2017 NAICS,false,813,81,Other Services (except Public Administration)
81331,Social Advocacy Organizations,Social Advocacy Organizations,NAICS Industry,5,,No change from 2017 NAICS,false,8133,81,Other Services (except Public Administration)
813311,Human Rights Organizations,Human Rights Organizations,National Industry,6,,No change from 2017 NAICS,false,81331,81,Other Services (except Public Administration)
813312,"Environment, Conservation and Wildlife Organizations","Environment, Conservation and Wildlife Organizations",National Industry,6,,No change from 2017 NAICS,false,81331,81,Other Services (except Public Administration)
813319,Other Social Advocacy Organizations,Other Social Advocacy Organizations,National Industry,6,,No change from 2017 NAICS,false,81331,81,Other Services (except Public Administration)
8134,Civic and Social Organizations,Civic and Social Organizations,Industry Group,4,,No change from 2017 NAICS,false,813,81,Other Services (except Public Administration)
81341,Civic and Social Organizations,Civic and Social Organizations,NAICS Industry,5,,No change from 2017 NAICS,false,8134,81,Other Services (except Public Administration)
813410,Civic and Social Organizations,Civic and Social Organizations,National Industry,6,,No change from 2017 NAICS,false,81341,81,Other Services (except Public Administration)
8139,"Business, Professional, Labor, Political, and Similar Organizations","Business, Professional, Labor, Political, and Similar Organizations",Industry Group,4,,No change from 2017 NAICS,false,813,81,Other Services (except Public Administration)
81391,Business Associations,Business Associations,NAICS Industry,5,,No change from 2017 NAICS,false,8139,81,Other Services (except Public Administration)
813910,Business Associations,Business Associations,National Industry,6,,No change from 2017 NAICS,false,81391,81,Other Services (except Public Administration)
81392,Professional Organizations,Professional Organizations,NAICS Industry,5,,No change from 2017 NAICS,false,8139,81,Other Services (except Public Administration)
813920,Professional Organizations,Professional Organizations,National Industry,6,,No change from 2017 NAICS,false,81392,81,Other Services (except Public Administration)
81393,Labor Unions and Similar Labor Organizations,Labor Unions and Similar Labor Organizations,NAICS Industry,5,,No change from 2017 NAICS,false,8139,81,Other Services (except Public Administration)
813930,Labor Unions and Similar Labor Organizations,Labor Unions and Similar Labor Organizations,National Industry,6,,No change from 2017 NAICS,false,81393,81,Other Services (except Public Administration)
81394,Political Organizations,Political Organizations,NAICS Industry,5,,No change from 2017 NAICS,false,8139,81,Other Services (except Public Administration)
813940,Political Organizations,Political Organizations,National Industry,6,,No change from 2017 NAICS,false,81394,81,Other Services (except Public Administration)
81399,"Other Similar Organizations (except Business, Professional, Labor, and Political Organizations)","Other Similar Organizations (except Business, Professional, Labor, and Political Organizations)",NAICS Industry,5,,No change from 2017 NAICS,false,8139,81,Other Services (except Public Administration)
813990,"Other Similar Organizations (except Business, Professional, Labor, and Political Organizations)","Other Similar Organizations (except Business, Professional, Labor, and Political Organizations)",National Industry,6,,No change from 2017 NAICS,false,81399,81,Other Services (except Public Administration)
814,Private Households,Private HouseholdsT,Subsector,3,,No change from 2017 NAICS,true,81,81,Other Services (except Public Administration)
8141,Private Households,Private HouseholdsT,Industry Group,4,,No change from 2017 NAICS,true,814,81,Other Services (except Public Administration)
81411,Private Households,Private HouseholdsT,NAICS Industry,5,,No change from 2017 NAICS,true,8141,81,Other Services (except Public Administration)
814110,Private Households,Private Households,National Industry,6,,No change from 2017 NAICS,false,81411,81,Other Services (except Public Administration)
92,Public Administration,Public AdministrationT,Sector,2,,No change from 2017 NAICS,true,,92,Public Administration
921,"Executive, Legislative, and Other General Government Support","Executive, Legislative, and Other General Government Support",Subsector,3,,No change from 2017 NAICS,false,92,92,Public Administration
9211,"Executive, Legislative, and Other General Government Support","Executive, Legislative, and Other General Government Support",Industry Group,4,,No change from 2017 NAICS,false,921,92,Public Administration
92111,Executive Offices,Executive Offices,NAICS Industry,5,,No change from 2017 NAICS,false,9211,92,Public Administration
921110,Executive Offices,Executive Offices,National Industry,6,,No change from 2017 NAICS,false,92111,92,Public Administration
92112,Legislative Bodies,Legislative Bodies,NAICS Industry,5,,No change from 2017 NAICS,false,9211,92,Public Administration
921120,Legislative Bodies,Legislative Bodies,National Industry,6,,No change from 2017 NAICS,false,92112,92,Public Administration
92113,Public Finance Activities,Public Finance Activities,NAICS Industry,5,,No change from 2017 NAICS,false,9211,92,Public Administration
921130,Public Finance Activities,Public Finance Activities,National Industry,6,,No change from 2017 NAICS,false,92113,92,Public Administration
92114,"Executive and Legislative Offices, Combined","Executive and Legislative Offices, Combined",NAICS Industry,5,,No change from 2017 NAICS,false,9211,92,Public Administration
921140,"Executive and Legislative Offices, Combined","Executive and Legislative Offices, Combined",National Industry,6,,No change from 2017 NAICS,false,92114,92,Public Administration
92115,American Indian and Alaska Native Tribal Governments,American Indian and Alaska Native Tribal Governments,NAICS Industry,5,,No change from 2017 NAICS,false,9211,92,Public Administration
921150,American Indian and Alaska Native Tribal Governments,American Indian and Alaska Native Tribal Governments,National Industry,6,,No change from 2017 NAICS,false,92115,92,Public Administration
92119,Other General Government Support,Other General Government Support,NAICS Industry,5,,No change from 2017 NAICS,false,9211,92,Public Administration
921190,Other General Government Support,Other General Government Support,National Industry,6,,No change from 2017 NAICS,false,92119,92,Public Administration
922,"Justice, Public Order, and Safety Activities","Justice, Public Order, and Safety Activities",Subsector,3,,No change from 2017 NAICS,false,92,92,Public Administration
9221,"Justice, Public Order, and Safety Activities","Justice, Public Order, and Safety Activities",Industry Group,4,,No change from 2017 NAICS,false,922,92,Public Administration
92211,Courts,Courts,NAICS Industry,5,,No change from 2017 NAICS,false,9221,92,Public Administration
922110,Courts,Courts,National Industry,6,,No change from 2017 NAICS,false,92211,92,Public Administration
92212,Police Protection,Police Protection,NAICS Industry,5,,No change from 2017 NAICS,false,9221,92,Public Administration
922120,Police Protection,Police Protection,National Industry,6,,No change from 2017 NAICS,false,92212,92,Public Administration
92213,Legal Counsel and Prosecution,Legal Counsel and Prosecution,NAICS Industry,5,,No change from 2017 NAICS,false,9221,92,Public Administration
922130,Legal Counsel and Prosecution,Legal Counsel and Prosecution,National Industry,6,,No change from 2017 NAICS,false,92213,92,Public Administration
92214,Correctional Institutions,Correctional Institutions,NAICS Industry,5,,No change from 2017 NAICS,false,9221,92,Public Administration
922140,Correctional Institutions,Correctional Institutions,National Industry,6,,No change from 2017 NAICS,false,92214,92,Public Administration
92215,Parole Offices and Probation Offices,Parole Offices and Probation Offices,NAICS Industry,5,,No change from 2017 NAICS,false,9221,92,Public Administration
922150,Parole Offices and Probation Offices,Parole Offices and Probation Offices,National Industry,6,,No change from 2017 NAICS,false,92215,92,Public Administration
92216,Fire Protection,Fire Protection,NAICS Industry,5,,No change from 2017 NAICS,false,9221,92,Public Administration
922160,Fire Protection,Fire Protection,National Industry,6,,No change from 2017 NAICS,false,92216,92,Public Administration
92219,"Other Justice, Public Order, and Safety Activities","Other Justice, Public Order, and Safety Activities",NAICS Industry,5,,No change from 2017 NAICS,false,9221,92,Public Administration
922190,"Other Justice, Public Order, and Safety Activities","Other Justice, Public Order, and Safety Activities",National Industry,6,,No change from 2017 NAICS,false,92219,92,Public Administration
923,Administration of Human Resource Programs,Administration of Human Resource Programs,Subsector,3,,No change from 2017 NAICS,false,92,92,Public Administration
9231,Administration of Human Resource Programs,Administration of Human Resource Programs,Industry Group,4,,No change from 2017 NAICS,false,923,92,Public Administration
92311,Administration of Education Programs,Administration of Education Programs,NAICS Industry,5,,No change from 2017 NAICS,false,9231,92,Public Administration
923110,Administration of Education Programs,Administration of Education Programs,National Industry,6,,No change from 2017 NAICS,false,92311,92,Public Administration
92312,Administration of Public Health Programs,Administration of Public Health Programs,NAICS Industry,5,,No change from 2017 NAICS,false,9231,92,Public Administration
923120,Administration of Public Health Programs,Administration of Public Health Programs,National Industry,6,,No change from 2017 NAICS,false,92312,92,Public Administration
92313,"Administration of Human Resource Programs (except Education, Public Health, and Veterans' Affairs Programs)","Administration of Human Resource Programs (except Education, Public Health, and Veterans' Affairs Programs)",NAICS Industry,5,,No change from 2017 NAICS,false,9231,92,Public Administration
923130,"Administration of Human Resource Programs (except Education, Public Health, and Veterans' Affairs Programs)","Administration of Human Resource Programs (except Education, Public Health, and Veterans' Affairs Programs)",National Industry,6,,No change from 2017 NAICS,false,92313,92,Public Administration
92314,Administration of Veterans' Affairs,Administration of Veterans' Affairs,NAICS Industry,5,,No change from 2017 NAICS,false,9231,92,Public Administration
923140,Administration of Veterans' Affairs,Administration of Veterans' Affairs,National Industry,6,,No change from 2017 NAICS,false,92314,92,Public Administration
924,Administration of Environmental Quality Programs,Administration of Environmental Quality Programs,Subsector,3,,No change from 2017 NAICS,false,92,92,Public Administration
9241,Administration of Environmental Quality Programs,Administration of Environmental Quality Programs,Industry Group,4,,No change from 2017 NAICS,false,924,92,Public Administration
92411,Administration of Air and Water Resource and Solid Waste Management Programs,Administration of Air and Water Resource and Solid Waste Management Programs,NAICS Industry,5,,No change from 2017 NAICS,false,9241,92,Public Administration
924110,Administration of Air and Water Resource and Solid Waste Management Programs,Administration of Air and Water Resource and Solid Waste Management Programs,National Industry,6,,No change from 2017 NAICS,false,92411,92,Public Administration
92412,Administration of Conservation Programs,Administration of Conservation Programs,NAICS Industry,5,,No change from 2017 NAICS,false,9241,92,Public Administration
924120,Administration of Conservation Programs,Administration of Conservation Programs,National Industry,6,,No change from 2017 NAICS,false,92412,92,Public Administration
925,"Administration of Housing Programs, Urban Planning, and Community Development","Administration of Housing Programs, Urban Planning, and Community Development",Subsector,3,,No change from 2017 NAICS,false,92,92,Public Administration
9251,"Administration of Housing Programs, Urban Planning, and Community Development","Administration of Housing Programs, Urban Planning, and Community Development",Industry Group,4,,No change from 2017 NAICS,false,925,92,Public Administration
92511,Administration of Housing Programs,Administration of Housing Programs,NAICS Industry,5,,No change from 2017 NAICS,false,9251,92,Public Administration
925110,Administration of Housing Programs,Administration of Housing Programs,National Industry,6,,No change from 2017 NAICS,false,92511,92,Public Administration
92512,Administration of Urban Planning and Community and Rural Development,Administration of Urban Planning and Community and Rural Development,NAICS Industry,5,,No change from 2017 NAICS,false,9251,92,Public Administration
925120,Administration of Urban Planning and Community and Rural Development,Administration of Urban Planning and Community and Rural Development,National Industry,6,,No change from 2017 NAICS,false,92512,92,Public Administration
926,Administration of Economic Programs,Administration of Economic Programs,Subsector,3,,No change from 2017 NAICS,false,92,92,Public Administration
9261,Administration of Economic Programs,Administration of Economic Programs,Industry Group,4,,No change from 2017 NAICS,false,926,92,Public Administration
92611,Administration of General Economic Programs,Administration of General Economic Programs,NAICS Industry,5,,No change from 2017 NAICS,false,9261,92,Public Administration
926110,Administration of General Economic Programs,Administration of General Economic Programs,National Industry,6,,No change from 2017 NAICS,false,92611,92,Public Administration
92612,Regulation and Administration of Transportation Programs,Regulation and Administration of Transportation Programs,NAICS Industry,5,,No change from 2017 NAICS,false,9261,92,Public Administration
926120,Regulation and Administration of Transportation Programs,Regulation and Administration of Transportation Programs,National Industry,6,,No change from 2017 NAICS,false,92612,92,Public Administration
92613,"Regulation and Administration of Communications, Electric, Gas, and Other Utilities","Regulation and Administration of Communications, Electric, Gas, and Other Utilities",NAICS Industry,5,,No change from 2017 NAICS,false,9261,92,Public Administration
926130,"Regulation and Administration of Communications, Electric, Gas, and Other Utilities","Regulation and Administration of Communications, Electric, Gas, and Other Utilities",National Industry,6,,No change from 2017 NAICS,false,92613,92,Public Administration
92614,Regulation of Agricultural Marketing and Commodities,Regulation of Agricultural Marketing and Commodities,NAICS Industry,5,,No change from 2017 NAICS,false,9261,92,Public Administration
926140,Regulation of Agricultural Marketing and Commodities,Regulation of Agricultural Marketing and Commodities,National Industry,6,,No change from 2017 NAICS,false,92614,92,Public Administration
92615,"Regulation, Licensing, and Inspection of Miscellaneous Commercial Sectors","Regulation, Licensing, and Inspection of Miscellaneous Commercial Sectors",NAICS Industry,5,,No change from 2017 NAICS,false,9261,92,Public Administration
926150,"Regulation, Licensing, and Inspection of Miscellaneous Commercial Sectors","Regulation, Licensing, and Inspection of Miscellaneous Commercial Sectors",National Industry,6,,No change from 2017 NAICS,false,92615,92,Public Administration
927,Space Research and Technology,Space Research and Technology,Subsector,3,,No change from 2017 NAICS,false,92,92,Public Administration
9271,Space Research and Technology,Space Research and Technology,Industry Group,4,,No change from 2017 NAICS,false,927,92,Public Administration
92711,Space Research and Technology,Space Research and Technology,NAICS Industry,5,,No change from 2017 NAICS,false,9271,92,Public Administration
927110,Space Research and Technology,Space Research and Technology,National Industry,6,,No change from 2017 NAICS,false,92711,92,Public Administration
928,National Security and International Affairs,National Security and International Affairs,Subsector,3,,No change from 2017 NAICS,false,92,92,Public Administration
9281,National Security and International Affairs,National Security and International Affairs,Industry Group,4,,No change from 2017 NAICS,false,928,92,Public Administration
92811,National Security,National Security,NAICS Industry,5,,No change from 2017 NAICS,false,9281,92,Public Administration
928110,National Security,National Security,National Industry,6,,No change from 2017 NAICS,false,92811,92,Public Administration
92812,International Affairs,International Affairs,NAICS Industry,5,,No change from 2017 NAICS,false,9281,92,Public Administration
928120,International Affairs,International Affairs,National Industry,6,,No change from 2017 NAICS,false,92812,92,Public Administration
