venture_id,capability
484ac493-c394-4ca1-aa18-e514a8844312,api
484ac493-c394-4ca1-aa18-e514a8844312,authentication
484ac493-c394-4ca1-aa18-e514a8844312,database
484ac493-c394-4ca1-aa18-e514a8844312,monitoring
484ac493-c394-4ca1-aa18-e514a8844312,security
a4edc8b5-1635-4e87-85eb-bfcc9e168697,api
a4edc8b5-1635-4e87-85eb-bfcc9e168697,authentication
a4edc8b5-1635-4e87-85eb-bfcc9e168697,database
a4edc8b5-1635-4e87-85eb-bfcc9e168697,monitoring
a4edc8b5-1635-4e87-85eb-bfcc9e168697,payment
a4edc8b5-1635-4e87-85eb-bfcc9e168697,security
65bcab5b-f1b9-425c-963a-674db3c88f2e,api
65bcab5b-f1b9-425c-963a-674db3c88f2e,authentication
65bcab5b-f1b9-425c-963a-674db3c88f2e,database
65bcab5b-f1b9-425c-963a-674db3c88f2e,monitoring
65bcab5b-f1b9-425c-963a-674db3c88f2e,security
a816b258-9f64-471b-98cf-85682d14589b,api
a816b258-9f64-471b-98cf-85682d14589b,authentication
a816b258-9f64-471b-98cf-85682d14589b,database
a816b258-9f64-471b-98cf-85682d14589b,monitoring
a816b258-9f64-471b-98cf-85682d14589b,payment
a816b258-9f64-471b-98cf-85682d14589b,security
8daa80d5-9dc6-4f36-ae07-531d75b141c3,api
8daa80d5-9dc6-4f36-ae07-531d75b141c3,authentication
8daa80d5-9dc6-4f36-ae07-531d75b141c3,dashboard
8daa80d5-9dc6-4f36-ae07-531d75b141c3,database
8daa80d5-9dc6-4f36-ae07-531d75b141c3,portfolio
c3420a69-2d33-48d6-b5bd-eae1021e86e2,api
c3420a69-2d33-48d6-b5bd-eae1021e86e2,authentication
c3420a69-2d33-48d6-b5bd-eae1021e86e2,database
c3420a69-2d33-48d6-b5bd-eae1021e86e2,monitoring
c3420a69-2d33-48d6-b5bd-eae1021e86e2,payment
c3420a69-2d33-48d6-b5bd-eae1021e86e2,security
8d5aaff7-e742-4eca-8bb5-dbe1a84fff26,api
8d5aaff7-e742-4eca-8bb5-dbe1a84fff26,authentication
8d5aaff7-e742-4eca-8bb5-dbe1a84fff26,database
8d5aaff7-e742-4eca-8bb5-dbe1a84fff26,monitoring
8d5aaff7-e742-4eca-8bb5-dbe1a84fff26,payment
8d5aaff7-e742-4eca-8bb5-dbe1a84fff26,security
6864b44d-111b-4f8f-9d86-70c7576ba018,api
6864b44d-111b-4f8f-9d86-70c7576ba018,authentication
6864b44d-111b-4f8f-9d86-70c7576ba018,database
6864b44d-111b-4f8f-9d86-70c7576ba018,monitoring
6864b44d-111b-4f8f-9d86-70c7576ba018,payment
6864b44d-111b-4f8f-9d86-70c7576ba018,security
da7741e1-3e05-4949-9a87-cfdd2d70d256,api
da7741e1-3e05-4949-9a87-cfdd2d70d256,authentication
da7741e1-3e05-4949-9a87-cfdd2d70d256,database
da7741e1-3e05-4949-9a87-cfdd2d70d256,monitoring
da7741e1-3e05-4949-9a87-cfdd2d70d256,payment
da7741e1-3e05-4949-9a87-cfdd2d70d256,security
37827f2a-b6dc-4218-a578-d96cb004b1f0,api
37827f2a-b6dc-4218-a578-d96cb004b1f0,authentication
37827f2a-b6dc-4218-a578-d96cb004b1f0,database
37827f2a-b6dc-4218-a578-d96cb004b1f0,monitoring
37827f2a-b6dc-4218-a578-d96cb004b1f0,payment
37827f2a-b6dc-4218-a578-d96cb004b1f0,security
a12d6916-eb38-49ad-8293-17a68098b94f,api
a12d6916-eb38-49ad-8293-17a68098b94f,authentication
a12d6916-eb38-49ad-8293-17a68098b94f,database
a12d6916-eb38-49ad-8293-17a68098b94f,monitoring
a12d6916-eb38-49ad-8293-17a68098b94f,payment
a12d6916-eb38-49ad-8293-17a68098b94f,security
f2271f17-3ca5-4e9d-9518-bab57abef224,api
f2271f17-3ca5-4e9d-9518-bab57abef224,authentication
f2271f17-3ca5-4e9d-9518-bab57abef224,database
f2271f17-3ca5-4e9d-9518-bab57abef224,monitoring
f2271f17-3ca5-4e9d-9518-bab57abef224,payment
f2271f17-3ca5-4e9d-9518-bab57abef224,security
db540a0b-9916-4c91-b31c-e6390b861032,api
db540a0b-9916-4c91-b31c-e6390b861032,authentication
db540a0b-9916-4c91-b31c-e6390b861032,database
db540a0b-9916-4c91-b31c-e6390b861032,monitoring
db540a0b-9916-4c91-b31c-e6390b861032,payment
db540a0b-9916-4c91-b31c-e6390b861032,security
2456b3b6-1012-4c1c-ace0-0f100383fda2,api
2456b3b6-1012-4c1c-ace0-0f100383fda2,authentication
2456b3b6-1012-4c1c-ace0-0f100383fda2,database
2456b3b6-1012-4c1c-ace0-0f100383fda2,monitoring
2456b3b6-1012-4c1c-ace0-0f100383fda2,payment
2456b3b6-1012-4c1c-ace0-0f100383fda2,security
994cd260-66b9-4291-84bc-98f04cd9a7f1,api
994cd260-66b9-4291-84bc-98f04cd9a7f1,authentication
994cd260-66b9-4291-84bc-98f04cd9a7f1,database
994cd260-66b9-4291-84bc-98f04cd9a7f1,monitoring
994cd260-66b9-4291-84bc-98f04cd9a7f1,payment
994cd260-66b9-4291-84bc-98f04cd9a7f1,security
a2192e41-9b9d-4d1a-8f84-bed3ecd9d653,api
a2192e41-9b9d-4d1a-8f84-bed3ecd9d653,authentication
a2192e41-9b9d-4d1a-8f84-bed3ecd9d653,database
a2192e41-9b9d-4d1a-8f84-bed3ecd9d653,monitoring
a2192e41-9b9d-4d1a-8f84-bed3ecd9d653,payment
a2192e41-9b9d-4d1a-8f84-bed3ecd9d653,security
af84081d-f743-43b4-9871-c257fcfaf870,api
af84081d-f743-43b4-9871-c257fcfaf870,authentication
af84081d-f743-43b4-9871-c257fcfaf870,database
af84081d-f743-43b4-9871-c257fcfaf870,monitoring
af84081d-f743-43b4-9871-c257fcfaf870,payment
af84081d-f743-43b4-9871-c257fcfaf870,security
6364ddf9-5003-46c7-b3ee-06947120b0dc,api
6364ddf9-5003-46c7-b3ee-06947120b0dc,authentication
6364ddf9-5003-46c7-b3ee-06947120b0dc,database
6364ddf9-5003-46c7-b3ee-06947120b0dc,monitoring
6364ddf9-5003-46c7-b3ee-06947120b0dc,payment
6364ddf9-5003-46c7-b3ee-06947120b0dc,security
54e48239-6fe9-4a4c-8559-d10072f4673a,api
54e48239-6fe9-4a4c-8559-d10072f4673a,authentication
54e48239-6fe9-4a4c-8559-d10072f4673a,database
54e48239-6fe9-4a4c-8559-d10072f4673a,monitoring
54e48239-6fe9-4a4c-8559-d10072f4673a,payment
54e48239-6fe9-4a4c-8559-d10072f4673a,security
55c975e3-18d8-4af6-be4c-dc5be06d881d,api
55c975e3-18d8-4af6-be4c-dc5be06d881d,authentication
55c975e3-18d8-4af6-be4c-dc5be06d881d,database
55c975e3-18d8-4af6-be4c-dc5be06d881d,monitoring
55c975e3-18d8-4af6-be4c-dc5be06d881d,payment
55c975e3-18d8-4af6-be4c-dc5be06d881d,security
30a407a5-4af5-42e5-8400-e5df314732e2,api
30a407a5-4af5-42e5-8400-e5df314732e2,authentication
30a407a5-4af5-42e5-8400-e5df314732e2,database
30a407a5-4af5-42e5-8400-e5df314732e2,monitoring
30a407a5-4af5-42e5-8400-e5df314732e2,payment
30a407a5-4af5-42e5-8400-e5df314732e2,security
e0c4a3d9-eebb-40c4-94fc-778c2799ecb8,api
e0c4a3d9-eebb-40c4-94fc-778c2799ecb8,authentication
e0c4a3d9-eebb-40c4-94fc-778c2799ecb8,dashboard
e0c4a3d9-eebb-40c4-94fc-778c2799ecb8,database
e0c4a3d9-eebb-40c4-94fc-778c2799ecb8,portfolio
963b382c-a761-465c-b417-02501d107650,api
963b382c-a761-465c-b417-02501d107650,authentication
963b382c-a761-465c-b417-02501d107650,database
963b382c-a761-465c-b417-02501d107650,monitoring
963b382c-a761-465c-b417-02501d107650,payment
963b382c-a761-465c-b417-02501d107650,security
bdf2e0fb-7dde-478e-a48e-d363192d733c,api
bdf2e0fb-7dde-478e-a48e-d363192d733c,authentication
bdf2e0fb-7dde-478e-a48e-d363192d733c,database
bdf2e0fb-7dde-478e-a48e-d363192d733c,monitoring
bdf2e0fb-7dde-478e-a48e-d363192d733c,payment
bdf2e0fb-7dde-478e-a48e-d363192d733c,security
31814643-600d-495d-8d8e-200317f998bf,api
31814643-600d-495d-8d8e-200317f998bf,authentication
31814643-600d-495d-8d8e-200317f998bf,database
31814643-600d-495d-8d8e-200317f998bf,monitoring
31814643-600d-495d-8d8e-200317f998bf,payment
31814643-600d-495d-8d8e-200317f998bf,security
3ca65cde-afba-402a-a609-514162c04b49,api
3ca65cde-afba-402a-a609-514162c04b49,authentication
3ca65cde-afba-402a-a609-514162c04b49,database
3ca65cde-afba-402a-a609-514162c04b49,monitoring
3ca65cde-afba-402a-a609-514162c04b49,payment
3ca65cde-afba-402a-a609-514162c04b49,security
e8306358-7f14-4b3a-85e2-38c42a2025c5,api
e8306358-7f14-4b3a-85e2-38c42a2025c5,authentication
e8306358-7f14-4b3a-85e2-38c42a2025c5,database
e8306358-7f14-4b3a-85e2-38c42a2025c5,monitoring
e8306358-7f14-4b3a-85e2-38c42a2025c5,payment
e8306358-7f14-4b3a-85e2-38c42a2025c5,security
762cb3e5-3aad-4234-9035-0792b876af01,api
762cb3e5-3aad-4234-9035-0792b876af01,authentication
762cb3e5-3aad-4234-9035-0792b876af01,database
762cb3e5-3aad-4234-9035-0792b876af01,monitoring
762cb3e5-3aad-4234-9035-0792b876af01,payment
762cb3e5-3aad-4234-9035-0792b876af01,security
48078344-8da1-4ee7-8dba-049b8b3e0ec6,api
48078344-8da1-4ee7-8dba-049b8b3e0ec6,authentication
48078344-8da1-4ee7-8dba-049b8b3e0ec6,database
48078344-8da1-4ee7-8dba-049b8b3e0ec6,monitoring
48078344-8da1-4ee7-8dba-049b8b3e0ec6,payment
48078344-8da1-4ee7-8dba-049b8b3e0ec6,security
6a871b02-00ea-42b9-b16d-c14212aa34a3,api
6a871b02-00ea-42b9-b16d-c14212aa34a3,authentication
6a871b02-00ea-42b9-b16d-c14212aa34a3,database
6a871b02-00ea-42b9-b16d-c14212aa34a3,monitoring
6a871b02-00ea-42b9-b16d-c14212aa34a3,payment
6a871b02-00ea-42b9-b16d-c14212aa34a3,security
2d717fcc-a5b1-40db-90c5-0c0c86f2be1e,api
2d717fcc-a5b1-40db-90c5-0c0c86f2be1e,authentication
2d717fcc-a5b1-40db-90c5-0c0c86f2be1e,database
2d717fcc-a5b1-40db-90c5-0c0c86f2be1e,monitoring
2d717fcc-a5b1-40db-90c5-0c0c86f2be1e,payment
2d717fcc-a5b1-40db-90c5-0c0c86f2be1e,security
e0e532a2-b8af-43df-98af-90f00445b67c,api
e0e532a2-b8af-43df-98af-90f00445b67c,authentication
e0e532a2-b8af-43df-98af-90f00445b67c,database
e0e532a2-b8af-43df-98af-90f00445b67c,monitoring
e0e532a2-b8af-43df-98af-90f00445b67c,payment
e0e532a2-b8af-43df-98af-90f00445b67c,security
7e0ee192-1311-497f-9d6a-f6993b5cc251,api
7e0ee192-1311-497f-9d6a-f6993b5cc251,authentication
7e0ee192-1311-497f-9d6a-f6993b5cc251,database
7e0ee192-1311-497f-9d6a-f6993b5cc251,monitoring
7e0ee192-1311-497f-9d6a-f6993b5cc251,payment
7e0ee192-1311-497f-9d6a-f6993b5cc251,security
6ecd4ac6-2f01-42c2-8719-7ed67242746e,api
6ecd4ac6-2f01-42c2-8719-7ed67242746e,authentication
6ecd4ac6-2f01-42c2-8719-7ed67242746e,database
6ecd4ac6-2f01-42c2-8719-7ed67242746e,monitoring
6ecd4ac6-2f01-42c2-8719-7ed67242746e,payment
6ecd4ac6-2f01-42c2-8719-7ed67242746e,security
2b8ec933-7b91-4aa0-b80a-788d979179e1,api
2b8ec933-7b91-4aa0-b80a-788d979179e1,authentication
2b8ec933-7b91-4aa0-b80a-788d979179e1,database
2b8ec933-7b91-4aa0-b80a-788d979179e1,monitoring
2b8ec933-7b91-4aa0-b80a-788d979179e1,payment
2b8ec933-7b91-4aa0-b80a-788d979179e1,security
bb1e8456-d7f0-44fa-a8c3-7fc7cf06363a,api
bb1e8456-d7f0-44fa-a8c3-7fc7cf06363a,authentication
bb1e8456-d7f0-44fa-a8c3-7fc7cf06363a,database
bb1e8456-d7f0-44fa-a8c3-7fc7cf06363a,monitoring
bb1e8456-d7f0-44fa-a8c3-7fc7cf06363a,payment
bb1e8456-d7f0-44fa-a8c3-7fc7cf06363a,security
939878de-81aa-4603-9b28-4492e4d72451,api
939878de-81aa-4603-9b28-4492e4d72451,authentication
939878de-81aa-4603-9b28-4492e4d72451,dashboard
939878de-81aa-4603-9b28-4492e4d72451,database
939878de-81aa-4603-9b28-4492e4d72451,portfolio
9d34bc00-2b52-455c-8be7-a9bf8ed213ef,api
9d34bc00-2b52-455c-8be7-a9bf8ed213ef,authentication
9d34bc00-2b52-455c-8be7-a9bf8ed213ef,dashboard
9d34bc00-2b52-455c-8be7-a9bf8ed213ef,database
9d34bc00-2b52-455c-8be7-a9bf8ed213ef,portfolio
bd6ae181-40ec-439e-8fb2-d2a15abd8927,api
bd6ae181-40ec-439e-8fb2-d2a15abd8927,authentication
bd6ae181-40ec-439e-8fb2-d2a15abd8927,dashboard
bd6ae181-40ec-439e-8fb2-d2a15abd8927,database
bd6ae181-40ec-439e-8fb2-d2a15abd8927,portfolio
19c45bca-ebfb-4dde-8356-5a7fcb406344,api
19c45bca-ebfb-4dde-8356-5a7fcb406344,authentication
19c45bca-ebfb-4dde-8356-5a7fcb406344,dashboard
19c45bca-ebfb-4dde-8356-5a7fcb406344,database
19c45bca-ebfb-4dde-8356-5a7fcb406344,portfolio
9ac4f7e2-560a-4868-9965-bb793789d2c0,api
9ac4f7e2-560a-4868-9965-bb793789d2c0,authentication
9ac4f7e2-560a-4868-9965-bb793789d2c0,dashboard
9ac4f7e2-560a-4868-9965-bb793789d2c0,database
9ac4f7e2-560a-4868-9965-bb793789d2c0,portfolio
952ed8f1-ed82-47a2-8fed-f32c90e21c50,api
952ed8f1-ed82-47a2-8fed-f32c90e21c50,authentication
952ed8f1-ed82-47a2-8fed-f32c90e21c50,dashboard
952ed8f1-ed82-47a2-8fed-f32c90e21c50,database
952ed8f1-ed82-47a2-8fed-f32c90e21c50,portfolio
7eec5582-b7d3-4814-b1e1-763ce7b7dc52,api
7eec5582-b7d3-4814-b1e1-763ce7b7dc52,authentication
7eec5582-b7d3-4814-b1e1-763ce7b7dc52,dashboard
7eec5582-b7d3-4814-b1e1-763ce7b7dc52,database
7eec5582-b7d3-4814-b1e1-763ce7b7dc52,portfolio
3c4a6a4e-aacd-4c85-b842-c01c18d67eed,api
3c4a6a4e-aacd-4c85-b842-c01c18d67eed,authentication
3c4a6a4e-aacd-4c85-b842-c01c18d67eed,dashboard
3c4a6a4e-aacd-4c85-b842-c01c18d67eed,database
3c4a6a4e-aacd-4c85-b842-c01c18d67eed,portfolio
ab88f4c6-bfbe-426a-b5be-9de15cbf26ce,api
ab88f4c6-bfbe-426a-b5be-9de15cbf26ce,authentication
ab88f4c6-bfbe-426a-b5be-9de15cbf26ce,dashboard
ab88f4c6-bfbe-426a-b5be-9de15cbf26ce,database
ab88f4c6-bfbe-426a-b5be-9de15cbf26ce,portfolio
96c2276c-5e6a-45ce-9684-726949515b92,api
96c2276c-5e6a-45ce-9684-726949515b92,authentication
96c2276c-5e6a-45ce-9684-726949515b92,dashboard
96c2276c-5e6a-45ce-9684-726949515b92,database
96c2276c-5e6a-45ce-9684-726949515b92,portfolio
932d609e-11b7-417e-a9da-dc37b7cb457b,api
932d609e-11b7-417e-a9da-dc37b7cb457b,authentication
932d609e-11b7-417e-a9da-dc37b7cb457b,dashboard
932d609e-11b7-417e-a9da-dc37b7cb457b,database
932d609e-11b7-417e-a9da-dc37b7cb457b,portfolio
778f1fff-2438-409b-b285-3c43fd9fad4c,api
778f1fff-2438-409b-b285-3c43fd9fad4c,authentication
778f1fff-2438-409b-b285-3c43fd9fad4c,dashboard
778f1fff-2438-409b-b285-3c43fd9fad4c,database
778f1fff-2438-409b-b285-3c43fd9fad4c,portfolio
5cef7ad7-0af4-4caf-a5b3-437d60d84100,api
5cef7ad7-0af4-4caf-a5b3-437d60d84100,authentication
5cef7ad7-0af4-4caf-a5b3-437d60d84100,dashboard
5cef7ad7-0af4-4caf-a5b3-437d60d84100,database
5cef7ad7-0af4-4caf-a5b3-437d60d84100,portfolio
70c45815-05f9-4c27-8428-719e4639b1fe,api
70c45815-05f9-4c27-8428-719e4639b1fe,authentication
70c45815-05f9-4c27-8428-719e4639b1fe,dashboard
70c45815-05f9-4c27-8428-719e4639b1fe,database
70c45815-05f9-4c27-8428-719e4639b1fe,portfolio
e94b1fc3-1398-4311-92f8-0ef23007110c,api
e94b1fc3-1398-4311-92f8-0ef23007110c,authentication
e94b1fc3-1398-4311-92f8-0ef23007110c,dashboard
e94b1fc3-1398-4311-92f8-0ef23007110c,database
e94b1fc3-1398-4311-92f8-0ef23007110c,portfolio
4872fb01-ff96-431c-9b25-c2a66ad5b763,api
4872fb01-ff96-431c-9b25-c2a66ad5b763,authentication
4872fb01-ff96-431c-9b25-c2a66ad5b763,dashboard
4872fb01-ff96-431c-9b25-c2a66ad5b763,database
4872fb01-ff96-431c-9b25-c2a66ad5b763,portfolio
d3c46e47-edf0-4e0a-bea5-aa03fc979d45,api
d3c46e47-edf0-4e0a-bea5-aa03fc979d45,authentication
d3c46e47-edf0-4e0a-bea5-aa03fc979d45,dashboard
d3c46e47-edf0-4e0a-bea5-aa03fc979d45,database
d3c46e47-edf0-4e0a-bea5-aa03fc979d45,portfolio
8d09481b-71b4-434e-87db-ef902fb4016d,api
8d09481b-71b4-434e-87db-ef902fb4016d,authentication
8d09481b-71b4-434e-87db-ef902fb4016d,dashboard
8d09481b-71b4-434e-87db-ef902fb4016d,database
8d09481b-71b4-434e-87db-ef902fb4016d,portfolio
5723b162-0c6f-4c98-a728-a2fdbbaed952,api
5723b162-0c6f-4c98-a728-a2fdbbaed952,authentication
5723b162-0c6f-4c98-a728-a2fdbbaed952,dashboard
5723b162-0c6f-4c98-a728-a2fdbbaed952,database
5723b162-0c6f-4c98-a728-a2fdbbaed952,portfolio
c86f1f74-1b0c-4298-bcb0-540ee11c30c1,api
c86f1f74-1b0c-4298-bcb0-540ee11c30c1,authentication
c86f1f74-1b0c-4298-bcb0-540ee11c30c1,dashboard
c86f1f74-1b0c-4298-bcb0-540ee11c30c1,database
c86f1f74-1b0c-4298-bcb0-540ee11c30c1,portfolio
91a1d2f1-71dc-4a13-8f6c-923b52090248,api
91a1d2f1-71dc-4a13-8f6c-923b52090248,authentication
91a1d2f1-71dc-4a13-8f6c-923b52090248,dashboard
91a1d2f1-71dc-4a13-8f6c-923b52090248,database
91a1d2f1-71dc-4a13-8f6c-923b52090248,portfolio
5706db7e-a0aa-4216-8a72-6e423d201490,api
5706db7e-a0aa-4216-8a72-6e423d201490,authentication
5706db7e-a0aa-4216-8a72-6e423d201490,dashboard
5706db7e-a0aa-4216-8a72-6e423d201490,database
5706db7e-a0aa-4216-8a72-6e423d201490,portfolio
23ea35ff-8a7e-46ac-b98e-6aebc0201d77,api
23ea35ff-8a7e-46ac-b98e-6aebc0201d77,authentication
23ea35ff-8a7e-46ac-b98e-6aebc0201d77,dashboard
23ea35ff-8a7e-46ac-b98e-6aebc0201d77,database
23ea35ff-8a7e-46ac-b98e-6aebc0201d77,portfolio
4e15bedf-ea71-46db-85b6-db02f9a878cd,api
4e15bedf-ea71-46db-85b6-db02f9a878cd,authentication
4e15bedf-ea71-46db-85b6-db02f9a878cd,dashboard
4e15bedf-ea71-46db-85b6-db02f9a878cd,database
4e15bedf-ea71-46db-85b6-db02f9a878cd,portfolio
d0345ab1-172d-4756-8b40-62f14e3aa180,api
d0345ab1-172d-4756-8b40-62f14e3aa180,authentication
d0345ab1-172d-4756-8b40-62f14e3aa180,dashboard
d0345ab1-172d-4756-8b40-62f14e3aa180,database
d0345ab1-172d-4756-8b40-62f14e3aa180,portfolio
dc861445-1f5e-4506-a1c9-61d3039e13c9,api
dc861445-1f5e-4506-a1c9-61d3039e13c9,authentication
dc861445-1f5e-4506-a1c9-61d3039e13c9,dashboard
dc861445-1f5e-4506-a1c9-61d3039e13c9,database
dc861445-1f5e-4506-a1c9-61d3039e13c9,portfolio
9768ddd8-b027-4369-9ae0-e7550b46d7b1,api
9768ddd8-b027-4369-9ae0-e7550b46d7b1,authentication
9768ddd8-b027-4369-9ae0-e7550b46d7b1,dashboard
9768ddd8-b027-4369-9ae0-e7550b46d7b1,database
9768ddd8-b027-4369-9ae0-e7550b46d7b1,portfolio
5f76f4f1-6910-4407-bdb8-a04b51507952,api
5f76f4f1-6910-4407-bdb8-a04b51507952,authentication
5f76f4f1-6910-4407-bdb8-a04b51507952,dashboard
5f76f4f1-6910-4407-bdb8-a04b51507952,database
5f76f4f1-6910-4407-bdb8-a04b51507952,portfolio
6e163a71-7804-4103-979e-4b2dd53f3486,api
6e163a71-7804-4103-979e-4b2dd53f3486,authentication
6e163a71-7804-4103-979e-4b2dd53f3486,dashboard
6e163a71-7804-4103-979e-4b2dd53f3486,database
6e163a71-7804-4103-979e-4b2dd53f3486,portfolio
bb87cbc7-7f6d-47b9-833d-92b299cc6227,api
bb87cbc7-7f6d-47b9-833d-92b299cc6227,authentication
bb87cbc7-7f6d-47b9-833d-92b299cc6227,dashboard
bb87cbc7-7f6d-47b9-833d-92b299cc6227,database
bb87cbc7-7f6d-47b9-833d-92b299cc6227,portfolio
782c3f1d-0127-464a-b1fa-812c2244f988,api
782c3f1d-0127-464a-b1fa-812c2244f988,authentication
782c3f1d-0127-464a-b1fa-812c2244f988,dashboard
782c3f1d-0127-464a-b1fa-812c2244f988,database
782c3f1d-0127-464a-b1fa-812c2244f988,portfolio
f4d11787-2851-45c9-bfa2-88349762a37d,api
f4d11787-2851-45c9-bfa2-88349762a37d,authentication
f4d11787-2851-45c9-bfa2-88349762a37d,dashboard
f4d11787-2851-45c9-bfa2-88349762a37d,database
f4d11787-2851-45c9-bfa2-88349762a37d,portfolio
f0069c8b-ac87-4578-bbff-6ebbcc8dbff1,api
f0069c8b-ac87-4578-bbff-6ebbcc8dbff1,authentication
f0069c8b-ac87-4578-bbff-6ebbcc8dbff1,dashboard
f0069c8b-ac87-4578-bbff-6ebbcc8dbff1,database
f0069c8b-ac87-4578-bbff-6ebbcc8dbff1,portfolio
2aa052f5-86fa-4b5f-b82c-3803b6fa0658,api
2aa052f5-86fa-4b5f-b82c-3803b6fa0658,authentication
2aa052f5-86fa-4b5f-b82c-3803b6fa0658,dashboard
2aa052f5-86fa-4b5f-b82c-3803b6fa0658,database
2aa052f5-86fa-4b5f-b82c-3803b6fa0658,portfolio
bf5bc673-2cc4-4055-baff-af79944b081b,api
bf5bc673-2cc4-4055-baff-af79944b081b,authentication
bf5bc673-2cc4-4055-baff-af79944b081b,dashboard
bf5bc673-2cc4-4055-baff-af79944b081b,database
bf5bc673-2cc4-4055-baff-af79944b081b,portfolio
85d90fdc-fe1f-44fe-8c2e-289ae62680df,api
85d90fdc-fe1f-44fe-8c2e-289ae62680df,authentication
85d90fdc-fe1f-44fe-8c2e-289ae62680df,dashboard
85d90fdc-fe1f-44fe-8c2e-289ae62680df,database
85d90fdc-fe1f-44fe-8c2e-289ae62680df,portfolio
b3e568d8-94c6-4a2e-8a4e-369ae8599d95,api
b3e568d8-94c6-4a2e-8a4e-369ae8599d95,authentication
b3e568d8-94c6-4a2e-8a4e-369ae8599d95,dashboard
b3e568d8-94c6-4a2e-8a4e-369ae8599d95,database
b3e568d8-94c6-4a2e-8a4e-369ae8599d95,portfolio
4cbc4879-fd8f-49cd-8e56-23650b8685c6,api
4cbc4879-fd8f-49cd-8e56-23650b8685c6,authentication
4cbc4879-fd8f-49cd-8e56-23650b8685c6,dashboard
4cbc4879-fd8f-49cd-8e56-23650b8685c6,database
4cbc4879-fd8f-49cd-8e56-23650b8685c6,portfolio
9a5aa02f-ac60-48bf-a38d-705835685df5,api
9a5aa02f-ac60-48bf-a38d-705835685df5,authentication
9a5aa02f-ac60-48bf-a38d-705835685df5,dashboard
9a5aa02f-ac60-48bf-a38d-705835685df5,database
9a5aa02f-ac60-48bf-a38d-705835685df5,portfolio
2341307d-f417-4696-8f8f-8900eee85251,api
2341307d-f417-4696-8f8f-8900eee85251,authentication
2341307d-f417-4696-8f8f-8900eee85251,dashboard
2341307d-f417-4696-8f8f-8900eee85251,database
2341307d-f417-4696-8f8f-8900eee85251,portfolio
1972105c-4744-4d5f-8ff1-1d5e623dedd4,api
1972105c-4744-4d5f-8ff1-1d5e623dedd4,authentication
1972105c-4744-4d5f-8ff1-1d5e623dedd4,dashboard
1972105c-4744-4d5f-8ff1-1d5e623dedd4,database
1972105c-4744-4d5f-8ff1-1d5e623dedd4,portfolio
b1fa7bc1-4ded-401b-ac28-e5b6378c8c8c,api
b1fa7bc1-4ded-401b-ac28-e5b6378c8c8c,authentication
b1fa7bc1-4ded-401b-ac28-e5b6378c8c8c,dashboard
b1fa7bc1-4ded-401b-ac28-e5b6378c8c8c,database
b1fa7bc1-4ded-401b-ac28-e5b6378c8c8c,portfolio
8f0f0499-a814-429a-b20a-d1411b016a44,api
8f0f0499-a814-429a-b20a-d1411b016a44,authentication
8f0f0499-a814-429a-b20a-d1411b016a44,dashboard
8f0f0499-a814-429a-b20a-d1411b016a44,database
8f0f0499-a814-429a-b20a-d1411b016a44,portfolio
45b36031-545d-4ab0-acac-3aa3db786bcb,api
45b36031-545d-4ab0-acac-3aa3db786bcb,authentication
45b36031-545d-4ab0-acac-3aa3db786bcb,dashboard
45b36031-545d-4ab0-acac-3aa3db786bcb,database
45b36031-545d-4ab0-acac-3aa3db786bcb,portfolio
4b899fec-ce6a-4ada-b6be-d491c765c111,api
4b899fec-ce6a-4ada-b6be-d491c765c111,authentication
4b899fec-ce6a-4ada-b6be-d491c765c111,dashboard
4b899fec-ce6a-4ada-b6be-d491c765c111,database
4b899fec-ce6a-4ada-b6be-d491c765c111,portfolio
ef0b2fc8-daa6-408a-9f95-40059e9c64b7,api
ef0b2fc8-daa6-408a-9f95-40059e9c64b7,authentication
ef0b2fc8-daa6-408a-9f95-40059e9c64b7,dashboard
ef0b2fc8-daa6-408a-9f95-40059e9c64b7,database
ef0b2fc8-daa6-408a-9f95-40059e9c64b7,portfolio
f31db2ef-f6bc-441f-8fe8-f24f307a1612,api
f31db2ef-f6bc-441f-8fe8-f24f307a1612,authentication
f31db2ef-f6bc-441f-8fe8-f24f307a1612,dashboard
f31db2ef-f6bc-441f-8fe8-f24f307a1612,database
f31db2ef-f6bc-441f-8fe8-f24f307a1612,portfolio
f0f53215-f3d0-405a-9fae-7100d4bc4a29,api
f0f53215-f3d0-405a-9fae-7100d4bc4a29,authentication
f0f53215-f3d0-405a-9fae-7100d4bc4a29,dashboard
f0f53215-f3d0-405a-9fae-7100d4bc4a29,database
f0f53215-f3d0-405a-9fae-7100d4bc4a29,portfolio
69cafbde-7fc1-4870-b3e6-3e5d4149db1c,api
69cafbde-7fc1-4870-b3e6-3e5d4149db1c,authentication
69cafbde-7fc1-4870-b3e6-3e5d4149db1c,dashboard
69cafbde-7fc1-4870-b3e6-3e5d4149db1c,database
69cafbde-7fc1-4870-b3e6-3e5d4149db1c,portfolio
3f137e95-1a79-4be9-9f29-255b45ba89fc,api
3f137e95-1a79-4be9-9f29-255b45ba89fc,authentication
3f137e95-1a79-4be9-9f29-255b45ba89fc,dashboard
3f137e95-1a79-4be9-9f29-255b45ba89fc,database
3f137e95-1a79-4be9-9f29-255b45ba89fc,portfolio
7ddb1d25-8677-41dd-af5c-2e3081519676,api
7ddb1d25-8677-41dd-af5c-2e3081519676,authentication
7ddb1d25-8677-41dd-af5c-2e3081519676,dashboard
7ddb1d25-8677-41dd-af5c-2e3081519676,database
7ddb1d25-8677-41dd-af5c-2e3081519676,monitoring
aae4bb91-f8c0-4971-9733-f3bf13827125,api
aae4bb91-f8c0-4971-9733-f3bf13827125,authentication
aae4bb91-f8c0-4971-9733-f3bf13827125,dashboard
aae4bb91-f8c0-4971-9733-f3bf13827125,database
aae4bb91-f8c0-4971-9733-f3bf13827125,monitoring
54310d28-55be-453f-ba14-c1fa7123c0fc,api
54310d28-55be-453f-ba14-c1fa7123c0fc,authentication
54310d28-55be-453f-ba14-c1fa7123c0fc,dashboard
54310d28-55be-453f-ba14-c1fa7123c0fc,database
54310d28-55be-453f-ba14-c1fa7123c0fc,monitoring
27843a05-3600-4e58-b7e7-a3fa98833782,api
27843a05-3600-4e58-b7e7-a3fa98833782,authentication
27843a05-3600-4e58-b7e7-a3fa98833782,dashboard
27843a05-3600-4e58-b7e7-a3fa98833782,database
27843a05-3600-4e58-b7e7-a3fa98833782,monitoring
fbcf2c5c-e26a-4eec-bb6d-f08c69775135,api
fbcf2c5c-e26a-4eec-bb6d-f08c69775135,authentication
fbcf2c5c-e26a-4eec-bb6d-f08c69775135,dashboard
fbcf2c5c-e26a-4eec-bb6d-f08c69775135,database
fbcf2c5c-e26a-4eec-bb6d-f08c69775135,monitoring
42bdbd59-4767-49d3-8fa8-ee850440658a,api
42bdbd59-4767-49d3-8fa8-ee850440658a,authentication
42bdbd59-4767-49d3-8fa8-ee850440658a,dashboard
42bdbd59-4767-49d3-8fa8-ee850440658a,database
42bdbd59-4767-49d3-8fa8-ee850440658a,monitoring
2afc29cb-4bb8-4f85-8a1d-d5e79f2124d5,api
2afc29cb-4bb8-4f85-8a1d-d5e79f2124d5,authentication
2afc29cb-4bb8-4f85-8a1d-d5e79f2124d5,dashboard
2afc29cb-4bb8-4f85-8a1d-d5e79f2124d5,database
2afc29cb-4bb8-4f85-8a1d-d5e79f2124d5,monitoring
318bd735-f2da-4275-b07f-1c48f67c84a4,api
318bd735-f2da-4275-b07f-1c48f67c84a4,authentication
318bd735-f2da-4275-b07f-1c48f67c84a4,dashboard
318bd735-f2da-4275-b07f-1c48f67c84a4,database
318bd735-f2da-4275-b07f-1c48f67c84a4,monitoring
2910ebdd-594e-436d-8775-fa972b17b13f,api
2910ebdd-594e-436d-8775-fa972b17b13f,authentication
2910ebdd-594e-436d-8775-fa972b17b13f,dashboard
2910ebdd-594e-436d-8775-fa972b17b13f,database
2910ebdd-594e-436d-8775-fa972b17b13f,monitoring
b1dfcf0b-77fe-4738-b2b3-46086996c73a,api
b1dfcf0b-77fe-4738-b2b3-46086996c73a,authentication
b1dfcf0b-77fe-4738-b2b3-46086996c73a,dashboard
b1dfcf0b-77fe-4738-b2b3-46086996c73a,database
b1dfcf0b-77fe-4738-b2b3-46086996c73a,monitoring
3fa42e76-1929-4fc0-bc7c-1cff095ca744,api
3fa42e76-1929-4fc0-bc7c-1cff095ca744,authentication
3fa42e76-1929-4fc0-bc7c-1cff095ca744,dashboard
3fa42e76-1929-4fc0-bc7c-1cff095ca744,database
3fa42e76-1929-4fc0-bc7c-1cff095ca744,monitoring
8da89383-4c18-4f89-b971-7be9634a59d4,api
8da89383-4c18-4f89-b971-7be9634a59d4,authentication
8da89383-4c18-4f89-b971-7be9634a59d4,dashboard
8da89383-4c18-4f89-b971-7be9634a59d4,database
8da89383-4c18-4f89-b971-7be9634a59d4,monitoring
bbc87e7b-3c1e-4943-8e72-baa206252462,api
bbc87e7b-3c1e-4943-8e72-baa206252462,authentication
bbc87e7b-3c1e-4943-8e72-baa206252462,dashboard
bbc87e7b-3c1e-4943-8e72-baa206252462,database
bbc87e7b-3c1e-4943-8e72-baa206252462,monitoring
e77dfaa6-4c0c-405a-80d7-900ee4315000,api
e77dfaa6-4c0c-405a-80d7-900ee4315000,authentication
e77dfaa6-4c0c-405a-80d7-900ee4315000,dashboard
e77dfaa6-4c0c-405a-80d7-900ee4315000,database
e77dfaa6-4c0c-405a-80d7-900ee4315000,monitoring
33c71527-b0d1-4e2b-b3f8-c0e556c5e0de,api
33c71527-b0d1-4e2b-b3f8-c0e556c5e0de,authentication
33c71527-b0d1-4e2b-b3f8-c0e556c5e0de,dashboard
33c71527-b0d1-4e2b-b3f8-c0e556c5e0de,database
33c71527-b0d1-4e2b-b3f8-c0e556c5e0de,monitoring
5dd71714-9d13-4391-bc0f-e3a5be51968b,api
5dd71714-9d13-4391-bc0f-e3a5be51968b,authentication
5dd71714-9d13-4391-bc0f-e3a5be51968b,dashboard
5dd71714-9d13-4391-bc0f-e3a5be51968b,database
5dd71714-9d13-4391-bc0f-e3a5be51968b,monitoring
e7db8a0f-4a0f-4c17-b2ba-1aa5a3f14cfd,api
e7db8a0f-4a0f-4c17-b2ba-1aa5a3f14cfd,authentication
e7db8a0f-4a0f-4c17-b2ba-1aa5a3f14cfd,dashboard
e7db8a0f-4a0f-4c17-b2ba-1aa5a3f14cfd,database
e7db8a0f-4a0f-4c17-b2ba-1aa5a3f14cfd,monitoring
c7e0bd76-25c3-4a34-814e-9cdce4ba6809,api
c7e0bd76-25c3-4a34-814e-9cdce4ba6809,authentication
c7e0bd76-25c3-4a34-814e-9cdce4ba6809,dashboard
c7e0bd76-25c3-4a34-814e-9cdce4ba6809,database
c7e0bd76-25c3-4a34-814e-9cdce4ba6809,monitoring
c28ad252-086b-4da9-ae2f-7a4421a005b3,api
c28ad252-086b-4da9-ae2f-7a4421a005b3,authentication
c28ad252-086b-4da9-ae2f-7a4421a005b3,dashboard
c28ad252-086b-4da9-ae2f-7a4421a005b3,database
c28ad252-086b-4da9-ae2f-7a4421a005b3,monitoring
59028581-6f24-4c4c-88f1-2e9efaf6b737,api
59028581-6f24-4c4c-88f1-2e9efaf6b737,authentication
59028581-6f24-4c4c-88f1-2e9efaf6b737,dashboard
59028581-6f24-4c4c-88f1-2e9efaf6b737,database
59028581-6f24-4c4c-88f1-2e9efaf6b737,monitoring
607c9d4b-724a-4ebb-960a-b78ed76de826,api
607c9d4b-724a-4ebb-960a-b78ed76de826,authentication
607c9d4b-724a-4ebb-960a-b78ed76de826,dashboard
607c9d4b-724a-4ebb-960a-b78ed76de826,database
607c9d4b-724a-4ebb-960a-b78ed76de826,monitoring
cf47fab6-7fc9-48dc-b9fc-45dd838454da,api
cf47fab6-7fc9-48dc-b9fc-45dd838454da,authentication
cf47fab6-7fc9-48dc-b9fc-45dd838454da,dashboard
cf47fab6-7fc9-48dc-b9fc-45dd838454da,database
cf47fab6-7fc9-48dc-b9fc-45dd838454da,monitoring
e515e6cd-a5a9-453d-80c6-fc11c9b7a602,api
e515e6cd-a5a9-453d-80c6-fc11c9b7a602,authentication
e515e6cd-a5a9-453d-80c6-fc11c9b7a602,dashboard
e515e6cd-a5a9-453d-80c6-fc11c9b7a602,database
e515e6cd-a5a9-453d-80c6-fc11c9b7a602,portfolio
e6ccb583-55bf-43c4-854b-6dfb0b196fca,api
e6ccb583-55bf-43c4-854b-6dfb0b196fca,authentication
e6ccb583-55bf-43c4-854b-6dfb0b196fca,dashboard
e6ccb583-55bf-43c4-854b-6dfb0b196fca,database
e6ccb583-55bf-43c4-854b-6dfb0b196fca,portfolio
7c528bb7-3515-479f-9928-de0dbdd423c2,api
7c528bb7-3515-479f-9928-de0dbdd423c2,authentication
7c528bb7-3515-479f-9928-de0dbdd423c2,dashboard
7c528bb7-3515-479f-9928-de0dbdd423c2,database
7c528bb7-3515-479f-9928-de0dbdd423c2,portfolio
7ebbb0c4-8720-45ad-948d-4e0e06dd34d6,api
7ebbb0c4-8720-45ad-948d-4e0e06dd34d6,authentication
7ebbb0c4-8720-45ad-948d-4e0e06dd34d6,database
7ebbb0c4-8720-45ad-948d-4e0e06dd34d6,monitoring
7ebbb0c4-8720-45ad-948d-4e0e06dd34d6,security
39596661-535e-4f2a-8dda-27d1a00d11c1,api
39596661-535e-4f2a-8dda-27d1a00d11c1,authentication
39596661-535e-4f2a-8dda-27d1a00d11c1,database
39596661-535e-4f2a-8dda-27d1a00d11c1,monitoring
39596661-535e-4f2a-8dda-27d1a00d11c1,security
efa5c705-5afa-45c0-a27c-94c4e1f966ba,api
efa5c705-5afa-45c0-a27c-94c4e1f966ba,authentication
efa5c705-5afa-45c0-a27c-94c4e1f966ba,database
efa5c705-5afa-45c0-a27c-94c4e1f966ba,monitoring
efa5c705-5afa-45c0-a27c-94c4e1f966ba,security
75a5ac21-7939-4c50-98e1-9e4cef26c5db,api
75a5ac21-7939-4c50-98e1-9e4cef26c5db,authentication
75a5ac21-7939-4c50-98e1-9e4cef26c5db,database
75a5ac21-7939-4c50-98e1-9e4cef26c5db,monitoring
75a5ac21-7939-4c50-98e1-9e4cef26c5db,security
fe66b03d-776e-4c47-9088-f2cca0c530da,api
fe66b03d-776e-4c47-9088-f2cca0c530da,authentication
fe66b03d-776e-4c47-9088-f2cca0c530da,database
fe66b03d-776e-4c47-9088-f2cca0c530da,monitoring
fe66b03d-776e-4c47-9088-f2cca0c530da,security
a5d1b865-4907-4660-b8f5-de7a837c1e13,api
a5d1b865-4907-4660-b8f5-de7a837c1e13,authentication
a5d1b865-4907-4660-b8f5-de7a837c1e13,database
a5d1b865-4907-4660-b8f5-de7a837c1e13,monitoring
a5d1b865-4907-4660-b8f5-de7a837c1e13,security
9f124150-2361-4a56-9b65-25bf157df311,api
9f124150-2361-4a56-9b65-25bf157df311,authentication
9f124150-2361-4a56-9b65-25bf157df311,database
9f124150-2361-4a56-9b65-25bf157df311,monitoring
9f124150-2361-4a56-9b65-25bf157df311,security
d4520ce3-e9b3-4d97-ab36-beebe074938a,api
d4520ce3-e9b3-4d97-ab36-beebe074938a,authentication
d4520ce3-e9b3-4d97-ab36-beebe074938a,database
d4520ce3-e9b3-4d97-ab36-beebe074938a,monitoring
d4520ce3-e9b3-4d97-ab36-beebe074938a,security
1a613d71-cdf4-44de-bc9f-91c0d8f9284c,api
1a613d71-cdf4-44de-bc9f-91c0d8f9284c,authentication
1a613d71-cdf4-44de-bc9f-91c0d8f9284c,database
1a613d71-cdf4-44de-bc9f-91c0d8f9284c,monitoring
1a613d71-cdf4-44de-bc9f-91c0d8f9284c,security
6d13bcce-e856-4085-b615-aa4b639ea9cb,api
6d13bcce-e856-4085-b615-aa4b639ea9cb,authentication
6d13bcce-e856-4085-b615-aa4b639ea9cb,database
6d13bcce-e856-4085-b615-aa4b639ea9cb,monitoring
6d13bcce-e856-4085-b615-aa4b639ea9cb,security
910045da-ac4a-4fa3-8041-15eec3658674,api
910045da-ac4a-4fa3-8041-15eec3658674,authentication
910045da-ac4a-4fa3-8041-15eec3658674,database
910045da-ac4a-4fa3-8041-15eec3658674,monitoring
910045da-ac4a-4fa3-8041-15eec3658674,security
9778724e-b6e5-44ec-8aa6-e21712907a75,api
9778724e-b6e5-44ec-8aa6-e21712907a75,authentication
9778724e-b6e5-44ec-8aa6-e21712907a75,dashboard
9778724e-b6e5-44ec-8aa6-e21712907a75,database
9778724e-b6e5-44ec-8aa6-e21712907a75,portfolio
ba7d6e14-d315-4a40-8147-df365b2ebecf,api
ba7d6e14-d315-4a40-8147-df365b2ebecf,authentication
ba7d6e14-d315-4a40-8147-df365b2ebecf,dashboard
ba7d6e14-d315-4a40-8147-df365b2ebecf,database
ba7d6e14-d315-4a40-8147-df365b2ebecf,portfolio
1f79d4d9-0ae0-4d61-9229-bf119ef3e3a9,api
1f79d4d9-0ae0-4d61-9229-bf119ef3e3a9,authentication
1f79d4d9-0ae0-4d61-9229-bf119ef3e3a9,dashboard
1f79d4d9-0ae0-4d61-9229-bf119ef3e3a9,database
1f79d4d9-0ae0-4d61-9229-bf119ef3e3a9,portfolio
8d079de0-f036-42a7-b886-62602bc23760,api
8d079de0-f036-42a7-b886-62602bc23760,authentication
8d079de0-f036-42a7-b886-62602bc23760,dashboard
8d079de0-f036-42a7-b886-62602bc23760,database
8d079de0-f036-42a7-b886-62602bc23760,portfolio
efe6aa1a-59e0-47a7-91da-710cb64d17a3,api
efe6aa1a-59e0-47a7-91da-710cb64d17a3,authentication
efe6aa1a-59e0-47a7-91da-710cb64d17a3,dashboard
efe6aa1a-59e0-47a7-91da-710cb64d17a3,database
efe6aa1a-59e0-47a7-91da-710cb64d17a3,portfolio
48f21b48-6f8e-4e07-9469-3d7dc790c5a4,api
48f21b48-6f8e-4e07-9469-3d7dc790c5a4,authentication
48f21b48-6f8e-4e07-9469-3d7dc790c5a4,dashboard
48f21b48-6f8e-4e07-9469-3d7dc790c5a4,database
48f21b48-6f8e-4e07-9469-3d7dc790c5a4,portfolio
ca869877-a5bd-4565-a4eb-ffc45ceffdd3,api
ca869877-a5bd-4565-a4eb-ffc45ceffdd3,authentication
ca869877-a5bd-4565-a4eb-ffc45ceffdd3,database
ca869877-a5bd-4565-a4eb-ffc45ceffdd3,monitoring
ca869877-a5bd-4565-a4eb-ffc45ceffdd3,security
592cbb78-a528-4de6-82bd-cf1ddbefe51b,api
592cbb78-a528-4de6-82bd-cf1ddbefe51b,authentication
592cbb78-a528-4de6-82bd-cf1ddbefe51b,database
592cbb78-a528-4de6-82bd-cf1ddbefe51b,monitoring
592cbb78-a528-4de6-82bd-cf1ddbefe51b,security
222e6e87-7845-44af-971e-3b43b8691ec9,api
222e6e87-7845-44af-971e-3b43b8691ec9,authentication
222e6e87-7845-44af-971e-3b43b8691ec9,database
222e6e87-7845-44af-971e-3b43b8691ec9,monitoring
222e6e87-7845-44af-971e-3b43b8691ec9,security
c1d528d4-8bfd-4660-9fb7-d835fe2daa36,api
c1d528d4-8bfd-4660-9fb7-d835fe2daa36,authentication
c1d528d4-8bfd-4660-9fb7-d835fe2daa36,database
c1d528d4-8bfd-4660-9fb7-d835fe2daa36,monitoring
c1d528d4-8bfd-4660-9fb7-d835fe2daa36,security
3e9a6484-ddf8-4282-996b-b6e458e9b39c,api
3e9a6484-ddf8-4282-996b-b6e458e9b39c,authentication
3e9a6484-ddf8-4282-996b-b6e458e9b39c,database
3e9a6484-ddf8-4282-996b-b6e458e9b39c,monitoring
3e9a6484-ddf8-4282-996b-b6e458e9b39c,security
63805485-2e71-4db8-ad26-c08b6b4835e1,api
63805485-2e71-4db8-ad26-c08b6b4835e1,authentication
63805485-2e71-4db8-ad26-c08b6b4835e1,database
63805485-2e71-4db8-ad26-c08b6b4835e1,monitoring
63805485-2e71-4db8-ad26-c08b6b4835e1,security
344b87d3-150c-422f-9fab-21632cf5f464,api
344b87d3-150c-422f-9fab-21632cf5f464,authentication
344b87d3-150c-422f-9fab-21632cf5f464,dashboard
344b87d3-150c-422f-9fab-21632cf5f464,database
344b87d3-150c-422f-9fab-21632cf5f464,portfolio
a7e6761c-cc73-46ca-b4d1-3b1ab1aa2bb6,api
a7e6761c-cc73-46ca-b4d1-3b1ab1aa2bb6,authentication
a7e6761c-cc73-46ca-b4d1-3b1ab1aa2bb6,dashboard
a7e6761c-cc73-46ca-b4d1-3b1ab1aa2bb6,database
a7e6761c-cc73-46ca-b4d1-3b1ab1aa2bb6,portfolio
87003939-3647-4fb8-b810-5576913b0fb5,api
87003939-3647-4fb8-b810-5576913b0fb5,authentication
87003939-3647-4fb8-b810-5576913b0fb5,dashboard
87003939-3647-4fb8-b810-5576913b0fb5,database
87003939-3647-4fb8-b810-5576913b0fb5,portfolio
e316145d-57ff-420a-93da-56a34b0921cd,api
e316145d-57ff-420a-93da-56a34b0921cd,authentication
e316145d-57ff-420a-93da-56a34b0921cd,database
e316145d-57ff-420a-93da-56a34b0921cd,monitoring
e316145d-57ff-420a-93da-56a34b0921cd,security
39bb131f-998c-4345-9905-8aebe1e526b9,api
39bb131f-998c-4345-9905-8aebe1e526b9,authentication
39bb131f-998c-4345-9905-8aebe1e526b9,database
39bb131f-998c-4345-9905-8aebe1e526b9,monitoring
39bb131f-998c-4345-9905-8aebe1e526b9,security
1fa228ed-bb8b-4a8f-b019-29f445e2983e,api
1fa228ed-bb8b-4a8f-b019-29f445e2983e,authentication
1fa228ed-bb8b-4a8f-b019-29f445e2983e,database
1fa228ed-bb8b-4a8f-b019-29f445e2983e,monitoring
1fa228ed-bb8b-4a8f-b019-29f445e2983e,security
1af98735-4007-4473-845b-83800d820bdd,api
1af98735-4007-4473-845b-83800d820bdd,authentication
1af98735-4007-4473-845b-83800d820bdd,database
1af98735-4007-4473-845b-83800d820bdd,monitoring
1af98735-4007-4473-845b-83800d820bdd,security
6228a196-53c1-4798-a226-a9a98bc987e7,api
6228a196-53c1-4798-a226-a9a98bc987e7,authentication
6228a196-53c1-4798-a226-a9a98bc987e7,database
6228a196-53c1-4798-a226-a9a98bc987e7,monitoring
6228a196-53c1-4798-a226-a9a98bc987e7,security
e2099922-c03e-463e-8b72-744a4fbf93db,api
e2099922-c03e-463e-8b72-744a4fbf93db,authentication
e2099922-c03e-463e-8b72-744a4fbf93db,database
e2099922-c03e-463e-8b72-744a4fbf93db,monitoring
e2099922-c03e-463e-8b72-744a4fbf93db,security
36ee7c26-d6b6-47ff-a68c-105df6e12149,api
36ee7c26-d6b6-47ff-a68c-105df6e12149,authentication
36ee7c26-d6b6-47ff-a68c-105df6e12149,database
36ee7c26-d6b6-47ff-a68c-105df6e12149,monitoring
36ee7c26-d6b6-47ff-a68c-105df6e12149,security
d93dd5eb-9f10-44aa-a99d-d4eb44a83acc,api
d93dd5eb-9f10-44aa-a99d-d4eb44a83acc,authentication
d93dd5eb-9f10-44aa-a99d-d4eb44a83acc,dashboard
d93dd5eb-9f10-44aa-a99d-d4eb44a83acc,database
d93dd5eb-9f10-44aa-a99d-d4eb44a83acc,monitoring
2c23bb1e-c24d-44fd-8acd-fe8b79856c0d,api
2c23bb1e-c24d-44fd-8acd-fe8b79856c0d,authentication
2c23bb1e-c24d-44fd-8acd-fe8b79856c0d,dashboard
2c23bb1e-c24d-44fd-8acd-fe8b79856c0d,database
2c23bb1e-c24d-44fd-8acd-fe8b79856c0d,workspace
8be57f27-71d3-48bc-b6d9-f5749a6b91a7,api
8be57f27-71d3-48bc-b6d9-f5749a6b91a7,authentication
8be57f27-71d3-48bc-b6d9-f5749a6b91a7,dashboard
8be57f27-71d3-48bc-b6d9-f5749a6b91a7,database
8be57f27-71d3-48bc-b6d9-f5749a6b91a7,workspace
1705ea92-cfb4-4491-9398-9eb0cb750c32,api
1705ea92-cfb4-4491-9398-9eb0cb750c32,authentication
1705ea92-cfb4-4491-9398-9eb0cb750c32,dashboard
1705ea92-cfb4-4491-9398-9eb0cb750c32,database
1705ea92-cfb4-4491-9398-9eb0cb750c32,workspace
7a6ea56f-3e04-4fc5-bf24-e12f4a4cee49,api
7a6ea56f-3e04-4fc5-bf24-e12f4a4cee49,authentication
7a6ea56f-3e04-4fc5-bf24-e12f4a4cee49,dashboard
7a6ea56f-3e04-4fc5-bf24-e12f4a4cee49,database
7a6ea56f-3e04-4fc5-bf24-e12f4a4cee49,workspace
18473bcf-98a9-48bb-93c9-1e22b475458a,api
18473bcf-98a9-48bb-93c9-1e22b475458a,authentication
18473bcf-98a9-48bb-93c9-1e22b475458a,dashboard
18473bcf-98a9-48bb-93c9-1e22b475458a,database
18473bcf-98a9-48bb-93c9-1e22b475458a,workspace
70623f59-4cac-43da-86d5-c73a378e3717,api
70623f59-4cac-43da-86d5-c73a378e3717,authentication
70623f59-4cac-43da-86d5-c73a378e3717,dashboard
70623f59-4cac-43da-86d5-c73a378e3717,database
70623f59-4cac-43da-86d5-c73a378e3717,workspace
34bef434-d5d2-4dab-b6f4-594fa069d2cc,api
34bef434-d5d2-4dab-b6f4-594fa069d2cc,authentication
34bef434-d5d2-4dab-b6f4-594fa069d2cc,dashboard
34bef434-d5d2-4dab-b6f4-594fa069d2cc,database
34bef434-d5d2-4dab-b6f4-594fa069d2cc,portfolio
dbfe774d-fa2a-4692-b246-68099c88b85c,api
dbfe774d-fa2a-4692-b246-68099c88b85c,authentication
dbfe774d-fa2a-4692-b246-68099c88b85c,dashboard
dbfe774d-fa2a-4692-b246-68099c88b85c,database
dbfe774d-fa2a-4692-b246-68099c88b85c,portfolio
66f336ca-ac2d-4566-b711-7d8ee8d2e0df,api
66f336ca-ac2d-4566-b711-7d8ee8d2e0df,authentication
66f336ca-ac2d-4566-b711-7d8ee8d2e0df,dashboard
66f336ca-ac2d-4566-b711-7d8ee8d2e0df,database
66f336ca-ac2d-4566-b711-7d8ee8d2e0df,portfolio
c9ef5321-03f9-4c9e-8c92-c3fbaf73e773,api
c9ef5321-03f9-4c9e-8c92-c3fbaf73e773,authentication
c9ef5321-03f9-4c9e-8c92-c3fbaf73e773,dashboard
c9ef5321-03f9-4c9e-8c92-c3fbaf73e773,database
c9ef5321-03f9-4c9e-8c92-c3fbaf73e773,portfolio
7b38feca-5ac6-4526-9d3f-b7f4edc8e0aa,api
7b38feca-5ac6-4526-9d3f-b7f4edc8e0aa,authentication
7b38feca-5ac6-4526-9d3f-b7f4edc8e0aa,dashboard
7b38feca-5ac6-4526-9d3f-b7f4edc8e0aa,database
7b38feca-5ac6-4526-9d3f-b7f4edc8e0aa,workspace
8918a500-82d8-4a29-bd4a-469f2de96491,api
8918a500-82d8-4a29-bd4a-469f2de96491,authentication
8918a500-82d8-4a29-bd4a-469f2de96491,dashboard
8918a500-82d8-4a29-bd4a-469f2de96491,database
8918a500-82d8-4a29-bd4a-469f2de96491,workspace
6d7d63e5-66ea-43be-b359-3a1ca9e26838,api
6d7d63e5-66ea-43be-b359-3a1ca9e26838,authentication
6d7d63e5-66ea-43be-b359-3a1ca9e26838,dashboard
6d7d63e5-66ea-43be-b359-3a1ca9e26838,database
6d7d63e5-66ea-43be-b359-3a1ca9e26838,workspace
72b96cd0-5984-4223-b27c-d06f4420f48f,api
72b96cd0-5984-4223-b27c-d06f4420f48f,authentication
72b96cd0-5984-4223-b27c-d06f4420f48f,dashboard
72b96cd0-5984-4223-b27c-d06f4420f48f,database
72b96cd0-5984-4223-b27c-d06f4420f48f,workspace
5939b384-7df2-4b99-9ed4-c45ddb73d28b,api
5939b384-7df2-4b99-9ed4-c45ddb73d28b,authentication
5939b384-7df2-4b99-9ed4-c45ddb73d28b,dashboard
5939b384-7df2-4b99-9ed4-c45ddb73d28b,database
5939b384-7df2-4b99-9ed4-c45ddb73d28b,workspace
754a6478-d209-4875-97b7-99777e212742,api
754a6478-d209-4875-97b7-99777e212742,authentication
754a6478-d209-4875-97b7-99777e212742,dashboard
754a6478-d209-4875-97b7-99777e212742,database
754a6478-d209-4875-97b7-99777e212742,workspace
d88bedf7-f645-4bb1-808a-2f13a96d6c21,api
d88bedf7-f645-4bb1-808a-2f13a96d6c21,authentication
d88bedf7-f645-4bb1-808a-2f13a96d6c21,dashboard
d88bedf7-f645-4bb1-808a-2f13a96d6c21,database
d88bedf7-f645-4bb1-808a-2f13a96d6c21,workspace
18f6048f-e40f-4c14-b15a-7bb1a7a5f3a9,api
18f6048f-e40f-4c14-b15a-7bb1a7a5f3a9,authentication
18f6048f-e40f-4c14-b15a-7bb1a7a5f3a9,dashboard
18f6048f-e40f-4c14-b15a-7bb1a7a5f3a9,database
18f6048f-e40f-4c14-b15a-7bb1a7a5f3a9,workspace
63684a0a-d318-487e-aee9-eb70347fdc04,api
63684a0a-d318-487e-aee9-eb70347fdc04,authentication
63684a0a-d318-487e-aee9-eb70347fdc04,dashboard
63684a0a-d318-487e-aee9-eb70347fdc04,database
63684a0a-d318-487e-aee9-eb70347fdc04,workspace
89eda625-6182-4a89-b469-d3a926f16591,api
89eda625-6182-4a89-b469-d3a926f16591,authentication
89eda625-6182-4a89-b469-d3a926f16591,dashboard
89eda625-6182-4a89-b469-d3a926f16591,database
89eda625-6182-4a89-b469-d3a926f16591,workspace
649519c6-9a3d-4213-bf0e-06d17caecd6d,api
649519c6-9a3d-4213-bf0e-06d17caecd6d,authentication
649519c6-9a3d-4213-bf0e-06d17caecd6d,dashboard
649519c6-9a3d-4213-bf0e-06d17caecd6d,database
649519c6-9a3d-4213-bf0e-06d17caecd6d,workspace
5a37a3c2-1d1d-47ef-b37a-33ab4e203cf0,api
5a37a3c2-1d1d-47ef-b37a-33ab4e203cf0,authentication
5a37a3c2-1d1d-47ef-b37a-33ab4e203cf0,dashboard
5a37a3c2-1d1d-47ef-b37a-33ab4e203cf0,database
5a37a3c2-1d1d-47ef-b37a-33ab4e203cf0,workspace
6c67f50e-b6ae-44d8-9107-2482914ed3f5,api
6c67f50e-b6ae-44d8-9107-2482914ed3f5,authentication
6c67f50e-b6ae-44d8-9107-2482914ed3f5,dashboard
6c67f50e-b6ae-44d8-9107-2482914ed3f5,database
6c67f50e-b6ae-44d8-9107-2482914ed3f5,portfolio
c60f76e3-d4fb-4978-aca2-9f38198a4cf2,api
c60f76e3-d4fb-4978-aca2-9f38198a4cf2,authentication
c60f76e3-d4fb-4978-aca2-9f38198a4cf2,dashboard
c60f76e3-d4fb-4978-aca2-9f38198a4cf2,database
c60f76e3-d4fb-4978-aca2-9f38198a4cf2,monitoring
7b51ad29-9423-424f-83e9-e3865cc498ef,api
7b51ad29-9423-424f-83e9-e3865cc498ef,authentication
7b51ad29-9423-424f-83e9-e3865cc498ef,dashboard
7b51ad29-9423-424f-83e9-e3865cc498ef,database
7b51ad29-9423-424f-83e9-e3865cc498ef,portfolio
35cda89c-dc7c-4391-8323-5d8237921766,api
35cda89c-dc7c-4391-8323-5d8237921766,authentication
35cda89c-dc7c-4391-8323-5d8237921766,dashboard
35cda89c-dc7c-4391-8323-5d8237921766,database
35cda89c-dc7c-4391-8323-5d8237921766,portfolio
5d1dba3e-c471-4576-8a95-3046773736d3,api
5d1dba3e-c471-4576-8a95-3046773736d3,authentication
5d1dba3e-c471-4576-8a95-3046773736d3,dashboard
5d1dba3e-c471-4576-8a95-3046773736d3,database
5d1dba3e-c471-4576-8a95-3046773736d3,portfolio
f999b069-6bfe-47b6-9291-64f2477fe2cf,api
f999b069-6bfe-47b6-9291-64f2477fe2cf,authentication
f999b069-6bfe-47b6-9291-64f2477fe2cf,dashboard
f999b069-6bfe-47b6-9291-64f2477fe2cf,database
f999b069-6bfe-47b6-9291-64f2477fe2cf,portfolio
f9cf7ded-9f65-4bf8-851f-45c3a927951b,api
f9cf7ded-9f65-4bf8-851f-45c3a927951b,authentication
f9cf7ded-9f65-4bf8-851f-45c3a927951b,dashboard
f9cf7ded-9f65-4bf8-851f-45c3a927951b,database
f9cf7ded-9f65-4bf8-851f-45c3a927951b,portfolio
5db8782d-eae9-4d82-a273-695467be0159,api
5db8782d-eae9-4d82-a273-695467be0159,authentication
5db8782d-eae9-4d82-a273-695467be0159,dashboard
5db8782d-eae9-4d82-a273-695467be0159,database
5db8782d-eae9-4d82-a273-695467be0159,portfolio
fe3f5bec-194c-4cc5-a5b9-bb7eb4f0d768,api
fe3f5bec-194c-4cc5-a5b9-bb7eb4f0d768,authentication
fe3f5bec-194c-4cc5-a5b9-bb7eb4f0d768,dashboard
fe3f5bec-194c-4cc5-a5b9-bb7eb4f0d768,database
fe3f5bec-194c-4cc5-a5b9-bb7eb4f0d768,portfolio
863af29c-17ba-4e86-b796-048d1a97a443,api
863af29c-17ba-4e86-b796-048d1a97a443,authentication
863af29c-17ba-4e86-b796-048d1a97a443,dashboard
863af29c-17ba-4e86-b796-048d1a97a443,database
863af29c-17ba-4e86-b796-048d1a97a443,portfolio
7ac61052-8b16-4926-9d1c-180d55d137a7,api
7ac61052-8b16-4926-9d1c-180d55d137a7,authentication
7ac61052-8b16-4926-9d1c-180d55d137a7,dashboard
7ac61052-8b16-4926-9d1c-180d55d137a7,database
7ac61052-8b16-4926-9d1c-180d55d137a7,portfolio
465f5a33-6a8b-4bf2-847b-4a465c95e144,api
465f5a33-6a8b-4bf2-847b-4a465c95e144,authentication
465f5a33-6a8b-4bf2-847b-4a465c95e144,dashboard
465f5a33-6a8b-4bf2-847b-4a465c95e144,database
465f5a33-6a8b-4bf2-847b-4a465c95e144,portfolio
b746feb5-f28a-4b19-b5fd-99a4134f0811,api
b746feb5-f28a-4b19-b5fd-99a4134f0811,database
b746feb5-f28a-4b19-b5fd-99a4134f0811,knowledge-graph
b746feb5-f28a-4b19-b5fd-99a4134f0811,monitoring
3b81aa14-8681-4f7e-97c5-779f95583946,api
3b81aa14-8681-4f7e-97c5-779f95583946,database
3b81aa14-8681-4f7e-97c5-779f95583946,knowledge-graph
3b81aa14-8681-4f7e-97c5-779f95583946,monitoring
d35482fa-2f2f-4f1d-a547-e8ba9939523e,api
d35482fa-2f2f-4f1d-a547-e8ba9939523e,database
d35482fa-2f2f-4f1d-a547-e8ba9939523e,knowledge-graph
d35482fa-2f2f-4f1d-a547-e8ba9939523e,monitoring
f9417c58-3412-4b2a-8f60-5935fb4b7880,api
f9417c58-3412-4b2a-8f60-5935fb4b7880,database
f9417c58-3412-4b2a-8f60-5935fb4b7880,knowledge-graph
f9417c58-3412-4b2a-8f60-5935fb4b7880,monitoring
462dc7ad-c2e9-4d02-a180-c1e675dc609a,api
462dc7ad-c2e9-4d02-a180-c1e675dc609a,database
462dc7ad-c2e9-4d02-a180-c1e675dc609a,knowledge-graph
462dc7ad-c2e9-4d02-a180-c1e675dc609a,monitoring
9f0ce87e-c94f-46c2-a3a6-3deca7f1683f,api
9f0ce87e-c94f-46c2-a3a6-3deca7f1683f,database
9f0ce87e-c94f-46c2-a3a6-3deca7f1683f,knowledge-graph
9f0ce87e-c94f-46c2-a3a6-3deca7f1683f,monitoring
f362e4a1-9b2a-4210-841c-32e5849f033c,api
f362e4a1-9b2a-4210-841c-32e5849f033c,database
f362e4a1-9b2a-4210-841c-32e5849f033c,knowledge-graph
f362e4a1-9b2a-4210-841c-32e5849f033c,monitoring
61f08d5a-e28a-4569-a632-21becabb0eb5,api
61f08d5a-e28a-4569-a632-21becabb0eb5,database
61f08d5a-e28a-4569-a632-21becabb0eb5,knowledge-graph
61f08d5a-e28a-4569-a632-21becabb0eb5,monitoring
df80379c-7d48-40cb-8e3e-5837f6f71f95,api
df80379c-7d48-40cb-8e3e-5837f6f71f95,database
df80379c-7d48-40cb-8e3e-5837f6f71f95,knowledge-graph
df80379c-7d48-40cb-8e3e-5837f6f71f95,monitoring
cdb90c3f-c73c-4124-917f-e880bf648e9f,api
cdb90c3f-c73c-4124-917f-e880bf648e9f,database
cdb90c3f-c73c-4124-917f-e880bf648e9f,knowledge-graph
cdb90c3f-c73c-4124-917f-e880bf648e9f,monitoring
70e9d207-5837-4acd-af2d-023fbab7ea82,api
70e9d207-5837-4acd-af2d-023fbab7ea82,database
70e9d207-5837-4acd-af2d-023fbab7ea82,knowledge-graph
70e9d207-5837-4acd-af2d-023fbab7ea82,monitoring
183352d5-3ad0-46bc-830f-4609de0c8361,api
183352d5-3ad0-46bc-830f-4609de0c8361,authentication
183352d5-3ad0-46bc-830f-4609de0c8361,dashboard
183352d5-3ad0-46bc-830f-4609de0c8361,database
183352d5-3ad0-46bc-830f-4609de0c8361,portfolio
31c6fede-cbc0-44a0-8617-11c205aa0d84,api
31c6fede-cbc0-44a0-8617-11c205aa0d84,authentication
31c6fede-cbc0-44a0-8617-11c205aa0d84,dashboard
31c6fede-cbc0-44a0-8617-11c205aa0d84,database
31c6fede-cbc0-44a0-8617-11c205aa0d84,portfolio
d16e5b60-facb-48d4-a756-1eb320e77b48,api
d16e5b60-facb-48d4-a756-1eb320e77b48,authentication
d16e5b60-facb-48d4-a756-1eb320e77b48,dashboard
d16e5b60-facb-48d4-a756-1eb320e77b48,database
d16e5b60-facb-48d4-a756-1eb320e77b48,portfolio
1c5521f5-b350-4cb0-b3a4-34736d9d383b,api
1c5521f5-b350-4cb0-b3a4-34736d9d383b,authentication
1c5521f5-b350-4cb0-b3a4-34736d9d383b,dashboard
1c5521f5-b350-4cb0-b3a4-34736d9d383b,database
1c5521f5-b350-4cb0-b3a4-34736d9d383b,portfolio
dd8c7cb1-1fd7-45b2-9518-3d7bec60cf89,api
dd8c7cb1-1fd7-45b2-9518-3d7bec60cf89,authentication
dd8c7cb1-1fd7-45b2-9518-3d7bec60cf89,dashboard
dd8c7cb1-1fd7-45b2-9518-3d7bec60cf89,database
dd8c7cb1-1fd7-45b2-9518-3d7bec60cf89,portfolio
8d5ae8d2-1bbc-4f9f-b4d7-7ecc849614c9,api
8d5ae8d2-1bbc-4f9f-b4d7-7ecc849614c9,authentication
8d5ae8d2-1bbc-4f9f-b4d7-7ecc849614c9,dashboard
8d5ae8d2-1bbc-4f9f-b4d7-7ecc849614c9,database
8d5ae8d2-1bbc-4f9f-b4d7-7ecc849614c9,portfolio
c7b8d47f-618a-457e-956d-ca1ea69613ef,api
c7b8d47f-618a-457e-956d-ca1ea69613ef,database
c7b8d47f-618a-457e-956d-ca1ea69613ef,knowledge-graph
c7b8d47f-618a-457e-956d-ca1ea69613ef,monitoring
cbc1103d-7555-46c6-bd06-d1e9a252d114,api
cbc1103d-7555-46c6-bd06-d1e9a252d114,database
cbc1103d-7555-46c6-bd06-d1e9a252d114,knowledge-graph
cbc1103d-7555-46c6-bd06-d1e9a252d114,monitoring
d985554c-f2b7-4b93-9c0d-fb6415d1bcdf,api
d985554c-f2b7-4b93-9c0d-fb6415d1bcdf,database
d985554c-f2b7-4b93-9c0d-fb6415d1bcdf,knowledge-graph
d985554c-f2b7-4b93-9c0d-fb6415d1bcdf,monitoring
f04481bb-b6e9-4e0d-bad1-2480feed4a8f,api
f04481bb-b6e9-4e0d-bad1-2480feed4a8f,database
f04481bb-b6e9-4e0d-bad1-2480feed4a8f,knowledge-graph
f04481bb-b6e9-4e0d-bad1-2480feed4a8f,monitoring
310c6e69-8b89-4b1f-b438-dc63dd0bc542,api
310c6e69-8b89-4b1f-b438-dc63dd0bc542,database
310c6e69-8b89-4b1f-b438-dc63dd0bc542,knowledge-graph
310c6e69-8b89-4b1f-b438-dc63dd0bc542,monitoring
af7e5551-0af1-4c68-8358-cfdb842b2750,api
af7e5551-0af1-4c68-8358-cfdb842b2750,database
af7e5551-0af1-4c68-8358-cfdb842b2750,knowledge-graph
af7e5551-0af1-4c68-8358-cfdb842b2750,monitoring
4f9fc8f1-343e-4350-b721-507bd19da93c,api
4f9fc8f1-343e-4350-b721-507bd19da93c,database
4f9fc8f1-343e-4350-b721-507bd19da93c,knowledge-graph
4f9fc8f1-343e-4350-b721-507bd19da93c,monitoring
b43d8d59-cf41-4e0d-9104-5d7aa1c7cc8b,api
b43d8d59-cf41-4e0d-9104-5d7aa1c7cc8b,authentication
b43d8d59-cf41-4e0d-9104-5d7aa1c7cc8b,dashboard
b43d8d59-cf41-4e0d-9104-5d7aa1c7cc8b,database
b43d8d59-cf41-4e0d-9104-5d7aa1c7cc8b,portfolio
57f222b2-4bd7-47fe-a6b9-4ca9fb85f397,api
57f222b2-4bd7-47fe-a6b9-4ca9fb85f397,authentication
57f222b2-4bd7-47fe-a6b9-4ca9fb85f397,dashboard
57f222b2-4bd7-47fe-a6b9-4ca9fb85f397,database
57f222b2-4bd7-47fe-a6b9-4ca9fb85f397,portfolio
b908c142-2cd7-4dd3-80a3-333072fc2139,api
b908c142-2cd7-4dd3-80a3-333072fc2139,authentication
b908c142-2cd7-4dd3-80a3-333072fc2139,dashboard
b908c142-2cd7-4dd3-80a3-333072fc2139,database
b908c142-2cd7-4dd3-80a3-333072fc2139,portfolio
248ceb22-f8ba-41b3-81e0-83deabb758af,api
248ceb22-f8ba-41b3-81e0-83deabb758af,authentication
248ceb22-f8ba-41b3-81e0-83deabb758af,dashboard
248ceb22-f8ba-41b3-81e0-83deabb758af,database
248ceb22-f8ba-41b3-81e0-83deabb758af,portfolio
507946b2-75db-480d-a46c-011213b4797f,api
507946b2-75db-480d-a46c-011213b4797f,authentication
507946b2-75db-480d-a46c-011213b4797f,dashboard
507946b2-75db-480d-a46c-011213b4797f,database
507946b2-75db-480d-a46c-011213b4797f,portfolio
efb86511-f300-4a3b-b79c-fd66c475c586,api
efb86511-f300-4a3b-b79c-fd66c475c586,authentication
efb86511-f300-4a3b-b79c-fd66c475c586,dashboard
efb86511-f300-4a3b-b79c-fd66c475c586,database
efb86511-f300-4a3b-b79c-fd66c475c586,portfolio
e6196ee6-bfda-4687-bff6-2ca57d6b5f4c,api
e6196ee6-bfda-4687-bff6-2ca57d6b5f4c,authentication
e6196ee6-bfda-4687-bff6-2ca57d6b5f4c,dashboard
e6196ee6-bfda-4687-bff6-2ca57d6b5f4c,database
e6196ee6-bfda-4687-bff6-2ca57d6b5f4c,portfolio
59e5eaf3-ebcb-4166-b3f7-ad1535df269d,api
59e5eaf3-ebcb-4166-b3f7-ad1535df269d,authentication
59e5eaf3-ebcb-4166-b3f7-ad1535df269d,dashboard
59e5eaf3-ebcb-4166-b3f7-ad1535df269d,database
59e5eaf3-ebcb-4166-b3f7-ad1535df269d,portfolio
d6153a57-d968-48fd-aa9f-bf8ba187b554,api
d6153a57-d968-48fd-aa9f-bf8ba187b554,authentication
d6153a57-d968-48fd-aa9f-bf8ba187b554,dashboard
d6153a57-d968-48fd-aa9f-bf8ba187b554,database
d6153a57-d968-48fd-aa9f-bf8ba187b554,portfolio
75c46304-481e-4f5e-9d1a-ab0474e66c89,api
75c46304-481e-4f5e-9d1a-ab0474e66c89,authentication
75c46304-481e-4f5e-9d1a-ab0474e66c89,dashboard
75c46304-481e-4f5e-9d1a-ab0474e66c89,database
75c46304-481e-4f5e-9d1a-ab0474e66c89,portfolio
f18dc898-2522-49f6-928c-7f9ca7598d20,api
f18dc898-2522-49f6-928c-7f9ca7598d20,authentication
f18dc898-2522-49f6-928c-7f9ca7598d20,dashboard
f18dc898-2522-49f6-928c-7f9ca7598d20,database
f18dc898-2522-49f6-928c-7f9ca7598d20,portfolio
b389eacf-e7a7-48d9-8fd7-1d99d2dc97e5,api
b389eacf-e7a7-48d9-8fd7-1d99d2dc97e5,authentication
b389eacf-e7a7-48d9-8fd7-1d99d2dc97e5,dashboard
b389eacf-e7a7-48d9-8fd7-1d99d2dc97e5,database
b389eacf-e7a7-48d9-8fd7-1d99d2dc97e5,monitoring
d3b24622-a957-4a68-9bb4-dc9e00d6a245,api
d3b24622-a957-4a68-9bb4-dc9e00d6a245,authentication
d3b24622-a957-4a68-9bb4-dc9e00d6a245,dashboard
d3b24622-a957-4a68-9bb4-dc9e00d6a245,database
d3b24622-a957-4a68-9bb4-dc9e00d6a245,monitoring
ede0bdfb-19e6-42a3-935b-4850be760652,api
ede0bdfb-19e6-42a3-935b-4850be760652,authentication
ede0bdfb-19e6-42a3-935b-4850be760652,dashboard
ede0bdfb-19e6-42a3-935b-4850be760652,database
ede0bdfb-19e6-42a3-935b-4850be760652,monitoring
8b0bf5f8-d060-4167-9db6-516793066349,api
8b0bf5f8-d060-4167-9db6-516793066349,authentication
8b0bf5f8-d060-4167-9db6-516793066349,dashboard
8b0bf5f8-d060-4167-9db6-516793066349,database
8b0bf5f8-d060-4167-9db6-516793066349,monitoring
374e89eb-cbba-4476-ae24-9d60206b3dbe,api
374e89eb-cbba-4476-ae24-9d60206b3dbe,database
374e89eb-cbba-4476-ae24-9d60206b3dbe,knowledge-graph
374e89eb-cbba-4476-ae24-9d60206b3dbe,monitoring
a306d181-86e5-4256-92ba-c37849a7cd19,api
a306d181-86e5-4256-92ba-c37849a7cd19,authentication
a306d181-86e5-4256-92ba-c37849a7cd19,dashboard
a306d181-86e5-4256-92ba-c37849a7cd19,database
a306d181-86e5-4256-92ba-c37849a7cd19,monitoring
b562bbaa-659e-4974-8264-80065d382b01,api
b562bbaa-659e-4974-8264-80065d382b01,authentication
b562bbaa-659e-4974-8264-80065d382b01,dashboard
b562bbaa-659e-4974-8264-80065d382b01,database
b562bbaa-659e-4974-8264-80065d382b01,monitoring
19572aad-b666-44dc-aff0-f39d630ece7d,api
19572aad-b666-44dc-aff0-f39d630ece7d,authentication
19572aad-b666-44dc-aff0-f39d630ece7d,dashboard
19572aad-b666-44dc-aff0-f39d630ece7d,database
19572aad-b666-44dc-aff0-f39d630ece7d,monitoring
dadadc33-e64c-4c6e-a47b-4cafc13052ad,api
dadadc33-e64c-4c6e-a47b-4cafc13052ad,authentication
dadadc33-e64c-4c6e-a47b-4cafc13052ad,dashboard
dadadc33-e64c-4c6e-a47b-4cafc13052ad,database
dadadc33-e64c-4c6e-a47b-4cafc13052ad,monitoring
a81be96a-951a-4afd-95c3-5cf9ef8bd6a4,api
a81be96a-951a-4afd-95c3-5cf9ef8bd6a4,authentication
a81be96a-951a-4afd-95c3-5cf9ef8bd6a4,dashboard
a81be96a-951a-4afd-95c3-5cf9ef8bd6a4,database
a81be96a-951a-4afd-95c3-5cf9ef8bd6a4,monitoring
785ecd3a-9d1b-4465-a65d-fdd093c2a41d,api
785ecd3a-9d1b-4465-a65d-fdd093c2a41d,authentication
785ecd3a-9d1b-4465-a65d-fdd093c2a41d,dashboard
785ecd3a-9d1b-4465-a65d-fdd093c2a41d,database
785ecd3a-9d1b-4465-a65d-fdd093c2a41d,monitoring
9c46c082-a263-4568-be84-f7ffabec8eda,api
9c46c082-a263-4568-be84-f7ffabec8eda,authentication
9c46c082-a263-4568-be84-f7ffabec8eda,dashboard
9c46c082-a263-4568-be84-f7ffabec8eda,database
9c46c082-a263-4568-be84-f7ffabec8eda,monitoring
8c27a047-693c-4e80-a4d9-d1fee4b14e6d,api
8c27a047-693c-4e80-a4d9-d1fee4b14e6d,authentication
8c27a047-693c-4e80-a4d9-d1fee4b14e6d,dashboard
8c27a047-693c-4e80-a4d9-d1fee4b14e6d,database
8c27a047-693c-4e80-a4d9-d1fee4b14e6d,monitoring
7220407f-5263-4c7e-9cc4-67593b853661,api
7220407f-5263-4c7e-9cc4-67593b853661,authentication
7220407f-5263-4c7e-9cc4-67593b853661,dashboard
7220407f-5263-4c7e-9cc4-67593b853661,database
7220407f-5263-4c7e-9cc4-67593b853661,monitoring
773b0048-8659-477f-8859-8378495dc667,api
773b0048-8659-477f-8859-8378495dc667,authentication
773b0048-8659-477f-8859-8378495dc667,dashboard
773b0048-8659-477f-8859-8378495dc667,database
773b0048-8659-477f-8859-8378495dc667,monitoring
95c489ba-d841-4d94-977c-b33190309d97,api
95c489ba-d841-4d94-977c-b33190309d97,authentication
95c489ba-d841-4d94-977c-b33190309d97,dashboard
95c489ba-d841-4d94-977c-b33190309d97,database
95c489ba-d841-4d94-977c-b33190309d97,monitoring
4eb03215-ebec-4529-b315-9bd4094687b8,api
4eb03215-ebec-4529-b315-9bd4094687b8,authentication
4eb03215-ebec-4529-b315-9bd4094687b8,dashboard
4eb03215-ebec-4529-b315-9bd4094687b8,database
4eb03215-ebec-4529-b315-9bd4094687b8,monitoring
ce33a2c6-164f-4af3-9caf-18d68ce7eb19,api
ce33a2c6-164f-4af3-9caf-18d68ce7eb19,authentication
ce33a2c6-164f-4af3-9caf-18d68ce7eb19,dashboard
ce33a2c6-164f-4af3-9caf-18d68ce7eb19,database
ce33a2c6-164f-4af3-9caf-18d68ce7eb19,monitoring
a4ee6bdf-0333-4f5f-b69e-d78b5ddc478a,api
a4ee6bdf-0333-4f5f-b69e-d78b5ddc478a,authentication
a4ee6bdf-0333-4f5f-b69e-d78b5ddc478a,dashboard
a4ee6bdf-0333-4f5f-b69e-d78b5ddc478a,database
a4ee6bdf-0333-4f5f-b69e-d78b5ddc478a,monitoring
8403d2c5-67ed-441c-bc22-8cae50439488,api
8403d2c5-67ed-441c-bc22-8cae50439488,authentication
8403d2c5-67ed-441c-bc22-8cae50439488,dashboard
8403d2c5-67ed-441c-bc22-8cae50439488,database
8403d2c5-67ed-441c-bc22-8cae50439488,monitoring
2fb6e87b-cb75-429f-b212-1b62959a69d6,api
2fb6e87b-cb75-429f-b212-1b62959a69d6,authentication
2fb6e87b-cb75-429f-b212-1b62959a69d6,dashboard
2fb6e87b-cb75-429f-b212-1b62959a69d6,database
2fb6e87b-cb75-429f-b212-1b62959a69d6,monitoring
484527cc-44f6-43f6-af66-a5d5744c370d,api
484527cc-44f6-43f6-af66-a5d5744c370d,authentication
484527cc-44f6-43f6-af66-a5d5744c370d,dashboard
484527cc-44f6-43f6-af66-a5d5744c370d,database
484527cc-44f6-43f6-af66-a5d5744c370d,monitoring
8c1bf10c-3b77-4866-9a66-9d6cf79ca183,api
8c1bf10c-3b77-4866-9a66-9d6cf79ca183,authentication
8c1bf10c-3b77-4866-9a66-9d6cf79ca183,dashboard
8c1bf10c-3b77-4866-9a66-9d6cf79ca183,database
8c1bf10c-3b77-4866-9a66-9d6cf79ca183,monitoring
983772dd-4f7e-47ce-afc6-99391b68aa7b,api
983772dd-4f7e-47ce-afc6-99391b68aa7b,authentication
983772dd-4f7e-47ce-afc6-99391b68aa7b,dashboard
983772dd-4f7e-47ce-afc6-99391b68aa7b,database
983772dd-4f7e-47ce-afc6-99391b68aa7b,monitoring
ad144268-9278-4730-aac8-5ca2410c6e9c,api
ad144268-9278-4730-aac8-5ca2410c6e9c,authentication
ad144268-9278-4730-aac8-5ca2410c6e9c,dashboard
ad144268-9278-4730-aac8-5ca2410c6e9c,database
ad144268-9278-4730-aac8-5ca2410c6e9c,monitoring
76da1050-6573-4962-acd6-03457e2ab645,api
76da1050-6573-4962-acd6-03457e2ab645,authentication
76da1050-6573-4962-acd6-03457e2ab645,dashboard
76da1050-6573-4962-acd6-03457e2ab645,database
76da1050-6573-4962-acd6-03457e2ab645,monitoring
784227e4-eee7-42d3-81dd-56c84e2bd49b,api
784227e4-eee7-42d3-81dd-56c84e2bd49b,authentication
784227e4-eee7-42d3-81dd-56c84e2bd49b,dashboard
784227e4-eee7-42d3-81dd-56c84e2bd49b,database
784227e4-eee7-42d3-81dd-56c84e2bd49b,monitoring
a0752d71-eb3d-4ba9-90b8-5f614fbaf4b6,api
a0752d71-eb3d-4ba9-90b8-5f614fbaf4b6,authentication
a0752d71-eb3d-4ba9-90b8-5f614fbaf4b6,dashboard
a0752d71-eb3d-4ba9-90b8-5f614fbaf4b6,database
a0752d71-eb3d-4ba9-90b8-5f614fbaf4b6,monitoring
e4a89c97-b32c-4d4e-b0d7-00f0e8ae2dd0,api
e4a89c97-b32c-4d4e-b0d7-00f0e8ae2dd0,authentication
e4a89c97-b32c-4d4e-b0d7-00f0e8ae2dd0,dashboard
e4a89c97-b32c-4d4e-b0d7-00f0e8ae2dd0,database
e4a89c97-b32c-4d4e-b0d7-00f0e8ae2dd0,monitoring
d7c6d5b8-6783-493c-bb58-1d185806c1e3,api
d7c6d5b8-6783-493c-bb58-1d185806c1e3,database
d7c6d5b8-6783-493c-bb58-1d185806c1e3,knowledge-graph
d7c6d5b8-6783-493c-bb58-1d185806c1e3,monitoring
dc041a65-d057-4b51-8f6a-ba84c53fb0a2,api
dc041a65-d057-4b51-8f6a-ba84c53fb0a2,authentication
dc041a65-d057-4b51-8f6a-ba84c53fb0a2,dashboard
dc041a65-d057-4b51-8f6a-ba84c53fb0a2,database
dc041a65-d057-4b51-8f6a-ba84c53fb0a2,monitoring
7d04489d-5b1e-4e2b-afb2-68b64e768ed9,api
7d04489d-5b1e-4e2b-afb2-68b64e768ed9,authentication
7d04489d-5b1e-4e2b-afb2-68b64e768ed9,dashboard
7d04489d-5b1e-4e2b-afb2-68b64e768ed9,database
7d04489d-5b1e-4e2b-afb2-68b64e768ed9,monitoring
de1cd4e3-c1c1-4413-9ebf-38e5cc542990,api
de1cd4e3-c1c1-4413-9ebf-38e5cc542990,authentication
de1cd4e3-c1c1-4413-9ebf-38e5cc542990,dashboard
de1cd4e3-c1c1-4413-9ebf-38e5cc542990,database
de1cd4e3-c1c1-4413-9ebf-38e5cc542990,monitoring
d798fded-ea57-4f57-bc7b-d8da7dd04c61,api
d798fded-ea57-4f57-bc7b-d8da7dd04c61,authentication
d798fded-ea57-4f57-bc7b-d8da7dd04c61,dashboard
d798fded-ea57-4f57-bc7b-d8da7dd04c61,database
d798fded-ea57-4f57-bc7b-d8da7dd04c61,monitoring
d07a8663-445f-490b-a178-ac2d19a5120e,api
d07a8663-445f-490b-a178-ac2d19a5120e,authentication
d07a8663-445f-490b-a178-ac2d19a5120e,dashboard
d07a8663-445f-490b-a178-ac2d19a5120e,database
d07a8663-445f-490b-a178-ac2d19a5120e,monitoring
bf1ac472-40b5-4a68-8fc7-cb950d4cd142,api
bf1ac472-40b5-4a68-8fc7-cb950d4cd142,authentication
bf1ac472-40b5-4a68-8fc7-cb950d4cd142,dashboard
bf1ac472-40b5-4a68-8fc7-cb950d4cd142,database
bf1ac472-40b5-4a68-8fc7-cb950d4cd142,monitoring
a1fe0e85-0c38-4f3c-8f31-a6170dddfa05,api
a1fe0e85-0c38-4f3c-8f31-a6170dddfa05,authentication
a1fe0e85-0c38-4f3c-8f31-a6170dddfa05,dashboard
a1fe0e85-0c38-4f3c-8f31-a6170dddfa05,database
a1fe0e85-0c38-4f3c-8f31-a6170dddfa05,monitoring
f056380a-41a5-4b71-b862-f0617adffbb6,api
f056380a-41a5-4b71-b862-f0617adffbb6,authentication
f056380a-41a5-4b71-b862-f0617adffbb6,dashboard
f056380a-41a5-4b71-b862-f0617adffbb6,database
f056380a-41a5-4b71-b862-f0617adffbb6,monitoring
dbf8bf61-5599-467c-b5ad-fc1b6e3e4f83,api
dbf8bf61-5599-467c-b5ad-fc1b6e3e4f83,authentication
dbf8bf61-5599-467c-b5ad-fc1b6e3e4f83,dashboard
dbf8bf61-5599-467c-b5ad-fc1b6e3e4f83,database
dbf8bf61-5599-467c-b5ad-fc1b6e3e4f83,monitoring
5c2c7466-5d9e-4407-ae8f-1df9d3b589a4,api
5c2c7466-5d9e-4407-ae8f-1df9d3b589a4,authentication
5c2c7466-5d9e-4407-ae8f-1df9d3b589a4,dashboard
5c2c7466-5d9e-4407-ae8f-1df9d3b589a4,database
5c2c7466-5d9e-4407-ae8f-1df9d3b589a4,monitoring
557a4aa2-7e4e-4eb6-8970-59813355bf0f,api
557a4aa2-7e4e-4eb6-8970-59813355bf0f,authentication
557a4aa2-7e4e-4eb6-8970-59813355bf0f,dashboard
557a4aa2-7e4e-4eb6-8970-59813355bf0f,database
557a4aa2-7e4e-4eb6-8970-59813355bf0f,monitoring
b416b597-7785-44d4-b385-3474f465f588,api
b416b597-7785-44d4-b385-3474f465f588,authentication
b416b597-7785-44d4-b385-3474f465f588,database
b416b597-7785-44d4-b385-3474f465f588,monitoring
b416b597-7785-44d4-b385-3474f465f588,security
ac384256-9843-484a-b8af-07a7c2e700e5,api
ac384256-9843-484a-b8af-07a7c2e700e5,authentication
ac384256-9843-484a-b8af-07a7c2e700e5,database
ac384256-9843-484a-b8af-07a7c2e700e5,monitoring
ac384256-9843-484a-b8af-07a7c2e700e5,security
1fb0e709-9257-4ae0-813c-6cb58db2e67f,api
1fb0e709-9257-4ae0-813c-6cb58db2e67f,authentication
1fb0e709-9257-4ae0-813c-6cb58db2e67f,database
1fb0e709-9257-4ae0-813c-6cb58db2e67f,monitoring
1fb0e709-9257-4ae0-813c-6cb58db2e67f,security
c81d179b-e9bd-4621-9ca6-4549ad54a4c5,api
c81d179b-e9bd-4621-9ca6-4549ad54a4c5,authentication
c81d179b-e9bd-4621-9ca6-4549ad54a4c5,database
c81d179b-e9bd-4621-9ca6-4549ad54a4c5,monitoring
c81d179b-e9bd-4621-9ca6-4549ad54a4c5,security
8bbadd79-cc3b-4b86-8e03-cfcf42ba8020,api
8bbadd79-cc3b-4b86-8e03-cfcf42ba8020,authentication
8bbadd79-cc3b-4b86-8e03-cfcf42ba8020,database
8bbadd79-cc3b-4b86-8e03-cfcf42ba8020,monitoring
8bbadd79-cc3b-4b86-8e03-cfcf42ba8020,security
bd4104e7-b7a8-46ff-a812-ab83ea81e18f,api
bd4104e7-b7a8-46ff-a812-ab83ea81e18f,authentication
bd4104e7-b7a8-46ff-a812-ab83ea81e18f,database
bd4104e7-b7a8-46ff-a812-ab83ea81e18f,monitoring
bd4104e7-b7a8-46ff-a812-ab83ea81e18f,security
df8ee065-d3df-42ba-965a-36aa4447dad0,api
df8ee065-d3df-42ba-965a-36aa4447dad0,authentication
df8ee065-d3df-42ba-965a-36aa4447dad0,database
df8ee065-d3df-42ba-965a-36aa4447dad0,monitoring
df8ee065-d3df-42ba-965a-36aa4447dad0,security
5aa9e65e-074b-4408-807c-0a61a3933178,api
5aa9e65e-074b-4408-807c-0a61a3933178,authentication
5aa9e65e-074b-4408-807c-0a61a3933178,database
5aa9e65e-074b-4408-807c-0a61a3933178,monitoring
5aa9e65e-074b-4408-807c-0a61a3933178,security
ca25a4c2-eb95-4398-8a59-9582d5b1d55e,api
ca25a4c2-eb95-4398-8a59-9582d5b1d55e,authentication
ca25a4c2-eb95-4398-8a59-9582d5b1d55e,database
ca25a4c2-eb95-4398-8a59-9582d5b1d55e,monitoring
ca25a4c2-eb95-4398-8a59-9582d5b1d55e,security
fafe2c68-f76b-4d84-9253-8ea7ac027ba4,api
fafe2c68-f76b-4d84-9253-8ea7ac027ba4,authentication
fafe2c68-f76b-4d84-9253-8ea7ac027ba4,database
fafe2c68-f76b-4d84-9253-8ea7ac027ba4,monitoring
fafe2c68-f76b-4d84-9253-8ea7ac027ba4,security
72608f4f-f023-4385-821e-8ad4f20052ac,api
72608f4f-f023-4385-821e-8ad4f20052ac,authentication
72608f4f-f023-4385-821e-8ad4f20052ac,database
72608f4f-f023-4385-821e-8ad4f20052ac,monitoring
72608f4f-f023-4385-821e-8ad4f20052ac,security
2dbe782e-9a2d-4c1d-876f-1809ee9b1044,api
2dbe782e-9a2d-4c1d-876f-1809ee9b1044,authentication
2dbe782e-9a2d-4c1d-876f-1809ee9b1044,database
2dbe782e-9a2d-4c1d-876f-1809ee9b1044,monitoring
2dbe782e-9a2d-4c1d-876f-1809ee9b1044,security
4f726b51-54a4-472d-9f27-78ae5868efb5,api
4f726b51-54a4-472d-9f27-78ae5868efb5,authentication
4f726b51-54a4-472d-9f27-78ae5868efb5,dashboard
4f726b51-54a4-472d-9f27-78ae5868efb5,database
4f726b51-54a4-472d-9f27-78ae5868efb5,monitoring
99b6908a-8869-480f-9cc3-f82e3ee15e00,api
99b6908a-8869-480f-9cc3-f82e3ee15e00,authentication
99b6908a-8869-480f-9cc3-f82e3ee15e00,database
99b6908a-8869-480f-9cc3-f82e3ee15e00,monitoring
99b6908a-8869-480f-9cc3-f82e3ee15e00,security
f7a0bd5f-e055-49a7-87ad-36d53d8998c6,api
f7a0bd5f-e055-49a7-87ad-36d53d8998c6,authentication
f7a0bd5f-e055-49a7-87ad-36d53d8998c6,database
f7a0bd5f-e055-49a7-87ad-36d53d8998c6,monitoring
f7a0bd5f-e055-49a7-87ad-36d53d8998c6,security
933b10c3-7a89-4d1b-82b1-febd2e6a61c1,api
933b10c3-7a89-4d1b-82b1-febd2e6a61c1,authentication
933b10c3-7a89-4d1b-82b1-febd2e6a61c1,database
933b10c3-7a89-4d1b-82b1-febd2e6a61c1,monitoring
933b10c3-7a89-4d1b-82b1-febd2e6a61c1,security
4f023153-7cc2-4fd6-a3cd-f26cd8027276,api
4f023153-7cc2-4fd6-a3cd-f26cd8027276,authentication
4f023153-7cc2-4fd6-a3cd-f26cd8027276,database
4f023153-7cc2-4fd6-a3cd-f26cd8027276,monitoring
4f023153-7cc2-4fd6-a3cd-f26cd8027276,security
783ccaf8-0436-4f3d-9284-79e695dcdf33,api
783ccaf8-0436-4f3d-9284-79e695dcdf33,authentication
783ccaf8-0436-4f3d-9284-79e695dcdf33,database
783ccaf8-0436-4f3d-9284-79e695dcdf33,monitoring
783ccaf8-0436-4f3d-9284-79e695dcdf33,security
2b217759-65d7-4d87-bced-0e92d53f7731,api
2b217759-65d7-4d87-bced-0e92d53f7731,authentication
2b217759-65d7-4d87-bced-0e92d53f7731,database
2b217759-65d7-4d87-bced-0e92d53f7731,monitoring
2b217759-65d7-4d87-bced-0e92d53f7731,security
64ce1558-ee32-401f-b32d-282226c6334b,api
64ce1558-ee32-401f-b32d-282226c6334b,authentication
64ce1558-ee32-401f-b32d-282226c6334b,database
64ce1558-ee32-401f-b32d-282226c6334b,monitoring
64ce1558-ee32-401f-b32d-282226c6334b,security
a261645e-f15b-413d-8da7-a5322ba956df,api
a261645e-f15b-413d-8da7-a5322ba956df,authentication
a261645e-f15b-413d-8da7-a5322ba956df,database
a261645e-f15b-413d-8da7-a5322ba956df,monitoring
a261645e-f15b-413d-8da7-a5322ba956df,security
2f16da0b-8695-4e68-afe3-b40d36cb83ea,api
2f16da0b-8695-4e68-afe3-b40d36cb83ea,authentication
2f16da0b-8695-4e68-afe3-b40d36cb83ea,database
2f16da0b-8695-4e68-afe3-b40d36cb83ea,monitoring
2f16da0b-8695-4e68-afe3-b40d36cb83ea,security
213c42db-79a1-4d1f-84da-4f7fe03ab2fd,api
213c42db-79a1-4d1f-84da-4f7fe03ab2fd,authentication
213c42db-79a1-4d1f-84da-4f7fe03ab2fd,database
213c42db-79a1-4d1f-84da-4f7fe03ab2fd,monitoring
213c42db-79a1-4d1f-84da-4f7fe03ab2fd,security
39a765a6-ab7e-4202-a7a0-2f46f2770030,api
39a765a6-ab7e-4202-a7a0-2f46f2770030,authentication
39a765a6-ab7e-4202-a7a0-2f46f2770030,database
39a765a6-ab7e-4202-a7a0-2f46f2770030,monitoring
39a765a6-ab7e-4202-a7a0-2f46f2770030,security
a308c3f3-0233-459a-9e84-6bdc4cfa3643,api
a308c3f3-0233-459a-9e84-6bdc4cfa3643,authentication
a308c3f3-0233-459a-9e84-6bdc4cfa3643,database
a308c3f3-0233-459a-9e84-6bdc4cfa3643,monitoring
a308c3f3-0233-459a-9e84-6bdc4cfa3643,security
cb23cdff-eb11-4032-b28c-bdeb2ba30206,api
cb23cdff-eb11-4032-b28c-bdeb2ba30206,authentication
cb23cdff-eb11-4032-b28c-bdeb2ba30206,database
cb23cdff-eb11-4032-b28c-bdeb2ba30206,monitoring
cb23cdff-eb11-4032-b28c-bdeb2ba30206,security
47f63152-0995-4ec3-b05a-aa6fa827cbd7,api
47f63152-0995-4ec3-b05a-aa6fa827cbd7,authentication
47f63152-0995-4ec3-b05a-aa6fa827cbd7,database
47f63152-0995-4ec3-b05a-aa6fa827cbd7,monitoring
47f63152-0995-4ec3-b05a-aa6fa827cbd7,security
60a726f2-9209-404b-a0e5-dccb069e47e3,api
60a726f2-9209-404b-a0e5-dccb069e47e3,authentication
60a726f2-9209-404b-a0e5-dccb069e47e3,database
60a726f2-9209-404b-a0e5-dccb069e47e3,monitoring
60a726f2-9209-404b-a0e5-dccb069e47e3,security
b1d14f32-5a17-4f6a-93a2-e6b71b9df4f9,api
b1d14f32-5a17-4f6a-93a2-e6b71b9df4f9,authentication
b1d14f32-5a17-4f6a-93a2-e6b71b9df4f9,database
b1d14f32-5a17-4f6a-93a2-e6b71b9df4f9,monitoring
b1d14f32-5a17-4f6a-93a2-e6b71b9df4f9,security
66f63ebc-0cf0-41c6-87e0-ece2ac619d71,api
66f63ebc-0cf0-41c6-87e0-ece2ac619d71,authentication
66f63ebc-0cf0-41c6-87e0-ece2ac619d71,database
66f63ebc-0cf0-41c6-87e0-ece2ac619d71,monitoring
66f63ebc-0cf0-41c6-87e0-ece2ac619d71,security
622c2502-572f-453f-93f4-13b966aa4d29,api
622c2502-572f-453f-93f4-13b966aa4d29,authentication
622c2502-572f-453f-93f4-13b966aa4d29,database
622c2502-572f-453f-93f4-13b966aa4d29,monitoring
622c2502-572f-453f-93f4-13b966aa4d29,security
95727391-6ad0-4fd1-9802-046ed618ca5d,api
95727391-6ad0-4fd1-9802-046ed618ca5d,authentication
95727391-6ad0-4fd1-9802-046ed618ca5d,database
95727391-6ad0-4fd1-9802-046ed618ca5d,monitoring
95727391-6ad0-4fd1-9802-046ed618ca5d,security
b3f6845c-1dcd-49dd-942a-d40a725a0c33,api
b3f6845c-1dcd-49dd-942a-d40a725a0c33,authentication
b3f6845c-1dcd-49dd-942a-d40a725a0c33,database
b3f6845c-1dcd-49dd-942a-d40a725a0c33,monitoring
b3f6845c-1dcd-49dd-942a-d40a725a0c33,security
ebb70e0c-1063-4a75-a802-6388956cf2c9,api
ebb70e0c-1063-4a75-a802-6388956cf2c9,authentication
ebb70e0c-1063-4a75-a802-6388956cf2c9,database
ebb70e0c-1063-4a75-a802-6388956cf2c9,monitoring
ebb70e0c-1063-4a75-a802-6388956cf2c9,security
b4aadd69-a0cd-4372-accb-0f10755d6931,api
b4aadd69-a0cd-4372-accb-0f10755d6931,authentication
b4aadd69-a0cd-4372-accb-0f10755d6931,database
b4aadd69-a0cd-4372-accb-0f10755d6931,monitoring
b4aadd69-a0cd-4372-accb-0f10755d6931,security
d948b9d2-9bdc-4bfc-9844-a1e41782328d,api
d948b9d2-9bdc-4bfc-9844-a1e41782328d,authentication
d948b9d2-9bdc-4bfc-9844-a1e41782328d,database
d948b9d2-9bdc-4bfc-9844-a1e41782328d,monitoring
d948b9d2-9bdc-4bfc-9844-a1e41782328d,security
36187a90-6ff7-4f05-8b4f-a38f837a560f,api
36187a90-6ff7-4f05-8b4f-a38f837a560f,authentication
36187a90-6ff7-4f05-8b4f-a38f837a560f,database
36187a90-6ff7-4f05-8b4f-a38f837a560f,monitoring
36187a90-6ff7-4f05-8b4f-a38f837a560f,security
6157c3ab-7857-4765-b145-e5fc04344d95,api
6157c3ab-7857-4765-b145-e5fc04344d95,authentication
6157c3ab-7857-4765-b145-e5fc04344d95,database
6157c3ab-7857-4765-b145-e5fc04344d95,monitoring
6157c3ab-7857-4765-b145-e5fc04344d95,security
ea968b19-2da6-411f-b8be-2afe004e4eea,api
ea968b19-2da6-411f-b8be-2afe004e4eea,authentication
ea968b19-2da6-411f-b8be-2afe004e4eea,database
ea968b19-2da6-411f-b8be-2afe004e4eea,monitoring
ea968b19-2da6-411f-b8be-2afe004e4eea,security
36b4103e-f7c1-4c87-a4fb-3c4d6d989890,api
36b4103e-f7c1-4c87-a4fb-3c4d6d989890,authentication
36b4103e-f7c1-4c87-a4fb-3c4d6d989890,database
36b4103e-f7c1-4c87-a4fb-3c4d6d989890,monitoring
36b4103e-f7c1-4c87-a4fb-3c4d6d989890,security
5ed5ea2b-a0c7-49c6-88af-40910a9737b4,api
5ed5ea2b-a0c7-49c6-88af-40910a9737b4,authentication
5ed5ea2b-a0c7-49c6-88af-40910a9737b4,database
5ed5ea2b-a0c7-49c6-88af-40910a9737b4,monitoring
5ed5ea2b-a0c7-49c6-88af-40910a9737b4,security
46887285-5cb6-44c2-a347-9f941465932c,api
46887285-5cb6-44c2-a347-9f941465932c,authentication
46887285-5cb6-44c2-a347-9f941465932c,database
46887285-5cb6-44c2-a347-9f941465932c,monitoring
46887285-5cb6-44c2-a347-9f941465932c,security
1982f9d5-9906-4258-b726-8b7a1dc134ad,api
1982f9d5-9906-4258-b726-8b7a1dc134ad,authentication
1982f9d5-9906-4258-b726-8b7a1dc134ad,dashboard
1982f9d5-9906-4258-b726-8b7a1dc134ad,database
1982f9d5-9906-4258-b726-8b7a1dc134ad,workspace
f46b7bb4-f6c6-48f8-ba17-40df684211eb,api
f46b7bb4-f6c6-48f8-ba17-40df684211eb,authentication
f46b7bb4-f6c6-48f8-ba17-40df684211eb,dashboard
f46b7bb4-f6c6-48f8-ba17-40df684211eb,database
f46b7bb4-f6c6-48f8-ba17-40df684211eb,workspace
441ec840-4799-4986-b515-9b687e0ea01a,api
441ec840-4799-4986-b515-9b687e0ea01a,authentication
441ec840-4799-4986-b515-9b687e0ea01a,dashboard
441ec840-4799-4986-b515-9b687e0ea01a,database
441ec840-4799-4986-b515-9b687e0ea01a,workspace
f3a1e437-3730-4ecc-93de-8bd39ce4ab73,api
f3a1e437-3730-4ecc-93de-8bd39ce4ab73,authentication
f3a1e437-3730-4ecc-93de-8bd39ce4ab73,dashboard
f3a1e437-3730-4ecc-93de-8bd39ce4ab73,database
f3a1e437-3730-4ecc-93de-8bd39ce4ab73,workspace
76fc699c-07a5-47f1-850b-1b87d4b09383,api
76fc699c-07a5-47f1-850b-1b87d4b09383,authentication
76fc699c-07a5-47f1-850b-1b87d4b09383,dashboard
76fc699c-07a5-47f1-850b-1b87d4b09383,database
76fc699c-07a5-47f1-850b-1b87d4b09383,workspace
50fdd75b-08e3-4b25-adb5-3252b0218edc,api
50fdd75b-08e3-4b25-adb5-3252b0218edc,authentication
50fdd75b-08e3-4b25-adb5-3252b0218edc,dashboard
50fdd75b-08e3-4b25-adb5-3252b0218edc,database
50fdd75b-08e3-4b25-adb5-3252b0218edc,workspace
ec0ff7a7-721f-46a0-90a3-e3844221e78f,api
ec0ff7a7-721f-46a0-90a3-e3844221e78f,authentication
ec0ff7a7-721f-46a0-90a3-e3844221e78f,dashboard
ec0ff7a7-721f-46a0-90a3-e3844221e78f,database
ec0ff7a7-721f-46a0-90a3-e3844221e78f,workspace
ddd8bd06-d375-4481-bbc8-094e7dd3297a,api
ddd8bd06-d375-4481-bbc8-094e7dd3297a,authentication
ddd8bd06-d375-4481-bbc8-094e7dd3297a,dashboard
ddd8bd06-d375-4481-bbc8-094e7dd3297a,database
ddd8bd06-d375-4481-bbc8-094e7dd3297a,workspace
5e6d3547-fc5a-4511-b7dc-ea829aff7b17,api
5e6d3547-fc5a-4511-b7dc-ea829aff7b17,authentication
5e6d3547-fc5a-4511-b7dc-ea829aff7b17,dashboard
5e6d3547-fc5a-4511-b7dc-ea829aff7b17,database
5e6d3547-fc5a-4511-b7dc-ea829aff7b17,workspace
cbd335a4-72a4-4872-ae3d-cf1ba1a704d3,api
cbd335a4-72a4-4872-ae3d-cf1ba1a704d3,authentication
cbd335a4-72a4-4872-ae3d-cf1ba1a704d3,dashboard
cbd335a4-72a4-4872-ae3d-cf1ba1a704d3,database
cbd335a4-72a4-4872-ae3d-cf1ba1a704d3,workspace
dc8b2b20-b9d9-4fe4-a751-0a6c19e15f63,api
dc8b2b20-b9d9-4fe4-a751-0a6c19e15f63,authentication
dc8b2b20-b9d9-4fe4-a751-0a6c19e15f63,dashboard
dc8b2b20-b9d9-4fe4-a751-0a6c19e15f63,database
dc8b2b20-b9d9-4fe4-a751-0a6c19e15f63,workspace
563d83e2-b55d-4660-8124-578d94f48393,api
563d83e2-b55d-4660-8124-578d94f48393,authentication
563d83e2-b55d-4660-8124-578d94f48393,dashboard
563d83e2-b55d-4660-8124-578d94f48393,database
563d83e2-b55d-4660-8124-578d94f48393,workspace
32788fce-aee1-4580-be35-f23a5ba2e185,api
32788fce-aee1-4580-be35-f23a5ba2e185,authentication
32788fce-aee1-4580-be35-f23a5ba2e185,dashboard
32788fce-aee1-4580-be35-f23a5ba2e185,database
32788fce-aee1-4580-be35-f23a5ba2e185,workspace
eab49199-7a5e-43e3-b17a-7783f2ba88df,api
eab49199-7a5e-43e3-b17a-7783f2ba88df,authentication
eab49199-7a5e-43e3-b17a-7783f2ba88df,dashboard
eab49199-7a5e-43e3-b17a-7783f2ba88df,database
eab49199-7a5e-43e3-b17a-7783f2ba88df,workspace
57714f4e-8b35-4ba2-acd6-be638b5651bc,api
57714f4e-8b35-4ba2-acd6-be638b5651bc,authentication
57714f4e-8b35-4ba2-acd6-be638b5651bc,dashboard
57714f4e-8b35-4ba2-acd6-be638b5651bc,database
57714f4e-8b35-4ba2-acd6-be638b5651bc,workspace
f24c9f6e-f7d9-45e2-b7c3-eb3983488101,api
f24c9f6e-f7d9-45e2-b7c3-eb3983488101,authentication
f24c9f6e-f7d9-45e2-b7c3-eb3983488101,dashboard
f24c9f6e-f7d9-45e2-b7c3-eb3983488101,database
f24c9f6e-f7d9-45e2-b7c3-eb3983488101,workspace
53d29854-db4f-4077-9bc4-a425e90dd022,api
53d29854-db4f-4077-9bc4-a425e90dd022,authentication
53d29854-db4f-4077-9bc4-a425e90dd022,dashboard
53d29854-db4f-4077-9bc4-a425e90dd022,database
53d29854-db4f-4077-9bc4-a425e90dd022,monitoring
1beee46c-512a-4465-bea0-930c5cf9b6c4,api
1beee46c-512a-4465-bea0-930c5cf9b6c4,authentication
1beee46c-512a-4465-bea0-930c5cf9b6c4,dashboard
1beee46c-512a-4465-bea0-930c5cf9b6c4,database
1beee46c-512a-4465-bea0-930c5cf9b6c4,monitoring
b0c2ff55-8805-49a7-bd66-0e33ea1eda89,api
b0c2ff55-8805-49a7-bd66-0e33ea1eda89,authentication
b0c2ff55-8805-49a7-bd66-0e33ea1eda89,database
b0c2ff55-8805-49a7-bd66-0e33ea1eda89,monitoring
b0c2ff55-8805-49a7-bd66-0e33ea1eda89,security
5dd46624-6e8a-467e-9e4b-b23248929ede,api
5dd46624-6e8a-467e-9e4b-b23248929ede,authentication
5dd46624-6e8a-467e-9e4b-b23248929ede,dashboard
5dd46624-6e8a-467e-9e4b-b23248929ede,database
5dd46624-6e8a-467e-9e4b-b23248929ede,portfolio
01f74934-8d29-4292-86d9-4a5c6af217ed,api
01f74934-8d29-4292-86d9-4a5c6af217ed,authentication
01f74934-8d29-4292-86d9-4a5c6af217ed,database
01f74934-8d29-4292-86d9-4a5c6af217ed,monitoring
01f74934-8d29-4292-86d9-4a5c6af217ed,payment
01f74934-8d29-4292-86d9-4a5c6af217ed,security
b0ebffe2-21fe-4d7f-917a-1c648598d852,api
b0ebffe2-21fe-4d7f-917a-1c648598d852,authentication
b0ebffe2-21fe-4d7f-917a-1c648598d852,dashboard
b0ebffe2-21fe-4d7f-917a-1c648598d852,database
b0ebffe2-21fe-4d7f-917a-1c648598d852,workspace
7db5a21d-82bf-48aa-a931-5e6b014afa57,api
7db5a21d-82bf-48aa-a931-5e6b014afa57,authentication
7db5a21d-82bf-48aa-a931-5e6b014afa57,dashboard
7db5a21d-82bf-48aa-a931-5e6b014afa57,database
7db5a21d-82bf-48aa-a931-5e6b014afa57,workspace
c90e4c85-735c-4771-a7b5-d25aff635d61,api
c90e4c85-735c-4771-a7b5-d25aff635d61,authentication
c90e4c85-735c-4771-a7b5-d25aff635d61,dashboard
c90e4c85-735c-4771-a7b5-d25aff635d61,database
c90e4c85-735c-4771-a7b5-d25aff635d61,workspace
fdfc8bd5-9c3f-484f-8fbe-dcf2287efe1c,api
fdfc8bd5-9c3f-484f-8fbe-dcf2287efe1c,authentication
fdfc8bd5-9c3f-484f-8fbe-dcf2287efe1c,dashboard
fdfc8bd5-9c3f-484f-8fbe-dcf2287efe1c,database
fdfc8bd5-9c3f-484f-8fbe-dcf2287efe1c,workspace
46361eff-dc42-4c53-bb98-9c307b472ff2,api
46361eff-dc42-4c53-bb98-9c307b472ff2,authentication
46361eff-dc42-4c53-bb98-9c307b472ff2,dashboard
46361eff-dc42-4c53-bb98-9c307b472ff2,database
46361eff-dc42-4c53-bb98-9c307b472ff2,workspace
db4cffab-87d5-450e-a9c6-6aa34417c735,api
db4cffab-87d5-450e-a9c6-6aa34417c735,authentication
db4cffab-87d5-450e-a9c6-6aa34417c735,dashboard
db4cffab-87d5-450e-a9c6-6aa34417c735,database
db4cffab-87d5-450e-a9c6-6aa34417c735,workspace
85ce4f91-864f-40b1-946b-d9c061866584,api
85ce4f91-864f-40b1-946b-d9c061866584,authentication
85ce4f91-864f-40b1-946b-d9c061866584,dashboard
85ce4f91-864f-40b1-946b-d9c061866584,database
85ce4f91-864f-40b1-946b-d9c061866584,workspace
da90d565-e3c0-4f88-b518-d36ebcd01c9b,api
da90d565-e3c0-4f88-b518-d36ebcd01c9b,authentication
da90d565-e3c0-4f88-b518-d36ebcd01c9b,dashboard
da90d565-e3c0-4f88-b518-d36ebcd01c9b,database
da90d565-e3c0-4f88-b518-d36ebcd01c9b,workspace
6dbf2ae4-e7cb-4a89-a953-7f7810fff452,api
6dbf2ae4-e7cb-4a89-a953-7f7810fff452,authentication
6dbf2ae4-e7cb-4a89-a953-7f7810fff452,dashboard
6dbf2ae4-e7cb-4a89-a953-7f7810fff452,database
6dbf2ae4-e7cb-4a89-a953-7f7810fff452,workspace
f2dd65e6-3f8c-4797-8d8f-b00486d6c65a,api
f2dd65e6-3f8c-4797-8d8f-b00486d6c65a,authentication
f2dd65e6-3f8c-4797-8d8f-b00486d6c65a,dashboard
f2dd65e6-3f8c-4797-8d8f-b00486d6c65a,database
f2dd65e6-3f8c-4797-8d8f-b00486d6c65a,workspace
c4a823cd-b52a-41a9-bea1-1a9762807f93,api
c4a823cd-b52a-41a9-bea1-1a9762807f93,authentication
c4a823cd-b52a-41a9-bea1-1a9762807f93,dashboard
c4a823cd-b52a-41a9-bea1-1a9762807f93,database
c4a823cd-b52a-41a9-bea1-1a9762807f93,portfolio
a0243d57-44bb-4d84-b65b-6f365551c43a,api
a0243d57-44bb-4d84-b65b-6f365551c43a,authentication
a0243d57-44bb-4d84-b65b-6f365551c43a,dashboard
a0243d57-44bb-4d84-b65b-6f365551c43a,database
a0243d57-44bb-4d84-b65b-6f365551c43a,portfolio
96ce7a14-8c57-4c0a-9b22-e4e72ca2b6f5,api
96ce7a14-8c57-4c0a-9b22-e4e72ca2b6f5,authentication
96ce7a14-8c57-4c0a-9b22-e4e72ca2b6f5,dashboard
96ce7a14-8c57-4c0a-9b22-e4e72ca2b6f5,database
96ce7a14-8c57-4c0a-9b22-e4e72ca2b6f5,portfolio
90169a53-ccf0-4bae-b9c5-b8e5c953859b,api
90169a53-ccf0-4bae-b9c5-b8e5c953859b,authentication
90169a53-ccf0-4bae-b9c5-b8e5c953859b,dashboard
90169a53-ccf0-4bae-b9c5-b8e5c953859b,database
90169a53-ccf0-4bae-b9c5-b8e5c953859b,portfolio
bbdddf73-f481-4f73-ada7-6fb998501bd2,api
bbdddf73-f481-4f73-ada7-6fb998501bd2,authentication
bbdddf73-f481-4f73-ada7-6fb998501bd2,dashboard
bbdddf73-f481-4f73-ada7-6fb998501bd2,database
bbdddf73-f481-4f73-ada7-6fb998501bd2,portfolio
8d2ef00c-2f60-47ea-8d5f-f94e8b8bc701,api
8d2ef00c-2f60-47ea-8d5f-f94e8b8bc701,authentication
8d2ef00c-2f60-47ea-8d5f-f94e8b8bc701,dashboard
8d2ef00c-2f60-47ea-8d5f-f94e8b8bc701,database
8d2ef00c-2f60-47ea-8d5f-f94e8b8bc701,portfolio
3a4480a4-8bd4-4746-a444-4858dec05e59,api
3a4480a4-8bd4-4746-a444-4858dec05e59,authentication
3a4480a4-8bd4-4746-a444-4858dec05e59,dashboard
3a4480a4-8bd4-4746-a444-4858dec05e59,database
3a4480a4-8bd4-4746-a444-4858dec05e59,portfolio
858c5450-298c-4bd6-bf37-1ab288b1963c,api
858c5450-298c-4bd6-bf37-1ab288b1963c,authentication
858c5450-298c-4bd6-bf37-1ab288b1963c,dashboard
858c5450-298c-4bd6-bf37-1ab288b1963c,database
858c5450-298c-4bd6-bf37-1ab288b1963c,portfolio
7c7d17f8-d8d1-42ae-8d45-fe0baffe69f4,api
7c7d17f8-d8d1-42ae-8d45-fe0baffe69f4,authentication
7c7d17f8-d8d1-42ae-8d45-fe0baffe69f4,dashboard
7c7d17f8-d8d1-42ae-8d45-fe0baffe69f4,database
7c7d17f8-d8d1-42ae-8d45-fe0baffe69f4,portfolio
e9e457f0-1c93-4c87-b5c2-3ca4024270b0,api
e9e457f0-1c93-4c87-b5c2-3ca4024270b0,authentication
e9e457f0-1c93-4c87-b5c2-3ca4024270b0,dashboard
e9e457f0-1c93-4c87-b5c2-3ca4024270b0,database
e9e457f0-1c93-4c87-b5c2-3ca4024270b0,portfolio
1f0860d6-28de-4dc9-94a9-b47451525e36,api
1f0860d6-28de-4dc9-94a9-b47451525e36,authentication
1f0860d6-28de-4dc9-94a9-b47451525e36,dashboard
1f0860d6-28de-4dc9-94a9-b47451525e36,database
1f0860d6-28de-4dc9-94a9-b47451525e36,portfolio
c6c67e0b-3945-4ce9-a06a-bc4908a07584,api
c6c67e0b-3945-4ce9-a06a-bc4908a07584,authentication
c6c67e0b-3945-4ce9-a06a-bc4908a07584,dashboard
c6c67e0b-3945-4ce9-a06a-bc4908a07584,database
c6c67e0b-3945-4ce9-a06a-bc4908a07584,portfolio
a479d43e-385b-4695-ad6d-7a846697369e,api
a479d43e-385b-4695-ad6d-7a846697369e,authentication
a479d43e-385b-4695-ad6d-7a846697369e,dashboard
a479d43e-385b-4695-ad6d-7a846697369e,database
a479d43e-385b-4695-ad6d-7a846697369e,portfolio
8ec68695-7424-4caa-8100-8f600999db01,api
8ec68695-7424-4caa-8100-8f600999db01,authentication
8ec68695-7424-4caa-8100-8f600999db01,dashboard
8ec68695-7424-4caa-8100-8f600999db01,database
8ec68695-7424-4caa-8100-8f600999db01,portfolio
6fc00e9b-1417-49ba-b99e-9123e2f6e0aa,api
6fc00e9b-1417-49ba-b99e-9123e2f6e0aa,authentication
6fc00e9b-1417-49ba-b99e-9123e2f6e0aa,dashboard
6fc00e9b-1417-49ba-b99e-9123e2f6e0aa,database
6fc00e9b-1417-49ba-b99e-9123e2f6e0aa,portfolio
f2a88c1a-16a4-4338-8635-285e380fa9eb,api
f2a88c1a-16a4-4338-8635-285e380fa9eb,authentication
f2a88c1a-16a4-4338-8635-285e380fa9eb,dashboard
f2a88c1a-16a4-4338-8635-285e380fa9eb,database
f2a88c1a-16a4-4338-8635-285e380fa9eb,portfolio
dc375d7b-5925-4346-b232-33e7c09e91ac,api
dc375d7b-5925-4346-b232-33e7c09e91ac,authentication
dc375d7b-5925-4346-b232-33e7c09e91ac,dashboard
dc375d7b-5925-4346-b232-33e7c09e91ac,database
dc375d7b-5925-4346-b232-33e7c09e91ac,portfolio
4a1ed3f5-3513-4d52-8bf2-18010dc65aa3,api
4a1ed3f5-3513-4d52-8bf2-18010dc65aa3,authentication
4a1ed3f5-3513-4d52-8bf2-18010dc65aa3,dashboard
4a1ed3f5-3513-4d52-8bf2-18010dc65aa3,database
4a1ed3f5-3513-4d52-8bf2-18010dc65aa3,portfolio
68ec8784-6ac5-4852-ae40-3b82fd4d010e,api
68ec8784-6ac5-4852-ae40-3b82fd4d010e,authentication
68ec8784-6ac5-4852-ae40-3b82fd4d010e,dashboard
68ec8784-6ac5-4852-ae40-3b82fd4d010e,database
68ec8784-6ac5-4852-ae40-3b82fd4d010e,portfolio
c5e845a8-3112-44b9-8844-f4f54e8a2d9c,api
c5e845a8-3112-44b9-8844-f4f54e8a2d9c,authentication
c5e845a8-3112-44b9-8844-f4f54e8a2d9c,dashboard
c5e845a8-3112-44b9-8844-f4f54e8a2d9c,database
c5e845a8-3112-44b9-8844-f4f54e8a2d9c,portfolio
9b7afdc4-9d07-479c-aeca-87399619086c,api
9b7afdc4-9d07-479c-aeca-87399619086c,authentication
9b7afdc4-9d07-479c-aeca-87399619086c,dashboard
9b7afdc4-9d07-479c-aeca-87399619086c,database
9b7afdc4-9d07-479c-aeca-87399619086c,portfolio
cee277a2-252a-4d6d-a6b4-ca2291f3b047,api
cee277a2-252a-4d6d-a6b4-ca2291f3b047,authentication
cee277a2-252a-4d6d-a6b4-ca2291f3b047,dashboard
cee277a2-252a-4d6d-a6b4-ca2291f3b047,database
cee277a2-252a-4d6d-a6b4-ca2291f3b047,portfolio
85d54f89-f312-44e7-8496-52e378792fd5,api
85d54f89-f312-44e7-8496-52e378792fd5,authentication
85d54f89-f312-44e7-8496-52e378792fd5,dashboard
85d54f89-f312-44e7-8496-52e378792fd5,database
85d54f89-f312-44e7-8496-52e378792fd5,portfolio
93f3303f-f348-4a6b-ba2e-6cb8c99e0017,api
93f3303f-f348-4a6b-ba2e-6cb8c99e0017,authentication
93f3303f-f348-4a6b-ba2e-6cb8c99e0017,dashboard
93f3303f-f348-4a6b-ba2e-6cb8c99e0017,database
93f3303f-f348-4a6b-ba2e-6cb8c99e0017,portfolio
6e03ed0c-0d20-4147-a680-332e759a07dd,api
6e03ed0c-0d20-4147-a680-332e759a07dd,authentication
6e03ed0c-0d20-4147-a680-332e759a07dd,dashboard
6e03ed0c-0d20-4147-a680-332e759a07dd,database
6e03ed0c-0d20-4147-a680-332e759a07dd,portfolio
f3d6352b-6832-49fc-ae36-cf56de5c2bb1,api
f3d6352b-6832-49fc-ae36-cf56de5c2bb1,authentication
f3d6352b-6832-49fc-ae36-cf56de5c2bb1,dashboard
f3d6352b-6832-49fc-ae36-cf56de5c2bb1,database
f3d6352b-6832-49fc-ae36-cf56de5c2bb1,portfolio
e64973ab-ff5b-42b8-8715-b84995c4e0a0,api
e64973ab-ff5b-42b8-8715-b84995c4e0a0,authentication
e64973ab-ff5b-42b8-8715-b84995c4e0a0,dashboard
e64973ab-ff5b-42b8-8715-b84995c4e0a0,database
e64973ab-ff5b-42b8-8715-b84995c4e0a0,portfolio
ae1db8ce-e797-4a15-9fe4-3bd28130ede1,api
ae1db8ce-e797-4a15-9fe4-3bd28130ede1,database
ae1db8ce-e797-4a15-9fe4-3bd28130ede1,knowledge-graph
ae1db8ce-e797-4a15-9fe4-3bd28130ede1,monitoring
85d16b40-5ac1-4de3-bf86-6f28db432856,api
85d16b40-5ac1-4de3-bf86-6f28db432856,database
85d16b40-5ac1-4de3-bf86-6f28db432856,knowledge-graph
85d16b40-5ac1-4de3-bf86-6f28db432856,monitoring
2f9356bd-2837-42fd-85ff-24afab42dcf7,api
2f9356bd-2837-42fd-85ff-24afab42dcf7,database
2f9356bd-2837-42fd-85ff-24afab42dcf7,knowledge-graph
2f9356bd-2837-42fd-85ff-24afab42dcf7,monitoring
bd8b505a-f5cf-4b38-a76f-2421d2152ffb,api
bd8b505a-f5cf-4b38-a76f-2421d2152ffb,database
bd8b505a-f5cf-4b38-a76f-2421d2152ffb,knowledge-graph
bd8b505a-f5cf-4b38-a76f-2421d2152ffb,monitoring
dcc90fd7-aefc-4e45-b1e5-95703e50ea87,api
dcc90fd7-aefc-4e45-b1e5-95703e50ea87,database
dcc90fd7-aefc-4e45-b1e5-95703e50ea87,knowledge-graph
dcc90fd7-aefc-4e45-b1e5-95703e50ea87,monitoring
921d1fab-e2b2-407a-a7a5-2613443f7ce4,api
921d1fab-e2b2-407a-a7a5-2613443f7ce4,database
921d1fab-e2b2-407a-a7a5-2613443f7ce4,knowledge-graph
921d1fab-e2b2-407a-a7a5-2613443f7ce4,monitoring
043c6a81-c6f6-40e2-9124-2b0e3558d65b,api
043c6a81-c6f6-40e2-9124-2b0e3558d65b,authentication
043c6a81-c6f6-40e2-9124-2b0e3558d65b,dashboard
043c6a81-c6f6-40e2-9124-2b0e3558d65b,database
043c6a81-c6f6-40e2-9124-2b0e3558d65b,portfolio
51c2c031-02b0-4148-b832-770c16239b68,api
51c2c031-02b0-4148-b832-770c16239b68,authentication
51c2c031-02b0-4148-b832-770c16239b68,dashboard
51c2c031-02b0-4148-b832-770c16239b68,database
51c2c031-02b0-4148-b832-770c16239b68,monitoring
80a66845-2d08-4c50-b0eb-fdfde32cbf73,api
80a66845-2d08-4c50-b0eb-fdfde32cbf73,authentication
80a66845-2d08-4c50-b0eb-fdfde32cbf73,dashboard
80a66845-2d08-4c50-b0eb-fdfde32cbf73,database
80a66845-2d08-4c50-b0eb-fdfde32cbf73,monitoring
ed6015ca-25bd-44a5-830a-0c133c775458,api
ed6015ca-25bd-44a5-830a-0c133c775458,authentication
ed6015ca-25bd-44a5-830a-0c133c775458,dashboard
ed6015ca-25bd-44a5-830a-0c133c775458,database
ed6015ca-25bd-44a5-830a-0c133c775458,portfolio
6e468241-bfde-4f52-a4e0-e48cf1c708c6,api
6e468241-bfde-4f52-a4e0-e48cf1c708c6,database
6e468241-bfde-4f52-a4e0-e48cf1c708c6,knowledge-graph
6e468241-bfde-4f52-a4e0-e48cf1c708c6,monitoring
bb2867fc-3544-44d1-8990-2168165ffa9b,api
bb2867fc-3544-44d1-8990-2168165ffa9b,database
bb2867fc-3544-44d1-8990-2168165ffa9b,knowledge-graph
bb2867fc-3544-44d1-8990-2168165ffa9b,monitoring
69a86ec5-7a1f-42b1-ae57-b976b548af46,api
69a86ec5-7a1f-42b1-ae57-b976b548af46,database
69a86ec5-7a1f-42b1-ae57-b976b548af46,knowledge-graph
69a86ec5-7a1f-42b1-ae57-b976b548af46,monitoring
d8574cc5-baa6-4f24-bc63-12992dd55968,api
d8574cc5-baa6-4f24-bc63-12992dd55968,database
d8574cc5-baa6-4f24-bc63-12992dd55968,knowledge-graph
d8574cc5-baa6-4f24-bc63-12992dd55968,monitoring
6bbaa1e6-372f-4f89-b412-8558aa0b3f2f,api
6bbaa1e6-372f-4f89-b412-8558aa0b3f2f,database
6bbaa1e6-372f-4f89-b412-8558aa0b3f2f,knowledge-graph
6bbaa1e6-372f-4f89-b412-8558aa0b3f2f,monitoring
6ae13ef3-1eb7-405e-874e-025f1a4133e5,api
6ae13ef3-1eb7-405e-874e-025f1a4133e5,database
6ae13ef3-1eb7-405e-874e-025f1a4133e5,knowledge-graph
6ae13ef3-1eb7-405e-874e-025f1a4133e5,monitoring
b2c657be-d3be-4c35-9e5f-b5a0b9760346,api
b2c657be-d3be-4c35-9e5f-b5a0b9760346,database
b2c657be-d3be-4c35-9e5f-b5a0b9760346,knowledge-graph
b2c657be-d3be-4c35-9e5f-b5a0b9760346,monitoring
8aa1ac6e-558e-4c0d-ac86-f48764bfe189,api
8aa1ac6e-558e-4c0d-ac86-f48764bfe189,database
8aa1ac6e-558e-4c0d-ac86-f48764bfe189,knowledge-graph
8aa1ac6e-558e-4c0d-ac86-f48764bfe189,monitoring
acaebb39-b849-4de5-ab89-6e9d17bef695,api
acaebb39-b849-4de5-ab89-6e9d17bef695,database
acaebb39-b849-4de5-ab89-6e9d17bef695,knowledge-graph
acaebb39-b849-4de5-ab89-6e9d17bef695,monitoring
813ea1ce-b9cb-46db-8d8b-8e30dbd2ff18,api
813ea1ce-b9cb-46db-8d8b-8e30dbd2ff18,database
813ea1ce-b9cb-46db-8d8b-8e30dbd2ff18,knowledge-graph
813ea1ce-b9cb-46db-8d8b-8e30dbd2ff18,monitoring
66ac7cd0-7c20-441b-a8c3-de3431b0edea,api
66ac7cd0-7c20-441b-a8c3-de3431b0edea,database
66ac7cd0-7c20-441b-a8c3-de3431b0edea,knowledge-graph
66ac7cd0-7c20-441b-a8c3-de3431b0edea,monitoring
c9b5a5f2-5901-40aa-90a2-c7eda2259360,api
c9b5a5f2-5901-40aa-90a2-c7eda2259360,database
c9b5a5f2-5901-40aa-90a2-c7eda2259360,knowledge-graph
c9b5a5f2-5901-40aa-90a2-c7eda2259360,monitoring
d65afe5a-bdf0-4f71-8f0f-413a55166c5a,api
d65afe5a-bdf0-4f71-8f0f-413a55166c5a,database
d65afe5a-bdf0-4f71-8f0f-413a55166c5a,knowledge-graph
d65afe5a-bdf0-4f71-8f0f-413a55166c5a,monitoring
c733691c-866c-4f3a-86ca-cc71b2d86265,api
c733691c-866c-4f3a-86ca-cc71b2d86265,database
c733691c-866c-4f3a-86ca-cc71b2d86265,knowledge-graph
c733691c-866c-4f3a-86ca-cc71b2d86265,monitoring
eb2d7881-299f-4dd2-9241-d579b309de2c,api
eb2d7881-299f-4dd2-9241-d579b309de2c,database
eb2d7881-299f-4dd2-9241-d579b309de2c,knowledge-graph
eb2d7881-299f-4dd2-9241-d579b309de2c,monitoring
c74bf3af-4f91-4781-a379-e0ae3885030f,api
c74bf3af-4f91-4781-a379-e0ae3885030f,database
c74bf3af-4f91-4781-a379-e0ae3885030f,knowledge-graph
c74bf3af-4f91-4781-a379-e0ae3885030f,monitoring
423e48d7-b18c-433c-976f-6891707eb8db,api
423e48d7-b18c-433c-976f-6891707eb8db,database
423e48d7-b18c-433c-976f-6891707eb8db,knowledge-graph
423e48d7-b18c-433c-976f-6891707eb8db,monitoring
6e32000d-b9a2-4ceb-980b-b86e4b4472ff,api
6e32000d-b9a2-4ceb-980b-b86e4b4472ff,database
6e32000d-b9a2-4ceb-980b-b86e4b4472ff,knowledge-graph
6e32000d-b9a2-4ceb-980b-b86e4b4472ff,monitoring
75d57c4e-04e8-4c92-9b3e-4af48bb31e73,api
75d57c4e-04e8-4c92-9b3e-4af48bb31e73,database
75d57c4e-04e8-4c92-9b3e-4af48bb31e73,knowledge-graph
75d57c4e-04e8-4c92-9b3e-4af48bb31e73,monitoring
d7e0e22f-afbb-47c0-9885-5d906a01cf92,api
d7e0e22f-afbb-47c0-9885-5d906a01cf92,database
d7e0e22f-afbb-47c0-9885-5d906a01cf92,knowledge-graph
d7e0e22f-afbb-47c0-9885-5d906a01cf92,monitoring
331be19d-de55-4ef5-816c-61b2864cc5f6,api
331be19d-de55-4ef5-816c-61b2864cc5f6,database
331be19d-de55-4ef5-816c-61b2864cc5f6,knowledge-graph
331be19d-de55-4ef5-816c-61b2864cc5f6,monitoring
016c0093-6720-41b3-893a-c55ff3677484,api
016c0093-6720-41b3-893a-c55ff3677484,database
016c0093-6720-41b3-893a-c55ff3677484,knowledge-graph
016c0093-6720-41b3-893a-c55ff3677484,monitoring
aaefb38e-6387-4201-abec-6e5c7f7f25b2,api
aaefb38e-6387-4201-abec-6e5c7f7f25b2,authentication
aaefb38e-6387-4201-abec-6e5c7f7f25b2,dashboard
aaefb38e-6387-4201-abec-6e5c7f7f25b2,database
aaefb38e-6387-4201-abec-6e5c7f7f25b2,monitoring
5e3fc237-1b40-4f1a-81f7-b66908c2d4fa,api
5e3fc237-1b40-4f1a-81f7-b66908c2d4fa,authentication
5e3fc237-1b40-4f1a-81f7-b66908c2d4fa,database
5e3fc237-1b40-4f1a-81f7-b66908c2d4fa,monitoring
5e3fc237-1b40-4f1a-81f7-b66908c2d4fa,security
15572af9-e058-492c-b9e9-0938b4d07fb7,api
15572af9-e058-492c-b9e9-0938b4d07fb7,authentication
15572af9-e058-492c-b9e9-0938b4d07fb7,database
15572af9-e058-492c-b9e9-0938b4d07fb7,monitoring
15572af9-e058-492c-b9e9-0938b4d07fb7,payment
15572af9-e058-492c-b9e9-0938b4d07fb7,security
62adf78e-c391-4e8d-a0c5-c45f73b4fa06,api
62adf78e-c391-4e8d-a0c5-c45f73b4fa06,authentication
62adf78e-c391-4e8d-a0c5-c45f73b4fa06,database
62adf78e-c391-4e8d-a0c5-c45f73b4fa06,monitoring
62adf78e-c391-4e8d-a0c5-c45f73b4fa06,payment
62adf78e-c391-4e8d-a0c5-c45f73b4fa06,security
645f19c8-cbab-48ac-8d92-08ee7d424015,api
645f19c8-cbab-48ac-8d92-08ee7d424015,authentication
645f19c8-cbab-48ac-8d92-08ee7d424015,dashboard
645f19c8-cbab-48ac-8d92-08ee7d424015,database
645f19c8-cbab-48ac-8d92-08ee7d424015,portfolio
8cc3a6d7-c784-480c-b552-179e3c9282fb,api
8cc3a6d7-c784-480c-b552-179e3c9282fb,authentication
8cc3a6d7-c784-480c-b552-179e3c9282fb,dashboard
8cc3a6d7-c784-480c-b552-179e3c9282fb,database
8cc3a6d7-c784-480c-b552-179e3c9282fb,portfolio
d7ddcedd-b082-4e19-b6b4-369cb6a52322,api
d7ddcedd-b082-4e19-b6b4-369cb6a52322,authentication
d7ddcedd-b082-4e19-b6b4-369cb6a52322,dashboard
d7ddcedd-b082-4e19-b6b4-369cb6a52322,database
d7ddcedd-b082-4e19-b6b4-369cb6a52322,portfolio
38f31487-8db1-447f-a399-b058408b194c,api
38f31487-8db1-447f-a399-b058408b194c,authentication
38f31487-8db1-447f-a399-b058408b194c,dashboard
38f31487-8db1-447f-a399-b058408b194c,database
38f31487-8db1-447f-a399-b058408b194c,portfolio
e52fe3ef-7143-493b-972b-842b0e3dc914,api
e52fe3ef-7143-493b-972b-842b0e3dc914,authentication
e52fe3ef-7143-493b-972b-842b0e3dc914,dashboard
e52fe3ef-7143-493b-972b-842b0e3dc914,database
e52fe3ef-7143-493b-972b-842b0e3dc914,portfolio
9e4f8a59-04d9-4057-a45f-1674be04bf5c,api
9e4f8a59-04d9-4057-a45f-1674be04bf5c,authentication
9e4f8a59-04d9-4057-a45f-1674be04bf5c,dashboard
9e4f8a59-04d9-4057-a45f-1674be04bf5c,database
9e4f8a59-04d9-4057-a45f-1674be04bf5c,monitoring
8114d985-08c8-4a84-ac8c-66d5ab341429,api
8114d985-08c8-4a84-ac8c-66d5ab341429,authentication
8114d985-08c8-4a84-ac8c-66d5ab341429,dashboard
8114d985-08c8-4a84-ac8c-66d5ab341429,database
8114d985-08c8-4a84-ac8c-66d5ab341429,monitoring
fd2288c3-1121-4d93-bfaa-29850dfcd027,api
fd2288c3-1121-4d93-bfaa-29850dfcd027,authentication
fd2288c3-1121-4d93-bfaa-29850dfcd027,database
fd2288c3-1121-4d93-bfaa-29850dfcd027,monitoring
fd2288c3-1121-4d93-bfaa-29850dfcd027,security
2471d5ff-1524-4bca-98f6-48080f8b75d6,api
2471d5ff-1524-4bca-98f6-48080f8b75d6,authentication
2471d5ff-1524-4bca-98f6-48080f8b75d6,database
2471d5ff-1524-4bca-98f6-48080f8b75d6,monitoring
2471d5ff-1524-4bca-98f6-48080f8b75d6,security
c866fec8-a7a9-49ae-ada3-9ae2b61936a9,api
c866fec8-a7a9-49ae-ada3-9ae2b61936a9,authentication
c866fec8-a7a9-49ae-ada3-9ae2b61936a9,database
c866fec8-a7a9-49ae-ada3-9ae2b61936a9,monitoring
c866fec8-a7a9-49ae-ada3-9ae2b61936a9,security
ee6e566c-e19d-47b1-a996-460577499ee4,api
ee6e566c-e19d-47b1-a996-460577499ee4,authentication
ee6e566c-e19d-47b1-a996-460577499ee4,database
ee6e566c-e19d-47b1-a996-460577499ee4,monitoring
ee6e566c-e19d-47b1-a996-460577499ee4,security
a3db939f-2f22-4ba6-a702-7fcbc4ef85b7,api
a3db939f-2f22-4ba6-a702-7fcbc4ef85b7,authentication
a3db939f-2f22-4ba6-a702-7fcbc4ef85b7,database
a3db939f-2f22-4ba6-a702-7fcbc4ef85b7,monitoring
a3db939f-2f22-4ba6-a702-7fcbc4ef85b7,security
feeefc69-b1fd-4f4e-91f3-9bf4ab607cf2,api
feeefc69-b1fd-4f4e-91f3-9bf4ab607cf2,authentication
feeefc69-b1fd-4f4e-91f3-9bf4ab607cf2,dashboard
feeefc69-b1fd-4f4e-91f3-9bf4ab607cf2,database
feeefc69-b1fd-4f4e-91f3-9bf4ab607cf2,workspace
d1f6f63b-92ae-4fbe-8093-37109d55a981,api
d1f6f63b-92ae-4fbe-8093-37109d55a981,authentication
d1f6f63b-92ae-4fbe-8093-37109d55a981,dashboard
d1f6f63b-92ae-4fbe-8093-37109d55a981,database
d1f6f63b-92ae-4fbe-8093-37109d55a981,workspace
49526c95-3d5f-4702-9c1b-eafe7fa02750,api
49526c95-3d5f-4702-9c1b-eafe7fa02750,authentication
49526c95-3d5f-4702-9c1b-eafe7fa02750,dashboard
49526c95-3d5f-4702-9c1b-eafe7fa02750,database
49526c95-3d5f-4702-9c1b-eafe7fa02750,portfolio
60c4c576-e373-4bf6-95c4-17934c1ec1d9,api
60c4c576-e373-4bf6-95c4-17934c1ec1d9,database
60c4c576-e373-4bf6-95c4-17934c1ec1d9,knowledge-graph
60c4c576-e373-4bf6-95c4-17934c1ec1d9,monitoring
74cd1d37-8e52-4440-a31c-43cd4be8e18b,api
74cd1d37-8e52-4440-a31c-43cd4be8e18b,database
74cd1d37-8e52-4440-a31c-43cd4be8e18b,knowledge-graph
74cd1d37-8e52-4440-a31c-43cd4be8e18b,monitoring
b54d49c0-24c4-47d7-93f9-d0679060c937,api
b54d49c0-24c4-47d7-93f9-d0679060c937,authentication
b54d49c0-24c4-47d7-93f9-d0679060c937,dashboard
b54d49c0-24c4-47d7-93f9-d0679060c937,database
b54d49c0-24c4-47d7-93f9-d0679060c937,portfolio
616c179b-5df3-42f5-b7c8-49ae5b70d9ee,api
616c179b-5df3-42f5-b7c8-49ae5b70d9ee,database
616c179b-5df3-42f5-b7c8-49ae5b70d9ee,knowledge-graph
616c179b-5df3-42f5-b7c8-49ae5b70d9ee,monitoring
53092cce-000a-4f02-acbd-c38c3e47fe4b,api
53092cce-000a-4f02-acbd-c38c3e47fe4b,authentication
53092cce-000a-4f02-acbd-c38c3e47fe4b,dashboard
53092cce-000a-4f02-acbd-c38c3e47fe4b,database
53092cce-000a-4f02-acbd-c38c3e47fe4b,portfolio
3a440860-6aed-44b2-8493-72da772496b6,api
3a440860-6aed-44b2-8493-72da772496b6,authentication
3a440860-6aed-44b2-8493-72da772496b6,database
3a440860-6aed-44b2-8493-72da772496b6,monitoring
3a440860-6aed-44b2-8493-72da772496b6,security
791334c8-a949-41bf-b656-a9c2891eec02,api
791334c8-a949-41bf-b656-a9c2891eec02,authentication
791334c8-a949-41bf-b656-a9c2891eec02,database
791334c8-a949-41bf-b656-a9c2891eec02,monitoring
791334c8-a949-41bf-b656-a9c2891eec02,security
4dca4506-63b7-47fe-aaed-02f187174e0c,api
4dca4506-63b7-47fe-aaed-02f187174e0c,database
4dca4506-63b7-47fe-aaed-02f187174e0c,knowledge-graph
4dca4506-63b7-47fe-aaed-02f187174e0c,monitoring
b13db59f-e664-4315-9af3-5452a3c9f95c,api
b13db59f-e664-4315-9af3-5452a3c9f95c,authentication
b13db59f-e664-4315-9af3-5452a3c9f95c,database
b13db59f-e664-4315-9af3-5452a3c9f95c,monitoring
b13db59f-e664-4315-9af3-5452a3c9f95c,payment
b13db59f-e664-4315-9af3-5452a3c9f95c,security
554e22d2-a833-48b3-b9db-a02721589a59,api
554e22d2-a833-48b3-b9db-a02721589a59,authentication
554e22d2-a833-48b3-b9db-a02721589a59,dashboard
554e22d2-a833-48b3-b9db-a02721589a59,database
554e22d2-a833-48b3-b9db-a02721589a59,monitoring
3dd10317-9390-4ece-be1d-7727c9a3c77d,api
3dd10317-9390-4ece-be1d-7727c9a3c77d,authentication
3dd10317-9390-4ece-be1d-7727c9a3c77d,dashboard
3dd10317-9390-4ece-be1d-7727c9a3c77d,database
3dd10317-9390-4ece-be1d-7727c9a3c77d,monitoring
51b7ebf7-d058-49ec-8833-8021a05b7a09,api
51b7ebf7-d058-49ec-8833-8021a05b7a09,authentication
51b7ebf7-d058-49ec-8833-8021a05b7a09,dashboard
51b7ebf7-d058-49ec-8833-8021a05b7a09,database
51b7ebf7-d058-49ec-8833-8021a05b7a09,monitoring
d0d98760-a747-4f6b-b1ca-b7ae450b1c94,api
d0d98760-a747-4f6b-b1ca-b7ae450b1c94,authentication
d0d98760-a747-4f6b-b1ca-b7ae450b1c94,database
d0d98760-a747-4f6b-b1ca-b7ae450b1c94,monitoring
d0d98760-a747-4f6b-b1ca-b7ae450b1c94,security
735005b0-79ea-4830-9dea-3cbe38f8bdc5,api
735005b0-79ea-4830-9dea-3cbe38f8bdc5,authentication
735005b0-79ea-4830-9dea-3cbe38f8bdc5,database
735005b0-79ea-4830-9dea-3cbe38f8bdc5,monitoring
735005b0-79ea-4830-9dea-3cbe38f8bdc5,security
5f4b6855-0f89-4ea3-9c09-d10c6e1b4306,api
5f4b6855-0f89-4ea3-9c09-d10c6e1b4306,authentication
5f4b6855-0f89-4ea3-9c09-d10c6e1b4306,database
5f4b6855-0f89-4ea3-9c09-d10c6e1b4306,monitoring
5f4b6855-0f89-4ea3-9c09-d10c6e1b4306,security
69d0a7bd-f645-48e8-9370-1598d91fce73,api
69d0a7bd-f645-48e8-9370-1598d91fce73,authentication
69d0a7bd-f645-48e8-9370-1598d91fce73,database
69d0a7bd-f645-48e8-9370-1598d91fce73,monitoring
69d0a7bd-f645-48e8-9370-1598d91fce73,security
970a10cd-39de-444c-ab02-a322ffe9595b,api
970a10cd-39de-444c-ab02-a322ffe9595b,authentication
970a10cd-39de-444c-ab02-a322ffe9595b,dashboard
970a10cd-39de-444c-ab02-a322ffe9595b,database
970a10cd-39de-444c-ab02-a322ffe9595b,workspace
7bc634f2-5227-4b5b-986d-f73c46f575d3,api
7bc634f2-5227-4b5b-986d-f73c46f575d3,authentication
7bc634f2-5227-4b5b-986d-f73c46f575d3,dashboard
7bc634f2-5227-4b5b-986d-f73c46f575d3,database
7bc634f2-5227-4b5b-986d-f73c46f575d3,workspace
b67131dd-d6ff-4b21-8a9d-7e75d37a03ff,api
b67131dd-d6ff-4b21-8a9d-7e75d37a03ff,authentication
b67131dd-d6ff-4b21-8a9d-7e75d37a03ff,dashboard
b67131dd-d6ff-4b21-8a9d-7e75d37a03ff,database
b67131dd-d6ff-4b21-8a9d-7e75d37a03ff,workspace
3d9e26bd-f37c-4d22-a32c-e6fbc723b813,api
3d9e26bd-f37c-4d22-a32c-e6fbc723b813,authentication
3d9e26bd-f37c-4d22-a32c-e6fbc723b813,dashboard
3d9e26bd-f37c-4d22-a32c-e6fbc723b813,database
3d9e26bd-f37c-4d22-a32c-e6fbc723b813,workspace
5d0712c4-19f4-4fb0-9fd5-456d688e791b,api
5d0712c4-19f4-4fb0-9fd5-456d688e791b,authentication
5d0712c4-19f4-4fb0-9fd5-456d688e791b,dashboard
5d0712c4-19f4-4fb0-9fd5-456d688e791b,database
5d0712c4-19f4-4fb0-9fd5-456d688e791b,portfolio
146ed62c-d9e8-4285-b2c8-8b852dbfa76b,api
146ed62c-d9e8-4285-b2c8-8b852dbfa76b,authentication
146ed62c-d9e8-4285-b2c8-8b852dbfa76b,database
146ed62c-d9e8-4285-b2c8-8b852dbfa76b,monitoring
146ed62c-d9e8-4285-b2c8-8b852dbfa76b,payment
146ed62c-d9e8-4285-b2c8-8b852dbfa76b,security
0ef43be4-0a97-4b81-bb34-318e99be2e79,api
0ef43be4-0a97-4b81-bb34-318e99be2e79,authentication
0ef43be4-0a97-4b81-bb34-318e99be2e79,dashboard
0ef43be4-0a97-4b81-bb34-318e99be2e79,database
0ef43be4-0a97-4b81-bb34-318e99be2e79,portfolio
148ae630-ad97-4241-a1e6-2baf1ff50aca,api
148ae630-ad97-4241-a1e6-2baf1ff50aca,authentication
148ae630-ad97-4241-a1e6-2baf1ff50aca,dashboard
148ae630-ad97-4241-a1e6-2baf1ff50aca,database
148ae630-ad97-4241-a1e6-2baf1ff50aca,portfolio
0ea29e71-8639-4202-925b-ecb70c013800,api
0ea29e71-8639-4202-925b-ecb70c013800,authentication
0ea29e71-8639-4202-925b-ecb70c013800,dashboard
0ea29e71-8639-4202-925b-ecb70c013800,database
0ea29e71-8639-4202-925b-ecb70c013800,portfolio
135a93dd-eafe-4547-872d-1881adc1a5de,api
135a93dd-eafe-4547-872d-1881adc1a5de,authentication
135a93dd-eafe-4547-872d-1881adc1a5de,dashboard
135a93dd-eafe-4547-872d-1881adc1a5de,database
135a93dd-eafe-4547-872d-1881adc1a5de,portfolio
11042f16-27fe-4c22-80d8-719ec6a3dc83,api
11042f16-27fe-4c22-80d8-719ec6a3dc83,authentication
11042f16-27fe-4c22-80d8-719ec6a3dc83,dashboard
11042f16-27fe-4c22-80d8-719ec6a3dc83,database
11042f16-27fe-4c22-80d8-719ec6a3dc83,portfolio
0ade2bf0-c2a2-4373-9179-2c773ea44a76,api
0ade2bf0-c2a2-4373-9179-2c773ea44a76,authentication
0ade2bf0-c2a2-4373-9179-2c773ea44a76,dashboard
0ade2bf0-c2a2-4373-9179-2c773ea44a76,database
0ade2bf0-c2a2-4373-9179-2c773ea44a76,portfolio
150c4561-556e-49c2-a85f-a313bf3157bf,api
150c4561-556e-49c2-a85f-a313bf3157bf,authentication
150c4561-556e-49c2-a85f-a313bf3157bf,dashboard
150c4561-556e-49c2-a85f-a313bf3157bf,database
150c4561-556e-49c2-a85f-a313bf3157bf,monitoring
01c5e938-dbea-4bc7-9cdf-441ebc75c1a6,api
01c5e938-dbea-4bc7-9cdf-441ebc75c1a6,authentication
01c5e938-dbea-4bc7-9cdf-441ebc75c1a6,dashboard
01c5e938-dbea-4bc7-9cdf-441ebc75c1a6,database
01c5e938-dbea-4bc7-9cdf-441ebc75c1a6,monitoring
4d4db78a-818f-4ad3-81fb-cb4b4a1f9fbe,api
4d4db78a-818f-4ad3-81fb-cb4b4a1f9fbe,authentication
4d4db78a-818f-4ad3-81fb-cb4b4a1f9fbe,database
4d4db78a-818f-4ad3-81fb-cb4b4a1f9fbe,monitoring
4d4db78a-818f-4ad3-81fb-cb4b4a1f9fbe,security
9161fa5c-e0fb-4f9d-9a95-6f1134138635,api
9161fa5c-e0fb-4f9d-9a95-6f1134138635,authentication
9161fa5c-e0fb-4f9d-9a95-6f1134138635,database
9161fa5c-e0fb-4f9d-9a95-6f1134138635,monitoring
9161fa5c-e0fb-4f9d-9a95-6f1134138635,security
f63eb65f-2a9c-4cf6-857c-a306d4e95c7f,api
f63eb65f-2a9c-4cf6-857c-a306d4e95c7f,authentication
f63eb65f-2a9c-4cf6-857c-a306d4e95c7f,database
f63eb65f-2a9c-4cf6-857c-a306d4e95c7f,monitoring
f63eb65f-2a9c-4cf6-857c-a306d4e95c7f,security
8071f41e-7e52-471b-bd3a-827275046c85,api
8071f41e-7e52-471b-bd3a-827275046c85,authentication
8071f41e-7e52-471b-bd3a-827275046c85,dashboard
8071f41e-7e52-471b-bd3a-827275046c85,database
8071f41e-7e52-471b-bd3a-827275046c85,monitoring
03bdd08f-74c4-4136-9e20-b1116922c386,api
03bdd08f-74c4-4136-9e20-b1116922c386,authentication
03bdd08f-74c4-4136-9e20-b1116922c386,database
03bdd08f-74c4-4136-9e20-b1116922c386,monitoring
03bdd08f-74c4-4136-9e20-b1116922c386,security
082e7623-58f3-484b-a306-43d607fbf147,api
082e7623-58f3-484b-a306-43d607fbf147,authentication
082e7623-58f3-484b-a306-43d607fbf147,database
082e7623-58f3-484b-a306-43d607fbf147,monitoring
082e7623-58f3-484b-a306-43d607fbf147,security
0142298f-d27e-4f27-b9f7-621d7df2051d,api
0142298f-d27e-4f27-b9f7-621d7df2051d,authentication
0142298f-d27e-4f27-b9f7-621d7df2051d,dashboard
0142298f-d27e-4f27-b9f7-621d7df2051d,database
0142298f-d27e-4f27-b9f7-621d7df2051d,workspace
13a359cd-b81e-4308-97ae-866caa26cbaf,api
13a359cd-b81e-4308-97ae-866caa26cbaf,authentication
13a359cd-b81e-4308-97ae-866caa26cbaf,dashboard
13a359cd-b81e-4308-97ae-866caa26cbaf,database
13a359cd-b81e-4308-97ae-866caa26cbaf,workspace
1467e5ce-7a97-4daa-a208-f412fcd8d0b9,api
1467e5ce-7a97-4daa-a208-f412fcd8d0b9,authentication
1467e5ce-7a97-4daa-a208-f412fcd8d0b9,dashboard
1467e5ce-7a97-4daa-a208-f412fcd8d0b9,database
1467e5ce-7a97-4daa-a208-f412fcd8d0b9,portfolio
09093afd-1fab-450c-b158-2987b6224e27,api
09093afd-1fab-450c-b158-2987b6224e27,database
09093afd-1fab-450c-b158-2987b6224e27,knowledge-graph
09093afd-1fab-450c-b158-2987b6224e27,monitoring
0811dbca-04ed-4e24-a051-2fc8ab94d028,api
0811dbca-04ed-4e24-a051-2fc8ab94d028,authentication
0811dbca-04ed-4e24-a051-2fc8ab94d028,dashboard
0811dbca-04ed-4e24-a051-2fc8ab94d028,database
0811dbca-04ed-4e24-a051-2fc8ab94d028,portfolio
082c9549-b479-4b6b-a94d-039c24a9fd70,api
082c9549-b479-4b6b-a94d-039c24a9fd70,database
082c9549-b479-4b6b-a94d-039c24a9fd70,knowledge-graph
082c9549-b479-4b6b-a94d-039c24a9fd70,monitoring
0955b8a2-ea66-407c-b8f4-ff66a162c9f9,api
0955b8a2-ea66-407c-b8f4-ff66a162c9f9,database
0955b8a2-ea66-407c-b8f4-ff66a162c9f9,knowledge-graph
0955b8a2-ea66-407c-b8f4-ff66a162c9f9,monitoring
058bc6e3-2b03-4234-ade7-5bdc10a27e79,api
058bc6e3-2b03-4234-ade7-5bdc10a27e79,authentication
058bc6e3-2b03-4234-ade7-5bdc10a27e79,dashboard
058bc6e3-2b03-4234-ade7-5bdc10a27e79,database
058bc6e3-2b03-4234-ade7-5bdc10a27e79,portfolio
0d31cc43-724b-4f18-ab7e-eee59d351acd,api
0d31cc43-724b-4f18-ab7e-eee59d351acd,authentication
0d31cc43-724b-4f18-ab7e-eee59d351acd,dashboard
0d31cc43-724b-4f18-ab7e-eee59d351acd,database
0d31cc43-724b-4f18-ab7e-eee59d351acd,monitoring
143e7aea-a027-43c8-8d0e-8d0f2bb56ebe,api
143e7aea-a027-43c8-8d0e-8d0f2bb56ebe,authentication
143e7aea-a027-43c8-8d0e-8d0f2bb56ebe,database
143e7aea-a027-43c8-8d0e-8d0f2bb56ebe,monitoring
143e7aea-a027-43c8-8d0e-8d0f2bb56ebe,security
0cb23daa-89cf-4024-8d48-19ef3070544b,api
0cb23daa-89cf-4024-8d48-19ef3070544b,authentication
0cb23daa-89cf-4024-8d48-19ef3070544b,database
0cb23daa-89cf-4024-8d48-19ef3070544b,monitoring
0cb23daa-89cf-4024-8d48-19ef3070544b,security
0c6aee03-1791-4ee5-be62-3b728b329507,api
0c6aee03-1791-4ee5-be62-3b728b329507,authentication
0c6aee03-1791-4ee5-be62-3b728b329507,database
0c6aee03-1791-4ee5-be62-3b728b329507,monitoring
0c6aee03-1791-4ee5-be62-3b728b329507,security
0b77ec4f-069c-4cec-a1ab-e512b6112c51,api
0b77ec4f-069c-4cec-a1ab-e512b6112c51,authentication
0b77ec4f-069c-4cec-a1ab-e512b6112c51,database
0b77ec4f-069c-4cec-a1ab-e512b6112c51,monitoring
0b77ec4f-069c-4cec-a1ab-e512b6112c51,security
070d3984-7a16-478c-af2d-eb1ee1956679,api
070d3984-7a16-478c-af2d-eb1ee1956679,authentication
070d3984-7a16-478c-af2d-eb1ee1956679,database
070d3984-7a16-478c-af2d-eb1ee1956679,monitoring
070d3984-7a16-478c-af2d-eb1ee1956679,security
05724c9d-2438-42d6-acb5-d56a1ee13700,api
05724c9d-2438-42d6-acb5-d56a1ee13700,authentication
05724c9d-2438-42d6-acb5-d56a1ee13700,dashboard
05724c9d-2438-42d6-acb5-d56a1ee13700,database
05724c9d-2438-42d6-acb5-d56a1ee13700,portfolio
12502e9e-f74e-477a-aaa7-692515b8e7bf,api
12502e9e-f74e-477a-aaa7-692515b8e7bf,authentication
12502e9e-f74e-477a-aaa7-692515b8e7bf,dashboard
12502e9e-f74e-477a-aaa7-692515b8e7bf,database
12502e9e-f74e-477a-aaa7-692515b8e7bf,portfolio
12b83702-3d09-4d1e-8153-309513fa9c5d,api
12b83702-3d09-4d1e-8153-309513fa9c5d,database
12b83702-3d09-4d1e-8153-309513fa9c5d,knowledge-graph
12b83702-3d09-4d1e-8153-309513fa9c5d,monitoring
04a3ad6b-edcf-4945-ba81-ca8e0ca8a265,api
04a3ad6b-edcf-4945-ba81-ca8e0ca8a265,authentication
04a3ad6b-edcf-4945-ba81-ca8e0ca8a265,dashboard
04a3ad6b-edcf-4945-ba81-ca8e0ca8a265,database
04a3ad6b-edcf-4945-ba81-ca8e0ca8a265,portfolio
10632f64-18a7-4ee0-98ac-a5cde697b304,api
10632f64-18a7-4ee0-98ac-a5cde697b304,authentication
10632f64-18a7-4ee0-98ac-a5cde697b304,dashboard
10632f64-18a7-4ee0-98ac-a5cde697b304,database
10632f64-18a7-4ee0-98ac-a5cde697b304,monitoring
14ca9c22-60b1-470f-b4ed-75345f04b6ae,api
14ca9c22-60b1-470f-b4ed-75345f04b6ae,authentication
14ca9c22-60b1-470f-b4ed-75345f04b6ae,dashboard
14ca9c22-60b1-470f-b4ed-75345f04b6ae,database
14ca9c22-60b1-470f-b4ed-75345f04b6ae,workspace
0f8fb560-a2fe-44f5-a527-8473a64371eb,api
0f8fb560-a2fe-44f5-a527-8473a64371eb,authentication
0f8fb560-a2fe-44f5-a527-8473a64371eb,dashboard
0f8fb560-a2fe-44f5-a527-8473a64371eb,database
0f8fb560-a2fe-44f5-a527-8473a64371eb,portfolio
0237b0cc-4b8b-4979-9c97-31ecd9f9645d,api
0237b0cc-4b8b-4979-9c97-31ecd9f9645d,authentication
0237b0cc-4b8b-4979-9c97-31ecd9f9645d,database
0237b0cc-4b8b-4979-9c97-31ecd9f9645d,monitoring
0237b0cc-4b8b-4979-9c97-31ecd9f9645d,security
0c242bc0-f5ff-4fdc-b9d4-9852ef03e2e9,api
0c242bc0-f5ff-4fdc-b9d4-9852ef03e2e9,authentication
0c242bc0-f5ff-4fdc-b9d4-9852ef03e2e9,database
0c242bc0-f5ff-4fdc-b9d4-9852ef03e2e9,monitoring
0c242bc0-f5ff-4fdc-b9d4-9852ef03e2e9,security
2419bf07-b3f2-400f-a2c5-acab2bce597b,api
2419bf07-b3f2-400f-a2c5-acab2bce597b,construction
2419bf07-b3f2-400f-a2c5-acab2bce597b,dashboard
2419bf07-b3f2-400f-a2c5-acab2bce597b,database
2419bf07-b3f2-400f-a2c5-acab2bce597b,workspace
2f0bd0aa-8800-4a7e-ae2d-8ce98c11e571,api
2f0bd0aa-8800-4a7e-ae2d-8ce98c11e571,construction
2f0bd0aa-8800-4a7e-ae2d-8ce98c11e571,dashboard
2f0bd0aa-8800-4a7e-ae2d-8ce98c11e571,database
2f0bd0aa-8800-4a7e-ae2d-8ce98c11e571,workspace
1d84705c-8ebd-4c0c-83cf-cf383951b7bb,api
1d84705c-8ebd-4c0c-83cf-cf383951b7bb,construction
1d84705c-8ebd-4c0c-83cf-cf383951b7bb,dashboard
1d84705c-8ebd-4c0c-83cf-cf383951b7bb,database
1d84705c-8ebd-4c0c-83cf-cf383951b7bb,workspace
3639fa60-a2aa-4c02-85e6-bb1b8a2f3910,api
3639fa60-a2aa-4c02-85e6-bb1b8a2f3910,construction
3639fa60-a2aa-4c02-85e6-bb1b8a2f3910,dashboard
3639fa60-a2aa-4c02-85e6-bb1b8a2f3910,database
3639fa60-a2aa-4c02-85e6-bb1b8a2f3910,workspace
64df5998-36bb-4801-beb3-34088ab4bb3c,api
64df5998-36bb-4801-beb3-34088ab4bb3c,construction
64df5998-36bb-4801-beb3-34088ab4bb3c,dashboard
64df5998-36bb-4801-beb3-34088ab4bb3c,database
64df5998-36bb-4801-beb3-34088ab4bb3c,workspace
7e4d233a-2e59-4cbf-b0ad-20018e0bd147,api
7e4d233a-2e59-4cbf-b0ad-20018e0bd147,construction
7e4d233a-2e59-4cbf-b0ad-20018e0bd147,dashboard
7e4d233a-2e59-4cbf-b0ad-20018e0bd147,database
7e4d233a-2e59-4cbf-b0ad-20018e0bd147,workspace
ccc9e10c-4767-4a49-9424-3a3d3360e37b,api
ccc9e10c-4767-4a49-9424-3a3d3360e37b,construction
ccc9e10c-4767-4a49-9424-3a3d3360e37b,dashboard
ccc9e10c-4767-4a49-9424-3a3d3360e37b,database
ccc9e10c-4767-4a49-9424-3a3d3360e37b,workspace
f3e0d6d3-4ec5-4b4f-9307-618392e749c6,api
f3e0d6d3-4ec5-4b4f-9307-618392e749c6,construction
f3e0d6d3-4ec5-4b4f-9307-618392e749c6,dashboard
f3e0d6d3-4ec5-4b4f-9307-618392e749c6,database
f3e0d6d3-4ec5-4b4f-9307-618392e749c6,workspace
bfad159e-f38b-4d29-b4b4-d784ceefc54b,api
bfad159e-f38b-4d29-b4b4-d784ceefc54b,construction
bfad159e-f38b-4d29-b4b4-d784ceefc54b,dashboard
bfad159e-f38b-4d29-b4b4-d784ceefc54b,database
bfad159e-f38b-4d29-b4b4-d784ceefc54b,workspace
6d1a9fbc-4bee-4776-a939-16c64ea8e28c,api
6d1a9fbc-4bee-4776-a939-16c64ea8e28c,construction
6d1a9fbc-4bee-4776-a939-16c64ea8e28c,dashboard
6d1a9fbc-4bee-4776-a939-16c64ea8e28c,database
6d1a9fbc-4bee-4776-a939-16c64ea8e28c,workspace
4a98aa80-6818-454f-9467-fda52e8ed59f,api
4a98aa80-6818-454f-9467-fda52e8ed59f,construction
4a98aa80-6818-454f-9467-fda52e8ed59f,dashboard
4a98aa80-6818-454f-9467-fda52e8ed59f,database
4a98aa80-6818-454f-9467-fda52e8ed59f,workspace
899b2735-58c1-40f5-8730-dfc63bbb3c85,api
899b2735-58c1-40f5-8730-dfc63bbb3c85,construction
899b2735-58c1-40f5-8730-dfc63bbb3c85,dashboard
899b2735-58c1-40f5-8730-dfc63bbb3c85,database
899b2735-58c1-40f5-8730-dfc63bbb3c85,workspace
ebedf936-77dc-4639-8ee2-5250c2764d8d,api
ebedf936-77dc-4639-8ee2-5250c2764d8d,construction
ebedf936-77dc-4639-8ee2-5250c2764d8d,dashboard
ebedf936-77dc-4639-8ee2-5250c2764d8d,database
ebedf936-77dc-4639-8ee2-5250c2764d8d,workspace
43887ca4-c9b2-43a6-b09c-be78c08f3bae,api
43887ca4-c9b2-43a6-b09c-be78c08f3bae,construction
43887ca4-c9b2-43a6-b09c-be78c08f3bae,dashboard
43887ca4-c9b2-43a6-b09c-be78c08f3bae,database
43887ca4-c9b2-43a6-b09c-be78c08f3bae,workspace
f55e7200-983b-40d2-b70c-ad15bc7a4f5d,api
f55e7200-983b-40d2-b70c-ad15bc7a4f5d,dashboard
f55e7200-983b-40d2-b70c-ad15bc7a4f5d,database
f55e7200-983b-40d2-b70c-ad15bc7a4f5d,portfolio
f55e7200-983b-40d2-b70c-ad15bc7a4f5d,workspace
b3f28524-624d-469d-8c34-621298411a61,api
b3f28524-624d-469d-8c34-621298411a61,dashboard
b3f28524-624d-469d-8c34-621298411a61,database
b3f28524-624d-469d-8c34-621298411a61,portfolio
b3f28524-624d-469d-8c34-621298411a61,workspace
1ae16ce2-e682-4bf0-afe7-8fa9685b18d5,api
1ae16ce2-e682-4bf0-afe7-8fa9685b18d5,dashboard
1ae16ce2-e682-4bf0-afe7-8fa9685b18d5,database
1ae16ce2-e682-4bf0-afe7-8fa9685b18d5,portfolio
1ae16ce2-e682-4bf0-afe7-8fa9685b18d5,workspace
0b5c6433-971d-4b04-94f9-6fca2e22d482,api
0b5c6433-971d-4b04-94f9-6fca2e22d482,authentication
0b5c6433-971d-4b04-94f9-6fca2e22d482,dashboard
0b5c6433-971d-4b04-94f9-6fca2e22d482,database
0b5c6433-971d-4b04-94f9-6fca2e22d482,workspace
4e56b7b1-d067-4439-8832-f9557dc9f55e,api
4e56b7b1-d067-4439-8832-f9557dc9f55e,dashboard
4e56b7b1-d067-4439-8832-f9557dc9f55e,database
4e56b7b1-d067-4439-8832-f9557dc9f55e,portfolio
4e56b7b1-d067-4439-8832-f9557dc9f55e,workspace
22a39e70-ebd8-4cd9-ae00-8355d43d786a,api
22a39e70-ebd8-4cd9-ae00-8355d43d786a,dashboard
22a39e70-ebd8-4cd9-ae00-8355d43d786a,database
22a39e70-ebd8-4cd9-ae00-8355d43d786a,portfolio
22a39e70-ebd8-4cd9-ae00-8355d43d786a,workspace
00902fe8-6b68-4e23-84ca-67eff90fc22b,api
00902fe8-6b68-4e23-84ca-67eff90fc22b,dashboard
00902fe8-6b68-4e23-84ca-67eff90fc22b,database
00902fe8-6b68-4e23-84ca-67eff90fc22b,portfolio
00902fe8-6b68-4e23-84ca-67eff90fc22b,workspace
b52a3ccf-5369-4ea9-b41c-63d28034aa14,api
b52a3ccf-5369-4ea9-b41c-63d28034aa14,dashboard
b52a3ccf-5369-4ea9-b41c-63d28034aa14,database
b52a3ccf-5369-4ea9-b41c-63d28034aa14,portfolio
b52a3ccf-5369-4ea9-b41c-63d28034aa14,workspace
b61f6b0d-3bc0-411c-b56b-16aa4d74272f,api
b61f6b0d-3bc0-411c-b56b-16aa4d74272f,dashboard
b61f6b0d-3bc0-411c-b56b-16aa4d74272f,database
b61f6b0d-3bc0-411c-b56b-16aa4d74272f,portfolio
b61f6b0d-3bc0-411c-b56b-16aa4d74272f,workspace
852c9eaf-3d6f-433c-b0a9-1f39308a3dbb,api
852c9eaf-3d6f-433c-b0a9-1f39308a3dbb,dashboard
852c9eaf-3d6f-433c-b0a9-1f39308a3dbb,database
852c9eaf-3d6f-433c-b0a9-1f39308a3dbb,portfolio
852c9eaf-3d6f-433c-b0a9-1f39308a3dbb,workspace
e00d65a5-aea9-4a1a-8039-085789bababf,api
e00d65a5-aea9-4a1a-8039-085789bababf,dashboard
e00d65a5-aea9-4a1a-8039-085789bababf,database
e00d65a5-aea9-4a1a-8039-085789bababf,portfolio
e00d65a5-aea9-4a1a-8039-085789bababf,workspace
da6db9a4-0c5f-411e-be5c-40443c983db9,api
da6db9a4-0c5f-411e-be5c-40443c983db9,dashboard
da6db9a4-0c5f-411e-be5c-40443c983db9,database
da6db9a4-0c5f-411e-be5c-40443c983db9,portfolio
da6db9a4-0c5f-411e-be5c-40443c983db9,workspace
fbf1cfaf-d3e5-413e-9880-5e6944cd3cf5,api
fbf1cfaf-d3e5-413e-9880-5e6944cd3cf5,database
fbf1cfaf-d3e5-413e-9880-5e6944cd3cf5,knowledge-graph
fbf1cfaf-d3e5-413e-9880-5e6944cd3cf5,monitoring
d0ac1d6c-7634-49ef-b53b-1a9d5cad627f,api
d0ac1d6c-7634-49ef-b53b-1a9d5cad627f,authentication
d0ac1d6c-7634-49ef-b53b-1a9d5cad627f,database
d0ac1d6c-7634-49ef-b53b-1a9d5cad627f,monitoring
d0ac1d6c-7634-49ef-b53b-1a9d5cad627f,payment
d0ac1d6c-7634-49ef-b53b-1a9d5cad627f,security
987c8140-a75c-4ba6-a401-fe9f9835b963,api
987c8140-a75c-4ba6-a401-fe9f9835b963,authentication
987c8140-a75c-4ba6-a401-fe9f9835b963,database
987c8140-a75c-4ba6-a401-fe9f9835b963,monitoring
987c8140-a75c-4ba6-a401-fe9f9835b963,payment
987c8140-a75c-4ba6-a401-fe9f9835b963,security
e43ada0c-5456-42a0-b676-4b45e962ccb0,api
e43ada0c-5456-42a0-b676-4b45e962ccb0,authentication
e43ada0c-5456-42a0-b676-4b45e962ccb0,dashboard
e43ada0c-5456-42a0-b676-4b45e962ccb0,database
e43ada0c-5456-42a0-b676-4b45e962ccb0,portfolio
dccea2da-3d6e-4869-8e37-65d90a529fa4,api
dccea2da-3d6e-4869-8e37-65d90a529fa4,authentication
dccea2da-3d6e-4869-8e37-65d90a529fa4,database
dccea2da-3d6e-4869-8e37-65d90a529fa4,monitoring
dccea2da-3d6e-4869-8e37-65d90a529fa4,payment
dccea2da-3d6e-4869-8e37-65d90a529fa4,security
60598b62-cd1d-4be5-8021-3cb3bf7ff370,api
60598b62-cd1d-4be5-8021-3cb3bf7ff370,authentication
60598b62-cd1d-4be5-8021-3cb3bf7ff370,database
60598b62-cd1d-4be5-8021-3cb3bf7ff370,monitoring
60598b62-cd1d-4be5-8021-3cb3bf7ff370,payment
60598b62-cd1d-4be5-8021-3cb3bf7ff370,security
2c7f67bd-5ef9-43dc-9415-a20b5785d344,api
2c7f67bd-5ef9-43dc-9415-a20b5785d344,authentication
2c7f67bd-5ef9-43dc-9415-a20b5785d344,database
2c7f67bd-5ef9-43dc-9415-a20b5785d344,monitoring
2c7f67bd-5ef9-43dc-9415-a20b5785d344,payment
2c7f67bd-5ef9-43dc-9415-a20b5785d344,security
64669816-60f5-4f5d-822c-d542a5398c33,api
64669816-60f5-4f5d-822c-d542a5398c33,authentication
64669816-60f5-4f5d-822c-d542a5398c33,dashboard
64669816-60f5-4f5d-822c-d542a5398c33,database
64669816-60f5-4f5d-822c-d542a5398c33,portfolio
a458a464-3244-4623-847c-9b2fc339b9ec,api
a458a464-3244-4623-847c-9b2fc339b9ec,authentication
a458a464-3244-4623-847c-9b2fc339b9ec,dashboard
a458a464-3244-4623-847c-9b2fc339b9ec,database
a458a464-3244-4623-847c-9b2fc339b9ec,portfolio
c9097876-1a20-4574-a8e5-29e893202132,api
c9097876-1a20-4574-a8e5-29e893202132,authentication
c9097876-1a20-4574-a8e5-29e893202132,dashboard
c9097876-1a20-4574-a8e5-29e893202132,database
c9097876-1a20-4574-a8e5-29e893202132,portfolio
8769b4fa-e9db-4dc5-8db9-e14758883d29,api
8769b4fa-e9db-4dc5-8db9-e14758883d29,dashboard
8769b4fa-e9db-4dc5-8db9-e14758883d29,database
8769b4fa-e9db-4dc5-8db9-e14758883d29,portfolio
8769b4fa-e9db-4dc5-8db9-e14758883d29,workspace
44eacc62-7877-48ea-8ef6-80ebc1b0e846,api
44eacc62-7877-48ea-8ef6-80ebc1b0e846,authentication
44eacc62-7877-48ea-8ef6-80ebc1b0e846,dashboard
44eacc62-7877-48ea-8ef6-80ebc1b0e846,database
44eacc62-7877-48ea-8ef6-80ebc1b0e846,portfolio
70a6dd47-0fe7-456e-bf0e-497b09bab3f4,api
70a6dd47-0fe7-456e-bf0e-497b09bab3f4,authentication
70a6dd47-0fe7-456e-bf0e-497b09bab3f4,dashboard
70a6dd47-0fe7-456e-bf0e-497b09bab3f4,database
70a6dd47-0fe7-456e-bf0e-497b09bab3f4,portfolio
82bae0ac-72af-4173-874c-de5254964862,api
82bae0ac-72af-4173-874c-de5254964862,authentication
82bae0ac-72af-4173-874c-de5254964862,dashboard
82bae0ac-72af-4173-874c-de5254964862,database
82bae0ac-72af-4173-874c-de5254964862,portfolio
d554d438-5692-4d11-8134-b46be9143aa2,api
d554d438-5692-4d11-8134-b46be9143aa2,authentication
d554d438-5692-4d11-8134-b46be9143aa2,dashboard
d554d438-5692-4d11-8134-b46be9143aa2,database
d554d438-5692-4d11-8134-b46be9143aa2,portfolio
b7a0e981-8ef3-45bf-ad1d-3cbd3b482ba9,api
b7a0e981-8ef3-45bf-ad1d-3cbd3b482ba9,authentication
b7a0e981-8ef3-45bf-ad1d-3cbd3b482ba9,dashboard
b7a0e981-8ef3-45bf-ad1d-3cbd3b482ba9,database
b7a0e981-8ef3-45bf-ad1d-3cbd3b482ba9,portfolio
c4744881-e122-4b66-9c48-f00e0d5d9313,api
c4744881-e122-4b66-9c48-f00e0d5d9313,authentication
c4744881-e122-4b66-9c48-f00e0d5d9313,dashboard
c4744881-e122-4b66-9c48-f00e0d5d9313,database
c4744881-e122-4b66-9c48-f00e0d5d9313,portfolio
f673b096-f211-4b65-9ff5-20a85605513b,api
f673b096-f211-4b65-9ff5-20a85605513b,authentication
f673b096-f211-4b65-9ff5-20a85605513b,dashboard
f673b096-f211-4b65-9ff5-20a85605513b,database
f673b096-f211-4b65-9ff5-20a85605513b,portfolio
974d3937-2057-4deb-89e2-c14f919472ab,api
974d3937-2057-4deb-89e2-c14f919472ab,authentication
974d3937-2057-4deb-89e2-c14f919472ab,dashboard
974d3937-2057-4deb-89e2-c14f919472ab,database
974d3937-2057-4deb-89e2-c14f919472ab,monitoring
3a5d86be-26e5-44f4-8ab2-e7c7725e98ba,api
3a5d86be-26e5-44f4-8ab2-e7c7725e98ba,authentication
3a5d86be-26e5-44f4-8ab2-e7c7725e98ba,dashboard
3a5d86be-26e5-44f4-8ab2-e7c7725e98ba,database
3a5d86be-26e5-44f4-8ab2-e7c7725e98ba,monitoring
5c08d1ff-20c0-4a01-87cb-956b582323f6,api
5c08d1ff-20c0-4a01-87cb-956b582323f6,authentication
5c08d1ff-20c0-4a01-87cb-956b582323f6,database
5c08d1ff-20c0-4a01-87cb-956b582323f6,monitoring
5c08d1ff-20c0-4a01-87cb-956b582323f6,security
774b5bed-dc3f-4806-9fb0-f5c21915d1d2,api
774b5bed-dc3f-4806-9fb0-f5c21915d1d2,authentication
774b5bed-dc3f-4806-9fb0-f5c21915d1d2,database
774b5bed-dc3f-4806-9fb0-f5c21915d1d2,monitoring
774b5bed-dc3f-4806-9fb0-f5c21915d1d2,security
7520fa1f-0055-41a1-a995-9ab6324812be,api
7520fa1f-0055-41a1-a995-9ab6324812be,authentication
7520fa1f-0055-41a1-a995-9ab6324812be,dashboard
7520fa1f-0055-41a1-a995-9ab6324812be,database
7520fa1f-0055-41a1-a995-9ab6324812be,portfolio
76168880-aee5-4805-9d1e-3f46284bd73e,api
76168880-aee5-4805-9d1e-3f46284bd73e,authentication
76168880-aee5-4805-9d1e-3f46284bd73e,dashboard
76168880-aee5-4805-9d1e-3f46284bd73e,database
76168880-aee5-4805-9d1e-3f46284bd73e,portfolio
4533c051-374d-48ef-a99b-2717cc12f6da,api
4533c051-374d-48ef-a99b-2717cc12f6da,authentication
4533c051-374d-48ef-a99b-2717cc12f6da,database
4533c051-374d-48ef-a99b-2717cc12f6da,monitoring
4533c051-374d-48ef-a99b-2717cc12f6da,security
eaa8a135-bbca-46d8-8b2d-d715e6cd642e,api
eaa8a135-bbca-46d8-8b2d-d715e6cd642e,authentication
eaa8a135-bbca-46d8-8b2d-d715e6cd642e,dashboard
eaa8a135-bbca-46d8-8b2d-d715e6cd642e,database
eaa8a135-bbca-46d8-8b2d-d715e6cd642e,portfolio
cd364a11-c88e-4bd2-8e33-597a2d0a1ec9,api
cd364a11-c88e-4bd2-8e33-597a2d0a1ec9,authentication
cd364a11-c88e-4bd2-8e33-597a2d0a1ec9,database
cd364a11-c88e-4bd2-8e33-597a2d0a1ec9,monitoring
cd364a11-c88e-4bd2-8e33-597a2d0a1ec9,security
9535c69f-9a5a-48bf-a7b1-4aed7892a4b8,api
9535c69f-9a5a-48bf-a7b1-4aed7892a4b8,authentication
9535c69f-9a5a-48bf-a7b1-4aed7892a4b8,database
9535c69f-9a5a-48bf-a7b1-4aed7892a4b8,monitoring
9535c69f-9a5a-48bf-a7b1-4aed7892a4b8,security
e5ba6735-4b66-48a7-8233-01e0820580e8,api
e5ba6735-4b66-48a7-8233-01e0820580e8,authentication
e5ba6735-4b66-48a7-8233-01e0820580e8,database
e5ba6735-4b66-48a7-8233-01e0820580e8,monitoring
e5ba6735-4b66-48a7-8233-01e0820580e8,security
5469f98f-1926-4d43-9e44-d1e348e08b64,api
5469f98f-1926-4d43-9e44-d1e348e08b64,authentication
5469f98f-1926-4d43-9e44-d1e348e08b64,dashboard
5469f98f-1926-4d43-9e44-d1e348e08b64,database
5469f98f-1926-4d43-9e44-d1e348e08b64,portfolio
81a03724-68a5-4a57-bdfc-6439241ce809,api
81a03724-68a5-4a57-bdfc-6439241ce809,authentication
81a03724-68a5-4a57-bdfc-6439241ce809,dashboard
81a03724-68a5-4a57-bdfc-6439241ce809,database
81a03724-68a5-4a57-bdfc-6439241ce809,workspace
165c6d9c-7d5a-437e-bd7b-32ef5591b556,api
165c6d9c-7d5a-437e-bd7b-32ef5591b556,authentication
165c6d9c-7d5a-437e-bd7b-32ef5591b556,dashboard
165c6d9c-7d5a-437e-bd7b-32ef5591b556,database
165c6d9c-7d5a-437e-bd7b-32ef5591b556,workspace
8e3e7611-dbd2-4be2-bc92-d53f64b8faec,api
8e3e7611-dbd2-4be2-bc92-d53f64b8faec,authentication
8e3e7611-dbd2-4be2-bc92-d53f64b8faec,dashboard
8e3e7611-dbd2-4be2-bc92-d53f64b8faec,database
8e3e7611-dbd2-4be2-bc92-d53f64b8faec,workspace
81ecd43c-8fe7-4d72-b410-bd85f61ed134,api
81ecd43c-8fe7-4d72-b410-bd85f61ed134,authentication
81ecd43c-8fe7-4d72-b410-bd85f61ed134,dashboard
81ecd43c-8fe7-4d72-b410-bd85f61ed134,database
81ecd43c-8fe7-4d72-b410-bd85f61ed134,portfolio
773d1607-b3bd-4fca-9b51-5195c4202d24,api
773d1607-b3bd-4fca-9b51-5195c4202d24,database
773d1607-b3bd-4fca-9b51-5195c4202d24,knowledge-graph
773d1607-b3bd-4fca-9b51-5195c4202d24,monitoring
2d31ba4a-d946-4fb2-8313-6df24e866477,api
2d31ba4a-d946-4fb2-8313-6df24e866477,database
2d31ba4a-d946-4fb2-8313-6df24e866477,knowledge-graph
2d31ba4a-d946-4fb2-8313-6df24e866477,monitoring
bfc7ced0-d7ac-4d3d-9c3c-0f986dd4fe00,api
bfc7ced0-d7ac-4d3d-9c3c-0f986dd4fe00,authentication
bfc7ced0-d7ac-4d3d-9c3c-0f986dd4fe00,dashboard
bfc7ced0-d7ac-4d3d-9c3c-0f986dd4fe00,database
bfc7ced0-d7ac-4d3d-9c3c-0f986dd4fe00,portfolio
bddbf6d2-0a57-4029-8f4a-5a836f9b2518,api
bddbf6d2-0a57-4029-8f4a-5a836f9b2518,database
bddbf6d2-0a57-4029-8f4a-5a836f9b2518,knowledge-graph
bddbf6d2-0a57-4029-8f4a-5a836f9b2518,monitoring
7cceb5d5-d2de-4a59-8527-c3d852a9f509,api
7cceb5d5-d2de-4a59-8527-c3d852a9f509,database
7cceb5d5-d2de-4a59-8527-c3d852a9f509,knowledge-graph
7cceb5d5-d2de-4a59-8527-c3d852a9f509,monitoring
9c7bfa8b-7f10-4440-8653-fb724bb14b96,api
9c7bfa8b-7f10-4440-8653-fb724bb14b96,authentication
9c7bfa8b-7f10-4440-8653-fb724bb14b96,dashboard
9c7bfa8b-7f10-4440-8653-fb724bb14b96,database
9c7bfa8b-7f10-4440-8653-fb724bb14b96,portfolio
d164ed2d-5fee-4093-8a56-497160748693,api
d164ed2d-5fee-4093-8a56-497160748693,authentication
d164ed2d-5fee-4093-8a56-497160748693,dashboard
d164ed2d-5fee-4093-8a56-497160748693,database
d164ed2d-5fee-4093-8a56-497160748693,portfolio
7a6cd400-f3e4-4653-8fcb-4c4c6a4918ab,api
7a6cd400-f3e4-4653-8fcb-4c4c6a4918ab,authentication
7a6cd400-f3e4-4653-8fcb-4c4c6a4918ab,database
7a6cd400-f3e4-4653-8fcb-4c4c6a4918ab,monitoring
7a6cd400-f3e4-4653-8fcb-4c4c6a4918ab,security
69639ed0-9841-4162-9ace-487b616a5091,api
69639ed0-9841-4162-9ace-487b616a5091,authentication
69639ed0-9841-4162-9ace-487b616a5091,database
69639ed0-9841-4162-9ace-487b616a5091,monitoring
69639ed0-9841-4162-9ace-487b616a5091,security
b8200ab5-1190-49c0-b132-4724ca99e76b,api
b8200ab5-1190-49c0-b132-4724ca99e76b,authentication
b8200ab5-1190-49c0-b132-4724ca99e76b,database
b8200ab5-1190-49c0-b132-4724ca99e76b,monitoring
b8200ab5-1190-49c0-b132-4724ca99e76b,security
31235023-353f-4589-a488-017922da121d,api
31235023-353f-4589-a488-017922da121d,database
31235023-353f-4589-a488-017922da121d,knowledge-graph
31235023-353f-4589-a488-017922da121d,monitoring
203edd61-c09c-41e0-abef-16e704e8a993,api
203edd61-c09c-41e0-abef-16e704e8a993,authentication
203edd61-c09c-41e0-abef-16e704e8a993,database
203edd61-c09c-41e0-abef-16e704e8a993,monitoring
203edd61-c09c-41e0-abef-16e704e8a993,security
8e2753b4-45a7-4962-8133-b68e39ecb7b6,api
8e2753b4-45a7-4962-8133-b68e39ecb7b6,authentication
8e2753b4-45a7-4962-8133-b68e39ecb7b6,database
8e2753b4-45a7-4962-8133-b68e39ecb7b6,monitoring
8e2753b4-45a7-4962-8133-b68e39ecb7b6,security
86a605b4-2b10-40a8-aab4-f18b84d5c0fb,api
86a605b4-2b10-40a8-aab4-f18b84d5c0fb,authentication
86a605b4-2b10-40a8-aab4-f18b84d5c0fb,dashboard
86a605b4-2b10-40a8-aab4-f18b84d5c0fb,database
86a605b4-2b10-40a8-aab4-f18b84d5c0fb,workspace
f0148df8-77c8-4c40-9ef8-fcd5cb87edef,api
f0148df8-77c8-4c40-9ef8-fcd5cb87edef,authentication
f0148df8-77c8-4c40-9ef8-fcd5cb87edef,dashboard
f0148df8-77c8-4c40-9ef8-fcd5cb87edef,database
f0148df8-77c8-4c40-9ef8-fcd5cb87edef,workspace
4285eea8-23f3-45c8-8a66-f9fb65d29550,api
4285eea8-23f3-45c8-8a66-f9fb65d29550,authentication
4285eea8-23f3-45c8-8a66-f9fb65d29550,dashboard
4285eea8-23f3-45c8-8a66-f9fb65d29550,database
4285eea8-23f3-45c8-8a66-f9fb65d29550,workspace
a6ff4191-ea6d-4ae7-8594-4d8e5c817a24,api
a6ff4191-ea6d-4ae7-8594-4d8e5c817a24,authentication
a6ff4191-ea6d-4ae7-8594-4d8e5c817a24,dashboard
a6ff4191-ea6d-4ae7-8594-4d8e5c817a24,database
a6ff4191-ea6d-4ae7-8594-4d8e5c817a24,workspace
3579fc6c-200c-4f67-af16-e9d6daa8aeef,api
3579fc6c-200c-4f67-af16-e9d6daa8aeef,authentication
3579fc6c-200c-4f67-af16-e9d6daa8aeef,dashboard
3579fc6c-200c-4f67-af16-e9d6daa8aeef,database
3579fc6c-200c-4f67-af16-e9d6daa8aeef,workspace
a62dd704-6931-4492-a602-8b69579a8f1a,api
a62dd704-6931-4492-a602-8b69579a8f1a,authentication
a62dd704-6931-4492-a602-8b69579a8f1a,dashboard
a62dd704-6931-4492-a602-8b69579a8f1a,database
a62dd704-6931-4492-a602-8b69579a8f1a,portfolio
97e20624-c42a-4c26-a4f2-b2b4a23cf7e0,api
97e20624-c42a-4c26-a4f2-b2b4a23cf7e0,authentication
97e20624-c42a-4c26-a4f2-b2b4a23cf7e0,dashboard
97e20624-c42a-4c26-a4f2-b2b4a23cf7e0,database
97e20624-c42a-4c26-a4f2-b2b4a23cf7e0,portfolio
96e42cd0-c04d-49c2-a9c7-696fc08fe1f1,api
96e42cd0-c04d-49c2-a9c7-696fc08fe1f1,authentication
96e42cd0-c04d-49c2-a9c7-696fc08fe1f1,dashboard
96e42cd0-c04d-49c2-a9c7-696fc08fe1f1,database
96e42cd0-c04d-49c2-a9c7-696fc08fe1f1,workspace
e6e855f6-f953-4c57-8070-969ec53bbe81,api
e6e855f6-f953-4c57-8070-969ec53bbe81,authentication
e6e855f6-f953-4c57-8070-969ec53bbe81,dashboard
e6e855f6-f953-4c57-8070-969ec53bbe81,database
e6e855f6-f953-4c57-8070-969ec53bbe81,workspace
51b7c13a-d958-4d87-91c1-e4a5a49a789a,api
51b7c13a-d958-4d87-91c1-e4a5a49a789a,authentication
51b7c13a-d958-4d87-91c1-e4a5a49a789a,dashboard
51b7c13a-d958-4d87-91c1-e4a5a49a789a,database
51b7c13a-d958-4d87-91c1-e4a5a49a789a,portfolio
691a2d51-26a0-40db-b14e-e62995a73f5e,api
691a2d51-26a0-40db-b14e-e62995a73f5e,authentication
691a2d51-26a0-40db-b14e-e62995a73f5e,dashboard
691a2d51-26a0-40db-b14e-e62995a73f5e,database
691a2d51-26a0-40db-b14e-e62995a73f5e,portfolio
2016874b-887e-4fde-9df6-a28ab07a7f94,api
2016874b-887e-4fde-9df6-a28ab07a7f94,authentication
2016874b-887e-4fde-9df6-a28ab07a7f94,dashboard
2016874b-887e-4fde-9df6-a28ab07a7f94,database
2016874b-887e-4fde-9df6-a28ab07a7f94,portfolio
8d2079c2-7cd5-4858-a4e4-38f13d063054,api
8d2079c2-7cd5-4858-a4e4-38f13d063054,authentication
8d2079c2-7cd5-4858-a4e4-38f13d063054,dashboard
8d2079c2-7cd5-4858-a4e4-38f13d063054,database
8d2079c2-7cd5-4858-a4e4-38f13d063054,portfolio
a28e1c68-b54f-4a44-baa8-3b710f6e7068,api
a28e1c68-b54f-4a44-baa8-3b710f6e7068,authentication
a28e1c68-b54f-4a44-baa8-3b710f6e7068,dashboard
a28e1c68-b54f-4a44-baa8-3b710f6e7068,database
a28e1c68-b54f-4a44-baa8-3b710f6e7068,portfolio
2d9b6d1a-bad4-4e8a-ae88-63a5e44419ef,api
2d9b6d1a-bad4-4e8a-ae88-63a5e44419ef,authentication
2d9b6d1a-bad4-4e8a-ae88-63a5e44419ef,dashboard
2d9b6d1a-bad4-4e8a-ae88-63a5e44419ef,database
2d9b6d1a-bad4-4e8a-ae88-63a5e44419ef,portfolio
ce8de855-9294-4cc0-b643-58194185a635,api
ce8de855-9294-4cc0-b643-58194185a635,authentication
ce8de855-9294-4cc0-b643-58194185a635,dashboard
ce8de855-9294-4cc0-b643-58194185a635,database
ce8de855-9294-4cc0-b643-58194185a635,portfolio
77fab7a8-4d14-40ac-bc3e-e4b65f042b21,api
77fab7a8-4d14-40ac-bc3e-e4b65f042b21,authentication
77fab7a8-4d14-40ac-bc3e-e4b65f042b21,dashboard
77fab7a8-4d14-40ac-bc3e-e4b65f042b21,database
77fab7a8-4d14-40ac-bc3e-e4b65f042b21,portfolio
60c66a64-9fd3-4e83-9cec-25ebf8435b7c,api
60c66a64-9fd3-4e83-9cec-25ebf8435b7c,database
60c66a64-9fd3-4e83-9cec-25ebf8435b7c,knowledge-graph
60c66a64-9fd3-4e83-9cec-25ebf8435b7c,monitoring
3b1b67db-86a0-43f5-ab28-c3c8f2e30747,api
3b1b67db-86a0-43f5-ab28-c3c8f2e30747,authentication
3b1b67db-86a0-43f5-ab28-c3c8f2e30747,database
3b1b67db-86a0-43f5-ab28-c3c8f2e30747,monitoring
3b1b67db-86a0-43f5-ab28-c3c8f2e30747,payment
3b1b67db-86a0-43f5-ab28-c3c8f2e30747,security
5d2219fc-e6a0-4313-a159-2614709a6ca4,api
5d2219fc-e6a0-4313-a159-2614709a6ca4,database
5d2219fc-e6a0-4313-a159-2614709a6ca4,knowledge-graph
5d2219fc-e6a0-4313-a159-2614709a6ca4,monitoring
acefbd2b-a175-4a66-a598-d551d89fb7ad,api
acefbd2b-a175-4a66-a598-d551d89fb7ad,database
acefbd2b-a175-4a66-a598-d551d89fb7ad,knowledge-graph
acefbd2b-a175-4a66-a598-d551d89fb7ad,monitoring
f13ca92d-2003-4bcc-a1b7-9ff740be2733,api
f13ca92d-2003-4bcc-a1b7-9ff740be2733,database
f13ca92d-2003-4bcc-a1b7-9ff740be2733,knowledge-graph
f13ca92d-2003-4bcc-a1b7-9ff740be2733,monitoring
e59aaf3e-62d8-47b5-89cb-1bba1fa81404,api
e59aaf3e-62d8-47b5-89cb-1bba1fa81404,database
e59aaf3e-62d8-47b5-89cb-1bba1fa81404,knowledge-graph
e59aaf3e-62d8-47b5-89cb-1bba1fa81404,monitoring
ebfcbbfd-0c78-4a4a-bbfa-f093388079c1,api
ebfcbbfd-0c78-4a4a-bbfa-f093388079c1,database
ebfcbbfd-0c78-4a4a-bbfa-f093388079c1,knowledge-graph
ebfcbbfd-0c78-4a4a-bbfa-f093388079c1,monitoring
29799a86-6a8c-4a38-870b-05dc18536eee,api
29799a86-6a8c-4a38-870b-05dc18536eee,database
29799a86-6a8c-4a38-870b-05dc18536eee,knowledge-graph
29799a86-6a8c-4a38-870b-05dc18536eee,monitoring
3d54893a-074f-4fbe-834c-e5290d6a81dd,api
3d54893a-074f-4fbe-834c-e5290d6a81dd,authentication
3d54893a-074f-4fbe-834c-e5290d6a81dd,database
3d54893a-074f-4fbe-834c-e5290d6a81dd,monitoring
3d54893a-074f-4fbe-834c-e5290d6a81dd,payment
3d54893a-074f-4fbe-834c-e5290d6a81dd,security
358c0fb7-60f0-49f0-af22-165ab5d8088a,api
358c0fb7-60f0-49f0-af22-165ab5d8088a,authentication
358c0fb7-60f0-49f0-af22-165ab5d8088a,database
358c0fb7-60f0-49f0-af22-165ab5d8088a,monitoring
358c0fb7-60f0-49f0-af22-165ab5d8088a,payment
358c0fb7-60f0-49f0-af22-165ab5d8088a,security
7e68ff6b-17ce-4847-9d52-3fae4260b4bd,api
7e68ff6b-17ce-4847-9d52-3fae4260b4bd,authentication
7e68ff6b-17ce-4847-9d52-3fae4260b4bd,dashboard
7e68ff6b-17ce-4847-9d52-3fae4260b4bd,database
7e68ff6b-17ce-4847-9d52-3fae4260b4bd,portfolio
7959b02f-1512-4880-889c-44c7a6ab1a87,api
7959b02f-1512-4880-889c-44c7a6ab1a87,authentication
7959b02f-1512-4880-889c-44c7a6ab1a87,dashboard
7959b02f-1512-4880-889c-44c7a6ab1a87,database
7959b02f-1512-4880-889c-44c7a6ab1a87,portfolio
cf272b81-21e0-4813-b736-6ff0c4ba488c,api
cf272b81-21e0-4813-b736-6ff0c4ba488c,authentication
cf272b81-21e0-4813-b736-6ff0c4ba488c,dashboard
cf272b81-21e0-4813-b736-6ff0c4ba488c,database
cf272b81-21e0-4813-b736-6ff0c4ba488c,portfolio
f3ef9069-0b9c-4d4f-ac54-c01848ad3a4c,api
f3ef9069-0b9c-4d4f-ac54-c01848ad3a4c,authentication
f3ef9069-0b9c-4d4f-ac54-c01848ad3a4c,database
f3ef9069-0b9c-4d4f-ac54-c01848ad3a4c,monitoring
f3ef9069-0b9c-4d4f-ac54-c01848ad3a4c,security
2ff505e9-628e-4851-88c2-891abc76953b,api
2ff505e9-628e-4851-88c2-891abc76953b,authentication
2ff505e9-628e-4851-88c2-891abc76953b,dashboard
2ff505e9-628e-4851-88c2-891abc76953b,database
2ff505e9-628e-4851-88c2-891abc76953b,portfolio
55af196a-fcc9-45c2-9890-e711c18cb9e4,api
55af196a-fcc9-45c2-9890-e711c18cb9e4,authentication
55af196a-fcc9-45c2-9890-e711c18cb9e4,dashboard
55af196a-fcc9-45c2-9890-e711c18cb9e4,database
55af196a-fcc9-45c2-9890-e711c18cb9e4,portfolio
8ae79082-a341-4e02-b85d-2d8cb240399d,api
8ae79082-a341-4e02-b85d-2d8cb240399d,authentication
8ae79082-a341-4e02-b85d-2d8cb240399d,dashboard
8ae79082-a341-4e02-b85d-2d8cb240399d,database
8ae79082-a341-4e02-b85d-2d8cb240399d,portfolio
69a09970-4f23-4629-898f-68945a6c432b,api
69a09970-4f23-4629-898f-68945a6c432b,authentication
69a09970-4f23-4629-898f-68945a6c432b,dashboard
69a09970-4f23-4629-898f-68945a6c432b,database
69a09970-4f23-4629-898f-68945a6c432b,monitoring
a90fb2af-322e-4d30-a788-cbceb022ffd4,api
a90fb2af-322e-4d30-a788-cbceb022ffd4,authentication
a90fb2af-322e-4d30-a788-cbceb022ffd4,dashboard
a90fb2af-322e-4d30-a788-cbceb022ffd4,database
a90fb2af-322e-4d30-a788-cbceb022ffd4,monitoring
865e4148-4fb4-4fb6-96ec-65c6602936e8,api
865e4148-4fb4-4fb6-96ec-65c6602936e8,authentication
865e4148-4fb4-4fb6-96ec-65c6602936e8,database
865e4148-4fb4-4fb6-96ec-65c6602936e8,monitoring
865e4148-4fb4-4fb6-96ec-65c6602936e8,security
a7313b93-1f7c-4b8d-a76f-05adc9f19044,api
a7313b93-1f7c-4b8d-a76f-05adc9f19044,authentication
a7313b93-1f7c-4b8d-a76f-05adc9f19044,dashboard
a7313b93-1f7c-4b8d-a76f-05adc9f19044,database
a7313b93-1f7c-4b8d-a76f-05adc9f19044,workspace
28186c7a-9e4b-4b2c-884c-2bf6a7750009,api
28186c7a-9e4b-4b2c-884c-2bf6a7750009,authentication
28186c7a-9e4b-4b2c-884c-2bf6a7750009,dashboard
28186c7a-9e4b-4b2c-884c-2bf6a7750009,database
28186c7a-9e4b-4b2c-884c-2bf6a7750009,portfolio
4f3bc116-b77f-4b3a-a9f6-a3327a21762d,api
4f3bc116-b77f-4b3a-a9f6-a3327a21762d,authentication
4f3bc116-b77f-4b3a-a9f6-a3327a21762d,dashboard
4f3bc116-b77f-4b3a-a9f6-a3327a21762d,database
4f3bc116-b77f-4b3a-a9f6-a3327a21762d,workspace
b9c1c9a3-5927-480c-857d-6b99be35254b,api
b9c1c9a3-5927-480c-857d-6b99be35254b,authentication
b9c1c9a3-5927-480c-857d-6b99be35254b,dashboard
b9c1c9a3-5927-480c-857d-6b99be35254b,database
b9c1c9a3-5927-480c-857d-6b99be35254b,monitoring
0cfa37d1-5dbe-44de-ac1d-bb54b5f2f26b,api
0cfa37d1-5dbe-44de-ac1d-bb54b5f2f26b,authentication
0cfa37d1-5dbe-44de-ac1d-bb54b5f2f26b,dashboard
0cfa37d1-5dbe-44de-ac1d-bb54b5f2f26b,database
0cfa37d1-5dbe-44de-ac1d-bb54b5f2f26b,monitoring
0f6a2756-2bc4-4fd5-abb9-30d24b087aca,api
0f6a2756-2bc4-4fd5-abb9-30d24b087aca,authentication
0f6a2756-2bc4-4fd5-abb9-30d24b087aca,dashboard
0f6a2756-2bc4-4fd5-abb9-30d24b087aca,database
0f6a2756-2bc4-4fd5-abb9-30d24b087aca,monitoring
0560c36b-06ee-4de2-97ab-60b75d4d1036,api
0560c36b-06ee-4de2-97ab-60b75d4d1036,authentication
0560c36b-06ee-4de2-97ab-60b75d4d1036,database
0560c36b-06ee-4de2-97ab-60b75d4d1036,monitoring
0560c36b-06ee-4de2-97ab-60b75d4d1036,security
01d525cb-7d20-400d-8755-feb73fdad2be,api
01d525cb-7d20-400d-8755-feb73fdad2be,authentication
01d525cb-7d20-400d-8755-feb73fdad2be,dashboard
01d525cb-7d20-400d-8755-feb73fdad2be,database
01d525cb-7d20-400d-8755-feb73fdad2be,workspace
08b32575-d364-4c67-9e6a-137ee4e37c58,api
08b32575-d364-4c67-9e6a-137ee4e37c58,authentication
08b32575-d364-4c67-9e6a-137ee4e37c58,dashboard
08b32575-d364-4c67-9e6a-137ee4e37c58,database
08b32575-d364-4c67-9e6a-137ee4e37c58,portfolio
06018304-6677-466a-b2ca-48b723420496,api
06018304-6677-466a-b2ca-48b723420496,authentication
06018304-6677-466a-b2ca-48b723420496,dashboard
06018304-6677-466a-b2ca-48b723420496,database
06018304-6677-466a-b2ca-48b723420496,monitoring
012af0d5-5417-42ba-8396-a5b6a507f98a,api
012af0d5-5417-42ba-8396-a5b6a507f98a,authentication
012af0d5-5417-42ba-8396-a5b6a507f98a,database
012af0d5-5417-42ba-8396-a5b6a507f98a,monitoring
012af0d5-5417-42ba-8396-a5b6a507f98a,security
09da8b0a-9a94-461e-a1ac-3009d7e8cf5e,api
09da8b0a-9a94-461e-a1ac-3009d7e8cf5e,authentication
09da8b0a-9a94-461e-a1ac-3009d7e8cf5e,dashboard
09da8b0a-9a94-461e-a1ac-3009d7e8cf5e,database
09da8b0a-9a94-461e-a1ac-3009d7e8cf5e,workspace
068d1f15-87ae-483c-8f6d-d720b47353ad,api
068d1f15-87ae-483c-8f6d-d720b47353ad,database
068d1f15-87ae-483c-8f6d-d720b47353ad,knowledge-graph
068d1f15-87ae-483c-8f6d-d720b47353ad,monitoring
0d0043e7-228c-4c3c-8a34-bf38798c692c,api
0d0043e7-228c-4c3c-8a34-bf38798c692c,authentication
0d0043e7-228c-4c3c-8a34-bf38798c692c,dashboard
0d0043e7-228c-4c3c-8a34-bf38798c692c,database
0d0043e7-228c-4c3c-8a34-bf38798c692c,monitoring
0a663217-7731-41d7-873f-13f9742a9a8c,api
0a663217-7731-41d7-873f-13f9742a9a8c,authentication
0a663217-7731-41d7-873f-13f9742a9a8c,database
0a663217-7731-41d7-873f-13f9742a9a8c,monitoring
0a663217-7731-41d7-873f-13f9742a9a8c,security
151763db-b390-47a9-bd1b-82c4e492aeb2,api
151763db-b390-47a9-bd1b-82c4e492aeb2,construction
151763db-b390-47a9-bd1b-82c4e492aeb2,dashboard
151763db-b390-47a9-bd1b-82c4e492aeb2,database
151763db-b390-47a9-bd1b-82c4e492aeb2,workspace
1ecbc9e3-88bf-4d29-9a90-1ee5e2d2549b,api
1ecbc9e3-88bf-4d29-9a90-1ee5e2d2549b,construction
1ecbc9e3-88bf-4d29-9a90-1ee5e2d2549b,dashboard
1ecbc9e3-88bf-4d29-9a90-1ee5e2d2549b,database
1ecbc9e3-88bf-4d29-9a90-1ee5e2d2549b,workspace
05824164-ab9d-4a98-bebc-2cbae6913530,api
05824164-ab9d-4a98-bebc-2cbae6913530,construction
05824164-ab9d-4a98-bebc-2cbae6913530,dashboard
05824164-ab9d-4a98-bebc-2cbae6913530,database
05824164-ab9d-4a98-bebc-2cbae6913530,workspace
1c2815b7-14da-46d8-9def-d3fafd52127f,api
1c2815b7-14da-46d8-9def-d3fafd52127f,dashboard
1c2815b7-14da-46d8-9def-d3fafd52127f,database
1c2815b7-14da-46d8-9def-d3fafd52127f,portfolio
1c2815b7-14da-46d8-9def-d3fafd52127f,workspace
00820f11-bc63-4ed5-b515-a9250718b65d,api
00820f11-bc63-4ed5-b515-a9250718b65d,dashboard
00820f11-bc63-4ed5-b515-a9250718b65d,database
00820f11-bc63-4ed5-b515-a9250718b65d,portfolio
00820f11-bc63-4ed5-b515-a9250718b65d,workspace
7324eb78-30e3-4eb0-b09b-117237dea38d,api
7324eb78-30e3-4eb0-b09b-117237dea38d,dashboard
7324eb78-30e3-4eb0-b09b-117237dea38d,database
7324eb78-30e3-4eb0-b09b-117237dea38d,portfolio
7324eb78-30e3-4eb0-b09b-117237dea38d,workspace
dd78dc7f-ab6a-4c1f-9405-b0cbd827ae0d,api
dd78dc7f-ab6a-4c1f-9405-b0cbd827ae0d,authentication
dd78dc7f-ab6a-4c1f-9405-b0cbd827ae0d,database
dd78dc7f-ab6a-4c1f-9405-b0cbd827ae0d,monitoring
dd78dc7f-ab6a-4c1f-9405-b0cbd827ae0d,payment
dd78dc7f-ab6a-4c1f-9405-b0cbd827ae0d,security
1e024252-6dd8-4413-b4c2-462db4ed5320,api
1e024252-6dd8-4413-b4c2-462db4ed5320,authentication
1e024252-6dd8-4413-b4c2-462db4ed5320,dashboard
1e024252-6dd8-4413-b4c2-462db4ed5320,database
1e024252-6dd8-4413-b4c2-462db4ed5320,portfolio
51d69a32-a9fe-47b8-b3c7-88780372918b,api
51d69a32-a9fe-47b8-b3c7-88780372918b,authentication
51d69a32-a9fe-47b8-b3c7-88780372918b,dashboard
51d69a32-a9fe-47b8-b3c7-88780372918b,database
51d69a32-a9fe-47b8-b3c7-88780372918b,portfolio
84c1bc81-7c50-455d-958b-e6d4af9b2a24,api
84c1bc81-7c50-455d-958b-e6d4af9b2a24,authentication
84c1bc81-7c50-455d-958b-e6d4af9b2a24,dashboard
84c1bc81-7c50-455d-958b-e6d4af9b2a24,database
84c1bc81-7c50-455d-958b-e6d4af9b2a24,portfolio
227ee829-19eb-4140-8f4e-d5c738068733,api
227ee829-19eb-4140-8f4e-d5c738068733,authentication
227ee829-19eb-4140-8f4e-d5c738068733,dashboard
227ee829-19eb-4140-8f4e-d5c738068733,database
227ee829-19eb-4140-8f4e-d5c738068733,portfolio
42958522-0037-4ce0-a015-4a45bd3df1b6,api
42958522-0037-4ce0-a015-4a45bd3df1b6,authentication
42958522-0037-4ce0-a015-4a45bd3df1b6,dashboard
42958522-0037-4ce0-a015-4a45bd3df1b6,database
42958522-0037-4ce0-a015-4a45bd3df1b6,portfolio
5e14ba4a-4152-4f8b-b782-1e9cc56299d4,api
5e14ba4a-4152-4f8b-b782-1e9cc56299d4,authentication
5e14ba4a-4152-4f8b-b782-1e9cc56299d4,database
5e14ba4a-4152-4f8b-b782-1e9cc56299d4,monitoring
5e14ba4a-4152-4f8b-b782-1e9cc56299d4,security
5edf415f-1051-4f10-bb16-670e3dc28dd5,api
5edf415f-1051-4f10-bb16-670e3dc28dd5,authentication
5edf415f-1051-4f10-bb16-670e3dc28dd5,dashboard
5edf415f-1051-4f10-bb16-670e3dc28dd5,database
5edf415f-1051-4f10-bb16-670e3dc28dd5,portfolio
c001506d-453e-482d-991b-d08be43a4e68,api
c001506d-453e-482d-991b-d08be43a4e68,authentication
c001506d-453e-482d-991b-d08be43a4e68,dashboard
c001506d-453e-482d-991b-d08be43a4e68,database
c001506d-453e-482d-991b-d08be43a4e68,workspace
6cab83a8-f1f8-4b3a-82df-5ff417b6e4f5,api
6cab83a8-f1f8-4b3a-82df-5ff417b6e4f5,authentication
6cab83a8-f1f8-4b3a-82df-5ff417b6e4f5,dashboard
6cab83a8-f1f8-4b3a-82df-5ff417b6e4f5,database
6cab83a8-f1f8-4b3a-82df-5ff417b6e4f5,monitoring
fa284812-facc-4c83-b825-106ea6626efd,api
fa284812-facc-4c83-b825-106ea6626efd,authentication
fa284812-facc-4c83-b825-106ea6626efd,dashboard
fa284812-facc-4c83-b825-106ea6626efd,database
fa284812-facc-4c83-b825-106ea6626efd,monitoring
f98ce20d-3fb9-4dae-a8af-890f97920a98,api
f98ce20d-3fb9-4dae-a8af-890f97920a98,authentication
f98ce20d-3fb9-4dae-a8af-890f97920a98,dashboard
f98ce20d-3fb9-4dae-a8af-890f97920a98,database
f98ce20d-3fb9-4dae-a8af-890f97920a98,monitoring
844dce42-970c-41a2-9fe5-8d0b48a1e3de,api
844dce42-970c-41a2-9fe5-8d0b48a1e3de,database
844dce42-970c-41a2-9fe5-8d0b48a1e3de,knowledge-graph
844dce42-970c-41a2-9fe5-8d0b48a1e3de,monitoring
f9de7000-12db-42f4-bf35-6dda7e18e11d,api
f9de7000-12db-42f4-bf35-6dda7e18e11d,authentication
f9de7000-12db-42f4-bf35-6dda7e18e11d,database
f9de7000-12db-42f4-bf35-6dda7e18e11d,monitoring
f9de7000-12db-42f4-bf35-6dda7e18e11d,payment
f9de7000-12db-42f4-bf35-6dda7e18e11d,security
e98dbadb-09da-451d-85c6-d98d670d37c9,api
e98dbadb-09da-451d-85c6-d98d670d37c9,construction
e98dbadb-09da-451d-85c6-d98d670d37c9,dashboard
e98dbadb-09da-451d-85c6-d98d670d37c9,database
e98dbadb-09da-451d-85c6-d98d670d37c9,workspace
4322cdc5-bd82-4466-93bd-a996edf3ba12,api
4322cdc5-bd82-4466-93bd-a996edf3ba12,construction
4322cdc5-bd82-4466-93bd-a996edf3ba12,dashboard
4322cdc5-bd82-4466-93bd-a996edf3ba12,database
4322cdc5-bd82-4466-93bd-a996edf3ba12,workspace
b6823f63-1d6d-4b98-a640-3766a0637c50,api
b6823f63-1d6d-4b98-a640-3766a0637c50,authentication
b6823f63-1d6d-4b98-a640-3766a0637c50,dashboard
b6823f63-1d6d-4b98-a640-3766a0637c50,database
b6823f63-1d6d-4b98-a640-3766a0637c50,portfolio
de6c1ef8-064c-459a-b0ba-80ff12ef8e57,api
de6c1ef8-064c-459a-b0ba-80ff12ef8e57,authentication
de6c1ef8-064c-459a-b0ba-80ff12ef8e57,database
de6c1ef8-064c-459a-b0ba-80ff12ef8e57,monitoring
de6c1ef8-064c-459a-b0ba-80ff12ef8e57,security
2629051b-ee01-4bea-96a5-78d20d510974,api
2629051b-ee01-4bea-96a5-78d20d510974,database
2629051b-ee01-4bea-96a5-78d20d510974,knowledge-graph
2629051b-ee01-4bea-96a5-78d20d510974,monitoring
35805956-8944-40e8-a4f4-8977fb6b3746,api
35805956-8944-40e8-a4f4-8977fb6b3746,authentication
35805956-8944-40e8-a4f4-8977fb6b3746,dashboard
35805956-8944-40e8-a4f4-8977fb6b3746,database
35805956-8944-40e8-a4f4-8977fb6b3746,portfolio
02ee37b5-eb8a-4f42-ad94-79b7e5472d22,api
02ee37b5-eb8a-4f42-ad94-79b7e5472d22,authentication
02ee37b5-eb8a-4f42-ad94-79b7e5472d22,dashboard
02ee37b5-eb8a-4f42-ad94-79b7e5472d22,database
02ee37b5-eb8a-4f42-ad94-79b7e5472d22,portfolio
f3dc0c40-ae8d-4a5f-aa76-9427152fad72,api
f3dc0c40-ae8d-4a5f-aa76-9427152fad72,construction
f3dc0c40-ae8d-4a5f-aa76-9427152fad72,dashboard
f3dc0c40-ae8d-4a5f-aa76-9427152fad72,database
f3dc0c40-ae8d-4a5f-aa76-9427152fad72,workspace
