venture_id,repo_name,source
00820f11-bc63-4ed5-b515-a9250718b65d,LightRAG,capability_match
00820f11-bc63-4ed5-b515-a9250718b65d,con-001-ace-construction,capability_match
00820f11-bc63-4ed5-b515-a9250718b65d,mission-control,capability_match
00902fe8-6b68-4e23-84ca-67eff90fc22b,LightRAG,capability_match
00902fe8-6b68-4e23-84ca-67eff90fc22b,con-001-ace-construction,capability_match
00902fe8-6b68-4e23-84ca-67eff90fc22b,mission-control,capability_match
012af0d5-5417-42ba-8396-a5b6a507f98a,LightRAG,capability_match
012af0d5-5417-42ba-8396-a5b6a507f98a,mission-control,capability_match
012af0d5-5417-42ba-8396-a5b6a507f98a,opensre,capability_match
0142298f-d27e-4f27-b9f7-621d7df2051d,LightRAG,capability_match
0142298f-d27e-4f27-b9f7-621d7df2051d,mission-control,capability_match
0142298f-d27e-4f27-b9f7-621d7df2051d,opensre,capability_match
016c0093-6720-41b3-893a-c55ff3677484,LightRAG,capability_match
016c0093-6720-41b3-893a-c55ff3677484,mission-control,capability_match
016c0093-6720-41b3-893a-c55ff3677484,opensre,capability_match
01c5e938-dbea-4bc7-9cdf-441ebc75c1a6,LightRAG,capability_match
01c5e938-dbea-4bc7-9cdf-441ebc75c1a6,mission-control,capability_match
01c5e938-dbea-4bc7-9cdf-441ebc75c1a6,opensre,capability_match
01d525cb-7d20-400d-8755-feb73fdad2be,LightRAG,capability_match
01d525cb-7d20-400d-8755-feb73fdad2be,mission-control,capability_match
01d525cb-7d20-400d-8755-feb73fdad2be,opensre,capability_match
01f74934-8d29-4292-86d9-4a5c6af217ed,LightRAG,capability_match
01f74934-8d29-4292-86d9-4a5c6af217ed,mission-control,capability_match
01f74934-8d29-4292-86d9-4a5c6af217ed,opensre,capability_match
0237b0cc-4b8b-4979-9c97-31ecd9f9645d,LightRAG,capability_match
0237b0cc-4b8b-4979-9c97-31ecd9f9645d,mission-control,capability_match
0237b0cc-4b8b-4979-9c97-31ecd9f9645d,opensre,capability_match
02ee37b5-eb8a-4f42-ad94-79b7e5472d22,LightRAG,capability_match
02ee37b5-eb8a-4f42-ad94-79b7e5472d22,mission-control,capability_match
02ee37b5-eb8a-4f42-ad94-79b7e5472d22,opensre,capability_match
03bdd08f-74c4-4136-9e20-b1116922c386,LightRAG,capability_match
03bdd08f-74c4-4136-9e20-b1116922c386,mission-control,capability_match
03bdd08f-74c4-4136-9e20-b1116922c386,opensre,capability_match
043c6a81-c6f6-40e2-9124-2b0e3558d65b,LightRAG,capability_match
043c6a81-c6f6-40e2-9124-2b0e3558d65b,mission-control,capability_match
043c6a81-c6f6-40e2-9124-2b0e3558d65b,opensre,capability_match
04a3ad6b-edcf-4945-ba81-ca8e0ca8a265,LightRAG,capability_match
04a3ad6b-edcf-4945-ba81-ca8e0ca8a265,mission-control,capability_match
04a3ad6b-edcf-4945-ba81-ca8e0ca8a265,opensre,capability_match
0560c36b-06ee-4de2-97ab-60b75d4d1036,LightRAG,capability_match
0560c36b-06ee-4de2-97ab-60b75d4d1036,mission-control,capability_match
0560c36b-06ee-4de2-97ab-60b75d4d1036,opensre,capability_match
05724c9d-2438-42d6-acb5-d56a1ee13700,LightRAG,capability_match
05724c9d-2438-42d6-acb5-d56a1ee13700,mission-control,capability_match
05724c9d-2438-42d6-acb5-d56a1ee13700,opensre,capability_match
05824164-ab9d-4a98-bebc-2cbae6913530,opensre,capability_match
05824164-ab9d-4a98-bebc-2cbae6913530,vibe-kanban,capability_match
05824164-ab9d-4a98-bebc-2cbae6913530,vibetunnel,capability_match
058bc6e3-2b03-4234-ade7-5bdc10a27e79,LightRAG,capability_match
058bc6e3-2b03-4234-ade7-5bdc10a27e79,mission-control,capability_match
058bc6e3-2b03-4234-ade7-5bdc10a27e79,opensre,capability_match
06018304-6677-466a-b2ca-48b723420496,LightRAG,capability_match
06018304-6677-466a-b2ca-48b723420496,mission-control,capability_match
06018304-6677-466a-b2ca-48b723420496,opensre,capability_match
068d1f15-87ae-483c-8f6d-d720b47353ad,LightRAG,capability_match
068d1f15-87ae-483c-8f6d-d720b47353ad,mission-control,capability_match
068d1f15-87ae-483c-8f6d-d720b47353ad,opensre,capability_match
070d3984-7a16-478c-af2d-eb1ee1956679,LightRAG,capability_match
070d3984-7a16-478c-af2d-eb1ee1956679,mission-control,capability_match
070d3984-7a16-478c-af2d-eb1ee1956679,opensre,capability_match
0811dbca-04ed-4e24-a051-2fc8ab94d028,LightRAG,capability_match
0811dbca-04ed-4e24-a051-2fc8ab94d028,mission-control,capability_match
0811dbca-04ed-4e24-a051-2fc8ab94d028,opensre,capability_match
082c9549-b479-4b6b-a94d-039c24a9fd70,LightRAG,capability_match
082c9549-b479-4b6b-a94d-039c24a9fd70,mission-control,capability_match
082c9549-b479-4b6b-a94d-039c24a9fd70,opensre,capability_match
082e7623-58f3-484b-a306-43d607fbf147,LightRAG,capability_match
082e7623-58f3-484b-a306-43d607fbf147,mission-control,capability_match
082e7623-58f3-484b-a306-43d607fbf147,opensre,capability_match
08b32575-d364-4c67-9e6a-137ee4e37c58,LightRAG,capability_match
08b32575-d364-4c67-9e6a-137ee4e37c58,mission-control,capability_match
08b32575-d364-4c67-9e6a-137ee4e37c58,opensre,capability_match
09093afd-1fab-450c-b158-2987b6224e27,LightRAG,capability_match
09093afd-1fab-450c-b158-2987b6224e27,mission-control,capability_match
09093afd-1fab-450c-b158-2987b6224e27,opensre,capability_match
0955b8a2-ea66-407c-b8f4-ff66a162c9f9,LightRAG,capability_match
0955b8a2-ea66-407c-b8f4-ff66a162c9f9,mission-control,capability_match
0955b8a2-ea66-407c-b8f4-ff66a162c9f9,opensre,capability_match
09da8b0a-9a94-461e-a1ac-3009d7e8cf5e,LightRAG,capability_match
09da8b0a-9a94-461e-a1ac-3009d7e8cf5e,mission-control,capability_match
09da8b0a-9a94-461e-a1ac-3009d7e8cf5e,opensre,capability_match
0a663217-7731-41d7-873f-13f9742a9a8c,LightRAG,capability_match
0a663217-7731-41d7-873f-13f9742a9a8c,mission-control,capability_match
0a663217-7731-41d7-873f-13f9742a9a8c,opensre,capability_match
0ade2bf0-c2a2-4373-9179-2c773ea44a76,LightRAG,capability_match
0ade2bf0-c2a2-4373-9179-2c773ea44a76,mission-control,capability_match
0ade2bf0-c2a2-4373-9179-2c773ea44a76,opensre,capability_match
0b5c6433-971d-4b04-94f9-6fca2e22d482,LightRAG,capability_match
0b5c6433-971d-4b04-94f9-6fca2e22d482,mission-control,capability_match
0b5c6433-971d-4b04-94f9-6fca2e22d482,opensre,capability_match
0b77ec4f-069c-4cec-a1ab-e512b6112c51,LightRAG,capability_match
0b77ec4f-069c-4cec-a1ab-e512b6112c51,mission-control,capability_match
0b77ec4f-069c-4cec-a1ab-e512b6112c51,opensre,capability_match
0c242bc0-f5ff-4fdc-b9d4-9852ef03e2e9,LightRAG,capability_match
0c242bc0-f5ff-4fdc-b9d4-9852ef03e2e9,mission-control,capability_match
0c242bc0-f5ff-4fdc-b9d4-9852ef03e2e9,opensre,capability_match
0c6aee03-1791-4ee5-be62-3b728b329507,LightRAG,capability_match
0c6aee03-1791-4ee5-be62-3b728b329507,mission-control,capability_match
0c6aee03-1791-4ee5-be62-3b728b329507,opensre,capability_match
0cb23daa-89cf-4024-8d48-19ef3070544b,LightRAG,capability_match
0cb23daa-89cf-4024-8d48-19ef3070544b,mission-control,capability_match
0cb23daa-89cf-4024-8d48-19ef3070544b,opensre,capability_match
0cfa37d1-5dbe-44de-ac1d-bb54b5f2f26b,LightRAG,capability_match
0cfa37d1-5dbe-44de-ac1d-bb54b5f2f26b,mission-control,capability_match
0cfa37d1-5dbe-44de-ac1d-bb54b5f2f26b,opensre,capability_match
0d0043e7-228c-4c3c-8a34-bf38798c692c,LightRAG,capability_match
0d0043e7-228c-4c3c-8a34-bf38798c692c,mission-control,capability_match
0d0043e7-228c-4c3c-8a34-bf38798c692c,opensre,capability_match
0d31cc43-724b-4f18-ab7e-eee59d351acd,LightRAG,capability_match
0d31cc43-724b-4f18-ab7e-eee59d351acd,mission-control,capability_match
0d31cc43-724b-4f18-ab7e-eee59d351acd,opensre,capability_match
0ea29e71-8639-4202-925b-ecb70c013800,LightRAG,capability_match
0ea29e71-8639-4202-925b-ecb70c013800,mission-control,capability_match
0ea29e71-8639-4202-925b-ecb70c013800,opensre,capability_match
0ef43be4-0a97-4b81-bb34-318e99be2e79,LightRAG,capability_match
0ef43be4-0a97-4b81-bb34-318e99be2e79,mission-control,capability_match
0ef43be4-0a97-4b81-bb34-318e99be2e79,opensre,capability_match
0f6a2756-2bc4-4fd5-abb9-30d24b087aca,LightRAG,capability_match
0f6a2756-2bc4-4fd5-abb9-30d24b087aca,mission-control,capability_match
0f6a2756-2bc4-4fd5-abb9-30d24b087aca,opensre,capability_match
0f8fb560-a2fe-44f5-a527-8473a64371eb,LightRAG,capability_match
0f8fb560-a2fe-44f5-a527-8473a64371eb,mission-control,capability_match
0f8fb560-a2fe-44f5-a527-8473a64371eb,opensre,capability_match
10632f64-18a7-4ee0-98ac-a5cde697b304,LightRAG,capability_match
10632f64-18a7-4ee0-98ac-a5cde697b304,mission-control,capability_match
10632f64-18a7-4ee0-98ac-a5cde697b304,opensre,capability_match
11042f16-27fe-4c22-80d8-719ec6a3dc83,LightRAG,capability_match
11042f16-27fe-4c22-80d8-719ec6a3dc83,mission-control,capability_match
11042f16-27fe-4c22-80d8-719ec6a3dc83,opensre,capability_match
12502e9e-f74e-477a-aaa7-692515b8e7bf,LightRAG,capability_match
12502e9e-f74e-477a-aaa7-692515b8e7bf,mission-control,capability_match
12502e9e-f74e-477a-aaa7-692515b8e7bf,opensre,capability_match
12b83702-3d09-4d1e-8153-309513fa9c5d,LightRAG,capability_match
12b83702-3d09-4d1e-8153-309513fa9c5d,mission-control,capability_match
12b83702-3d09-4d1e-8153-309513fa9c5d,opensre,capability_match
135a93dd-eafe-4547-872d-1881adc1a5de,LightRAG,capability_match
135a93dd-eafe-4547-872d-1881adc1a5de,mission-control,capability_match
135a93dd-eafe-4547-872d-1881adc1a5de,opensre,capability_match
13a359cd-b81e-4308-97ae-866caa26cbaf,LightRAG,capability_match
13a359cd-b81e-4308-97ae-866caa26cbaf,mission-control,capability_match
13a359cd-b81e-4308-97ae-866caa26cbaf,opensre,capability_match
143e7aea-a027-43c8-8d0e-8d0f2bb56ebe,LightRAG,capability_match
143e7aea-a027-43c8-8d0e-8d0f2bb56ebe,mission-control,capability_match
143e7aea-a027-43c8-8d0e-8d0f2bb56ebe,opensre,capability_match
1467e5ce-7a97-4daa-a208-f412fcd8d0b9,LightRAG,capability_match
1467e5ce-7a97-4daa-a208-f412fcd8d0b9,mission-control,capability_match
1467e5ce-7a97-4daa-a208-f412fcd8d0b9,opensre,capability_match
146ed62c-d9e8-4285-b2c8-8b852dbfa76b,LightRAG,capability_match
146ed62c-d9e8-4285-b2c8-8b852dbfa76b,mission-control,capability_match
146ed62c-d9e8-4285-b2c8-8b852dbfa76b,opensre,capability_match
148ae630-ad97-4241-a1e6-2baf1ff50aca,LightRAG,capability_match
148ae630-ad97-4241-a1e6-2baf1ff50aca,mission-control,capability_match
148ae630-ad97-4241-a1e6-2baf1ff50aca,opensre,capability_match
14ca9c22-60b1-470f-b4ed-75345f04b6ae,LightRAG,capability_match
14ca9c22-60b1-470f-b4ed-75345f04b6ae,mission-control,capability_match
14ca9c22-60b1-470f-b4ed-75345f04b6ae,opensre,capability_match
150c4561-556e-49c2-a85f-a313bf3157bf,LightRAG,capability_match
150c4561-556e-49c2-a85f-a313bf3157bf,mission-control,capability_match
150c4561-556e-49c2-a85f-a313bf3157bf,opensre,capability_match
151763db-b390-47a9-bd1b-82c4e492aeb2,opensre,capability_match
151763db-b390-47a9-bd1b-82c4e492aeb2,vibe-kanban,capability_match
151763db-b390-47a9-bd1b-82c4e492aeb2,vibetunnel,capability_match
15572af9-e058-492c-b9e9-0938b4d07fb7,LightRAG,capability_match
15572af9-e058-492c-b9e9-0938b4d07fb7,mission-control,capability_match
15572af9-e058-492c-b9e9-0938b4d07fb7,opensre,capability_match
165c6d9c-7d5a-437e-bd7b-32ef5591b556,LightRAG,capability_match
165c6d9c-7d5a-437e-bd7b-32ef5591b556,mission-control,capability_match
165c6d9c-7d5a-437e-bd7b-32ef5591b556,opensre,capability_match
1705ea92-cfb4-4491-9398-9eb0cb750c32,LightRAG,capability_match
1705ea92-cfb4-4491-9398-9eb0cb750c32,mission-control,capability_match
1705ea92-cfb4-4491-9398-9eb0cb750c32,opensre,capability_match
183352d5-3ad0-46bc-830f-4609de0c8361,LightRAG,capability_match
183352d5-3ad0-46bc-830f-4609de0c8361,mission-control,capability_match
183352d5-3ad0-46bc-830f-4609de0c8361,opensre,capability_match
18473bcf-98a9-48bb-93c9-1e22b475458a,LightRAG,capability_match
18473bcf-98a9-48bb-93c9-1e22b475458a,mission-control,capability_match
18473bcf-98a9-48bb-93c9-1e22b475458a,opensre,capability_match
18f6048f-e40f-4c14-b15a-7bb1a7a5f3a9,LightRAG,capability_match
18f6048f-e40f-4c14-b15a-7bb1a7a5f3a9,mission-control,capability_match
18f6048f-e40f-4c14-b15a-7bb1a7a5f3a9,opensre,capability_match
19572aad-b666-44dc-aff0-f39d630ece7d,LightRAG,capability_match
19572aad-b666-44dc-aff0-f39d630ece7d,mission-control,capability_match
19572aad-b666-44dc-aff0-f39d630ece7d,opensre,capability_match
1972105c-4744-4d5f-8ff1-1d5e623dedd4,LightRAG,capability_match
1972105c-4744-4d5f-8ff1-1d5e623dedd4,mission-control,capability_match
1972105c-4744-4d5f-8ff1-1d5e623dedd4,opensre,capability_match
1982f9d5-9906-4258-b726-8b7a1dc134ad,LightRAG,capability_match
1982f9d5-9906-4258-b726-8b7a1dc134ad,mission-control,capability_match
1982f9d5-9906-4258-b726-8b7a1dc134ad,opensre,capability_match
19c45bca-ebfb-4dde-8356-5a7fcb406344,LightRAG,capability_match
19c45bca-ebfb-4dde-8356-5a7fcb406344,mission-control,capability_match
19c45bca-ebfb-4dde-8356-5a7fcb406344,opensre,capability_match
1a613d71-cdf4-44de-bc9f-91c0d8f9284c,LightRAG,capability_match
1a613d71-cdf4-44de-bc9f-91c0d8f9284c,mission-control,capability_match
1a613d71-cdf4-44de-bc9f-91c0d8f9284c,opensre,capability_match
1ae16ce2-e682-4bf0-afe7-8fa9685b18d5,LightRAG,capability_match
1ae16ce2-e682-4bf0-afe7-8fa9685b18d5,con-001-ace-construction,capability_match
1ae16ce2-e682-4bf0-afe7-8fa9685b18d5,mission-control,capability_match
1af98735-4007-4473-845b-83800d820bdd,LightRAG,capability_match
1af98735-4007-4473-845b-83800d820bdd,mission-control,capability_match
1af98735-4007-4473-845b-83800d820bdd,opensre,capability_match
1beee46c-512a-4465-bea0-930c5cf9b6c4,LightRAG,capability_match
1beee46c-512a-4465-bea0-930c5cf9b6c4,mission-control,capability_match
1beee46c-512a-4465-bea0-930c5cf9b6c4,opensre,capability_match
1c2815b7-14da-46d8-9def-d3fafd52127f,LightRAG,capability_match
1c2815b7-14da-46d8-9def-d3fafd52127f,con-001-ace-construction,capability_match
1c2815b7-14da-46d8-9def-d3fafd52127f,mission-control,capability_match
1c5521f5-b350-4cb0-b3a4-34736d9d383b,LightRAG,capability_match
1c5521f5-b350-4cb0-b3a4-34736d9d383b,mission-control,capability_match
1c5521f5-b350-4cb0-b3a4-34736d9d383b,opensre,capability_match
1d84705c-8ebd-4c0c-83cf-cf383951b7bb,opensre,capability_match
1d84705c-8ebd-4c0c-83cf-cf383951b7bb,vibe-kanban,capability_match
1d84705c-8ebd-4c0c-83cf-cf383951b7bb,vibetunnel,capability_match
1e024252-6dd8-4413-b4c2-462db4ed5320,LightRAG,capability_match
1e024252-6dd8-4413-b4c2-462db4ed5320,mission-control,capability_match
1e024252-6dd8-4413-b4c2-462db4ed5320,opensre,capability_match
1ecbc9e3-88bf-4d29-9a90-1ee5e2d2549b,opensre,capability_match
1ecbc9e3-88bf-4d29-9a90-1ee5e2d2549b,vibe-kanban,capability_match
1ecbc9e3-88bf-4d29-9a90-1ee5e2d2549b,vibetunnel,capability_match
1f0860d6-28de-4dc9-94a9-b47451525e36,LightRAG,capability_match
1f0860d6-28de-4dc9-94a9-b47451525e36,mission-control,capability_match
1f0860d6-28de-4dc9-94a9-b47451525e36,opensre,capability_match
1f79d4d9-0ae0-4d61-9229-bf119ef3e3a9,LightRAG,capability_match
1f79d4d9-0ae0-4d61-9229-bf119ef3e3a9,mission-control,capability_match
1f79d4d9-0ae0-4d61-9229-bf119ef3e3a9,opensre,capability_match
1fa228ed-bb8b-4a8f-b019-29f445e2983e,LightRAG,capability_match
1fa228ed-bb8b-4a8f-b019-29f445e2983e,mission-control,capability_match
1fa228ed-bb8b-4a8f-b019-29f445e2983e,opensre,capability_match
1fb0e709-9257-4ae0-813c-6cb58db2e67f,LightRAG,capability_match
1fb0e709-9257-4ae0-813c-6cb58db2e67f,mission-control,capability_match
1fb0e709-9257-4ae0-813c-6cb58db2e67f,opensre,capability_match
2016874b-887e-4fde-9df6-a28ab07a7f94,LightRAG,capability_match
2016874b-887e-4fde-9df6-a28ab07a7f94,mission-control,capability_match
2016874b-887e-4fde-9df6-a28ab07a7f94,opensre,capability_match
203edd61-c09c-41e0-abef-16e704e8a993,LightRAG,capability_match
203edd61-c09c-41e0-abef-16e704e8a993,mission-control,capability_match
203edd61-c09c-41e0-abef-16e704e8a993,opensre,capability_match
213c42db-79a1-4d1f-84da-4f7fe03ab2fd,LightRAG,capability_match
213c42db-79a1-4d1f-84da-4f7fe03ab2fd,mission-control,capability_match
213c42db-79a1-4d1f-84da-4f7fe03ab2fd,opensre,capability_match
222e6e87-7845-44af-971e-3b43b8691ec9,LightRAG,capability_match
222e6e87-7845-44af-971e-3b43b8691ec9,mission-control,capability_match
222e6e87-7845-44af-971e-3b43b8691ec9,opensre,capability_match
227ee829-19eb-4140-8f4e-d5c738068733,LightRAG,capability_match
227ee829-19eb-4140-8f4e-d5c738068733,mission-control,capability_match
227ee829-19eb-4140-8f4e-d5c738068733,opensre,capability_match
22a39e70-ebd8-4cd9-ae00-8355d43d786a,LightRAG,capability_match
22a39e70-ebd8-4cd9-ae00-8355d43d786a,con-001-ace-construction,capability_match
22a39e70-ebd8-4cd9-ae00-8355d43d786a,mission-control,capability_match
2341307d-f417-4696-8f8f-8900eee85251,LightRAG,capability_match
2341307d-f417-4696-8f8f-8900eee85251,mission-control,capability_match
2341307d-f417-4696-8f8f-8900eee85251,opensre,capability_match
23ea35ff-8a7e-46ac-b98e-6aebc0201d77,LightRAG,capability_match
23ea35ff-8a7e-46ac-b98e-6aebc0201d77,mission-control,capability_match
23ea35ff-8a7e-46ac-b98e-6aebc0201d77,opensre,capability_match
2419bf07-b3f2-400f-a2c5-acab2bce597b,opensre,capability_match
2419bf07-b3f2-400f-a2c5-acab2bce597b,vibe-kanban,capability_match
2419bf07-b3f2-400f-a2c5-acab2bce597b,vibetunnel,capability_match
2456b3b6-1012-4c1c-ace0-0f100383fda2,LightRAG,capability_match
2456b3b6-1012-4c1c-ace0-0f100383fda2,mission-control,capability_match
2456b3b6-1012-4c1c-ace0-0f100383fda2,opensre,capability_match
2471d5ff-1524-4bca-98f6-48080f8b75d6,LightRAG,capability_match
2471d5ff-1524-4bca-98f6-48080f8b75d6,mission-control,capability_match
2471d5ff-1524-4bca-98f6-48080f8b75d6,opensre,capability_match
248ceb22-f8ba-41b3-81e0-83deabb758af,LightRAG,capability_match
248ceb22-f8ba-41b3-81e0-83deabb758af,mission-control,capability_match
248ceb22-f8ba-41b3-81e0-83deabb758af,opensre,capability_match
2629051b-ee01-4bea-96a5-78d20d510974,LightRAG,capability_match
2629051b-ee01-4bea-96a5-78d20d510974,mission-control,capability_match
2629051b-ee01-4bea-96a5-78d20d510974,opensre,capability_match
27843a05-3600-4e58-b7e7-a3fa98833782,LightRAG,capability_match
27843a05-3600-4e58-b7e7-a3fa98833782,mission-control,capability_match
27843a05-3600-4e58-b7e7-a3fa98833782,opensre,capability_match
28186c7a-9e4b-4b2c-884c-2bf6a7750009,LightRAG,capability_match
28186c7a-9e4b-4b2c-884c-2bf6a7750009,mission-control,capability_match
28186c7a-9e4b-4b2c-884c-2bf6a7750009,opensre,capability_match
2910ebdd-594e-436d-8775-fa972b17b13f,LightRAG,capability_match
2910ebdd-594e-436d-8775-fa972b17b13f,mission-control,capability_match
2910ebdd-594e-436d-8775-fa972b17b13f,opensre,capability_match
29799a86-6a8c-4a38-870b-05dc18536eee,LightRAG,capability_match
29799a86-6a8c-4a38-870b-05dc18536eee,mission-control,capability_match
29799a86-6a8c-4a38-870b-05dc18536eee,opensre,capability_match
2aa052f5-86fa-4b5f-b82c-3803b6fa0658,LightRAG,capability_match
2aa052f5-86fa-4b5f-b82c-3803b6fa0658,mission-control,capability_match
2aa052f5-86fa-4b5f-b82c-3803b6fa0658,opensre,capability_match
2afc29cb-4bb8-4f85-8a1d-d5e79f2124d5,LightRAG,capability_match
2afc29cb-4bb8-4f85-8a1d-d5e79f2124d5,mission-control,capability_match
2afc29cb-4bb8-4f85-8a1d-d5e79f2124d5,opensre,capability_match
2b217759-65d7-4d87-bced-0e92d53f7731,LightRAG,capability_match
2b217759-65d7-4d87-bced-0e92d53f7731,mission-control,capability_match
2b217759-65d7-4d87-bced-0e92d53f7731,opensre,capability_match
2b8ec933-7b91-4aa0-b80a-788d979179e1,LightRAG,capability_match
2b8ec933-7b91-4aa0-b80a-788d979179e1,mission-control,capability_match
2b8ec933-7b91-4aa0-b80a-788d979179e1,opensre,capability_match
2c23bb1e-c24d-44fd-8acd-fe8b79856c0d,LightRAG,capability_match
2c23bb1e-c24d-44fd-8acd-fe8b79856c0d,mission-control,capability_match
2c23bb1e-c24d-44fd-8acd-fe8b79856c0d,opensre,capability_match
2c7f67bd-5ef9-43dc-9415-a20b5785d344,LightRAG,capability_match
2c7f67bd-5ef9-43dc-9415-a20b5785d344,mission-control,capability_match
2c7f67bd-5ef9-43dc-9415-a20b5785d344,opensre,capability_match
2d31ba4a-d946-4fb2-8313-6df24e866477,LightRAG,capability_match
2d31ba4a-d946-4fb2-8313-6df24e866477,mission-control,capability_match
2d31ba4a-d946-4fb2-8313-6df24e866477,opensre,capability_match
2d717fcc-a5b1-40db-90c5-0c0c86f2be1e,LightRAG,capability_match
2d717fcc-a5b1-40db-90c5-0c0c86f2be1e,mission-control,capability_match
2d717fcc-a5b1-40db-90c5-0c0c86f2be1e,opensre,capability_match
2d9b6d1a-bad4-4e8a-ae88-63a5e44419ef,LightRAG,capability_match
2d9b6d1a-bad4-4e8a-ae88-63a5e44419ef,mission-control,capability_match
2d9b6d1a-bad4-4e8a-ae88-63a5e44419ef,opensre,capability_match
2dbe782e-9a2d-4c1d-876f-1809ee9b1044,LightRAG,capability_match
2dbe782e-9a2d-4c1d-876f-1809ee9b1044,mission-control,capability_match
2dbe782e-9a2d-4c1d-876f-1809ee9b1044,opensre,capability_match
2f0bd0aa-8800-4a7e-ae2d-8ce98c11e571,opensre,capability_match
2f0bd0aa-8800-4a7e-ae2d-8ce98c11e571,vibe-kanban,capability_match
2f0bd0aa-8800-4a7e-ae2d-8ce98c11e571,vibetunnel,capability_match
2f16da0b-8695-4e68-afe3-b40d36cb83ea,LightRAG,capability_match
2f16da0b-8695-4e68-afe3-b40d36cb83ea,mission-control,capability_match
2f16da0b-8695-4e68-afe3-b40d36cb83ea,opensre,capability_match
2f9356bd-2837-42fd-85ff-24afab42dcf7,LightRAG,capability_match
2f9356bd-2837-42fd-85ff-24afab42dcf7,mission-control,capability_match
2f9356bd-2837-42fd-85ff-24afab42dcf7,opensre,capability_match
2fb6e87b-cb75-429f-b212-1b62959a69d6,LightRAG,capability_match
2fb6e87b-cb75-429f-b212-1b62959a69d6,mission-control,capability_match
2fb6e87b-cb75-429f-b212-1b62959a69d6,opensre,capability_match
2ff505e9-628e-4851-88c2-891abc76953b,LightRAG,capability_match
2ff505e9-628e-4851-88c2-891abc76953b,mission-control,capability_match
2ff505e9-628e-4851-88c2-891abc76953b,opensre,capability_match
30a407a5-4af5-42e5-8400-e5df314732e2,LightRAG,capability_match
30a407a5-4af5-42e5-8400-e5df314732e2,mission-control,capability_match
30a407a5-4af5-42e5-8400-e5df314732e2,opensre,capability_match
310c6e69-8b89-4b1f-b438-dc63dd0bc542,LightRAG,capability_match
310c6e69-8b89-4b1f-b438-dc63dd0bc542,mission-control,capability_match
310c6e69-8b89-4b1f-b438-dc63dd0bc542,opensre,capability_match
31235023-353f-4589-a488-017922da121d,LightRAG,capability_match
31235023-353f-4589-a488-017922da121d,mission-control,capability_match
31235023-353f-4589-a488-017922da121d,opensre,capability_match
31814643-600d-495d-8d8e-200317f998bf,LightRAG,capability_match
31814643-600d-495d-8d8e-200317f998bf,mission-control,capability_match
31814643-600d-495d-8d8e-200317f998bf,opensre,capability_match
318bd735-f2da-4275-b07f-1c48f67c84a4,LightRAG,capability_match
318bd735-f2da-4275-b07f-1c48f67c84a4,mission-control,capability_match
318bd735-f2da-4275-b07f-1c48f67c84a4,opensre,capability_match
31c6fede-cbc0-44a0-8617-11c205aa0d84,LightRAG,capability_match
31c6fede-cbc0-44a0-8617-11c205aa0d84,mission-control,capability_match
31c6fede-cbc0-44a0-8617-11c205aa0d84,opensre,capability_match
32788fce-aee1-4580-be35-f23a5ba2e185,LightRAG,capability_match
32788fce-aee1-4580-be35-f23a5ba2e185,mission-control,capability_match
32788fce-aee1-4580-be35-f23a5ba2e185,opensre,capability_match
331be19d-de55-4ef5-816c-61b2864cc5f6,LightRAG,capability_match
331be19d-de55-4ef5-816c-61b2864cc5f6,mission-control,capability_match
331be19d-de55-4ef5-816c-61b2864cc5f6,opensre,capability_match
33c71527-b0d1-4e2b-b3f8-c0e556c5e0de,LightRAG,capability_match
33c71527-b0d1-4e2b-b3f8-c0e556c5e0de,mission-control,capability_match
33c71527-b0d1-4e2b-b3f8-c0e556c5e0de,opensre,capability_match
344b87d3-150c-422f-9fab-21632cf5f464,LightRAG,capability_match
344b87d3-150c-422f-9fab-21632cf5f464,mission-control,capability_match
344b87d3-150c-422f-9fab-21632cf5f464,opensre,capability_match
34bef434-d5d2-4dab-b6f4-594fa069d2cc,LightRAG,capability_match
34bef434-d5d2-4dab-b6f4-594fa069d2cc,mission-control,capability_match
34bef434-d5d2-4dab-b6f4-594fa069d2cc,opensre,capability_match
3579fc6c-200c-4f67-af16-e9d6daa8aeef,LightRAG,capability_match
3579fc6c-200c-4f67-af16-e9d6daa8aeef,mission-control,capability_match
3579fc6c-200c-4f67-af16-e9d6daa8aeef,opensre,capability_match
35805956-8944-40e8-a4f4-8977fb6b3746,LightRAG,capability_match
35805956-8944-40e8-a4f4-8977fb6b3746,mission-control,capability_match
35805956-8944-40e8-a4f4-8977fb6b3746,opensre,capability_match
358c0fb7-60f0-49f0-af22-165ab5d8088a,LightRAG,capability_match
358c0fb7-60f0-49f0-af22-165ab5d8088a,mission-control,capability_match
358c0fb7-60f0-49f0-af22-165ab5d8088a,opensre,capability_match
35cda89c-dc7c-4391-8323-5d8237921766,LightRAG,capability_match
35cda89c-dc7c-4391-8323-5d8237921766,mission-control,capability_match
35cda89c-dc7c-4391-8323-5d8237921766,opensre,capability_match
36187a90-6ff7-4f05-8b4f-a38f837a560f,LightRAG,capability_match
36187a90-6ff7-4f05-8b4f-a38f837a560f,mission-control,capability_match
36187a90-6ff7-4f05-8b4f-a38f837a560f,opensre,capability_match
3639fa60-a2aa-4c02-85e6-bb1b8a2f3910,opensre,capability_match
3639fa60-a2aa-4c02-85e6-bb1b8a2f3910,vibe-kanban,capability_match
3639fa60-a2aa-4c02-85e6-bb1b8a2f3910,vibetunnel,capability_match
36b4103e-f7c1-4c87-a4fb-3c4d6d989890,LightRAG,capability_match
36b4103e-f7c1-4c87-a4fb-3c4d6d989890,mission-control,capability_match
36b4103e-f7c1-4c87-a4fb-3c4d6d989890,opensre,capability_match
36ee7c26-d6b6-47ff-a68c-105df6e12149,LightRAG,capability_match
36ee7c26-d6b6-47ff-a68c-105df6e12149,mission-control,capability_match
36ee7c26-d6b6-47ff-a68c-105df6e12149,opensre,capability_match
374e89eb-cbba-4476-ae24-9d60206b3dbe,LightRAG,capability_match
374e89eb-cbba-4476-ae24-9d60206b3dbe,mission-control,capability_match
374e89eb-cbba-4476-ae24-9d60206b3dbe,opensre,capability_match
37827f2a-b6dc-4218-a578-d96cb004b1f0,LightRAG,capability_match
37827f2a-b6dc-4218-a578-d96cb004b1f0,mission-control,capability_match
37827f2a-b6dc-4218-a578-d96cb004b1f0,opensre,capability_match
38f31487-8db1-447f-a399-b058408b194c,LightRAG,capability_match
38f31487-8db1-447f-a399-b058408b194c,mission-control,capability_match
38f31487-8db1-447f-a399-b058408b194c,opensre,capability_match
39596661-535e-4f2a-8dda-27d1a00d11c1,LightRAG,capability_match
39596661-535e-4f2a-8dda-27d1a00d11c1,mission-control,capability_match
39596661-535e-4f2a-8dda-27d1a00d11c1,opensre,capability_match
39a765a6-ab7e-4202-a7a0-2f46f2770030,LightRAG,capability_match
39a765a6-ab7e-4202-a7a0-2f46f2770030,mission-control,capability_match
39a765a6-ab7e-4202-a7a0-2f46f2770030,opensre,capability_match
39bb131f-998c-4345-9905-8aebe1e526b9,LightRAG,capability_match
39bb131f-998c-4345-9905-8aebe1e526b9,mission-control,capability_match
39bb131f-998c-4345-9905-8aebe1e526b9,opensre,capability_match
3a440860-6aed-44b2-8493-72da772496b6,LightRAG,capability_match
3a440860-6aed-44b2-8493-72da772496b6,mission-control,capability_match
3a440860-6aed-44b2-8493-72da772496b6,opensre,capability_match
3a4480a4-8bd4-4746-a444-4858dec05e59,LightRAG,capability_match
3a4480a4-8bd4-4746-a444-4858dec05e59,mission-control,capability_match
3a4480a4-8bd4-4746-a444-4858dec05e59,opensre,capability_match
3a5d86be-26e5-44f4-8ab2-e7c7725e98ba,LightRAG,capability_match
3a5d86be-26e5-44f4-8ab2-e7c7725e98ba,mission-control,capability_match
3a5d86be-26e5-44f4-8ab2-e7c7725e98ba,opensre,capability_match
3b1b67db-86a0-43f5-ab28-c3c8f2e30747,LightRAG,capability_match
3b1b67db-86a0-43f5-ab28-c3c8f2e30747,mission-control,capability_match
3b1b67db-86a0-43f5-ab28-c3c8f2e30747,opensre,capability_match
3b81aa14-8681-4f7e-97c5-779f95583946,LightRAG,capability_match
3b81aa14-8681-4f7e-97c5-779f95583946,mission-control,capability_match
3b81aa14-8681-4f7e-97c5-779f95583946,opensre,capability_match
3c4a6a4e-aacd-4c85-b842-c01c18d67eed,LightRAG,capability_match
3c4a6a4e-aacd-4c85-b842-c01c18d67eed,mission-control,capability_match
3c4a6a4e-aacd-4c85-b842-c01c18d67eed,opensre,capability_match
3ca65cde-afba-402a-a609-514162c04b49,LightRAG,capability_match
3ca65cde-afba-402a-a609-514162c04b49,mission-control,capability_match
3ca65cde-afba-402a-a609-514162c04b49,opensre,capability_match
3d54893a-074f-4fbe-834c-e5290d6a81dd,LightRAG,capability_match
3d54893a-074f-4fbe-834c-e5290d6a81dd,mission-control,capability_match
3d54893a-074f-4fbe-834c-e5290d6a81dd,opensre,capability_match
3d9e26bd-f37c-4d22-a32c-e6fbc723b813,LightRAG,capability_match
3d9e26bd-f37c-4d22-a32c-e6fbc723b813,mission-control,capability_match
3d9e26bd-f37c-4d22-a32c-e6fbc723b813,opensre,capability_match
3dd10317-9390-4ece-be1d-7727c9a3c77d,LightRAG,capability_match
3dd10317-9390-4ece-be1d-7727c9a3c77d,mission-control,capability_match
3dd10317-9390-4ece-be1d-7727c9a3c77d,opensre,capability_match
3e9a6484-ddf8-4282-996b-b6e458e9b39c,LightRAG,capability_match
3e9a6484-ddf8-4282-996b-b6e458e9b39c,mission-control,capability_match
3e9a6484-ddf8-4282-996b-b6e458e9b39c,opensre,capability_match
3f137e95-1a79-4be9-9f29-255b45ba89fc,LightRAG,capability_match
3f137e95-1a79-4be9-9f29-255b45ba89fc,mission-control,capability_match
3f137e95-1a79-4be9-9f29-255b45ba89fc,opensre,capability_match
3fa42e76-1929-4fc0-bc7c-1cff095ca744,LightRAG,capability_match
3fa42e76-1929-4fc0-bc7c-1cff095ca744,mission-control,capability_match
3fa42e76-1929-4fc0-bc7c-1cff095ca744,opensre,capability_match
423e48d7-b18c-433c-976f-6891707eb8db,LightRAG,capability_match
423e48d7-b18c-433c-976f-6891707eb8db,mission-control,capability_match
423e48d7-b18c-433c-976f-6891707eb8db,opensre,capability_match
4285eea8-23f3-45c8-8a66-f9fb65d29550,LightRAG,capability_match
4285eea8-23f3-45c8-8a66-f9fb65d29550,mission-control,capability_match
4285eea8-23f3-45c8-8a66-f9fb65d29550,opensre,capability_match
42958522-0037-4ce0-a015-4a45bd3df1b6,LightRAG,capability_match
42958522-0037-4ce0-a015-4a45bd3df1b6,mission-control,capability_match
42958522-0037-4ce0-a015-4a45bd3df1b6,opensre,capability_match
42bdbd59-4767-49d3-8fa8-ee850440658a,LightRAG,capability_match
42bdbd59-4767-49d3-8fa8-ee850440658a,mission-control,capability_match
42bdbd59-4767-49d3-8fa8-ee850440658a,opensre,capability_match
4322cdc5-bd82-4466-93bd-a996edf3ba12,opensre,capability_match
4322cdc5-bd82-4466-93bd-a996edf3ba12,vibe-kanban,capability_match
4322cdc5-bd82-4466-93bd-a996edf3ba12,vibetunnel,capability_match
43887ca4-c9b2-43a6-b09c-be78c08f3bae,opensre,capability_match
43887ca4-c9b2-43a6-b09c-be78c08f3bae,vibe-kanban,capability_match
43887ca4-c9b2-43a6-b09c-be78c08f3bae,vibetunnel,capability_match
441ec840-4799-4986-b515-9b687e0ea01a,LightRAG,capability_match
441ec840-4799-4986-b515-9b687e0ea01a,mission-control,capability_match
441ec840-4799-4986-b515-9b687e0ea01a,opensre,capability_match
44eacc62-7877-48ea-8ef6-80ebc1b0e846,LightRAG,capability_match
44eacc62-7877-48ea-8ef6-80ebc1b0e846,mission-control,capability_match
44eacc62-7877-48ea-8ef6-80ebc1b0e846,opensre,capability_match
4533c051-374d-48ef-a99b-2717cc12f6da,LightRAG,capability_match
4533c051-374d-48ef-a99b-2717cc12f6da,mission-control,capability_match
4533c051-374d-48ef-a99b-2717cc12f6da,opensre,capability_match
45b36031-545d-4ab0-acac-3aa3db786bcb,LightRAG,capability_match
45b36031-545d-4ab0-acac-3aa3db786bcb,mission-control,capability_match
45b36031-545d-4ab0-acac-3aa3db786bcb,opensre,capability_match
462dc7ad-c2e9-4d02-a180-c1e675dc609a,LightRAG,capability_match
462dc7ad-c2e9-4d02-a180-c1e675dc609a,mission-control,capability_match
462dc7ad-c2e9-4d02-a180-c1e675dc609a,opensre,capability_match
46361eff-dc42-4c53-bb98-9c307b472ff2,LightRAG,capability_match
46361eff-dc42-4c53-bb98-9c307b472ff2,mission-control,capability_match
46361eff-dc42-4c53-bb98-9c307b472ff2,opensre,capability_match
465f5a33-6a8b-4bf2-847b-4a465c95e144,LightRAG,capability_match
465f5a33-6a8b-4bf2-847b-4a465c95e144,mission-control,capability_match
465f5a33-6a8b-4bf2-847b-4a465c95e144,opensre,capability_match
46887285-5cb6-44c2-a347-9f941465932c,LightRAG,capability_match
46887285-5cb6-44c2-a347-9f941465932c,mission-control,capability_match
46887285-5cb6-44c2-a347-9f941465932c,opensre,capability_match
47f63152-0995-4ec3-b05a-aa6fa827cbd7,LightRAG,capability_match
47f63152-0995-4ec3-b05a-aa6fa827cbd7,mission-control,capability_match
47f63152-0995-4ec3-b05a-aa6fa827cbd7,opensre,capability_match
48078344-8da1-4ee7-8dba-049b8b3e0ec6,LightRAG,capability_match
48078344-8da1-4ee7-8dba-049b8b3e0ec6,mission-control,capability_match
48078344-8da1-4ee7-8dba-049b8b3e0ec6,opensre,capability_match
484527cc-44f6-43f6-af66-a5d5744c370d,LightRAG,capability_match
484527cc-44f6-43f6-af66-a5d5744c370d,mission-control,capability_match
484527cc-44f6-43f6-af66-a5d5744c370d,opensre,capability_match
484ac493-c394-4ca1-aa18-e514a8844312,LightRAG,capability_match
484ac493-c394-4ca1-aa18-e514a8844312,mission-control,capability_match
484ac493-c394-4ca1-aa18-e514a8844312,opensre,capability_match
4872fb01-ff96-431c-9b25-c2a66ad5b763,LightRAG,capability_match
4872fb01-ff96-431c-9b25-c2a66ad5b763,mission-control,capability_match
4872fb01-ff96-431c-9b25-c2a66ad5b763,opensre,capability_match
48f21b48-6f8e-4e07-9469-3d7dc790c5a4,LightRAG,capability_match
48f21b48-6f8e-4e07-9469-3d7dc790c5a4,mission-control,capability_match
48f21b48-6f8e-4e07-9469-3d7dc790c5a4,opensre,capability_match
49526c95-3d5f-4702-9c1b-eafe7fa02750,LightRAG,capability_match
49526c95-3d5f-4702-9c1b-eafe7fa02750,mission-control,capability_match
49526c95-3d5f-4702-9c1b-eafe7fa02750,opensre,capability_match
4a1ed3f5-3513-4d52-8bf2-18010dc65aa3,LightRAG,capability_match
4a1ed3f5-3513-4d52-8bf2-18010dc65aa3,mission-control,capability_match
4a1ed3f5-3513-4d52-8bf2-18010dc65aa3,opensre,capability_match
4a98aa80-6818-454f-9467-fda52e8ed59f,opensre,capability_match
4a98aa80-6818-454f-9467-fda52e8ed59f,vibe-kanban,capability_match
4a98aa80-6818-454f-9467-fda52e8ed59f,vibetunnel,capability_match
4b899fec-ce6a-4ada-b6be-d491c765c111,LightRAG,capability_match
4b899fec-ce6a-4ada-b6be-d491c765c111,mission-control,capability_match
4b899fec-ce6a-4ada-b6be-d491c765c111,opensre,capability_match
4cbc4879-fd8f-49cd-8e56-23650b8685c6,LightRAG,capability_match
4cbc4879-fd8f-49cd-8e56-23650b8685c6,mission-control,capability_match
4cbc4879-fd8f-49cd-8e56-23650b8685c6,opensre,capability_match
4d4db78a-818f-4ad3-81fb-cb4b4a1f9fbe,LightRAG,capability_match
4d4db78a-818f-4ad3-81fb-cb4b4a1f9fbe,mission-control,capability_match
4d4db78a-818f-4ad3-81fb-cb4b4a1f9fbe,opensre,capability_match
4dca4506-63b7-47fe-aaed-02f187174e0c,LightRAG,capability_match
4dca4506-63b7-47fe-aaed-02f187174e0c,mission-control,capability_match
4dca4506-63b7-47fe-aaed-02f187174e0c,opensre,capability_match
4e15bedf-ea71-46db-85b6-db02f9a878cd,LightRAG,capability_match
4e15bedf-ea71-46db-85b6-db02f9a878cd,mission-control,capability_match
4e15bedf-ea71-46db-85b6-db02f9a878cd,opensre,capability_match
4e56b7b1-d067-4439-8832-f9557dc9f55e,LightRAG,capability_match
4e56b7b1-d067-4439-8832-f9557dc9f55e,con-001-ace-construction,capability_match
4e56b7b1-d067-4439-8832-f9557dc9f55e,mission-control,capability_match
4eb03215-ebec-4529-b315-9bd4094687b8,LightRAG,capability_match
4eb03215-ebec-4529-b315-9bd4094687b8,mission-control,capability_match
4eb03215-ebec-4529-b315-9bd4094687b8,opensre,capability_match
4f023153-7cc2-4fd6-a3cd-f26cd8027276,LightRAG,capability_match
4f023153-7cc2-4fd6-a3cd-f26cd8027276,mission-control,capability_match
4f023153-7cc2-4fd6-a3cd-f26cd8027276,opensre,capability_match
4f3bc116-b77f-4b3a-a9f6-a3327a21762d,LightRAG,capability_match
4f3bc116-b77f-4b3a-a9f6-a3327a21762d,mission-control,capability_match
4f3bc116-b77f-4b3a-a9f6-a3327a21762d,opensre,capability_match
4f726b51-54a4-472d-9f27-78ae5868efb5,LightRAG,capability_match
4f726b51-54a4-472d-9f27-78ae5868efb5,mission-control,capability_match
4f726b51-54a4-472d-9f27-78ae5868efb5,opensre,capability_match
4f9fc8f1-343e-4350-b721-507bd19da93c,LightRAG,capability_match
4f9fc8f1-343e-4350-b721-507bd19da93c,mission-control,capability_match
4f9fc8f1-343e-4350-b721-507bd19da93c,opensre,capability_match
507946b2-75db-480d-a46c-011213b4797f,LightRAG,capability_match
507946b2-75db-480d-a46c-011213b4797f,mission-control,capability_match
507946b2-75db-480d-a46c-011213b4797f,opensre,capability_match
50fdd75b-08e3-4b25-adb5-3252b0218edc,LightRAG,capability_match
50fdd75b-08e3-4b25-adb5-3252b0218edc,mission-control,capability_match
50fdd75b-08e3-4b25-adb5-3252b0218edc,opensre,capability_match
51b7c13a-d958-4d87-91c1-e4a5a49a789a,LightRAG,capability_match
51b7c13a-d958-4d87-91c1-e4a5a49a789a,mission-control,capability_match
51b7c13a-d958-4d87-91c1-e4a5a49a789a,opensre,capability_match
51b7ebf7-d058-49ec-8833-8021a05b7a09,LightRAG,capability_match
51b7ebf7-d058-49ec-8833-8021a05b7a09,mission-control,capability_match
51b7ebf7-d058-49ec-8833-8021a05b7a09,opensre,capability_match
51c2c031-02b0-4148-b832-770c16239b68,LightRAG,capability_match
51c2c031-02b0-4148-b832-770c16239b68,mission-control,capability_match
51c2c031-02b0-4148-b832-770c16239b68,opensre,capability_match
51d69a32-a9fe-47b8-b3c7-88780372918b,LightRAG,capability_match
51d69a32-a9fe-47b8-b3c7-88780372918b,mission-control,capability_match
51d69a32-a9fe-47b8-b3c7-88780372918b,opensre,capability_match
53092cce-000a-4f02-acbd-c38c3e47fe4b,LightRAG,capability_match
53092cce-000a-4f02-acbd-c38c3e47fe4b,mission-control,capability_match
53092cce-000a-4f02-acbd-c38c3e47fe4b,opensre,capability_match
53d29854-db4f-4077-9bc4-a425e90dd022,LightRAG,capability_match
53d29854-db4f-4077-9bc4-a425e90dd022,mission-control,capability_match
53d29854-db4f-4077-9bc4-a425e90dd022,opensre,capability_match
54310d28-55be-453f-ba14-c1fa7123c0fc,LightRAG,capability_match
54310d28-55be-453f-ba14-c1fa7123c0fc,mission-control,capability_match
54310d28-55be-453f-ba14-c1fa7123c0fc,opensre,capability_match
5469f98f-1926-4d43-9e44-d1e348e08b64,LightRAG,capability_match
5469f98f-1926-4d43-9e44-d1e348e08b64,mission-control,capability_match
5469f98f-1926-4d43-9e44-d1e348e08b64,opensre,capability_match
54e48239-6fe9-4a4c-8559-d10072f4673a,LightRAG,capability_match
54e48239-6fe9-4a4c-8559-d10072f4673a,mission-control,capability_match
54e48239-6fe9-4a4c-8559-d10072f4673a,opensre,capability_match
554e22d2-a833-48b3-b9db-a02721589a59,LightRAG,capability_match
554e22d2-a833-48b3-b9db-a02721589a59,mission-control,capability_match
554e22d2-a833-48b3-b9db-a02721589a59,opensre,capability_match
557a4aa2-7e4e-4eb6-8970-59813355bf0f,LightRAG,capability_match
557a4aa2-7e4e-4eb6-8970-59813355bf0f,mission-control,capability_match
557a4aa2-7e4e-4eb6-8970-59813355bf0f,opensre,capability_match
55af196a-fcc9-45c2-9890-e711c18cb9e4,LightRAG,capability_match
55af196a-fcc9-45c2-9890-e711c18cb9e4,mission-control,capability_match
55af196a-fcc9-45c2-9890-e711c18cb9e4,opensre,capability_match
55c975e3-18d8-4af6-be4c-dc5be06d881d,LightRAG,capability_match
55c975e3-18d8-4af6-be4c-dc5be06d881d,mission-control,capability_match
55c975e3-18d8-4af6-be4c-dc5be06d881d,opensre,capability_match
563d83e2-b55d-4660-8124-578d94f48393,LightRAG,capability_match
563d83e2-b55d-4660-8124-578d94f48393,mission-control,capability_match
563d83e2-b55d-4660-8124-578d94f48393,opensre,capability_match
5706db7e-a0aa-4216-8a72-6e423d201490,LightRAG,capability_match
5706db7e-a0aa-4216-8a72-6e423d201490,mission-control,capability_match
5706db7e-a0aa-4216-8a72-6e423d201490,opensre,capability_match
5723b162-0c6f-4c98-a728-a2fdbbaed952,LightRAG,capability_match
5723b162-0c6f-4c98-a728-a2fdbbaed952,mission-control,capability_match
5723b162-0c6f-4c98-a728-a2fdbbaed952,opensre,capability_match
57714f4e-8b35-4ba2-acd6-be638b5651bc,LightRAG,capability_match
57714f4e-8b35-4ba2-acd6-be638b5651bc,mission-control,capability_match
57714f4e-8b35-4ba2-acd6-be638b5651bc,opensre,capability_match
57f222b2-4bd7-47fe-a6b9-4ca9fb85f397,LightRAG,capability_match
57f222b2-4bd7-47fe-a6b9-4ca9fb85f397,mission-control,capability_match
57f222b2-4bd7-47fe-a6b9-4ca9fb85f397,opensre,capability_match
59028581-6f24-4c4c-88f1-2e9efaf6b737,LightRAG,capability_match
59028581-6f24-4c4c-88f1-2e9efaf6b737,mission-control,capability_match
59028581-6f24-4c4c-88f1-2e9efaf6b737,opensre,capability_match
592cbb78-a528-4de6-82bd-cf1ddbefe51b,LightRAG,capability_match
592cbb78-a528-4de6-82bd-cf1ddbefe51b,mission-control,capability_match
592cbb78-a528-4de6-82bd-cf1ddbefe51b,opensre,capability_match
5939b384-7df2-4b99-9ed4-c45ddb73d28b,LightRAG,capability_match
5939b384-7df2-4b99-9ed4-c45ddb73d28b,mission-control,capability_match
5939b384-7df2-4b99-9ed4-c45ddb73d28b,opensre,capability_match
59e5eaf3-ebcb-4166-b3f7-ad1535df269d,LightRAG,capability_match
59e5eaf3-ebcb-4166-b3f7-ad1535df269d,mission-control,capability_match
59e5eaf3-ebcb-4166-b3f7-ad1535df269d,opensre,capability_match
5a37a3c2-1d1d-47ef-b37a-33ab4e203cf0,LightRAG,capability_match
5a37a3c2-1d1d-47ef-b37a-33ab4e203cf0,mission-control,capability_match
5a37a3c2-1d1d-47ef-b37a-33ab4e203cf0,opensre,capability_match
5aa9e65e-074b-4408-807c-0a61a3933178,LightRAG,capability_match
5aa9e65e-074b-4408-807c-0a61a3933178,mission-control,capability_match
5aa9e65e-074b-4408-807c-0a61a3933178,opensre,capability_match
5c08d1ff-20c0-4a01-87cb-956b582323f6,LightRAG,capability_match
5c08d1ff-20c0-4a01-87cb-956b582323f6,mission-control,capability_match
5c08d1ff-20c0-4a01-87cb-956b582323f6,opensre,capability_match
5c2c7466-5d9e-4407-ae8f-1df9d3b589a4,LightRAG,capability_match
5c2c7466-5d9e-4407-ae8f-1df9d3b589a4,mission-control,capability_match
5c2c7466-5d9e-4407-ae8f-1df9d3b589a4,opensre,capability_match
5cef7ad7-0af4-4caf-a5b3-437d60d84100,LightRAG,capability_match
5cef7ad7-0af4-4caf-a5b3-437d60d84100,mission-control,capability_match
5cef7ad7-0af4-4caf-a5b3-437d60d84100,opensre,capability_match
5d0712c4-19f4-4fb0-9fd5-456d688e791b,LightRAG,capability_match
5d0712c4-19f4-4fb0-9fd5-456d688e791b,mission-control,capability_match
5d0712c4-19f4-4fb0-9fd5-456d688e791b,opensre,capability_match
5d1dba3e-c471-4576-8a95-3046773736d3,LightRAG,capability_match
5d1dba3e-c471-4576-8a95-3046773736d3,mission-control,capability_match
5d1dba3e-c471-4576-8a95-3046773736d3,opensre,capability_match
5d2219fc-e6a0-4313-a159-2614709a6ca4,LightRAG,capability_match
5d2219fc-e6a0-4313-a159-2614709a6ca4,mission-control,capability_match
5d2219fc-e6a0-4313-a159-2614709a6ca4,opensre,capability_match
5db8782d-eae9-4d82-a273-695467be0159,LightRAG,capability_match
5db8782d-eae9-4d82-a273-695467be0159,mission-control,capability_match
5db8782d-eae9-4d82-a273-695467be0159,opensre,capability_match
5dd46624-6e8a-467e-9e4b-b23248929ede,LightRAG,capability_match
5dd46624-6e8a-467e-9e4b-b23248929ede,mission-control,capability_match
5dd46624-6e8a-467e-9e4b-b23248929ede,opensre,capability_match
5dd71714-9d13-4391-bc0f-e3a5be51968b,LightRAG,capability_match
5dd71714-9d13-4391-bc0f-e3a5be51968b,mission-control,capability_match
5dd71714-9d13-4391-bc0f-e3a5be51968b,opensre,capability_match
5e14ba4a-4152-4f8b-b782-1e9cc56299d4,LightRAG,capability_match
5e14ba4a-4152-4f8b-b782-1e9cc56299d4,mission-control,capability_match
5e14ba4a-4152-4f8b-b782-1e9cc56299d4,opensre,capability_match
5e3fc237-1b40-4f1a-81f7-b66908c2d4fa,LightRAG,capability_match
5e3fc237-1b40-4f1a-81f7-b66908c2d4fa,mission-control,capability_match
5e3fc237-1b40-4f1a-81f7-b66908c2d4fa,opensre,capability_match
5e6d3547-fc5a-4511-b7dc-ea829aff7b17,LightRAG,capability_match
5e6d3547-fc5a-4511-b7dc-ea829aff7b17,mission-control,capability_match
5e6d3547-fc5a-4511-b7dc-ea829aff7b17,opensre,capability_match
5ed5ea2b-a0c7-49c6-88af-40910a9737b4,LightRAG,capability_match
5ed5ea2b-a0c7-49c6-88af-40910a9737b4,mission-control,capability_match
5ed5ea2b-a0c7-49c6-88af-40910a9737b4,opensre,capability_match
5edf415f-1051-4f10-bb16-670e3dc28dd5,LightRAG,capability_match
5edf415f-1051-4f10-bb16-670e3dc28dd5,mission-control,capability_match
5edf415f-1051-4f10-bb16-670e3dc28dd5,opensre,capability_match
5f4b6855-0f89-4ea3-9c09-d10c6e1b4306,LightRAG,capability_match
5f4b6855-0f89-4ea3-9c09-d10c6e1b4306,mission-control,capability_match
5f4b6855-0f89-4ea3-9c09-d10c6e1b4306,opensre,capability_match
5f76f4f1-6910-4407-bdb8-a04b51507952,LightRAG,capability_match
5f76f4f1-6910-4407-bdb8-a04b51507952,mission-control,capability_match
5f76f4f1-6910-4407-bdb8-a04b51507952,opensre,capability_match
60598b62-cd1d-4be5-8021-3cb3bf7ff370,LightRAG,capability_match
60598b62-cd1d-4be5-8021-3cb3bf7ff370,mission-control,capability_match
60598b62-cd1d-4be5-8021-3cb3bf7ff370,opensre,capability_match
607c9d4b-724a-4ebb-960a-b78ed76de826,LightRAG,capability_match
607c9d4b-724a-4ebb-960a-b78ed76de826,mission-control,capability_match
607c9d4b-724a-4ebb-960a-b78ed76de826,opensre,capability_match
60a726f2-9209-404b-a0e5-dccb069e47e3,LightRAG,capability_match
60a726f2-9209-404b-a0e5-dccb069e47e3,mission-control,capability_match
60a726f2-9209-404b-a0e5-dccb069e47e3,opensre,capability_match
60c4c576-e373-4bf6-95c4-17934c1ec1d9,LightRAG,capability_match
60c4c576-e373-4bf6-95c4-17934c1ec1d9,mission-control,capability_match
60c4c576-e373-4bf6-95c4-17934c1ec1d9,opensre,capability_match
60c66a64-9fd3-4e83-9cec-25ebf8435b7c,LightRAG,capability_match
60c66a64-9fd3-4e83-9cec-25ebf8435b7c,mission-control,capability_match
60c66a64-9fd3-4e83-9cec-25ebf8435b7c,opensre,capability_match
6157c3ab-7857-4765-b145-e5fc04344d95,LightRAG,capability_match
6157c3ab-7857-4765-b145-e5fc04344d95,mission-control,capability_match
6157c3ab-7857-4765-b145-e5fc04344d95,opensre,capability_match
616c179b-5df3-42f5-b7c8-49ae5b70d9ee,LightRAG,capability_match
616c179b-5df3-42f5-b7c8-49ae5b70d9ee,mission-control,capability_match
616c179b-5df3-42f5-b7c8-49ae5b70d9ee,opensre,capability_match
61f08d5a-e28a-4569-a632-21becabb0eb5,LightRAG,capability_match
61f08d5a-e28a-4569-a632-21becabb0eb5,mission-control,capability_match
61f08d5a-e28a-4569-a632-21becabb0eb5,opensre,capability_match
6228a196-53c1-4798-a226-a9a98bc987e7,LightRAG,capability_match
6228a196-53c1-4798-a226-a9a98bc987e7,mission-control,capability_match
6228a196-53c1-4798-a226-a9a98bc987e7,opensre,capability_match
622c2502-572f-453f-93f4-13b966aa4d29,LightRAG,capability_match
622c2502-572f-453f-93f4-13b966aa4d29,mission-control,capability_match
622c2502-572f-453f-93f4-13b966aa4d29,opensre,capability_match
62adf78e-c391-4e8d-a0c5-c45f73b4fa06,LightRAG,capability_match
62adf78e-c391-4e8d-a0c5-c45f73b4fa06,mission-control,capability_match
62adf78e-c391-4e8d-a0c5-c45f73b4fa06,opensre,capability_match
6364ddf9-5003-46c7-b3ee-06947120b0dc,LightRAG,capability_match
6364ddf9-5003-46c7-b3ee-06947120b0dc,mission-control,capability_match
6364ddf9-5003-46c7-b3ee-06947120b0dc,opensre,capability_match
63684a0a-d318-487e-aee9-eb70347fdc04,LightRAG,capability_match
63684a0a-d318-487e-aee9-eb70347fdc04,mission-control,capability_match
63684a0a-d318-487e-aee9-eb70347fdc04,opensre,capability_match
63805485-2e71-4db8-ad26-c08b6b4835e1,LightRAG,capability_match
63805485-2e71-4db8-ad26-c08b6b4835e1,mission-control,capability_match
63805485-2e71-4db8-ad26-c08b6b4835e1,opensre,capability_match
645f19c8-cbab-48ac-8d92-08ee7d424015,LightRAG,capability_match
645f19c8-cbab-48ac-8d92-08ee7d424015,mission-control,capability_match
645f19c8-cbab-48ac-8d92-08ee7d424015,opensre,capability_match
64669816-60f5-4f5d-822c-d542a5398c33,LightRAG,capability_match
64669816-60f5-4f5d-822c-d542a5398c33,mission-control,capability_match
64669816-60f5-4f5d-822c-d542a5398c33,opensre,capability_match
649519c6-9a3d-4213-bf0e-06d17caecd6d,LightRAG,capability_match
649519c6-9a3d-4213-bf0e-06d17caecd6d,mission-control,capability_match
649519c6-9a3d-4213-bf0e-06d17caecd6d,opensre,capability_match
64ce1558-ee32-401f-b32d-282226c6334b,LightRAG,capability_match
64ce1558-ee32-401f-b32d-282226c6334b,mission-control,capability_match
64ce1558-ee32-401f-b32d-282226c6334b,opensre,capability_match
64df5998-36bb-4801-beb3-34088ab4bb3c,opensre,capability_match
64df5998-36bb-4801-beb3-34088ab4bb3c,vibe-kanban,capability_match
64df5998-36bb-4801-beb3-34088ab4bb3c,vibetunnel,capability_match
65bcab5b-f1b9-425c-963a-674db3c88f2e,LightRAG,capability_match
65bcab5b-f1b9-425c-963a-674db3c88f2e,mission-control,capability_match
65bcab5b-f1b9-425c-963a-674db3c88f2e,opensre,capability_match
66ac7cd0-7c20-441b-a8c3-de3431b0edea,LightRAG,capability_match
66ac7cd0-7c20-441b-a8c3-de3431b0edea,mission-control,capability_match
66ac7cd0-7c20-441b-a8c3-de3431b0edea,opensre,capability_match
66f336ca-ac2d-4566-b711-7d8ee8d2e0df,LightRAG,capability_match
66f336ca-ac2d-4566-b711-7d8ee8d2e0df,mission-control,capability_match
66f336ca-ac2d-4566-b711-7d8ee8d2e0df,opensre,capability_match
66f63ebc-0cf0-41c6-87e0-ece2ac619d71,LightRAG,capability_match
66f63ebc-0cf0-41c6-87e0-ece2ac619d71,mission-control,capability_match
66f63ebc-0cf0-41c6-87e0-ece2ac619d71,opensre,capability_match
6864b44d-111b-4f8f-9d86-70c7576ba018,LightRAG,capability_match
6864b44d-111b-4f8f-9d86-70c7576ba018,mission-control,capability_match
6864b44d-111b-4f8f-9d86-70c7576ba018,opensre,capability_match
68ec8784-6ac5-4852-ae40-3b82fd4d010e,LightRAG,capability_match
68ec8784-6ac5-4852-ae40-3b82fd4d010e,mission-control,capability_match
68ec8784-6ac5-4852-ae40-3b82fd4d010e,opensre,capability_match
691a2d51-26a0-40db-b14e-e62995a73f5e,LightRAG,capability_match
691a2d51-26a0-40db-b14e-e62995a73f5e,mission-control,capability_match
691a2d51-26a0-40db-b14e-e62995a73f5e,opensre,capability_match
69639ed0-9841-4162-9ace-487b616a5091,LightRAG,capability_match
69639ed0-9841-4162-9ace-487b616a5091,mission-control,capability_match
69639ed0-9841-4162-9ace-487b616a5091,opensre,capability_match
69a09970-4f23-4629-898f-68945a6c432b,LightRAG,capability_match
69a09970-4f23-4629-898f-68945a6c432b,mission-control,capability_match
69a09970-4f23-4629-898f-68945a6c432b,opensre,capability_match
69a86ec5-7a1f-42b1-ae57-b976b548af46,LightRAG,capability_match
69a86ec5-7a1f-42b1-ae57-b976b548af46,mission-control,capability_match
69a86ec5-7a1f-42b1-ae57-b976b548af46,opensre,capability_match
69cafbde-7fc1-4870-b3e6-3e5d4149db1c,LightRAG,capability_match
69cafbde-7fc1-4870-b3e6-3e5d4149db1c,mission-control,capability_match
69cafbde-7fc1-4870-b3e6-3e5d4149db1c,opensre,capability_match
69d0a7bd-f645-48e8-9370-1598d91fce73,LightRAG,capability_match
69d0a7bd-f645-48e8-9370-1598d91fce73,mission-control,capability_match
69d0a7bd-f645-48e8-9370-1598d91fce73,opensre,capability_match
6a871b02-00ea-42b9-b16d-c14212aa34a3,LightRAG,capability_match
6a871b02-00ea-42b9-b16d-c14212aa34a3,mission-control,capability_match
6a871b02-00ea-42b9-b16d-c14212aa34a3,opensre,capability_match
6ae13ef3-1eb7-405e-874e-025f1a4133e5,LightRAG,capability_match
6ae13ef3-1eb7-405e-874e-025f1a4133e5,mission-control,capability_match
6ae13ef3-1eb7-405e-874e-025f1a4133e5,opensre,capability_match
6bbaa1e6-372f-4f89-b412-8558aa0b3f2f,LightRAG,capability_match
6bbaa1e6-372f-4f89-b412-8558aa0b3f2f,mission-control,capability_match
6bbaa1e6-372f-4f89-b412-8558aa0b3f2f,opensre,capability_match
6c67f50e-b6ae-44d8-9107-2482914ed3f5,LightRAG,capability_match
6c67f50e-b6ae-44d8-9107-2482914ed3f5,mission-control,capability_match
6c67f50e-b6ae-44d8-9107-2482914ed3f5,opensre,capability_match
6cab83a8-f1f8-4b3a-82df-5ff417b6e4f5,LightRAG,capability_match
6cab83a8-f1f8-4b3a-82df-5ff417b6e4f5,mission-control,capability_match
6cab83a8-f1f8-4b3a-82df-5ff417b6e4f5,opensre,capability_match
6d13bcce-e856-4085-b615-aa4b639ea9cb,LightRAG,capability_match
6d13bcce-e856-4085-b615-aa4b639ea9cb,mission-control,capability_match
6d13bcce-e856-4085-b615-aa4b639ea9cb,opensre,capability_match
6d1a9fbc-4bee-4776-a939-16c64ea8e28c,opensre,capability_match
6d1a9fbc-4bee-4776-a939-16c64ea8e28c,vibe-kanban,capability_match
6d1a9fbc-4bee-4776-a939-16c64ea8e28c,vibetunnel,capability_match
6d7d63e5-66ea-43be-b359-3a1ca9e26838,LightRAG,capability_match
6d7d63e5-66ea-43be-b359-3a1ca9e26838,mission-control,capability_match
6d7d63e5-66ea-43be-b359-3a1ca9e26838,opensre,capability_match
6dbf2ae4-e7cb-4a89-a953-7f7810fff452,LightRAG,capability_match
6dbf2ae4-e7cb-4a89-a953-7f7810fff452,mission-control,capability_match
6dbf2ae4-e7cb-4a89-a953-7f7810fff452,opensre,capability_match
6e03ed0c-0d20-4147-a680-332e759a07dd,LightRAG,capability_match
6e03ed0c-0d20-4147-a680-332e759a07dd,mission-control,capability_match
6e03ed0c-0d20-4147-a680-332e759a07dd,opensre,capability_match
6e163a71-7804-4103-979e-4b2dd53f3486,LightRAG,capability_match
6e163a71-7804-4103-979e-4b2dd53f3486,mission-control,capability_match
6e163a71-7804-4103-979e-4b2dd53f3486,opensre,capability_match
6e32000d-b9a2-4ceb-980b-b86e4b4472ff,LightRAG,capability_match
6e32000d-b9a2-4ceb-980b-b86e4b4472ff,mission-control,capability_match
6e32000d-b9a2-4ceb-980b-b86e4b4472ff,opensre,capability_match
6e468241-bfde-4f52-a4e0-e48cf1c708c6,LightRAG,capability_match
6e468241-bfde-4f52-a4e0-e48cf1c708c6,mission-control,capability_match
6e468241-bfde-4f52-a4e0-e48cf1c708c6,opensre,capability_match
6ecd4ac6-2f01-42c2-8719-7ed67242746e,LightRAG,capability_match
6ecd4ac6-2f01-42c2-8719-7ed67242746e,mission-control,capability_match
6ecd4ac6-2f01-42c2-8719-7ed67242746e,opensre,capability_match
6fc00e9b-1417-49ba-b99e-9123e2f6e0aa,LightRAG,capability_match
6fc00e9b-1417-49ba-b99e-9123e2f6e0aa,mission-control,capability_match
6fc00e9b-1417-49ba-b99e-9123e2f6e0aa,opensre,capability_match
70623f59-4cac-43da-86d5-c73a378e3717,LightRAG,capability_match
70623f59-4cac-43da-86d5-c73a378e3717,mission-control,capability_match
70623f59-4cac-43da-86d5-c73a378e3717,opensre,capability_match
70a6dd47-0fe7-456e-bf0e-497b09bab3f4,LightRAG,capability_match
70a6dd47-0fe7-456e-bf0e-497b09bab3f4,mission-control,capability_match
70a6dd47-0fe7-456e-bf0e-497b09bab3f4,opensre,capability_match
70c45815-05f9-4c27-8428-719e4639b1fe,LightRAG,capability_match
70c45815-05f9-4c27-8428-719e4639b1fe,mission-control,capability_match
70c45815-05f9-4c27-8428-719e4639b1fe,opensre,capability_match
70e9d207-5837-4acd-af2d-023fbab7ea82,LightRAG,capability_match
70e9d207-5837-4acd-af2d-023fbab7ea82,mission-control,capability_match
70e9d207-5837-4acd-af2d-023fbab7ea82,opensre,capability_match
7220407f-5263-4c7e-9cc4-67593b853661,LightRAG,capability_match
7220407f-5263-4c7e-9cc4-67593b853661,mission-control,capability_match
7220407f-5263-4c7e-9cc4-67593b853661,opensre,capability_match
72608f4f-f023-4385-821e-8ad4f20052ac,LightRAG,capability_match
72608f4f-f023-4385-821e-8ad4f20052ac,mission-control,capability_match
72608f4f-f023-4385-821e-8ad4f20052ac,opensre,capability_match
72b96cd0-5984-4223-b27c-d06f4420f48f,LightRAG,capability_match
72b96cd0-5984-4223-b27c-d06f4420f48f,mission-control,capability_match
72b96cd0-5984-4223-b27c-d06f4420f48f,opensre,capability_match
7324eb78-30e3-4eb0-b09b-117237dea38d,LightRAG,capability_match
7324eb78-30e3-4eb0-b09b-117237dea38d,con-001-ace-construction,capability_match
7324eb78-30e3-4eb0-b09b-117237dea38d,mission-control,capability_match
735005b0-79ea-4830-9dea-3cbe38f8bdc5,LightRAG,capability_match
735005b0-79ea-4830-9dea-3cbe38f8bdc5,mission-control,capability_match
735005b0-79ea-4830-9dea-3cbe38f8bdc5,opensre,capability_match
74cd1d37-8e52-4440-a31c-43cd4be8e18b,LightRAG,capability_match
74cd1d37-8e52-4440-a31c-43cd4be8e18b,mission-control,capability_match
74cd1d37-8e52-4440-a31c-43cd4be8e18b,opensre,capability_match
7520fa1f-0055-41a1-a995-9ab6324812be,LightRAG,capability_match
7520fa1f-0055-41a1-a995-9ab6324812be,mission-control,capability_match
7520fa1f-0055-41a1-a995-9ab6324812be,opensre,capability_match
754a6478-d209-4875-97b7-99777e212742,LightRAG,capability_match
754a6478-d209-4875-97b7-99777e212742,mission-control,capability_match
754a6478-d209-4875-97b7-99777e212742,opensre,capability_match
75a5ac21-7939-4c50-98e1-9e4cef26c5db,LightRAG,capability_match
75a5ac21-7939-4c50-98e1-9e4cef26c5db,mission-control,capability_match
75a5ac21-7939-4c50-98e1-9e4cef26c5db,opensre,capability_match
75c46304-481e-4f5e-9d1a-ab0474e66c89,LightRAG,capability_match
75c46304-481e-4f5e-9d1a-ab0474e66c89,mission-control,capability_match
75c46304-481e-4f5e-9d1a-ab0474e66c89,opensre,capability_match
75d57c4e-04e8-4c92-9b3e-4af48bb31e73,LightRAG,capability_match
75d57c4e-04e8-4c92-9b3e-4af48bb31e73,mission-control,capability_match
75d57c4e-04e8-4c92-9b3e-4af48bb31e73,opensre,capability_match
76168880-aee5-4805-9d1e-3f46284bd73e,LightRAG,capability_match
76168880-aee5-4805-9d1e-3f46284bd73e,mission-control,capability_match
76168880-aee5-4805-9d1e-3f46284bd73e,opensre,capability_match
762cb3e5-3aad-4234-9035-0792b876af01,LightRAG,capability_match
762cb3e5-3aad-4234-9035-0792b876af01,mission-control,capability_match
762cb3e5-3aad-4234-9035-0792b876af01,opensre,capability_match
76da1050-6573-4962-acd6-03457e2ab645,LightRAG,capability_match
76da1050-6573-4962-acd6-03457e2ab645,mission-control,capability_match
76da1050-6573-4962-acd6-03457e2ab645,opensre,capability_match
76fc699c-07a5-47f1-850b-1b87d4b09383,LightRAG,capability_match
76fc699c-07a5-47f1-850b-1b87d4b09383,mission-control,capability_match
76fc699c-07a5-47f1-850b-1b87d4b09383,opensre,capability_match
773b0048-8659-477f-8859-8378495dc667,LightRAG,capability_match
773b0048-8659-477f-8859-8378495dc667,mission-control,capability_match
773b0048-8659-477f-8859-8378495dc667,opensre,capability_match
773d1607-b3bd-4fca-9b51-5195c4202d24,LightRAG,capability_match
773d1607-b3bd-4fca-9b51-5195c4202d24,mission-control,capability_match
773d1607-b3bd-4fca-9b51-5195c4202d24,opensre,capability_match
774b5bed-dc3f-4806-9fb0-f5c21915d1d2,LightRAG,capability_match
774b5bed-dc3f-4806-9fb0-f5c21915d1d2,mission-control,capability_match
774b5bed-dc3f-4806-9fb0-f5c21915d1d2,opensre,capability_match
778f1fff-2438-409b-b285-3c43fd9fad4c,LightRAG,capability_match
778f1fff-2438-409b-b285-3c43fd9fad4c,mission-control,capability_match
778f1fff-2438-409b-b285-3c43fd9fad4c,opensre,capability_match
77fab7a8-4d14-40ac-bc3e-e4b65f042b21,LightRAG,capability_match
77fab7a8-4d14-40ac-bc3e-e4b65f042b21,mission-control,capability_match
77fab7a8-4d14-40ac-bc3e-e4b65f042b21,opensre,capability_match
782c3f1d-0127-464a-b1fa-812c2244f988,LightRAG,capability_match
782c3f1d-0127-464a-b1fa-812c2244f988,mission-control,capability_match
782c3f1d-0127-464a-b1fa-812c2244f988,opensre,capability_match
783ccaf8-0436-4f3d-9284-79e695dcdf33,LightRAG,capability_match
783ccaf8-0436-4f3d-9284-79e695dcdf33,mission-control,capability_match
783ccaf8-0436-4f3d-9284-79e695dcdf33,opensre,capability_match
784227e4-eee7-42d3-81dd-56c84e2bd49b,LightRAG,capability_match
784227e4-eee7-42d3-81dd-56c84e2bd49b,mission-control,capability_match
784227e4-eee7-42d3-81dd-56c84e2bd49b,opensre,capability_match
785ecd3a-9d1b-4465-a65d-fdd093c2a41d,LightRAG,capability_match
785ecd3a-9d1b-4465-a65d-fdd093c2a41d,mission-control,capability_match
785ecd3a-9d1b-4465-a65d-fdd093c2a41d,opensre,capability_match
791334c8-a949-41bf-b656-a9c2891eec02,LightRAG,capability_match
791334c8-a949-41bf-b656-a9c2891eec02,mission-control,capability_match
791334c8-a949-41bf-b656-a9c2891eec02,opensre,capability_match
7959b02f-1512-4880-889c-44c7a6ab1a87,LightRAG,capability_match
7959b02f-1512-4880-889c-44c7a6ab1a87,mission-control,capability_match
7959b02f-1512-4880-889c-44c7a6ab1a87,opensre,capability_match
7a6cd400-f3e4-4653-8fcb-4c4c6a4918ab,LightRAG,capability_match
7a6cd400-f3e4-4653-8fcb-4c4c6a4918ab,mission-control,capability_match
7a6cd400-f3e4-4653-8fcb-4c4c6a4918ab,opensre,capability_match
7a6ea56f-3e04-4fc5-bf24-e12f4a4cee49,LightRAG,capability_match
7a6ea56f-3e04-4fc5-bf24-e12f4a4cee49,mission-control,capability_match
7a6ea56f-3e04-4fc5-bf24-e12f4a4cee49,opensre,capability_match
7ac61052-8b16-4926-9d1c-180d55d137a7,LightRAG,capability_match
7ac61052-8b16-4926-9d1c-180d55d137a7,mission-control,capability_match
7ac61052-8b16-4926-9d1c-180d55d137a7,opensre,capability_match
7b38feca-5ac6-4526-9d3f-b7f4edc8e0aa,LightRAG,capability_match
7b38feca-5ac6-4526-9d3f-b7f4edc8e0aa,mission-control,capability_match
7b38feca-5ac6-4526-9d3f-b7f4edc8e0aa,opensre,capability_match
7b51ad29-9423-424f-83e9-e3865cc498ef,LightRAG,capability_match
7b51ad29-9423-424f-83e9-e3865cc498ef,mission-control,capability_match
7b51ad29-9423-424f-83e9-e3865cc498ef,opensre,capability_match
7bc634f2-5227-4b5b-986d-f73c46f575d3,LightRAG,capability_match
7bc634f2-5227-4b5b-986d-f73c46f575d3,mission-control,capability_match
7bc634f2-5227-4b5b-986d-f73c46f575d3,opensre,capability_match
7c528bb7-3515-479f-9928-de0dbdd423c2,LightRAG,capability_match
7c528bb7-3515-479f-9928-de0dbdd423c2,mission-control,capability_match
7c528bb7-3515-479f-9928-de0dbdd423c2,opensre,capability_match
7c7d17f8-d8d1-42ae-8d45-fe0baffe69f4,LightRAG,capability_match
7c7d17f8-d8d1-42ae-8d45-fe0baffe69f4,mission-control,capability_match
7c7d17f8-d8d1-42ae-8d45-fe0baffe69f4,opensre,capability_match
7cceb5d5-d2de-4a59-8527-c3d852a9f509,LightRAG,capability_match
7cceb5d5-d2de-4a59-8527-c3d852a9f509,mission-control,capability_match
7cceb5d5-d2de-4a59-8527-c3d852a9f509,opensre,capability_match
7d04489d-5b1e-4e2b-afb2-68b64e768ed9,LightRAG,capability_match
7d04489d-5b1e-4e2b-afb2-68b64e768ed9,mission-control,capability_match
7d04489d-5b1e-4e2b-afb2-68b64e768ed9,opensre,capability_match
7db5a21d-82bf-48aa-a931-5e6b014afa57,LightRAG,capability_match
7db5a21d-82bf-48aa-a931-5e6b014afa57,mission-control,capability_match
7db5a21d-82bf-48aa-a931-5e6b014afa57,opensre,capability_match
7ddb1d25-8677-41dd-af5c-2e3081519676,LightRAG,capability_match
7ddb1d25-8677-41dd-af5c-2e3081519676,mission-control,capability_match
7ddb1d25-8677-41dd-af5c-2e3081519676,opensre,capability_match
7e0ee192-1311-497f-9d6a-f6993b5cc251,LightRAG,capability_match
7e0ee192-1311-497f-9d6a-f6993b5cc251,mission-control,capability_match
7e0ee192-1311-497f-9d6a-f6993b5cc251,opensre,capability_match
7e4d233a-2e59-4cbf-b0ad-20018e0bd147,opensre,capability_match
7e4d233a-2e59-4cbf-b0ad-20018e0bd147,vibe-kanban,capability_match
7e4d233a-2e59-4cbf-b0ad-20018e0bd147,vibetunnel,capability_match
7e68ff6b-17ce-4847-9d52-3fae4260b4bd,LightRAG,capability_match
7e68ff6b-17ce-4847-9d52-3fae4260b4bd,mission-control,capability_match
7e68ff6b-17ce-4847-9d52-3fae4260b4bd,opensre,capability_match
7ebbb0c4-8720-45ad-948d-4e0e06dd34d6,LightRAG,capability_match
7ebbb0c4-8720-45ad-948d-4e0e06dd34d6,mission-control,capability_match
7ebbb0c4-8720-45ad-948d-4e0e06dd34d6,opensre,capability_match
7eec5582-b7d3-4814-b1e1-763ce7b7dc52,LightRAG,capability_match
7eec5582-b7d3-4814-b1e1-763ce7b7dc52,mission-control,capability_match
7eec5582-b7d3-4814-b1e1-763ce7b7dc52,opensre,capability_match
8071f41e-7e52-471b-bd3a-827275046c85,LightRAG,capability_match
8071f41e-7e52-471b-bd3a-827275046c85,mission-control,capability_match
8071f41e-7e52-471b-bd3a-827275046c85,opensre,capability_match
80a66845-2d08-4c50-b0eb-fdfde32cbf73,LightRAG,capability_match
80a66845-2d08-4c50-b0eb-fdfde32cbf73,mission-control,capability_match
80a66845-2d08-4c50-b0eb-fdfde32cbf73,opensre,capability_match
8114d985-08c8-4a84-ac8c-66d5ab341429,LightRAG,capability_match
8114d985-08c8-4a84-ac8c-66d5ab341429,mission-control,capability_match
8114d985-08c8-4a84-ac8c-66d5ab341429,opensre,capability_match
813ea1ce-b9cb-46db-8d8b-8e30dbd2ff18,LightRAG,capability_match
813ea1ce-b9cb-46db-8d8b-8e30dbd2ff18,mission-control,capability_match
813ea1ce-b9cb-46db-8d8b-8e30dbd2ff18,opensre,capability_match
81a03724-68a5-4a57-bdfc-6439241ce809,LightRAG,capability_match
81a03724-68a5-4a57-bdfc-6439241ce809,mission-control,capability_match
81a03724-68a5-4a57-bdfc-6439241ce809,opensre,capability_match
81ecd43c-8fe7-4d72-b410-bd85f61ed134,LightRAG,capability_match
81ecd43c-8fe7-4d72-b410-bd85f61ed134,mission-control,capability_match
81ecd43c-8fe7-4d72-b410-bd85f61ed134,opensre,capability_match
82bae0ac-72af-4173-874c-de5254964862,LightRAG,capability_match
82bae0ac-72af-4173-874c-de5254964862,mission-control,capability_match
82bae0ac-72af-4173-874c-de5254964862,opensre,capability_match
8403d2c5-67ed-441c-bc22-8cae50439488,LightRAG,capability_match
8403d2c5-67ed-441c-bc22-8cae50439488,mission-control,capability_match
8403d2c5-67ed-441c-bc22-8cae50439488,opensre,capability_match
844dce42-970c-41a2-9fe5-8d0b48a1e3de,LightRAG,capability_match
844dce42-970c-41a2-9fe5-8d0b48a1e3de,mission-control,capability_match
844dce42-970c-41a2-9fe5-8d0b48a1e3de,opensre,capability_match
84c1bc81-7c50-455d-958b-e6d4af9b2a24,LightRAG,capability_match
84c1bc81-7c50-455d-958b-e6d4af9b2a24,mission-control,capability_match
84c1bc81-7c50-455d-958b-e6d4af9b2a24,opensre,capability_match
852c9eaf-3d6f-433c-b0a9-1f39308a3dbb,LightRAG,capability_match
852c9eaf-3d6f-433c-b0a9-1f39308a3dbb,con-001-ace-construction,capability_match
852c9eaf-3d6f-433c-b0a9-1f39308a3dbb,mission-control,capability_match
858c5450-298c-4bd6-bf37-1ab288b1963c,LightRAG,capability_match
858c5450-298c-4bd6-bf37-1ab288b1963c,mission-control,capability_match
858c5450-298c-4bd6-bf37-1ab288b1963c,opensre,capability_match
85ce4f91-864f-40b1-946b-d9c061866584,LightRAG,capability_match
85ce4f91-864f-40b1-946b-d9c061866584,mission-control,capability_match
85ce4f91-864f-40b1-946b-d9c061866584,opensre,capability_match
85d16b40-5ac1-4de3-bf86-6f28db432856,LightRAG,capability_match
85d16b40-5ac1-4de3-bf86-6f28db432856,mission-control,capability_match
85d16b40-5ac1-4de3-bf86-6f28db432856,opensre,capability_match
85d54f89-f312-44e7-8496-52e378792fd5,LightRAG,capability_match
85d54f89-f312-44e7-8496-52e378792fd5,mission-control,capability_match
85d54f89-f312-44e7-8496-52e378792fd5,opensre,capability_match
85d90fdc-fe1f-44fe-8c2e-289ae62680df,LightRAG,capability_match
85d90fdc-fe1f-44fe-8c2e-289ae62680df,mission-control,capability_match
85d90fdc-fe1f-44fe-8c2e-289ae62680df,opensre,capability_match
863af29c-17ba-4e86-b796-048d1a97a443,LightRAG,capability_match
863af29c-17ba-4e86-b796-048d1a97a443,mission-control,capability_match
863af29c-17ba-4e86-b796-048d1a97a443,opensre,capability_match
865e4148-4fb4-4fb6-96ec-65c6602936e8,LightRAG,capability_match
865e4148-4fb4-4fb6-96ec-65c6602936e8,mission-control,capability_match
865e4148-4fb4-4fb6-96ec-65c6602936e8,opensre,capability_match
86a605b4-2b10-40a8-aab4-f18b84d5c0fb,LightRAG,capability_match
86a605b4-2b10-40a8-aab4-f18b84d5c0fb,mission-control,capability_match
86a605b4-2b10-40a8-aab4-f18b84d5c0fb,opensre,capability_match
87003939-3647-4fb8-b810-5576913b0fb5,LightRAG,capability_match
87003939-3647-4fb8-b810-5576913b0fb5,mission-control,capability_match
87003939-3647-4fb8-b810-5576913b0fb5,opensre,capability_match
8769b4fa-e9db-4dc5-8db9-e14758883d29,LightRAG,capability_match
8769b4fa-e9db-4dc5-8db9-e14758883d29,con-001-ace-construction,capability_match
8769b4fa-e9db-4dc5-8db9-e14758883d29,mission-control,capability_match
8918a500-82d8-4a29-bd4a-469f2de96491,LightRAG,capability_match
8918a500-82d8-4a29-bd4a-469f2de96491,mission-control,capability_match
8918a500-82d8-4a29-bd4a-469f2de96491,opensre,capability_match
899b2735-58c1-40f5-8730-dfc63bbb3c85,opensre,capability_match
899b2735-58c1-40f5-8730-dfc63bbb3c85,vibe-kanban,capability_match
899b2735-58c1-40f5-8730-dfc63bbb3c85,vibetunnel,capability_match
89eda625-6182-4a89-b469-d3a926f16591,LightRAG,capability_match
89eda625-6182-4a89-b469-d3a926f16591,mission-control,capability_match
89eda625-6182-4a89-b469-d3a926f16591,opensre,capability_match
8aa1ac6e-558e-4c0d-ac86-f48764bfe189,LightRAG,capability_match
8aa1ac6e-558e-4c0d-ac86-f48764bfe189,mission-control,capability_match
8aa1ac6e-558e-4c0d-ac86-f48764bfe189,opensre,capability_match
8ae79082-a341-4e02-b85d-2d8cb240399d,LightRAG,capability_match
8ae79082-a341-4e02-b85d-2d8cb240399d,mission-control,capability_match
8ae79082-a341-4e02-b85d-2d8cb240399d,opensre,capability_match
8b0bf5f8-d060-4167-9db6-516793066349,LightRAG,capability_match
8b0bf5f8-d060-4167-9db6-516793066349,mission-control,capability_match
8b0bf5f8-d060-4167-9db6-516793066349,opensre,capability_match
8bbadd79-cc3b-4b86-8e03-cfcf42ba8020,LightRAG,capability_match
8bbadd79-cc3b-4b86-8e03-cfcf42ba8020,mission-control,capability_match
8bbadd79-cc3b-4b86-8e03-cfcf42ba8020,opensre,capability_match
8be57f27-71d3-48bc-b6d9-f5749a6b91a7,LightRAG,capability_match
8be57f27-71d3-48bc-b6d9-f5749a6b91a7,mission-control,capability_match
8be57f27-71d3-48bc-b6d9-f5749a6b91a7,opensre,capability_match
8c1bf10c-3b77-4866-9a66-9d6cf79ca183,LightRAG,capability_match
8c1bf10c-3b77-4866-9a66-9d6cf79ca183,mission-control,capability_match
8c1bf10c-3b77-4866-9a66-9d6cf79ca183,opensre,capability_match
8c27a047-693c-4e80-a4d9-d1fee4b14e6d,LightRAG,capability_match
8c27a047-693c-4e80-a4d9-d1fee4b14e6d,mission-control,capability_match
8c27a047-693c-4e80-a4d9-d1fee4b14e6d,opensre,capability_match
8cc3a6d7-c784-480c-b552-179e3c9282fb,LightRAG,capability_match
8cc3a6d7-c784-480c-b552-179e3c9282fb,mission-control,capability_match
8cc3a6d7-c784-480c-b552-179e3c9282fb,opensre,capability_match
8d079de0-f036-42a7-b886-62602bc23760,LightRAG,capability_match
8d079de0-f036-42a7-b886-62602bc23760,mission-control,capability_match
8d079de0-f036-42a7-b886-62602bc23760,opensre,capability_match
8d09481b-71b4-434e-87db-ef902fb4016d,LightRAG,capability_match
8d09481b-71b4-434e-87db-ef902fb4016d,mission-control,capability_match
8d09481b-71b4-434e-87db-ef902fb4016d,opensre,capability_match
8d2079c2-7cd5-4858-a4e4-38f13d063054,LightRAG,capability_match
8d2079c2-7cd5-4858-a4e4-38f13d063054,mission-control,capability_match
8d2079c2-7cd5-4858-a4e4-38f13d063054,opensre,capability_match
8d2ef00c-2f60-47ea-8d5f-f94e8b8bc701,LightRAG,capability_match
8d2ef00c-2f60-47ea-8d5f-f94e8b8bc701,mission-control,capability_match
8d2ef00c-2f60-47ea-8d5f-f94e8b8bc701,opensre,capability_match
8d5aaff7-e742-4eca-8bb5-dbe1a84fff26,LightRAG,capability_match
8d5aaff7-e742-4eca-8bb5-dbe1a84fff26,mission-control,capability_match
8d5aaff7-e742-4eca-8bb5-dbe1a84fff26,opensre,capability_match
8d5ae8d2-1bbc-4f9f-b4d7-7ecc849614c9,LightRAG,capability_match
8d5ae8d2-1bbc-4f9f-b4d7-7ecc849614c9,mission-control,capability_match
8d5ae8d2-1bbc-4f9f-b4d7-7ecc849614c9,opensre,capability_match
8da89383-4c18-4f89-b971-7be9634a59d4,LightRAG,capability_match
8da89383-4c18-4f89-b971-7be9634a59d4,mission-control,capability_match
8da89383-4c18-4f89-b971-7be9634a59d4,opensre,capability_match
8daa80d5-9dc6-4f36-ae07-531d75b141c3,LightRAG,capability_match
8daa80d5-9dc6-4f36-ae07-531d75b141c3,mission-control,capability_match
8daa80d5-9dc6-4f36-ae07-531d75b141c3,opensre,capability_match
8e2753b4-45a7-4962-8133-b68e39ecb7b6,LightRAG,capability_match
8e2753b4-45a7-4962-8133-b68e39ecb7b6,mission-control,capability_match
8e2753b4-45a7-4962-8133-b68e39ecb7b6,opensre,capability_match
8e3e7611-dbd2-4be2-bc92-d53f64b8faec,LightRAG,capability_match
8e3e7611-dbd2-4be2-bc92-d53f64b8faec,mission-control,capability_match
8e3e7611-dbd2-4be2-bc92-d53f64b8faec,opensre,capability_match
8ec68695-7424-4caa-8100-8f600999db01,LightRAG,capability_match
8ec68695-7424-4caa-8100-8f600999db01,mission-control,capability_match
8ec68695-7424-4caa-8100-8f600999db01,opensre,capability_match
8f0f0499-a814-429a-b20a-d1411b016a44,LightRAG,capability_match
8f0f0499-a814-429a-b20a-d1411b016a44,mission-control,capability_match
8f0f0499-a814-429a-b20a-d1411b016a44,opensre,capability_match
90169a53-ccf0-4bae-b9c5-b8e5c953859b,LightRAG,capability_match
90169a53-ccf0-4bae-b9c5-b8e5c953859b,mission-control,capability_match
90169a53-ccf0-4bae-b9c5-b8e5c953859b,opensre,capability_match
910045da-ac4a-4fa3-8041-15eec3658674,LightRAG,capability_match
910045da-ac4a-4fa3-8041-15eec3658674,mission-control,capability_match
910045da-ac4a-4fa3-8041-15eec3658674,opensre,capability_match
9161fa5c-e0fb-4f9d-9a95-6f1134138635,LightRAG,capability_match
9161fa5c-e0fb-4f9d-9a95-6f1134138635,mission-control,capability_match
9161fa5c-e0fb-4f9d-9a95-6f1134138635,opensre,capability_match
91a1d2f1-71dc-4a13-8f6c-923b52090248,LightRAG,capability_match
91a1d2f1-71dc-4a13-8f6c-923b52090248,mission-control,capability_match
91a1d2f1-71dc-4a13-8f6c-923b52090248,opensre,capability_match
921d1fab-e2b2-407a-a7a5-2613443f7ce4,LightRAG,capability_match
921d1fab-e2b2-407a-a7a5-2613443f7ce4,mission-control,capability_match
921d1fab-e2b2-407a-a7a5-2613443f7ce4,opensre,capability_match
932d609e-11b7-417e-a9da-dc37b7cb457b,LightRAG,capability_match
932d609e-11b7-417e-a9da-dc37b7cb457b,mission-control,capability_match
932d609e-11b7-417e-a9da-dc37b7cb457b,opensre,capability_match
933b10c3-7a89-4d1b-82b1-febd2e6a61c1,LightRAG,capability_match
933b10c3-7a89-4d1b-82b1-febd2e6a61c1,mission-control,capability_match
933b10c3-7a89-4d1b-82b1-febd2e6a61c1,opensre,capability_match
939878de-81aa-4603-9b28-4492e4d72451,LightRAG,capability_match
939878de-81aa-4603-9b28-4492e4d72451,mission-control,capability_match
939878de-81aa-4603-9b28-4492e4d72451,opensre,capability_match
93f3303f-f348-4a6b-ba2e-6cb8c99e0017,LightRAG,capability_match
93f3303f-f348-4a6b-ba2e-6cb8c99e0017,mission-control,capability_match
93f3303f-f348-4a6b-ba2e-6cb8c99e0017,opensre,capability_match
952ed8f1-ed82-47a2-8fed-f32c90e21c50,LightRAG,capability_match
952ed8f1-ed82-47a2-8fed-f32c90e21c50,mission-control,capability_match
952ed8f1-ed82-47a2-8fed-f32c90e21c50,opensre,capability_match
9535c69f-9a5a-48bf-a7b1-4aed7892a4b8,LightRAG,capability_match
9535c69f-9a5a-48bf-a7b1-4aed7892a4b8,mission-control,capability_match
9535c69f-9a5a-48bf-a7b1-4aed7892a4b8,opensre,capability_match
95727391-6ad0-4fd1-9802-046ed618ca5d,LightRAG,capability_match
95727391-6ad0-4fd1-9802-046ed618ca5d,mission-control,capability_match
95727391-6ad0-4fd1-9802-046ed618ca5d,opensre,capability_match
95c489ba-d841-4d94-977c-b33190309d97,LightRAG,capability_match
95c489ba-d841-4d94-977c-b33190309d97,mission-control,capability_match
95c489ba-d841-4d94-977c-b33190309d97,opensre,capability_match
963b382c-a761-465c-b417-02501d107650,LightRAG,capability_match
963b382c-a761-465c-b417-02501d107650,mission-control,capability_match
963b382c-a761-465c-b417-02501d107650,opensre,capability_match
96c2276c-5e6a-45ce-9684-726949515b92,LightRAG,capability_match
96c2276c-5e6a-45ce-9684-726949515b92,mission-control,capability_match
96c2276c-5e6a-45ce-9684-726949515b92,opensre,capability_match
96ce7a14-8c57-4c0a-9b22-e4e72ca2b6f5,LightRAG,capability_match
96ce7a14-8c57-4c0a-9b22-e4e72ca2b6f5,mission-control,capability_match
96ce7a14-8c57-4c0a-9b22-e4e72ca2b6f5,opensre,capability_match
96e42cd0-c04d-49c2-a9c7-696fc08fe1f1,LightRAG,capability_match
96e42cd0-c04d-49c2-a9c7-696fc08fe1f1,mission-control,capability_match
96e42cd0-c04d-49c2-a9c7-696fc08fe1f1,opensre,capability_match
970a10cd-39de-444c-ab02-a322ffe9595b,LightRAG,capability_match
970a10cd-39de-444c-ab02-a322ffe9595b,mission-control,capability_match
970a10cd-39de-444c-ab02-a322ffe9595b,opensre,capability_match
974d3937-2057-4deb-89e2-c14f919472ab,LightRAG,capability_match
974d3937-2057-4deb-89e2-c14f919472ab,mission-control,capability_match
974d3937-2057-4deb-89e2-c14f919472ab,opensre,capability_match
9768ddd8-b027-4369-9ae0-e7550b46d7b1,LightRAG,capability_match
9768ddd8-b027-4369-9ae0-e7550b46d7b1,mission-control,capability_match
9768ddd8-b027-4369-9ae0-e7550b46d7b1,opensre,capability_match
9778724e-b6e5-44ec-8aa6-e21712907a75,LightRAG,capability_match
9778724e-b6e5-44ec-8aa6-e21712907a75,mission-control,capability_match
9778724e-b6e5-44ec-8aa6-e21712907a75,opensre,capability_match
97e20624-c42a-4c26-a4f2-b2b4a23cf7e0,LightRAG,capability_match
97e20624-c42a-4c26-a4f2-b2b4a23cf7e0,mission-control,capability_match
97e20624-c42a-4c26-a4f2-b2b4a23cf7e0,opensre,capability_match
983772dd-4f7e-47ce-afc6-99391b68aa7b,LightRAG,capability_match
983772dd-4f7e-47ce-afc6-99391b68aa7b,mission-control,capability_match
983772dd-4f7e-47ce-afc6-99391b68aa7b,opensre,capability_match
987c8140-a75c-4ba6-a401-fe9f9835b963,LightRAG,capability_match
987c8140-a75c-4ba6-a401-fe9f9835b963,mission-control,capability_match
987c8140-a75c-4ba6-a401-fe9f9835b963,opensre,capability_match
994cd260-66b9-4291-84bc-98f04cd9a7f1,LightRAG,capability_match
994cd260-66b9-4291-84bc-98f04cd9a7f1,mission-control,capability_match
994cd260-66b9-4291-84bc-98f04cd9a7f1,opensre,capability_match
99b6908a-8869-480f-9cc3-f82e3ee15e00,LightRAG,capability_match
99b6908a-8869-480f-9cc3-f82e3ee15e00,mission-control,capability_match
99b6908a-8869-480f-9cc3-f82e3ee15e00,opensre,capability_match
9a5aa02f-ac60-48bf-a38d-705835685df5,LightRAG,capability_match
9a5aa02f-ac60-48bf-a38d-705835685df5,mission-control,capability_match
9a5aa02f-ac60-48bf-a38d-705835685df5,opensre,capability_match
9ac4f7e2-560a-4868-9965-bb793789d2c0,LightRAG,capability_match
9ac4f7e2-560a-4868-9965-bb793789d2c0,mission-control,capability_match
9ac4f7e2-560a-4868-9965-bb793789d2c0,opensre,capability_match
9b7afdc4-9d07-479c-aeca-87399619086c,LightRAG,capability_match
9b7afdc4-9d07-479c-aeca-87399619086c,mission-control,capability_match
9b7afdc4-9d07-479c-aeca-87399619086c,opensre,capability_match
9c46c082-a263-4568-be84-f7ffabec8eda,LightRAG,capability_match
9c46c082-a263-4568-be84-f7ffabec8eda,mission-control,capability_match
9c46c082-a263-4568-be84-f7ffabec8eda,opensre,capability_match
9c7bfa8b-7f10-4440-8653-fb724bb14b96,LightRAG,capability_match
9c7bfa8b-7f10-4440-8653-fb724bb14b96,mission-control,capability_match
9c7bfa8b-7f10-4440-8653-fb724bb14b96,opensre,capability_match
9d34bc00-2b52-455c-8be7-a9bf8ed213ef,LightRAG,capability_match
9d34bc00-2b52-455c-8be7-a9bf8ed213ef,mission-control,capability_match
9d34bc00-2b52-455c-8be7-a9bf8ed213ef,opensre,capability_match
9e4f8a59-04d9-4057-a45f-1674be04bf5c,LightRAG,capability_match
9e4f8a59-04d9-4057-a45f-1674be04bf5c,mission-control,capability_match
9e4f8a59-04d9-4057-a45f-1674be04bf5c,opensre,capability_match
9f0ce87e-c94f-46c2-a3a6-3deca7f1683f,LightRAG,capability_match
9f0ce87e-c94f-46c2-a3a6-3deca7f1683f,mission-control,capability_match
9f0ce87e-c94f-46c2-a3a6-3deca7f1683f,opensre,capability_match
9f124150-2361-4a56-9b65-25bf157df311,LightRAG,capability_match
9f124150-2361-4a56-9b65-25bf157df311,mission-control,capability_match
9f124150-2361-4a56-9b65-25bf157df311,opensre,capability_match
COMM-002-Brotherhood-Coaching-Network,comm-002-brotherhood-coaching-network,registry
COMM-003-Ace-Senior-Care-Connect,comm-003-ace-senior-care-connect,registry
COMM-004-Community-Outreach-Nonprofit,comm-004-community-outreach-nonprofit,registry
COMM-005-Ace-Food-Security-AI,comm-005-ace-food-security-ai,registry
COMM-006-Community-Technology-Access-AI,comm-006-community-technology-access-ai,registry
COMM-007-Youth-Leadership-AI,comm-007-youth-leadership-ai,registry
COMM-008-Community-Fundraising-AI,comm-008-community-fundraising-ai,registry
COMM-009-Volunteer-Hub-AI,comm-009-volunteer-hub-ai,registry
COMM-010-Disaster-Relief-AI,comm-010-disaster-relief-ai,registry
COMM-011-Indigenous-Creator-Hub,comm-011-indigenous-creator-hub,registry
COMM-012-Black-Art-Museum-AI,comm-012-black-art-museum-ai,registry
COMM-013-Women-s-Empowerment-Network,comm-013-women-s-empowerment-network,registry
COMM-014-Veterans-Support-AI,comm-014-veterans-support-ai,registry
COMM-015-Youth-Mentorship-Program,comm-015-youth-mentorship-program,registry
COMM-016-Community-Health-AI,comm-016-community-health-ai,registry
COMM-017-Local-Business-Directory,comm-017-local-business-directory,registry
COMM-018-Neighborhood-Watch-AI,comm-018-neighborhood-watch-ai,registry
COMM-019-Community-Garden-AI,comm-019-community-garden-ai,registry
COMM-020-Public-Transportation-AI,comm-020-public-transportation-ai,registry
COMM-021-Housing-Assistance-AI,comm-021-housing-assistance-ai,registry
COMM-022-Job-Training-Center,comm-022-job-training-center,registry
COMM-023-Elder-Companion-AI,comm-023-elder-companion-ai,registry
COMM-024-Youth-Sports-AI,comm-024-youth-sports-ai,registry
COMM-025-Community-Legal-Aid,comm-025-community-legal-aid,registry
COMM-026-Public-Education-AI,comm-026-public-education-ai,registry
COMM-027-Local-Government-AI,comm-027-local-government-ai,registry
COMM-028-Public-Safety-AI,comm-028-public-safety-ai,registry
COMM-029-Community-Wellness-AI,comm-029-community-wellness-ai,registry
COMM-030-Cultural-Exchange-AI,comm-030-cultural-exchange-ai,registry
COMM-031-Community-Investment-AI,comm-031-community-investment-ai,registry
COMM-032-Public-Health-AI,comm-032-public-health-ai,registry
COMM-033-Youth-Innovation-Hub,comm-033-youth-innovation-hub,registry
COMM-034-Senior-Tech-Support,comm-034-senior-tech-support,registry
COMM-035-Community-Arts-AI,comm-035-community-arts-ai,registry
COMM-036-Public-Infrastructure-AI,comm-036-public-infrastructure-ai,registry
COMM-037-Neighborhood-Development-AI,comm-037-neighborhood-development-ai,registry
COMM-038-Community-Policing-AI,comm-038-community-policing-ai,registry
COMM-039-Public-Space-AI,comm-039-public-space-ai,registry
COMM-040-Community-Recycling-AI,comm-040-community-recycling-ai,registry
COMM-041-Public-Wi-Fi-AI,comm-041-public-wi-fi-ai,registry
COMM-042-Community-Energy-AI,comm-042-community-energy-ai,registry
COMM-043-Local-Food-Network-AI,comm-043-local-food-network-ai,registry
COMM-044-Community-Volunteering-AI,comm-044-community-volunteering-ai,registry
COMM-045-Public-Childcare-AI,comm-045-public-childcare-ai,registry
COMM-046-Community-Pet-Care-AI,comm-046-community-pet-care-ai,registry
COMM-047-Public-Fitness-AI,comm-047-public-fitness-ai,registry
COMM-048-Community-Transportation-AI,comm-048-community-transportation-ai,registry
COMM-049-Public-Event-AI,comm-049-public-event-ai,registry
COMM-050-Community-Cultural-AI,comm-050-community-cultural-ai,registry
EDU-001-Youth-Entrepreneurship-Curriculum,edu-001-youth-entrepreneurship-curriculum,registry
EM-001-Space-Habitat-AI,em-001-space-habitat-ai,registry
EM-002-Fusion-Energy-AI,em-002-fusion-energy-ai,registry
EM-003-Teleportation-Research-AI,em-003-teleportation-research-ai,registry
EM-004-Climate-Solutions-AI,em-004-climate-solutions-ai,registry
EM-005-Holographic-Events-AI,em-005-holographic-events-ai,registry
EM-006-Neurofeedback-AI,em-006-neurofeedback-ai,registry
EM-007-Autonomous-Delivery-AI,em-007-autonomous-delivery-ai,registry
EM-008-Gene-Editing-AI,em-008-gene-editing-ai,registry
EM-009-Space-Tourism-AI,em-009-space-tourism-ai,registry
EM-010-Wearables-AI,em-010-wearables-ai,registry
EM-011-Metaverse-Hub-AI,em-011-metaverse-hub-ai,registry
EM-012-Energy-Grid-AI,em-012-energy-grid-ai,registry
EM-013-Brain-Computer-Interface,em-013-brain-computer-interface,registry
EM-014-Ocean-Cleanup-AI,em-014-ocean-cleanup-ai,registry
EM-015-Crypto-Trading-AI,em-015-crypto-trading-ai,registry
EM-016-Synthetic-Media-AI,em-016-synthetic-media-ai,registry
EM-017-Space-Mining-AI,em-017-space-mining-ai,registry
EM-018-VR-Therapy-AI,em-018-vr-therapy-ai,registry
EM-019-Weather-Prediction-AI,em-019-weather-prediction-ai,registry
EM-020-Autonomous-Farming-AI,em-020-autonomous-farming-ai,registry
EM-021-Traffic-Optimizer-AI,em-021-traffic-optimizer-ai,registry
EM-022-Smart-Grid-AI,em-022-smart-grid-ai,registry
EM-023-Disaster-Prediction-AI,em-023-disaster-prediction-ai,registry
EM-024-Nanotech-AI,em-024-nanotech-ai,registry
EM-025-Personalized-Medicine-AI,em-025-personalized-medicine-ai,registry
EM-026-AI-Diagnostic-Lab,em-026-ai-diagnostic-lab,registry
EM-027-Sustainable-Cities-AI,em-027-sustainable-cities-ai,registry
EM-028-Renewable-Energy-AI,em-028-renewable-energy-ai,registry
EM-029-Climate-Modeling-AI,em-029-climate-modeling-ai,registry
EM-030-Policy-Advisor-AI,em-030-policy-advisor-ai,registry
EM-031-Governance-Hub-AI,em-031-governance-hub-ai,registry
EM-032-Global-Challenges-AI,em-032-global-challenges-ai,registry
EM-033-Space-Exploration-AI,em-033-space-exploration-ai,registry
EM-034-Education-Equity-AI,em-034-education-equity-ai,registry
EM-035-Health-Equity-AI,em-035-health-equity-ai,registry
EM-036-Economic-Equity-AI,em-036-economic-equity-ai,registry
EM-037-Environmental-Justice-AI,em-037-environmental-justice-ai,registry
EM-038-Human-Rights-AI,em-038-human-rights-ai,registry
EM-039-Peacebuilding-AI,em-039-peacebuilding-ai,registry
EM-040-Telemedicine-AI,em-040-telemedicine-ai,registry
EM-041-AI-Climate-Adaptation,em-041-ai-climate-adaptation,registry
EM-042-Space-Agriculture-AI,em-042-space-agriculture-ai,registry
EM-043-Quantum-Communication-AI,em-043-quantum-communication-ai,registry
EM-044-Robotics-Surgery-AI,em-044-robotics-surgery-ai,registry
EM-045-AI-Disaster-Response,em-045-ai-disaster-response,registry
EM-046-Smart-City-Governance,em-046-smart-city-governance,registry
EM-047-AI-Environmental-Monitoring,em-047-ai-environmental-monitoring,registry
EM-048-Space-Manufacturing-AI,em-048-space-manufacturing-ai,registry
EM-049-AI-Ocean-Exploration,em-049-ai-ocean-exploration,registry
EM-050-AI-Archaeology,em-050-ai-archaeology,registry
FI-dist,dist,registry
FIN-001-GenixBank-Lite,fin-001-genixbank-lite,registry
LT-002-Freight-Brokerage,lt-002-freight-brokerage,registry
LT-003-Logistics-Dispatch-Service,lt-003-logistics-dispatch-service,registry
LT-004-Last-Mile-Delivery-Dispatch,lt-004-last-mile-delivery-dispatch,registry
LT-005-Medical-Courier-Dispatch,lt-005-medical-courier-dispatch,registry
LT-006-Amazon,lt-006-amazon,registry
LT-007-Construction-Dispatch,lt-007-construction-dispatch,registry
LT-008-Towing-Dispatch,lt-008-towing-dispatch,registry
LT-009-HVAC-Technician-Dispatch,lt-009-hvac-technician-dispatch,registry
LT-010-Field-Service-Dispatch,lt-010-field-service-dispatch,registry
LT-011-Dispatch-Software,lt-011-dispatch-software,registry
LT-012-Fleet-Tracking-Platform,lt-012-fleet-tracking-platform,registry
LT-013-Logistics-Automation-System,lt-013-logistics-automation-system,registry
LT-014-AI-Route-Optimization,lt-014-ai-route-optimization,registry
LT-015-Driver-Management-Platform,lt-015-driver-management-platform,registry
LT-016-Trucking-Company,lt-016-trucking-company,registry
LT-017-Courier-Service,lt-017-courier-service,registry
LT-018-Local-Delivery-Company,lt-018-local-delivery-company,registry
LT-019-Moving-Company,lt-019-moving-company,registry
LT-020-Freight-Company,lt-020-freight-company,registry
LT-021-Warehouse-Company,lt-021-warehouse-company,registry
LT-022-Fulfillment-Center,lt-022-fulfillment-center,registry
LT-023-Storage-Business,lt-023-storage-business,registry
LT-024-Distribution-Company,lt-024-distribution-company,registry
LT-025-Logistics-Marketplace,lt-025-logistics-marketplace,registry
LT-026-Shipping-Platform,lt-026-shipping-platform,registry
LT-027-Fleet-Management-SaaS,lt-027-fleet-management-saas,registry
LT-028-Freight-AI-Optimization,lt-028-freight-ai-optimization,registry
LT-029-Supply-Chain-Analytics,lt-029-supply-chain-analytics,registry
LT-030-Cold-Chain-Logistics,lt-030-cold-chain-logistics,registry
MC-001-YouTube-Channel-Network,edu-006-homeschooling-content-ai,academy-consolidation-2026-07-14
MC-001-YouTube-Channel-Network,Azriel-Fathering-Content,academy-consolidation-2026-07-14
OPS-002-Supply-Chain-Optimizer,ops-002-supply-chain-optimizer,registry
OPS-003-Event-Planning-AI,ops-003-event-planning-ai,registry
OPS-004-Inventory-Management-AI,ops-004-inventory-management-ai,registry
OPS-005-Project-Management-AI,ops-005-project-management-ai,registry
OPS-006-Document-Automation-AI,ops-006-document-automation-ai,registry
OPS-007-Meeting-Assistant-AI,ops-007-meeting-assistant-ai,registry
OPS-008-Recruitment-AI,ops-008-recruitment-ai,registry
OPS-009-Onboarding-AI,ops-009-onboarding-ai,registry
OPS-010-Training-Platform-AI,ops-010-training-platform-ai,registry
OPS-011-Performance-Review-AI,ops-011-performance-review-ai,registry
OPS-012-IT-Support-AI,ops-012-it-support-ai,registry
OPS-013-Facilities-Management-AI,ops-013-facilities-management-ai,registry
OPS-014-Travel-Booking-AI,ops-014-travel-booking-ai,registry
OPS-015-Expense-Management-AI,ops-015-expense-management-ai,registry
OPS-016-Contract-Management-AI,ops-016-contract-management-ai,registry
OPS-017-Compliance-Monitoring-AI,ops-017-compliance-monitoring-ai,registry
OPS-018-Quality-Control-AI,ops-018-quality-control-ai,registry
OPS-019-Asset-Management-AI,ops-019-asset-management-ai,registry
OPS-020-Time-Tracking-AI,ops-020-time-tracking-ai,registry
OPS-021-Document-Security-AI,ops-021-document-security-ai,registry
OPS-022-Knowledge-Management-AI,ops-022-knowledge-management-ai,registry
OPS-023-Meeting-Transcription-AI,ops-023-meeting-transcription-ai,registry
OPS-024-Task-Automation-AI,ops-024-task-automation-ai,registry
OPS-025-Resource-Allocation-AI,ops-025-resource-allocation-ai,registry
OPS-026-Budget-Planning-AI,ops-026-budget-planning-ai,registry
OPS-027-Cost-Optimization-AI,ops-027-cost-optimization-ai,registry
OPS-028-Procurement-AI,ops-028-procurement-ai,registry
OPS-029-Vendor-Management-AI,ops-029-vendor-management-ai,registry
OPS-030-Contract-Negotiation-AI,ops-030-contract-negotiation-ai,registry
OPS-031-Legal-Document-AI,ops-031-legal-document-ai,registry
OPS-032-Compliance-Reporting-AI,ops-032-compliance-reporting-ai,registry
OPS-033-Training-Content-AI,ops-033-training-content-ai,registry
OPS-034-Employee-Engagement-AI,ops-034-employee-engagement-ai,registry
OPS-035-Succession-Planning-AI,ops-035-succession-planning-ai,registry
OPS-036-Workspace-Design-AI,ops-036-workspace-design-ai,registry
OPS-037-Energy-Efficiency-AI,ops-037-energy-efficiency-ai,registry
OPS-038-Security-Monitoring-AI,ops-038-security-monitoring-ai,registry
OPS-039-Health-Safety-AI,ops-039-health-safety-ai,registry
OPS-040-Disaster-Recovery-AI,ops-040-disaster-recovery-ai,registry
OPS-041-IT-Asset-Management,ops-041-it-asset-management,registry
OPS-042-Cloud-Cost-Management,ops-042-cloud-cost-management,registry
OPS-043-Data-Governance-AI,ops-043-data-governance-ai,registry
OPS-044-Network-Monitoring-AI,ops-044-network-monitoring-ai,registry
OPS-045-Software-Licensing-AI,ops-045-software-licensing-ai,registry
OPS-046-IT-Procurement-AI,ops-046-it-procurement-ai,registry
OPS-047-System-Integration-AI,ops-047-system-integration-ai,registry
OPS-048-Data-Backup-AI,ops-048-data-backup-ai,registry
OPS-049-Business-Continuity-AI,ops-049-business-continuity-ai,registry
OPS-050-Compliance-Audit-AI,ops-050-compliance-audit-ai,registry
OPS-051-Document-Collaboration-AI,ops-051-document-collaboration-ai,registry
OPS-052-Video-Conferencing-AI,ops-052-video-conferencing-ai,registry
OPS-053-Email-Management-AI,ops-053-email-management-ai,registry
OPS-054-Calendar-Optimization-AI,ops-054-calendar-optimization-ai,registry
OPS-055-Project-Budget-AI,ops-055-project-budget-ai,registry
OPS-056-Resource-Forecasting-AI,ops-056-resource-forecasting-ai,registry
OPS-057-Task-Prioritization-AI,ops-057-task-prioritization-ai,registry
OPS-058-Time-Management-AI,ops-058-time-management-ai,registry
OPS-059-Meeting-Minutes-AI,ops-059-meeting-minutes-ai,registry
OPS-060-Document-Translation-AI,ops-060-document-translation-ai,registry
OPS-061-Form-Automation-AI,ops-061-form-automation-ai,registry
OPS-062-Report-Generation-AI,ops-062-report-generation-ai,registry
OPS-063-Dashboard-Creation-AI,ops-063-dashboard-creation-ai,registry
OPS-064-Analytics-Platform-AI,ops-064-analytics-platform-ai,registry
OPS-065-Data-Cleaning-AI,ops-065-data-cleaning-ai,registry
OPS-066-Workflow-Management-AI,ops-066-workflow-management-ai,registry
PS-001-Business-Consulting,ps-001-business-consulting,registry
PS-002-Legal-Services,ps-002-legal-services,registry
PS-003-Accounting-Services,ps-003-accounting-services,registry
PS-004-HR-Consulting,ps-004-hr-consulting,registry
PS-005-Marketing-Agency,ps-005-marketing-agency,registry
PS-006-Web-Design-Agency,ps-006-web-design-agency,registry
PS-007-IT-Support-Services,ps-007-it-support-services,registry
PS-008-Virtual-Assistant-Service,ps-008-virtual-assistant-service,registry
PS-009-Bookkeeping-Service,ps-009-bookkeeping-service,registry
PS-010-Tax-Preparation-Service,ps-010-tax-preparation-service,registry
PS-011-Real-Estate-Agency,ps-011-real-estate-agency,registry
PS-012-Insurance-Agency,ps-012-insurance-agency,registry
PS-013-Financial-Planning,ps-013-financial-planning,registry
PS-014-Event-Planning,ps-014-event-planning,registry
PS-015-Interior-Design,ps-015-interior-design,registry
PS-016-Photography-Service,ps-016-photography-service,registry
PS-017-Videography-Service,ps-017-videography-service,registry
PS-018-Translation-Services,ps-018-translation-services,registry
PS-019-Copywriting-Service,ps-019-copywriting-service,registry
PS-020-Social-Media-Management,ps-020-social-media-management,registry
PS-021-SEO-Agency,ps-021-seo-agency,registry
PS-022-PPC-Management,ps-022-ppc-management,registry
PS-023-PR-Agency,ps-023-pr-agency,registry
PS-024-Recruiting-Agency,ps-024-recruiting-agency,registry
PS-025-Business-Brokerage,ps-025-business-brokerage,registry
SPEC-001-AI-Auction-House,spec-001-ai-auction-house,registry
SPEC-002-Smart-Marina-Management,spec-002-smart-marina-management,registry
SPEC-003-AI-Surf-Report,spec-003-ai-surf-report,registry
SPEC-004-Private-Chef-AI,spec-004-private-chef-ai,registry
SPEC-005-Virtual-Concierge-AI,spec-005-virtual-concierge-ai,registry
SPEC-006-Smart-Parking-AI,spec-006-smart-parking-ai,registry
SPEC-007-AI-Interior-Design,spec-007-ai-interior-design,registry
SPEC-008-Personal-Stylist-AI,spec-008-personal-stylist-ai,registry
SPEC-009-Smart-Locker-System,spec-009-smart-locker-system,registry
SPEC-010-AI-Fitness-Coach,spec-010-ai-fitness-coach,registry
SPEC-011-Smart-Golf-Caddie,spec-011-smart-golf-caddie,registry
SPEC-012-AI-Nutritionist,spec-012-ai-nutritionist,registry
SPEC-013-Smart-Hotel-Butler,spec-013-smart-hotel-butler,registry
SPEC-014-AI-Language-Tutor,spec-014-ai-language-tutor,registry
SPEC-015-Smart-Transportation-AI,spec-015-smart-transportation-ai,registry
SPEC-016-AI-Travel-Planner,spec-016-ai-travel-planner,registry
SPEC-017-Smart-Agriculture-AI,spec-017-smart-agriculture-ai,registry
SPEC-018-AI-Personal-Shopper,spec-018-ai-personal-shopper,registry
SPEC-019-Smart-Home-Security,spec-019-smart-home-security,registry
SPEC-020-AI-Music-Producer,spec-020-ai-music-producer,registry
SPEC-021-Smart-Restaurant-AI,spec-021-smart-restaurant-ai,registry
SPEC-022-AI-Movie-Critic,spec-022-ai-movie-critic,registry
SPEC-023-Smart-Museum-Guide,spec-023-smart-museum-guide,registry
SPEC-024-AI-Sports-Analyst,spec-024-ai-sports-analyst,registry
SPEC-025-Smart-Library-AI,spec-025-smart-library-ai,registry
SPEC-026-AI-Art-Curator,spec-026-ai-art-curator,registry
SPEC-027-Smart-Fitness-AI,spec-027-smart-fitness-ai,registry
SPEC-028-AI-Poetry-Generator,spec-028-ai-poetry-generator,registry
SPEC-029-Smart-Dating-AI,spec-029-smart-dating-ai,registry
SPEC-030-AI-Journalism-Tool,spec-030-ai-journalism-tool,registry
SPEC-031-Smart-Legal-AI,spec-031-smart-legal-ai,registry
SPEC-032-AI-Game-Designer,spec-032-ai-game-designer,registry
SPEC-033-Smart-Real-Estate-AI,spec-033-smart-real-estate-ai,registry
SPEC-034-AI-Cooking-Assistant,spec-034-ai-cooking-assistant,registry
SPEC-035-Smart-Health-AI,spec-035-smart-health-ai,registry
SPEC-036-AI-Photography-Tool,spec-036-ai-photography-tool,registry
SPEC-037-Smart-Writing-AI,spec-037-smart-writing-ai,registry
SPEC-038-AI-Comedy-Writer,spec-038-ai-comedy-writer,registry
SPEC-039-Smart-Meditation-AI,spec-039-smart-meditation-ai,registry
SPEC-040-AI-Debate-Coach,spec-040-ai-debate-coach,registry
SPEC-041-Smart-Parenting-AI,spec-041-smart-parenting-ai,registry
SPEC-042-AI-Financial-Advisor,spec-042-ai-financial-advisor,registry
SPEC-043-Smart-Automotive-AI,spec-043-smart-automotive-ai,registry
SPEC-044-AI-Aviation-Planner,spec-044-ai-aviation-planner,registry
SPEC-045-Smart-Maritime-AI,spec-045-smart-maritime-ai,registry
SPEC-046-AI-Weather-Forecast,spec-046-ai-weather-forecast,registry
SPEC-047-Smart-Energy-AI,spec-047-smart-energy-ai,registry
SPEC-048-AI-Sports-Coach,spec-048-ai-sports-coach,registry
SPEC-049-Smart-Education-AI,spec-049-smart-education-ai,registry
SPEC-050-AI-Language-Translator,spec-050-ai-language-translator,registry
a0243d57-44bb-4d84-b65b-6f365551c43a,LightRAG,capability_match
a0243d57-44bb-4d84-b65b-6f365551c43a,mission-control,capability_match
a0243d57-44bb-4d84-b65b-6f365551c43a,opensre,capability_match
a0752d71-eb3d-4ba9-90b8-5f614fbaf4b6,LightRAG,capability_match
a0752d71-eb3d-4ba9-90b8-5f614fbaf4b6,mission-control,capability_match
a0752d71-eb3d-4ba9-90b8-5f614fbaf4b6,opensre,capability_match
a12d6916-eb38-49ad-8293-17a68098b94f,LightRAG,capability_match
a12d6916-eb38-49ad-8293-17a68098b94f,mission-control,capability_match
a12d6916-eb38-49ad-8293-17a68098b94f,opensre,capability_match
a1fe0e85-0c38-4f3c-8f31-a6170dddfa05,LightRAG,capability_match
a1fe0e85-0c38-4f3c-8f31-a6170dddfa05,mission-control,capability_match
a1fe0e85-0c38-4f3c-8f31-a6170dddfa05,opensre,capability_match
a2192e41-9b9d-4d1a-8f84-bed3ecd9d653,LightRAG,capability_match
a2192e41-9b9d-4d1a-8f84-bed3ecd9d653,mission-control,capability_match
a2192e41-9b9d-4d1a-8f84-bed3ecd9d653,opensre,capability_match
a261645e-f15b-413d-8da7-a5322ba956df,LightRAG,capability_match
a261645e-f15b-413d-8da7-a5322ba956df,mission-control,capability_match
a261645e-f15b-413d-8da7-a5322ba956df,opensre,capability_match
a28e1c68-b54f-4a44-baa8-3b710f6e7068,LightRAG,capability_match
a28e1c68-b54f-4a44-baa8-3b710f6e7068,mission-control,capability_match
a28e1c68-b54f-4a44-baa8-3b710f6e7068,opensre,capability_match
a306d181-86e5-4256-92ba-c37849a7cd19,LightRAG,capability_match
a306d181-86e5-4256-92ba-c37849a7cd19,mission-control,capability_match
a306d181-86e5-4256-92ba-c37849a7cd19,opensre,capability_match
a308c3f3-0233-459a-9e84-6bdc4cfa3643,LightRAG,capability_match
a308c3f3-0233-459a-9e84-6bdc4cfa3643,mission-control,capability_match
a308c3f3-0233-459a-9e84-6bdc4cfa3643,opensre,capability_match
a3db939f-2f22-4ba6-a702-7fcbc4ef85b7,LightRAG,capability_match
a3db939f-2f22-4ba6-a702-7fcbc4ef85b7,mission-control,capability_match
a3db939f-2f22-4ba6-a702-7fcbc4ef85b7,opensre,capability_match
a458a464-3244-4623-847c-9b2fc339b9ec,LightRAG,capability_match
a458a464-3244-4623-847c-9b2fc339b9ec,mission-control,capability_match
a458a464-3244-4623-847c-9b2fc339b9ec,opensre,capability_match
a479d43e-385b-4695-ad6d-7a846697369e,LightRAG,capability_match
a479d43e-385b-4695-ad6d-7a846697369e,mission-control,capability_match
a479d43e-385b-4695-ad6d-7a846697369e,opensre,capability_match
a4edc8b5-1635-4e87-85eb-bfcc9e168697,LightRAG,capability_match
a4edc8b5-1635-4e87-85eb-bfcc9e168697,mission-control,capability_match
a4edc8b5-1635-4e87-85eb-bfcc9e168697,opensre,capability_match
a4ee6bdf-0333-4f5f-b69e-d78b5ddc478a,LightRAG,capability_match
a4ee6bdf-0333-4f5f-b69e-d78b5ddc478a,mission-control,capability_match
a4ee6bdf-0333-4f5f-b69e-d78b5ddc478a,opensre,capability_match
a5d1b865-4907-4660-b8f5-de7a837c1e13,LightRAG,capability_match
a5d1b865-4907-4660-b8f5-de7a837c1e13,mission-control,capability_match
a5d1b865-4907-4660-b8f5-de7a837c1e13,opensre,capability_match
a62dd704-6931-4492-a602-8b69579a8f1a,LightRAG,capability_match
a62dd704-6931-4492-a602-8b69579a8f1a,mission-control,capability_match
a62dd704-6931-4492-a602-8b69579a8f1a,opensre,capability_match
a6ff4191-ea6d-4ae7-8594-4d8e5c817a24,LightRAG,capability_match
a6ff4191-ea6d-4ae7-8594-4d8e5c817a24,mission-control,capability_match
a6ff4191-ea6d-4ae7-8594-4d8e5c817a24,opensre,capability_match
a7313b93-1f7c-4b8d-a76f-05adc9f19044,LightRAG,capability_match
a7313b93-1f7c-4b8d-a76f-05adc9f19044,mission-control,capability_match
a7313b93-1f7c-4b8d-a76f-05adc9f19044,opensre,capability_match
a7e6761c-cc73-46ca-b4d1-3b1ab1aa2bb6,LightRAG,capability_match
a7e6761c-cc73-46ca-b4d1-3b1ab1aa2bb6,mission-control,capability_match
a7e6761c-cc73-46ca-b4d1-3b1ab1aa2bb6,opensre,capability_match
a816b258-9f64-471b-98cf-85682d14589b,LightRAG,capability_match
a816b258-9f64-471b-98cf-85682d14589b,mission-control,capability_match
a816b258-9f64-471b-98cf-85682d14589b,opensre,capability_match
a81be96a-951a-4afd-95c3-5cf9ef8bd6a4,LightRAG,capability_match
a81be96a-951a-4afd-95c3-5cf9ef8bd6a4,mission-control,capability_match
a81be96a-951a-4afd-95c3-5cf9ef8bd6a4,opensre,capability_match
a90fb2af-322e-4d30-a788-cbceb022ffd4,LightRAG,capability_match
a90fb2af-322e-4d30-a788-cbceb022ffd4,mission-control,capability_match
a90fb2af-322e-4d30-a788-cbceb022ffd4,opensre,capability_match
aae4bb91-f8c0-4971-9733-f3bf13827125,LightRAG,capability_match
aae4bb91-f8c0-4971-9733-f3bf13827125,mission-control,capability_match
aae4bb91-f8c0-4971-9733-f3bf13827125,opensre,capability_match
aaefb38e-6387-4201-abec-6e5c7f7f25b2,LightRAG,capability_match
aaefb38e-6387-4201-abec-6e5c7f7f25b2,mission-control,capability_match
aaefb38e-6387-4201-abec-6e5c7f7f25b2,opensre,capability_match
ab88f4c6-bfbe-426a-b5be-9de15cbf26ce,LightRAG,capability_match
ab88f4c6-bfbe-426a-b5be-9de15cbf26ce,mission-control,capability_match
ab88f4c6-bfbe-426a-b5be-9de15cbf26ce,opensre,capability_match
ac384256-9843-484a-b8af-07a7c2e700e5,LightRAG,capability_match
ac384256-9843-484a-b8af-07a7c2e700e5,mission-control,capability_match
ac384256-9843-484a-b8af-07a7c2e700e5,opensre,capability_match
acaebb39-b849-4de5-ab89-6e9d17bef695,LightRAG,capability_match
acaebb39-b849-4de5-ab89-6e9d17bef695,mission-control,capability_match
acaebb39-b849-4de5-ab89-6e9d17bef695,opensre,capability_match
acefbd2b-a175-4a66-a598-d551d89fb7ad,LightRAG,capability_match
acefbd2b-a175-4a66-a598-d551d89fb7ad,mission-control,capability_match
acefbd2b-a175-4a66-a598-d551d89fb7ad,opensre,capability_match
ad144268-9278-4730-aac8-5ca2410c6e9c,LightRAG,capability_match
ad144268-9278-4730-aac8-5ca2410c6e9c,mission-control,capability_match
ad144268-9278-4730-aac8-5ca2410c6e9c,opensre,capability_match
ae1db8ce-e797-4a15-9fe4-3bd28130ede1,LightRAG,capability_match
ae1db8ce-e797-4a15-9fe4-3bd28130ede1,mission-control,capability_match
ae1db8ce-e797-4a15-9fe4-3bd28130ede1,opensre,capability_match
af7e5551-0af1-4c68-8358-cfdb842b2750,LightRAG,capability_match
af7e5551-0af1-4c68-8358-cfdb842b2750,mission-control,capability_match
af7e5551-0af1-4c68-8358-cfdb842b2750,opensre,capability_match
af84081d-f743-43b4-9871-c257fcfaf870,LightRAG,capability_match
af84081d-f743-43b4-9871-c257fcfaf870,mission-control,capability_match
af84081d-f743-43b4-9871-c257fcfaf870,opensre,capability_match
b0c2ff55-8805-49a7-bd66-0e33ea1eda89,LightRAG,capability_match
b0c2ff55-8805-49a7-bd66-0e33ea1eda89,mission-control,capability_match
b0c2ff55-8805-49a7-bd66-0e33ea1eda89,opensre,capability_match
b0ebffe2-21fe-4d7f-917a-1c648598d852,LightRAG,capability_match
b0ebffe2-21fe-4d7f-917a-1c648598d852,mission-control,capability_match
b0ebffe2-21fe-4d7f-917a-1c648598d852,opensre,capability_match
b13db59f-e664-4315-9af3-5452a3c9f95c,LightRAG,capability_match
b13db59f-e664-4315-9af3-5452a3c9f95c,mission-control,capability_match
b13db59f-e664-4315-9af3-5452a3c9f95c,opensre,capability_match
b1d14f32-5a17-4f6a-93a2-e6b71b9df4f9,LightRAG,capability_match
b1d14f32-5a17-4f6a-93a2-e6b71b9df4f9,mission-control,capability_match
b1d14f32-5a17-4f6a-93a2-e6b71b9df4f9,opensre,capability_match
b1dfcf0b-77fe-4738-b2b3-46086996c73a,LightRAG,capability_match
b1dfcf0b-77fe-4738-b2b3-46086996c73a,mission-control,capability_match
b1dfcf0b-77fe-4738-b2b3-46086996c73a,opensre,capability_match
b1fa7bc1-4ded-401b-ac28-e5b6378c8c8c,LightRAG,capability_match
b1fa7bc1-4ded-401b-ac28-e5b6378c8c8c,mission-control,capability_match
b1fa7bc1-4ded-401b-ac28-e5b6378c8c8c,opensre,capability_match
b2c657be-d3be-4c35-9e5f-b5a0b9760346,LightRAG,capability_match
b2c657be-d3be-4c35-9e5f-b5a0b9760346,mission-control,capability_match
b2c657be-d3be-4c35-9e5f-b5a0b9760346,opensre,capability_match
b389eacf-e7a7-48d9-8fd7-1d99d2dc97e5,LightRAG,capability_match
b389eacf-e7a7-48d9-8fd7-1d99d2dc97e5,mission-control,capability_match
b389eacf-e7a7-48d9-8fd7-1d99d2dc97e5,opensre,capability_match
b3e568d8-94c6-4a2e-8a4e-369ae8599d95,LightRAG,capability_match
b3e568d8-94c6-4a2e-8a4e-369ae8599d95,mission-control,capability_match
b3e568d8-94c6-4a2e-8a4e-369ae8599d95,opensre,capability_match
b3f28524-624d-469d-8c34-621298411a61,LightRAG,capability_match
b3f28524-624d-469d-8c34-621298411a61,con-001-ace-construction,capability_match
b3f28524-624d-469d-8c34-621298411a61,mission-control,capability_match
b3f6845c-1dcd-49dd-942a-d40a725a0c33,LightRAG,capability_match
b3f6845c-1dcd-49dd-942a-d40a725a0c33,mission-control,capability_match
b3f6845c-1dcd-49dd-942a-d40a725a0c33,opensre,capability_match
b416b597-7785-44d4-b385-3474f465f588,LightRAG,capability_match
b416b597-7785-44d4-b385-3474f465f588,mission-control,capability_match
b416b597-7785-44d4-b385-3474f465f588,opensre,capability_match
b43d8d59-cf41-4e0d-9104-5d7aa1c7cc8b,LightRAG,capability_match
b43d8d59-cf41-4e0d-9104-5d7aa1c7cc8b,mission-control,capability_match
b43d8d59-cf41-4e0d-9104-5d7aa1c7cc8b,opensre,capability_match
b4aadd69-a0cd-4372-accb-0f10755d6931,LightRAG,capability_match
b4aadd69-a0cd-4372-accb-0f10755d6931,mission-control,capability_match
b4aadd69-a0cd-4372-accb-0f10755d6931,opensre,capability_match
b52a3ccf-5369-4ea9-b41c-63d28034aa14,LightRAG,capability_match
b52a3ccf-5369-4ea9-b41c-63d28034aa14,con-001-ace-construction,capability_match
b52a3ccf-5369-4ea9-b41c-63d28034aa14,mission-control,capability_match
b54d49c0-24c4-47d7-93f9-d0679060c937,LightRAG,capability_match
b54d49c0-24c4-47d7-93f9-d0679060c937,mission-control,capability_match
b54d49c0-24c4-47d7-93f9-d0679060c937,opensre,capability_match
b562bbaa-659e-4974-8264-80065d382b01,LightRAG,capability_match
b562bbaa-659e-4974-8264-80065d382b01,mission-control,capability_match
b562bbaa-659e-4974-8264-80065d382b01,opensre,capability_match
b61f6b0d-3bc0-411c-b56b-16aa4d74272f,LightRAG,capability_match
b61f6b0d-3bc0-411c-b56b-16aa4d74272f,con-001-ace-construction,capability_match
b61f6b0d-3bc0-411c-b56b-16aa4d74272f,mission-control,capability_match
b67131dd-d6ff-4b21-8a9d-7e75d37a03ff,LightRAG,capability_match
b67131dd-d6ff-4b21-8a9d-7e75d37a03ff,mission-control,capability_match
b67131dd-d6ff-4b21-8a9d-7e75d37a03ff,opensre,capability_match
b6823f63-1d6d-4b98-a640-3766a0637c50,LightRAG,capability_match
b6823f63-1d6d-4b98-a640-3766a0637c50,mission-control,capability_match
b6823f63-1d6d-4b98-a640-3766a0637c50,opensre,capability_match
b746feb5-f28a-4b19-b5fd-99a4134f0811,LightRAG,capability_match
b746feb5-f28a-4b19-b5fd-99a4134f0811,mission-control,capability_match
b746feb5-f28a-4b19-b5fd-99a4134f0811,opensre,capability_match
b7a0e981-8ef3-45bf-ad1d-3cbd3b482ba9,LightRAG,capability_match
b7a0e981-8ef3-45bf-ad1d-3cbd3b482ba9,mission-control,capability_match
b7a0e981-8ef3-45bf-ad1d-3cbd3b482ba9,opensre,capability_match
b8200ab5-1190-49c0-b132-4724ca99e76b,LightRAG,capability_match
b8200ab5-1190-49c0-b132-4724ca99e76b,mission-control,capability_match
b8200ab5-1190-49c0-b132-4724ca99e76b,opensre,capability_match
b908c142-2cd7-4dd3-80a3-333072fc2139,LightRAG,capability_match
b908c142-2cd7-4dd3-80a3-333072fc2139,mission-control,capability_match
b908c142-2cd7-4dd3-80a3-333072fc2139,opensre,capability_match
b9c1c9a3-5927-480c-857d-6b99be35254b,LightRAG,capability_match
b9c1c9a3-5927-480c-857d-6b99be35254b,mission-control,capability_match
b9c1c9a3-5927-480c-857d-6b99be35254b,opensre,capability_match
ba7d6e14-d315-4a40-8147-df365b2ebecf,LightRAG,capability_match
ba7d6e14-d315-4a40-8147-df365b2ebecf,mission-control,capability_match
ba7d6e14-d315-4a40-8147-df365b2ebecf,opensre,capability_match
bb1e8456-d7f0-44fa-a8c3-7fc7cf06363a,LightRAG,capability_match
bb1e8456-d7f0-44fa-a8c3-7fc7cf06363a,mission-control,capability_match
bb1e8456-d7f0-44fa-a8c3-7fc7cf06363a,opensre,capability_match
bb2867fc-3544-44d1-8990-2168165ffa9b,LightRAG,capability_match
bb2867fc-3544-44d1-8990-2168165ffa9b,mission-control,capability_match
bb2867fc-3544-44d1-8990-2168165ffa9b,opensre,capability_match
bb87cbc7-7f6d-47b9-833d-92b299cc6227,LightRAG,capability_match
bb87cbc7-7f6d-47b9-833d-92b299cc6227,mission-control,capability_match
bb87cbc7-7f6d-47b9-833d-92b299cc6227,opensre,capability_match
bbc87e7b-3c1e-4943-8e72-baa206252462,LightRAG,capability_match
bbc87e7b-3c1e-4943-8e72-baa206252462,mission-control,capability_match
bbc87e7b-3c1e-4943-8e72-baa206252462,opensre,capability_match
bbdddf73-f481-4f73-ada7-6fb998501bd2,LightRAG,capability_match
bbdddf73-f481-4f73-ada7-6fb998501bd2,mission-control,capability_match
bbdddf73-f481-4f73-ada7-6fb998501bd2,opensre,capability_match
bd4104e7-b7a8-46ff-a812-ab83ea81e18f,LightRAG,capability_match
bd4104e7-b7a8-46ff-a812-ab83ea81e18f,mission-control,capability_match
bd4104e7-b7a8-46ff-a812-ab83ea81e18f,opensre,capability_match
bd6ae181-40ec-439e-8fb2-d2a15abd8927,LightRAG,capability_match
bd6ae181-40ec-439e-8fb2-d2a15abd8927,mission-control,capability_match
bd6ae181-40ec-439e-8fb2-d2a15abd8927,opensre,capability_match
bd8b505a-f5cf-4b38-a76f-2421d2152ffb,LightRAG,capability_match
bd8b505a-f5cf-4b38-a76f-2421d2152ffb,mission-control,capability_match
bd8b505a-f5cf-4b38-a76f-2421d2152ffb,opensre,capability_match
bddbf6d2-0a57-4029-8f4a-5a836f9b2518,LightRAG,capability_match
bddbf6d2-0a57-4029-8f4a-5a836f9b2518,mission-control,capability_match
bddbf6d2-0a57-4029-8f4a-5a836f9b2518,opensre,capability_match
bdf2e0fb-7dde-478e-a48e-d363192d733c,LightRAG,capability_match
bdf2e0fb-7dde-478e-a48e-d363192d733c,mission-control,capability_match
bdf2e0fb-7dde-478e-a48e-d363192d733c,opensre,capability_match
bf1ac472-40b5-4a68-8fc7-cb950d4cd142,LightRAG,capability_match
bf1ac472-40b5-4a68-8fc7-cb950d4cd142,mission-control,capability_match
bf1ac472-40b5-4a68-8fc7-cb950d4cd142,opensre,capability_match
bf5bc673-2cc4-4055-baff-af79944b081b,LightRAG,capability_match
bf5bc673-2cc4-4055-baff-af79944b081b,mission-control,capability_match
bf5bc673-2cc4-4055-baff-af79944b081b,opensre,capability_match
bfad159e-f38b-4d29-b4b4-d784ceefc54b,opensre,capability_match
bfad159e-f38b-4d29-b4b4-d784ceefc54b,vibe-kanban,capability_match
bfad159e-f38b-4d29-b4b4-d784ceefc54b,vibetunnel,capability_match
bfc7ced0-d7ac-4d3d-9c3c-0f986dd4fe00,LightRAG,capability_match
bfc7ced0-d7ac-4d3d-9c3c-0f986dd4fe00,mission-control,capability_match
bfc7ced0-d7ac-4d3d-9c3c-0f986dd4fe00,opensre,capability_match
c001506d-453e-482d-991b-d08be43a4e68,LightRAG,capability_match
c001506d-453e-482d-991b-d08be43a4e68,mission-control,capability_match
c001506d-453e-482d-991b-d08be43a4e68,opensre,capability_match
c1d528d4-8bfd-4660-9fb7-d835fe2daa36,LightRAG,capability_match
c1d528d4-8bfd-4660-9fb7-d835fe2daa36,mission-control,capability_match
c1d528d4-8bfd-4660-9fb7-d835fe2daa36,opensre,capability_match
c28ad252-086b-4da9-ae2f-7a4421a005b3,LightRAG,capability_match
c28ad252-086b-4da9-ae2f-7a4421a005b3,mission-control,capability_match
c28ad252-086b-4da9-ae2f-7a4421a005b3,opensre,capability_match
c3420a69-2d33-48d6-b5bd-eae1021e86e2,LightRAG,capability_match
c3420a69-2d33-48d6-b5bd-eae1021e86e2,mission-control,capability_match
c3420a69-2d33-48d6-b5bd-eae1021e86e2,opensre,capability_match
c4744881-e122-4b66-9c48-f00e0d5d9313,LightRAG,capability_match
c4744881-e122-4b66-9c48-f00e0d5d9313,mission-control,capability_match
c4744881-e122-4b66-9c48-f00e0d5d9313,opensre,capability_match
c4a823cd-b52a-41a9-bea1-1a9762807f93,LightRAG,capability_match
c4a823cd-b52a-41a9-bea1-1a9762807f93,mission-control,capability_match
c4a823cd-b52a-41a9-bea1-1a9762807f93,opensre,capability_match
c5e845a8-3112-44b9-8844-f4f54e8a2d9c,LightRAG,capability_match
c5e845a8-3112-44b9-8844-f4f54e8a2d9c,mission-control,capability_match
c5e845a8-3112-44b9-8844-f4f54e8a2d9c,opensre,capability_match
c60f76e3-d4fb-4978-aca2-9f38198a4cf2,LightRAG,capability_match
c60f76e3-d4fb-4978-aca2-9f38198a4cf2,mission-control,capability_match
c60f76e3-d4fb-4978-aca2-9f38198a4cf2,opensre,capability_match
c6c67e0b-3945-4ce9-a06a-bc4908a07584,LightRAG,capability_match
c6c67e0b-3945-4ce9-a06a-bc4908a07584,mission-control,capability_match
c6c67e0b-3945-4ce9-a06a-bc4908a07584,opensre,capability_match
c733691c-866c-4f3a-86ca-cc71b2d86265,LightRAG,capability_match
c733691c-866c-4f3a-86ca-cc71b2d86265,mission-control,capability_match
c733691c-866c-4f3a-86ca-cc71b2d86265,opensre,capability_match
c74bf3af-4f91-4781-a379-e0ae3885030f,LightRAG,capability_match
c74bf3af-4f91-4781-a379-e0ae3885030f,mission-control,capability_match
c74bf3af-4f91-4781-a379-e0ae3885030f,opensre,capability_match
c7b8d47f-618a-457e-956d-ca1ea69613ef,LightRAG,capability_match
c7b8d47f-618a-457e-956d-ca1ea69613ef,mission-control,capability_match
c7b8d47f-618a-457e-956d-ca1ea69613ef,opensre,capability_match
c7e0bd76-25c3-4a34-814e-9cdce4ba6809,LightRAG,capability_match
c7e0bd76-25c3-4a34-814e-9cdce4ba6809,mission-control,capability_match
c7e0bd76-25c3-4a34-814e-9cdce4ba6809,opensre,capability_match
c81d179b-e9bd-4621-9ca6-4549ad54a4c5,LightRAG,capability_match
c81d179b-e9bd-4621-9ca6-4549ad54a4c5,mission-control,capability_match
c81d179b-e9bd-4621-9ca6-4549ad54a4c5,opensre,capability_match
c866fec8-a7a9-49ae-ada3-9ae2b61936a9,LightRAG,capability_match
c866fec8-a7a9-49ae-ada3-9ae2b61936a9,mission-control,capability_match
c866fec8-a7a9-49ae-ada3-9ae2b61936a9,opensre,capability_match
c86f1f74-1b0c-4298-bcb0-540ee11c30c1,LightRAG,capability_match
c86f1f74-1b0c-4298-bcb0-540ee11c30c1,mission-control,capability_match
c86f1f74-1b0c-4298-bcb0-540ee11c30c1,opensre,capability_match
c9097876-1a20-4574-a8e5-29e893202132,LightRAG,capability_match
c9097876-1a20-4574-a8e5-29e893202132,mission-control,capability_match
c9097876-1a20-4574-a8e5-29e893202132,opensre,capability_match
c90e4c85-735c-4771-a7b5-d25aff635d61,LightRAG,capability_match
c90e4c85-735c-4771-a7b5-d25aff635d61,mission-control,capability_match
c90e4c85-735c-4771-a7b5-d25aff635d61,opensre,capability_match
c9b5a5f2-5901-40aa-90a2-c7eda2259360,LightRAG,capability_match
c9b5a5f2-5901-40aa-90a2-c7eda2259360,mission-control,capability_match
c9b5a5f2-5901-40aa-90a2-c7eda2259360,opensre,capability_match
c9ef5321-03f9-4c9e-8c92-c3fbaf73e773,LightRAG,capability_match
c9ef5321-03f9-4c9e-8c92-c3fbaf73e773,mission-control,capability_match
c9ef5321-03f9-4c9e-8c92-c3fbaf73e773,opensre,capability_match
ca25a4c2-eb95-4398-8a59-9582d5b1d55e,LightRAG,capability_match
ca25a4c2-eb95-4398-8a59-9582d5b1d55e,mission-control,capability_match
ca25a4c2-eb95-4398-8a59-9582d5b1d55e,opensre,capability_match
ca869877-a5bd-4565-a4eb-ffc45ceffdd3,LightRAG,capability_match
ca869877-a5bd-4565-a4eb-ffc45ceffdd3,mission-control,capability_match
ca869877-a5bd-4565-a4eb-ffc45ceffdd3,opensre,capability_match
cb23cdff-eb11-4032-b28c-bdeb2ba30206,LightRAG,capability_match
cb23cdff-eb11-4032-b28c-bdeb2ba30206,mission-control,capability_match
cb23cdff-eb11-4032-b28c-bdeb2ba30206,opensre,capability_match
cbc1103d-7555-46c6-bd06-d1e9a252d114,LightRAG,capability_match
cbc1103d-7555-46c6-bd06-d1e9a252d114,mission-control,capability_match
cbc1103d-7555-46c6-bd06-d1e9a252d114,opensre,capability_match
cbd335a4-72a4-4872-ae3d-cf1ba1a704d3,LightRAG,capability_match
cbd335a4-72a4-4872-ae3d-cf1ba1a704d3,mission-control,capability_match
cbd335a4-72a4-4872-ae3d-cf1ba1a704d3,opensre,capability_match
ccc9e10c-4767-4a49-9424-3a3d3360e37b,opensre,capability_match
ccc9e10c-4767-4a49-9424-3a3d3360e37b,vibe-kanban,capability_match
ccc9e10c-4767-4a49-9424-3a3d3360e37b,vibetunnel,capability_match
cd364a11-c88e-4bd2-8e33-597a2d0a1ec9,LightRAG,capability_match
cd364a11-c88e-4bd2-8e33-597a2d0a1ec9,mission-control,capability_match
cd364a11-c88e-4bd2-8e33-597a2d0a1ec9,opensre,capability_match
cdb90c3f-c73c-4124-917f-e880bf648e9f,LightRAG,capability_match
cdb90c3f-c73c-4124-917f-e880bf648e9f,mission-control,capability_match
cdb90c3f-c73c-4124-917f-e880bf648e9f,opensre,capability_match
ce33a2c6-164f-4af3-9caf-18d68ce7eb19,LightRAG,capability_match
ce33a2c6-164f-4af3-9caf-18d68ce7eb19,mission-control,capability_match
ce33a2c6-164f-4af3-9caf-18d68ce7eb19,opensre,capability_match
ce8de855-9294-4cc0-b643-58194185a635,LightRAG,capability_match
ce8de855-9294-4cc0-b643-58194185a635,mission-control,capability_match
ce8de855-9294-4cc0-b643-58194185a635,opensre,capability_match
cee277a2-252a-4d6d-a6b4-ca2291f3b047,LightRAG,capability_match
cee277a2-252a-4d6d-a6b4-ca2291f3b047,mission-control,capability_match
cee277a2-252a-4d6d-a6b4-ca2291f3b047,opensre,capability_match
cf272b81-21e0-4813-b736-6ff0c4ba488c,LightRAG,capability_match
cf272b81-21e0-4813-b736-6ff0c4ba488c,mission-control,capability_match
cf272b81-21e0-4813-b736-6ff0c4ba488c,opensre,capability_match
cf47fab6-7fc9-48dc-b9fc-45dd838454da,LightRAG,capability_match
cf47fab6-7fc9-48dc-b9fc-45dd838454da,mission-control,capability_match
cf47fab6-7fc9-48dc-b9fc-45dd838454da,opensre,capability_match
d0345ab1-172d-4756-8b40-62f14e3aa180,LightRAG,capability_match
d0345ab1-172d-4756-8b40-62f14e3aa180,mission-control,capability_match
d0345ab1-172d-4756-8b40-62f14e3aa180,opensre,capability_match
d07a8663-445f-490b-a178-ac2d19a5120e,LightRAG,capability_match
d07a8663-445f-490b-a178-ac2d19a5120e,mission-control,capability_match
d07a8663-445f-490b-a178-ac2d19a5120e,opensre,capability_match
d0ac1d6c-7634-49ef-b53b-1a9d5cad627f,LightRAG,capability_match
d0ac1d6c-7634-49ef-b53b-1a9d5cad627f,mission-control,capability_match
d0ac1d6c-7634-49ef-b53b-1a9d5cad627f,opensre,capability_match
d0d98760-a747-4f6b-b1ca-b7ae450b1c94,LightRAG,capability_match
d0d98760-a747-4f6b-b1ca-b7ae450b1c94,mission-control,capability_match
d0d98760-a747-4f6b-b1ca-b7ae450b1c94,opensre,capability_match
d164ed2d-5fee-4093-8a56-497160748693,LightRAG,capability_match
d164ed2d-5fee-4093-8a56-497160748693,mission-control,capability_match
d164ed2d-5fee-4093-8a56-497160748693,opensre,capability_match
d16e5b60-facb-48d4-a756-1eb320e77b48,LightRAG,capability_match
d16e5b60-facb-48d4-a756-1eb320e77b48,mission-control,capability_match
d16e5b60-facb-48d4-a756-1eb320e77b48,opensre,capability_match
d1f6f63b-92ae-4fbe-8093-37109d55a981,LightRAG,capability_match
d1f6f63b-92ae-4fbe-8093-37109d55a981,mission-control,capability_match
d1f6f63b-92ae-4fbe-8093-37109d55a981,opensre,capability_match
d35482fa-2f2f-4f1d-a547-e8ba9939523e,LightRAG,capability_match
d35482fa-2f2f-4f1d-a547-e8ba9939523e,mission-control,capability_match
d35482fa-2f2f-4f1d-a547-e8ba9939523e,opensre,capability_match
d3b24622-a957-4a68-9bb4-dc9e00d6a245,LightRAG,capability_match
d3b24622-a957-4a68-9bb4-dc9e00d6a245,mission-control,capability_match
d3b24622-a957-4a68-9bb4-dc9e00d6a245,opensre,capability_match
d3c46e47-edf0-4e0a-bea5-aa03fc979d45,LightRAG,capability_match
d3c46e47-edf0-4e0a-bea5-aa03fc979d45,mission-control,capability_match
d3c46e47-edf0-4e0a-bea5-aa03fc979d45,opensre,capability_match
d4520ce3-e9b3-4d97-ab36-beebe074938a,LightRAG,capability_match
d4520ce3-e9b3-4d97-ab36-beebe074938a,mission-control,capability_match
d4520ce3-e9b3-4d97-ab36-beebe074938a,opensre,capability_match
d554d438-5692-4d11-8134-b46be9143aa2,LightRAG,capability_match
d554d438-5692-4d11-8134-b46be9143aa2,mission-control,capability_match
d554d438-5692-4d11-8134-b46be9143aa2,opensre,capability_match
d6153a57-d968-48fd-aa9f-bf8ba187b554,LightRAG,capability_match
d6153a57-d968-48fd-aa9f-bf8ba187b554,mission-control,capability_match
d6153a57-d968-48fd-aa9f-bf8ba187b554,opensre,capability_match
d65afe5a-bdf0-4f71-8f0f-413a55166c5a,LightRAG,capability_match
d65afe5a-bdf0-4f71-8f0f-413a55166c5a,mission-control,capability_match
d65afe5a-bdf0-4f71-8f0f-413a55166c5a,opensre,capability_match
d798fded-ea57-4f57-bc7b-d8da7dd04c61,LightRAG,capability_match
d798fded-ea57-4f57-bc7b-d8da7dd04c61,mission-control,capability_match
d798fded-ea57-4f57-bc7b-d8da7dd04c61,opensre,capability_match
d7c6d5b8-6783-493c-bb58-1d185806c1e3,LightRAG,capability_match
d7c6d5b8-6783-493c-bb58-1d185806c1e3,mission-control,capability_match
d7c6d5b8-6783-493c-bb58-1d185806c1e3,opensre,capability_match
d7ddcedd-b082-4e19-b6b4-369cb6a52322,LightRAG,capability_match
d7ddcedd-b082-4e19-b6b4-369cb6a52322,mission-control,capability_match
d7ddcedd-b082-4e19-b6b4-369cb6a52322,opensre,capability_match
d7e0e22f-afbb-47c0-9885-5d906a01cf92,LightRAG,capability_match
d7e0e22f-afbb-47c0-9885-5d906a01cf92,mission-control,capability_match
d7e0e22f-afbb-47c0-9885-5d906a01cf92,opensre,capability_match
d8574cc5-baa6-4f24-bc63-12992dd55968,LightRAG,capability_match
d8574cc5-baa6-4f24-bc63-12992dd55968,mission-control,capability_match
d8574cc5-baa6-4f24-bc63-12992dd55968,opensre,capability_match
d88bedf7-f645-4bb1-808a-2f13a96d6c21,LightRAG,capability_match
d88bedf7-f645-4bb1-808a-2f13a96d6c21,mission-control,capability_match
d88bedf7-f645-4bb1-808a-2f13a96d6c21,opensre,capability_match
d93dd5eb-9f10-44aa-a99d-d4eb44a83acc,LightRAG,capability_match
d93dd5eb-9f10-44aa-a99d-d4eb44a83acc,mission-control,capability_match
d93dd5eb-9f10-44aa-a99d-d4eb44a83acc,opensre,capability_match
d948b9d2-9bdc-4bfc-9844-a1e41782328d,LightRAG,capability_match
d948b9d2-9bdc-4bfc-9844-a1e41782328d,mission-control,capability_match
d948b9d2-9bdc-4bfc-9844-a1e41782328d,opensre,capability_match
d985554c-f2b7-4b93-9c0d-fb6415d1bcdf,LightRAG,capability_match
d985554c-f2b7-4b93-9c0d-fb6415d1bcdf,mission-control,capability_match
d985554c-f2b7-4b93-9c0d-fb6415d1bcdf,opensre,capability_match
da6db9a4-0c5f-411e-be5c-40443c983db9,LightRAG,capability_match
da6db9a4-0c5f-411e-be5c-40443c983db9,con-001-ace-construction,capability_match
da6db9a4-0c5f-411e-be5c-40443c983db9,mission-control,capability_match
da7741e1-3e05-4949-9a87-cfdd2d70d256,LightRAG,capability_match
da7741e1-3e05-4949-9a87-cfdd2d70d256,mission-control,capability_match
da7741e1-3e05-4949-9a87-cfdd2d70d256,opensre,capability_match
da90d565-e3c0-4f88-b518-d36ebcd01c9b,LightRAG,capability_match
da90d565-e3c0-4f88-b518-d36ebcd01c9b,mission-control,capability_match
da90d565-e3c0-4f88-b518-d36ebcd01c9b,opensre,capability_match
dadadc33-e64c-4c6e-a47b-4cafc13052ad,LightRAG,capability_match
dadadc33-e64c-4c6e-a47b-4cafc13052ad,mission-control,capability_match
dadadc33-e64c-4c6e-a47b-4cafc13052ad,opensre,capability_match
db4cffab-87d5-450e-a9c6-6aa34417c735,LightRAG,capability_match
db4cffab-87d5-450e-a9c6-6aa34417c735,mission-control,capability_match
db4cffab-87d5-450e-a9c6-6aa34417c735,opensre,capability_match
db540a0b-9916-4c91-b31c-e6390b861032,LightRAG,capability_match
db540a0b-9916-4c91-b31c-e6390b861032,mission-control,capability_match
db540a0b-9916-4c91-b31c-e6390b861032,opensre,capability_match
dbf8bf61-5599-467c-b5ad-fc1b6e3e4f83,LightRAG,capability_match
dbf8bf61-5599-467c-b5ad-fc1b6e3e4f83,mission-control,capability_match
dbf8bf61-5599-467c-b5ad-fc1b6e3e4f83,opensre,capability_match
dbfe774d-fa2a-4692-b246-68099c88b85c,LightRAG,capability_match
dbfe774d-fa2a-4692-b246-68099c88b85c,mission-control,capability_match
dbfe774d-fa2a-4692-b246-68099c88b85c,opensre,capability_match
dc041a65-d057-4b51-8f6a-ba84c53fb0a2,LightRAG,capability_match
dc041a65-d057-4b51-8f6a-ba84c53fb0a2,mission-control,capability_match
dc041a65-d057-4b51-8f6a-ba84c53fb0a2,opensre,capability_match
dc375d7b-5925-4346-b232-33e7c09e91ac,LightRAG,capability_match
dc375d7b-5925-4346-b232-33e7c09e91ac,mission-control,capability_match
dc375d7b-5925-4346-b232-33e7c09e91ac,opensre,capability_match
dc861445-1f5e-4506-a1c9-61d3039e13c9,LightRAG,capability_match
dc861445-1f5e-4506-a1c9-61d3039e13c9,mission-control,capability_match
dc861445-1f5e-4506-a1c9-61d3039e13c9,opensre,capability_match
dc8b2b20-b9d9-4fe4-a751-0a6c19e15f63,LightRAG,capability_match
dc8b2b20-b9d9-4fe4-a751-0a6c19e15f63,mission-control,capability_match
dc8b2b20-b9d9-4fe4-a751-0a6c19e15f63,opensre,capability_match
dcc90fd7-aefc-4e45-b1e5-95703e50ea87,LightRAG,capability_match
dcc90fd7-aefc-4e45-b1e5-95703e50ea87,mission-control,capability_match
dcc90fd7-aefc-4e45-b1e5-95703e50ea87,opensre,capability_match
dccea2da-3d6e-4869-8e37-65d90a529fa4,LightRAG,capability_match
dccea2da-3d6e-4869-8e37-65d90a529fa4,mission-control,capability_match
dccea2da-3d6e-4869-8e37-65d90a529fa4,opensre,capability_match
dd78dc7f-ab6a-4c1f-9405-b0cbd827ae0d,LightRAG,capability_match
dd78dc7f-ab6a-4c1f-9405-b0cbd827ae0d,mission-control,capability_match
dd78dc7f-ab6a-4c1f-9405-b0cbd827ae0d,opensre,capability_match
dd8c7cb1-1fd7-45b2-9518-3d7bec60cf89,LightRAG,capability_match
dd8c7cb1-1fd7-45b2-9518-3d7bec60cf89,mission-control,capability_match
dd8c7cb1-1fd7-45b2-9518-3d7bec60cf89,opensre,capability_match
ddd8bd06-d375-4481-bbc8-094e7dd3297a,LightRAG,capability_match
ddd8bd06-d375-4481-bbc8-094e7dd3297a,mission-control,capability_match
ddd8bd06-d375-4481-bbc8-094e7dd3297a,opensre,capability_match
de1cd4e3-c1c1-4413-9ebf-38e5cc542990,LightRAG,capability_match
de1cd4e3-c1c1-4413-9ebf-38e5cc542990,mission-control,capability_match
de1cd4e3-c1c1-4413-9ebf-38e5cc542990,opensre,capability_match
de6c1ef8-064c-459a-b0ba-80ff12ef8e57,LightRAG,capability_match
de6c1ef8-064c-459a-b0ba-80ff12ef8e57,mission-control,capability_match
de6c1ef8-064c-459a-b0ba-80ff12ef8e57,opensre,capability_match
df80379c-7d48-40cb-8e3e-5837f6f71f95,LightRAG,capability_match
df80379c-7d48-40cb-8e3e-5837f6f71f95,mission-control,capability_match
df80379c-7d48-40cb-8e3e-5837f6f71f95,opensre,capability_match
df8ee065-d3df-42ba-965a-36aa4447dad0,LightRAG,capability_match
df8ee065-d3df-42ba-965a-36aa4447dad0,mission-control,capability_match
df8ee065-d3df-42ba-965a-36aa4447dad0,opensre,capability_match
e00d65a5-aea9-4a1a-8039-085789bababf,LightRAG,capability_match
e00d65a5-aea9-4a1a-8039-085789bababf,con-001-ace-construction,capability_match
e00d65a5-aea9-4a1a-8039-085789bababf,mission-control,capability_match
e0c4a3d9-eebb-40c4-94fc-778c2799ecb8,LightRAG,capability_match
e0c4a3d9-eebb-40c4-94fc-778c2799ecb8,mission-control,capability_match
e0c4a3d9-eebb-40c4-94fc-778c2799ecb8,opensre,capability_match
e0e532a2-b8af-43df-98af-90f00445b67c,LightRAG,capability_match
e0e532a2-b8af-43df-98af-90f00445b67c,mission-control,capability_match
e0e532a2-b8af-43df-98af-90f00445b67c,opensre,capability_match
e2099922-c03e-463e-8b72-744a4fbf93db,LightRAG,capability_match
e2099922-c03e-463e-8b72-744a4fbf93db,mission-control,capability_match
e2099922-c03e-463e-8b72-744a4fbf93db,opensre,capability_match
e316145d-57ff-420a-93da-56a34b0921cd,LightRAG,capability_match
e316145d-57ff-420a-93da-56a34b0921cd,mission-control,capability_match
e316145d-57ff-420a-93da-56a34b0921cd,opensre,capability_match
e43ada0c-5456-42a0-b676-4b45e962ccb0,LightRAG,capability_match
e43ada0c-5456-42a0-b676-4b45e962ccb0,mission-control,capability_match
e43ada0c-5456-42a0-b676-4b45e962ccb0,opensre,capability_match
e4a89c97-b32c-4d4e-b0d7-00f0e8ae2dd0,LightRAG,capability_match
e4a89c97-b32c-4d4e-b0d7-00f0e8ae2dd0,mission-control,capability_match
e4a89c97-b32c-4d4e-b0d7-00f0e8ae2dd0,opensre,capability_match
e515e6cd-a5a9-453d-80c6-fc11c9b7a602,LightRAG,capability_match
e515e6cd-a5a9-453d-80c6-fc11c9b7a602,mission-control,capability_match
e515e6cd-a5a9-453d-80c6-fc11c9b7a602,opensre,capability_match
e52fe3ef-7143-493b-972b-842b0e3dc914,LightRAG,capability_match
e52fe3ef-7143-493b-972b-842b0e3dc914,mission-control,capability_match
e52fe3ef-7143-493b-972b-842b0e3dc914,opensre,capability_match
e59aaf3e-62d8-47b5-89cb-1bba1fa81404,LightRAG,capability_match
e59aaf3e-62d8-47b5-89cb-1bba1fa81404,mission-control,capability_match
e59aaf3e-62d8-47b5-89cb-1bba1fa81404,opensre,capability_match
e5ba6735-4b66-48a7-8233-01e0820580e8,LightRAG,capability_match
e5ba6735-4b66-48a7-8233-01e0820580e8,mission-control,capability_match
e5ba6735-4b66-48a7-8233-01e0820580e8,opensre,capability_match
e6196ee6-bfda-4687-bff6-2ca57d6b5f4c,LightRAG,capability_match
e6196ee6-bfda-4687-bff6-2ca57d6b5f4c,mission-control,capability_match
e6196ee6-bfda-4687-bff6-2ca57d6b5f4c,opensre,capability_match
e64973ab-ff5b-42b8-8715-b84995c4e0a0,LightRAG,capability_match
e64973ab-ff5b-42b8-8715-b84995c4e0a0,mission-control,capability_match
e64973ab-ff5b-42b8-8715-b84995c4e0a0,opensre,capability_match
e6ccb583-55bf-43c4-854b-6dfb0b196fca,LightRAG,capability_match
e6ccb583-55bf-43c4-854b-6dfb0b196fca,mission-control,capability_match
e6ccb583-55bf-43c4-854b-6dfb0b196fca,opensre,capability_match
e6e855f6-f953-4c57-8070-969ec53bbe81,LightRAG,capability_match
e6e855f6-f953-4c57-8070-969ec53bbe81,mission-control,capability_match
e6e855f6-f953-4c57-8070-969ec53bbe81,opensre,capability_match
e77dfaa6-4c0c-405a-80d7-900ee4315000,LightRAG,capability_match
e77dfaa6-4c0c-405a-80d7-900ee4315000,mission-control,capability_match
e77dfaa6-4c0c-405a-80d7-900ee4315000,opensre,capability_match
e7db8a0f-4a0f-4c17-b2ba-1aa5a3f14cfd,LightRAG,capability_match
e7db8a0f-4a0f-4c17-b2ba-1aa5a3f14cfd,mission-control,capability_match
e7db8a0f-4a0f-4c17-b2ba-1aa5a3f14cfd,opensre,capability_match
e8306358-7f14-4b3a-85e2-38c42a2025c5,LightRAG,capability_match
e8306358-7f14-4b3a-85e2-38c42a2025c5,mission-control,capability_match
e8306358-7f14-4b3a-85e2-38c42a2025c5,opensre,capability_match
e94b1fc3-1398-4311-92f8-0ef23007110c,LightRAG,capability_match
e94b1fc3-1398-4311-92f8-0ef23007110c,mission-control,capability_match
e94b1fc3-1398-4311-92f8-0ef23007110c,opensre,capability_match
e98dbadb-09da-451d-85c6-d98d670d37c9,opensre,capability_match
e98dbadb-09da-451d-85c6-d98d670d37c9,vibe-kanban,capability_match
e98dbadb-09da-451d-85c6-d98d670d37c9,vibetunnel,capability_match
e9e457f0-1c93-4c87-b5c2-3ca4024270b0,LightRAG,capability_match
e9e457f0-1c93-4c87-b5c2-3ca4024270b0,mission-control,capability_match
e9e457f0-1c93-4c87-b5c2-3ca4024270b0,opensre,capability_match
ea968b19-2da6-411f-b8be-2afe004e4eea,LightRAG,capability_match
ea968b19-2da6-411f-b8be-2afe004e4eea,mission-control,capability_match
ea968b19-2da6-411f-b8be-2afe004e4eea,opensre,capability_match
eaa8a135-bbca-46d8-8b2d-d715e6cd642e,LightRAG,capability_match
eaa8a135-bbca-46d8-8b2d-d715e6cd642e,mission-control,capability_match
eaa8a135-bbca-46d8-8b2d-d715e6cd642e,opensre,capability_match
eab49199-7a5e-43e3-b17a-7783f2ba88df,LightRAG,capability_match
eab49199-7a5e-43e3-b17a-7783f2ba88df,mission-control,capability_match
eab49199-7a5e-43e3-b17a-7783f2ba88df,opensre,capability_match
eb2d7881-299f-4dd2-9241-d579b309de2c,LightRAG,capability_match
eb2d7881-299f-4dd2-9241-d579b309de2c,mission-control,capability_match
eb2d7881-299f-4dd2-9241-d579b309de2c,opensre,capability_match
ebb70e0c-1063-4a75-a802-6388956cf2c9,LightRAG,capability_match
ebb70e0c-1063-4a75-a802-6388956cf2c9,mission-control,capability_match
ebb70e0c-1063-4a75-a802-6388956cf2c9,opensre,capability_match
ebedf936-77dc-4639-8ee2-5250c2764d8d,opensre,capability_match
ebedf936-77dc-4639-8ee2-5250c2764d8d,vibe-kanban,capability_match
ebedf936-77dc-4639-8ee2-5250c2764d8d,vibetunnel,capability_match
ebfcbbfd-0c78-4a4a-bbfa-f093388079c1,LightRAG,capability_match
ebfcbbfd-0c78-4a4a-bbfa-f093388079c1,mission-control,capability_match
ebfcbbfd-0c78-4a4a-bbfa-f093388079c1,opensre,capability_match
ec0ff7a7-721f-46a0-90a3-e3844221e78f,LightRAG,capability_match
ec0ff7a7-721f-46a0-90a3-e3844221e78f,mission-control,capability_match
ec0ff7a7-721f-46a0-90a3-e3844221e78f,opensre,capability_match
ed6015ca-25bd-44a5-830a-0c133c775458,LightRAG,capability_match
ed6015ca-25bd-44a5-830a-0c133c775458,mission-control,capability_match
ed6015ca-25bd-44a5-830a-0c133c775458,opensre,capability_match
ede0bdfb-19e6-42a3-935b-4850be760652,LightRAG,capability_match
ede0bdfb-19e6-42a3-935b-4850be760652,mission-control,capability_match
ede0bdfb-19e6-42a3-935b-4850be760652,opensre,capability_match
ee6e566c-e19d-47b1-a996-460577499ee4,LightRAG,capability_match
ee6e566c-e19d-47b1-a996-460577499ee4,mission-control,capability_match
ee6e566c-e19d-47b1-a996-460577499ee4,opensre,capability_match
ef0b2fc8-daa6-408a-9f95-40059e9c64b7,LightRAG,capability_match
ef0b2fc8-daa6-408a-9f95-40059e9c64b7,mission-control,capability_match
ef0b2fc8-daa6-408a-9f95-40059e9c64b7,opensre,capability_match
efa5c705-5afa-45c0-a27c-94c4e1f966ba,LightRAG,capability_match
efa5c705-5afa-45c0-a27c-94c4e1f966ba,mission-control,capability_match
efa5c705-5afa-45c0-a27c-94c4e1f966ba,opensre,capability_match
efb86511-f300-4a3b-b79c-fd66c475c586,LightRAG,capability_match
efb86511-f300-4a3b-b79c-fd66c475c586,mission-control,capability_match
efb86511-f300-4a3b-b79c-fd66c475c586,opensre,capability_match
efe6aa1a-59e0-47a7-91da-710cb64d17a3,LightRAG,capability_match
efe6aa1a-59e0-47a7-91da-710cb64d17a3,mission-control,capability_match
efe6aa1a-59e0-47a7-91da-710cb64d17a3,opensre,capability_match
f0069c8b-ac87-4578-bbff-6ebbcc8dbff1,LightRAG,capability_match
f0069c8b-ac87-4578-bbff-6ebbcc8dbff1,mission-control,capability_match
f0069c8b-ac87-4578-bbff-6ebbcc8dbff1,opensre,capability_match
f0148df8-77c8-4c40-9ef8-fcd5cb87edef,LightRAG,capability_match
f0148df8-77c8-4c40-9ef8-fcd5cb87edef,mission-control,capability_match
f0148df8-77c8-4c40-9ef8-fcd5cb87edef,opensre,capability_match
f04481bb-b6e9-4e0d-bad1-2480feed4a8f,LightRAG,capability_match
f04481bb-b6e9-4e0d-bad1-2480feed4a8f,mission-control,capability_match
f04481bb-b6e9-4e0d-bad1-2480feed4a8f,opensre,capability_match
f056380a-41a5-4b71-b862-f0617adffbb6,LightRAG,capability_match
f056380a-41a5-4b71-b862-f0617adffbb6,mission-control,capability_match
f056380a-41a5-4b71-b862-f0617adffbb6,opensre,capability_match
f0f53215-f3d0-405a-9fae-7100d4bc4a29,LightRAG,capability_match
f0f53215-f3d0-405a-9fae-7100d4bc4a29,mission-control,capability_match
f0f53215-f3d0-405a-9fae-7100d4bc4a29,opensre,capability_match
f13ca92d-2003-4bcc-a1b7-9ff740be2733,LightRAG,capability_match
f13ca92d-2003-4bcc-a1b7-9ff740be2733,mission-control,capability_match
f13ca92d-2003-4bcc-a1b7-9ff740be2733,opensre,capability_match
f18dc898-2522-49f6-928c-7f9ca7598d20,LightRAG,capability_match
f18dc898-2522-49f6-928c-7f9ca7598d20,mission-control,capability_match
f18dc898-2522-49f6-928c-7f9ca7598d20,opensre,capability_match
f2271f17-3ca5-4e9d-9518-bab57abef224,LightRAG,capability_match
f2271f17-3ca5-4e9d-9518-bab57abef224,mission-control,capability_match
f2271f17-3ca5-4e9d-9518-bab57abef224,opensre,capability_match
f24c9f6e-f7d9-45e2-b7c3-eb3983488101,LightRAG,capability_match
f24c9f6e-f7d9-45e2-b7c3-eb3983488101,mission-control,capability_match
f24c9f6e-f7d9-45e2-b7c3-eb3983488101,opensre,capability_match
f2a88c1a-16a4-4338-8635-285e380fa9eb,LightRAG,capability_match
f2a88c1a-16a4-4338-8635-285e380fa9eb,mission-control,capability_match
f2a88c1a-16a4-4338-8635-285e380fa9eb,opensre,capability_match
f2dd65e6-3f8c-4797-8d8f-b00486d6c65a,LightRAG,capability_match
f2dd65e6-3f8c-4797-8d8f-b00486d6c65a,mission-control,capability_match
f2dd65e6-3f8c-4797-8d8f-b00486d6c65a,opensre,capability_match
f31db2ef-f6bc-441f-8fe8-f24f307a1612,LightRAG,capability_match
f31db2ef-f6bc-441f-8fe8-f24f307a1612,mission-control,capability_match
f31db2ef-f6bc-441f-8fe8-f24f307a1612,opensre,capability_match
f362e4a1-9b2a-4210-841c-32e5849f033c,LightRAG,capability_match
f362e4a1-9b2a-4210-841c-32e5849f033c,mission-control,capability_match
f362e4a1-9b2a-4210-841c-32e5849f033c,opensre,capability_match
f3a1e437-3730-4ecc-93de-8bd39ce4ab73,LightRAG,capability_match
f3a1e437-3730-4ecc-93de-8bd39ce4ab73,mission-control,capability_match
f3a1e437-3730-4ecc-93de-8bd39ce4ab73,opensre,capability_match
f3d6352b-6832-49fc-ae36-cf56de5c2bb1,LightRAG,capability_match
f3d6352b-6832-49fc-ae36-cf56de5c2bb1,mission-control,capability_match
f3d6352b-6832-49fc-ae36-cf56de5c2bb1,opensre,capability_match
f3dc0c40-ae8d-4a5f-aa76-9427152fad72,opensre,capability_match
f3dc0c40-ae8d-4a5f-aa76-9427152fad72,vibe-kanban,capability_match
f3dc0c40-ae8d-4a5f-aa76-9427152fad72,vibetunnel,capability_match
f3e0d6d3-4ec5-4b4f-9307-618392e749c6,opensre,capability_match
f3e0d6d3-4ec5-4b4f-9307-618392e749c6,vibe-kanban,capability_match
f3e0d6d3-4ec5-4b4f-9307-618392e749c6,vibetunnel,capability_match
f3ef9069-0b9c-4d4f-ac54-c01848ad3a4c,LightRAG,capability_match
f3ef9069-0b9c-4d4f-ac54-c01848ad3a4c,mission-control,capability_match
f3ef9069-0b9c-4d4f-ac54-c01848ad3a4c,opensre,capability_match
f46b7bb4-f6c6-48f8-ba17-40df684211eb,LightRAG,capability_match
f46b7bb4-f6c6-48f8-ba17-40df684211eb,mission-control,capability_match
f46b7bb4-f6c6-48f8-ba17-40df684211eb,opensre,capability_match
f4d11787-2851-45c9-bfa2-88349762a37d,LightRAG,capability_match
f4d11787-2851-45c9-bfa2-88349762a37d,mission-control,capability_match
f4d11787-2851-45c9-bfa2-88349762a37d,opensre,capability_match
f55e7200-983b-40d2-b70c-ad15bc7a4f5d,LightRAG,capability_match
f55e7200-983b-40d2-b70c-ad15bc7a4f5d,con-001-ace-construction,capability_match
f55e7200-983b-40d2-b70c-ad15bc7a4f5d,mission-control,capability_match
f63eb65f-2a9c-4cf6-857c-a306d4e95c7f,LightRAG,capability_match
f63eb65f-2a9c-4cf6-857c-a306d4e95c7f,mission-control,capability_match
f63eb65f-2a9c-4cf6-857c-a306d4e95c7f,opensre,capability_match
f673b096-f211-4b65-9ff5-20a85605513b,LightRAG,capability_match
f673b096-f211-4b65-9ff5-20a85605513b,mission-control,capability_match
f673b096-f211-4b65-9ff5-20a85605513b,opensre,capability_match
f7a0bd5f-e055-49a7-87ad-36d53d8998c6,LightRAG,capability_match
f7a0bd5f-e055-49a7-87ad-36d53d8998c6,mission-control,capability_match
f7a0bd5f-e055-49a7-87ad-36d53d8998c6,opensre,capability_match
f9417c58-3412-4b2a-8f60-5935fb4b7880,LightRAG,capability_match
f9417c58-3412-4b2a-8f60-5935fb4b7880,mission-control,capability_match
f9417c58-3412-4b2a-8f60-5935fb4b7880,opensre,capability_match
f98ce20d-3fb9-4dae-a8af-890f97920a98,LightRAG,capability_match
f98ce20d-3fb9-4dae-a8af-890f97920a98,mission-control,capability_match
f98ce20d-3fb9-4dae-a8af-890f97920a98,opensre,capability_match
f999b069-6bfe-47b6-9291-64f2477fe2cf,LightRAG,capability_match
f999b069-6bfe-47b6-9291-64f2477fe2cf,mission-control,capability_match
f999b069-6bfe-47b6-9291-64f2477fe2cf,opensre,capability_match
f9cf7ded-9f65-4bf8-851f-45c3a927951b,LightRAG,capability_match
f9cf7ded-9f65-4bf8-851f-45c3a927951b,mission-control,capability_match
f9cf7ded-9f65-4bf8-851f-45c3a927951b,opensre,capability_match
f9de7000-12db-42f4-bf35-6dda7e18e11d,LightRAG,capability_match
f9de7000-12db-42f4-bf35-6dda7e18e11d,mission-control,capability_match
f9de7000-12db-42f4-bf35-6dda7e18e11d,opensre,capability_match
fa284812-facc-4c83-b825-106ea6626efd,LightRAG,capability_match
fa284812-facc-4c83-b825-106ea6626efd,mission-control,capability_match
fa284812-facc-4c83-b825-106ea6626efd,opensre,capability_match
fafe2c68-f76b-4d84-9253-8ea7ac027ba4,LightRAG,capability_match
fafe2c68-f76b-4d84-9253-8ea7ac027ba4,mission-control,capability_match
fafe2c68-f76b-4d84-9253-8ea7ac027ba4,opensre,capability_match
fbcf2c5c-e26a-4eec-bb6d-f08c69775135,LightRAG,capability_match
fbcf2c5c-e26a-4eec-bb6d-f08c69775135,mission-control,capability_match
fbcf2c5c-e26a-4eec-bb6d-f08c69775135,opensre,capability_match
fbf1cfaf-d3e5-413e-9880-5e6944cd3cf5,LightRAG,capability_match
fbf1cfaf-d3e5-413e-9880-5e6944cd3cf5,mission-control,capability_match
fbf1cfaf-d3e5-413e-9880-5e6944cd3cf5,opensre,capability_match
fd2288c3-1121-4d93-bfaa-29850dfcd027,LightRAG,capability_match
fd2288c3-1121-4d93-bfaa-29850dfcd027,mission-control,capability_match
fd2288c3-1121-4d93-bfaa-29850dfcd027,opensre,capability_match
fdfc8bd5-9c3f-484f-8fbe-dcf2287efe1c,LightRAG,capability_match
fdfc8bd5-9c3f-484f-8fbe-dcf2287efe1c,mission-control,capability_match
fdfc8bd5-9c3f-484f-8fbe-dcf2287efe1c,opensre,capability_match
fe3f5bec-194c-4cc5-a5b9-bb7eb4f0d768,LightRAG,capability_match
fe3f5bec-194c-4cc5-a5b9-bb7eb4f0d768,mission-control,capability_match
fe3f5bec-194c-4cc5-a5b9-bb7eb4f0d768,opensre,capability_match
fe66b03d-776e-4c47-9088-f2cca0c530da,LightRAG,capability_match
fe66b03d-776e-4c47-9088-f2cca0c530da,mission-control,capability_match
fe66b03d-776e-4c47-9088-f2cca0c530da,opensre,capability_match
feeefc69-b1fd-4f4e-91f3-9bf4ab607cf2,LightRAG,capability_match
feeefc69-b1fd-4f4e-91f3-9bf4ab607cf2,mission-control,capability_match
feeefc69-b1fd-4f4e-91f3-9bf4ab607cf2,opensre,capability_match
