repo_owner_name,repo_name,is_private,description,language,stars,ventures_using,venture_ids,venture_names,status
Worldwidebro/ace-community-impact-templates,ace-community-impact-templates,True,"Community Impact Business Templates (#273-312) - Social enterprises, nonprofits, and community-drive",,0,1,RE-001-PROPERTY-HOLDINGS,Property Holdings,aligned
Worldwidebro/ace-ecommerce-templates,ace-ecommerce-templates,True,"E-commerce Business Templates (#133-192) - Complete dropshipping, DTC, and online retail business te",,0,49,EM-001-Space-Habitat-AI|EM-002-Fusion-Energy-AI|EM-003-Teleportation-Research-AI|EM-004-Climate-Solutions-AI|EM-005-Holographic-Events-AI|EM-006-Neurofeedback-AI|EM-007-Autonomous-Delivery-AI|EM-008-Gene-Editing-AI|EM-009-Space-Tourism-AI|EM-010-Wearables-AI|EM-011-Metaverse-Hub-AI|EM-012-Energy-Grid-AI|EM-013-Brain-Computer-Interface|EM-014-Ocean-Cleanup-AI|EM-015-Crypto-Trading-AI|EM-016-Synthetic-Media-AI|EM-017-Space-Mining-AI|EM-018-VR-Therapy-AI|EM-019-Weather-Prediction-AI|EM-020-Autonomous-Farming-AI|EM-021-Traffic-Optimizer-AI|EM-022-Smart-Grid-AI|EM-023-Disaster-Prediction-AI|EM-024-Nanotech-AI|EM-025-Personalized-Medicine-AI|EM-026-AI-Diagnostic-Lab|EM-027-Sustainable-Cities-AI|EM-028-Renewable-Energy-AI|EM-029-Climate-Modeling-AI|EM-030-Policy-Advisor-AI|EM-031-Governance-Hub-AI|EM-032-Global-Challenges-AI|EM-033-Space-Exploration-AI|EM-034-Education-Equity-AI|EM-035-Health-Equity-AI|EM-036-Economic-Equity-AI|EM-037-Environmental-Justice-AI|EM-038-Human-Rights-AI|EM-039-Peacebuilding-AI|EM-040-Telemedicine-AI|EM-041-AI-Climate-Adaptation|EM-042-Space-Agriculture-AI|EM-043-Quantum-Communication-AI|EM-044-Robotics-Surgery-AI|EM-045-AI-Disaster-Response|EM-046-Smart-City-Governance|EM-047-AI-Environmental-Monitoring|EM-048-Space-Manufacturing-AI|RE-001-PROPERTY-HOLDINGS,Space Habitat Ai|Fusion Energy Ai|Teleportation Research Ai|Climate Solutions Ai|Holographic Events Ai|Neurofeedback Ai|Autonomous Delivery Ai|Gene Editing Ai|Space Tourism Ai|Wearables Ai|Metaverse Hub Ai|Energy Grid Ai|Brain Computer Interface|Ocean Cleanup Ai|Crypto Trading Ai|Synthetic Media Ai|Space Mining Ai|Vr Therapy Ai|Weather Prediction Ai|Autonomous Farming Ai|Traffic Optimizer Ai|Smart Grid Ai|Disaster Prediction Ai|Nanotech Ai|Personalized Medicine Ai|Ai Diagnostic Lab|Sustainable Cities Ai|Renewable Energy Ai|Climate Modeling Ai|Policy Advisor Ai|Governance Hub Ai|Global Challenges Ai|Space Exploration Ai|Education Equity Ai|Health Equity Ai|Economic Equity Ai|Environmental Justice Ai|Human Rights Ai|Peacebuilding Ai|Telemedicine Ai|Ai Climate Adaptation|Space Agriculture Ai|Quantum Communication Ai|Robotics Surgery Ai|Ai Disaster Response|Smart City Governance|Ai Environmental Monitoring|Space Manufacturing Ai|Property Holdings,aligned
Worldwidebro/acquisition-vehicle-automation,acquisition-vehicle-automation,True,M&A operations automation for billionaire consciousness empire,Python,0,68,EM-001-Space-Habitat-AI|EM-002-Fusion-Energy-AI|EM-003-Teleportation-Research-AI|EM-004-Climate-Solutions-AI|EM-005-Holographic-Events-AI|EM-006-Neurofeedback-AI|EM-007-Autonomous-Delivery-AI|EM-008-Gene-Editing-AI|EM-009-Space-Tourism-AI|EM-010-Wearables-AI|EM-011-Metaverse-Hub-AI|EM-012-Energy-Grid-AI|EM-013-Brain-Computer-Interface|EM-014-Ocean-Cleanup-AI|EM-015-Crypto-Trading-AI|EM-016-Synthetic-Media-AI|EM-017-Space-Mining-AI|EM-018-VR-Therapy-AI|EM-019-Weather-Prediction-AI|EM-020-Autonomous-Farming-AI|EM-021-Traffic-Optimizer-AI|EM-022-Smart-Grid-AI|EM-023-Disaster-Prediction-AI|EM-024-Nanotech-AI|EM-025-Personalized-Medicine-AI|EM-026-AI-Diagnostic-Lab|EM-027-Sustainable-Cities-AI|EM-028-Renewable-Energy-AI|EM-029-Climate-Modeling-AI|EM-030-Policy-Advisor-AI|EM-031-Governance-Hub-AI|EM-032-Global-Challenges-AI|EM-033-Space-Exploration-AI|EM-034-Education-Equity-AI|EM-035-Health-Equity-AI|EM-036-Economic-Equity-AI|EM-037-Environmental-Justice-AI|EM-038-Human-Rights-AI|EM-039-Peacebuilding-AI|EM-040-Telemedicine-AI|EM-041-AI-Climate-Adaptation|EM-042-Space-Agriculture-AI|EM-043-Quantum-Communication-AI|EM-044-Robotics-Surgery-AI|EM-045-AI-Disaster-Response|EM-046-Smart-City-Governance|EM-047-AI-Environmental-Monitoring|EM-048-Space-Manufacturing-AI|CON-001-ACE-CONSTRUCTION|CON-002-RESIDENTIAL-CONSTRUCTION|CON-003-COMMERCIAL-CONSTRUCTION|CON-004-INDUSTRIAL-CONSTRUCTION|CON-005-CONSTRUCTION-EQUIPMENT-RENTAL|CON-006-CONSTRUCTION-PROJECT-MANAGEMENT|CON-007-GREEN-BUILDING-SERVICES|CON-008-HOME-RENOVATION-SERVICES|CON-009-ROOFING-COMPANY|CON-011-ELECTRICAL-SERVICES|CON-012-HVAC-SERVICES|CON-013-PAINTING-SERVICES|CON-014-FLOORING-SERVICES|CON-015-LANDSCAPING-SERVICES|CON-016-DEMOLITION-SERVICES|CON-017-CONCRETE-SERVICES|CON-018-CARPENTRY-SERVICES|CON-019-WINDOW-INSTALLATION|CON-020-INSULATION-SERVICES|RE-001-PROPERTY-HOLDINGS,Space Habitat Ai|Fusion Energy Ai|Teleportation Research Ai|Climate Solutions Ai|Holographic Events Ai|Neurofeedback Ai|Autonomous Delivery Ai|Gene Editing Ai|Space Tourism Ai|Wearables Ai|Metaverse Hub Ai|Energy Grid Ai|Brain Computer Interface|Ocean Cleanup Ai|Crypto Trading Ai|Synthetic Media Ai|Space Mining Ai|Vr Therapy Ai|Weather Prediction Ai|Autonomous Farming Ai|Traffic Optimizer Ai|Smart Grid Ai|Disaster Prediction Ai|Nanotech Ai|Personalized Medicine Ai|Ai Diagnostic Lab|Sustainable Cities Ai|Renewable Energy Ai|Climate Modeling Ai|Policy Advisor Ai|Governance Hub Ai|Global Challenges Ai|Space Exploration Ai|Education Equity Ai|Health Equity Ai|Economic Equity Ai|Environmental Justice Ai|Human Rights Ai|Peacebuilding Ai|Telemedicine Ai|Ai Climate Adaptation|Space Agriculture Ai|Quantum Communication Ai|Robotics Surgery Ai|Ai Disaster Response|Smart City Governance|Ai Environmental Monitoring|Space Manufacturing Ai|Ace Construction|Residential Construction|Commercial Construction|Industrial Construction|Construction Equipment Rental|Construction Project Management|Green Building Services|Home Renovation Services|Roofing Company|Electrical Services|HVAC Services|Painting Services|Flooring Services|Landscaping Services|Demolition Services|Concrete Services|Carpentry Services|Window Installation|Insulation Services|Property Holdings,aligned
Worldwidebro/ai-001-ai-command-center,ai-001-ai-command-center,True,OpenClaw orchestration dashboard with AI agent management - Part of Civilization OS venture ecosyste,Python,0,47,FIN-005-U-Haul-Rental-Affiliate|EDU-008-Branding-Templates-Marketplace|EM-001-Space-Habitat-AI|EM-002-Fusion-Energy-AI|EM-003-Teleportation-Research-AI|EM-004-Climate-Solutions-AI|EM-005-Holographic-Events-AI|EM-006-Neurofeedback-AI|EM-007-Autonomous-Delivery-AI|EM-008-Gene-Editing-AI|EM-009-Space-Tourism-AI|EM-010-Wearables-AI|EM-012-Energy-Grid-AI|EM-013-Brain-Computer-Interface|EM-014-Ocean-Cleanup-AI|EM-015-Crypto-Trading-AI|EM-016-Synthetic-Media-AI|EM-017-Space-Mining-AI|EM-018-VR-Therapy-AI|EM-019-Weather-Prediction-AI|EM-020-Autonomous-Farming-AI|EM-021-Traffic-Optimizer-AI|EM-022-Smart-Grid-AI|EM-023-Disaster-Prediction-AI|EM-024-Nanotech-AI|EM-025-Personalized-Medicine-AI|EM-027-Sustainable-Cities-AI|EM-028-Renewable-Energy-AI|EM-029-Climate-Modeling-AI|EM-030-Policy-Advisor-AI|EM-032-Global-Challenges-AI|EM-033-Space-Exploration-AI|EM-034-Education-Equity-AI|EM-035-Health-Equity-AI|EM-036-Economic-Equity-AI|EM-037-Environmental-Justice-AI|EM-038-Human-Rights-AI|EM-039-Peacebuilding-AI|EM-040-Telemedicine-AI|EM-041-AI-Climate-Adaptation|EM-042-Space-Agriculture-AI|EM-043-Quantum-Communication-AI|EM-044-Robotics-Surgery-AI|EM-045-AI-Disaster-Response|EM-046-Smart-City-Governance|EM-047-AI-Environmental-Monitoring|EM-048-Space-Manufacturing-AI,U Haul Rental Affiliate|Branding Templates Marketplace|Space Habitat Ai|Fusion Energy Ai|Teleportation Research Ai|Climate Solutions Ai|Holographic Events Ai|Neurofeedback Ai|Autonomous Delivery Ai|Gene Editing Ai|Space Tourism Ai|Wearables Ai|Energy Grid Ai|Brain Computer Interface|Ocean Cleanup Ai|Crypto Trading Ai|Synthetic Media Ai|Space Mining Ai|Vr Therapy Ai|Weather Prediction Ai|Autonomous Farming Ai|Traffic Optimizer Ai|Smart Grid Ai|Disaster Prediction Ai|Nanotech Ai|Personalized Medicine Ai|Sustainable Cities Ai|Renewable Energy Ai|Climate Modeling Ai|Policy Advisor Ai|Global Challenges Ai|Space Exploration Ai|Education Equity Ai|Health Equity Ai|Economic Equity Ai|Environmental Justice Ai|Human Rights Ai|Peacebuilding Ai|Telemedicine Ai|Ai Climate Adaptation|Space Agriculture Ai|Quantum Communication Ai|Robotics Surgery Ai|Ai Disaster Response|Smart City Governance|Ai Environmental Monitoring|Space Manufacturing Ai,aligned
Worldwidebro/ai-002-api,ai-002-api,True,Backend API for the CogniFlow web application.,,0,2,FIN-005-U-Haul-Rental-Affiliate|EDU-008-Branding-Templates-Marketplace,U Haul Rental Affiliate|Branding Templates Marketplace,aligned
Worldwidebro/billionaire-brain-assistant,billionaire-brain-assistant,True,AI-powered business intelligence for billionaire consciousness empire,Python,0,18,CON-001-ACE-CONSTRUCTION|CON-002-RESIDENTIAL-CONSTRUCTION|CON-003-COMMERCIAL-CONSTRUCTION|CON-004-INDUSTRIAL-CONSTRUCTION|CON-005-CONSTRUCTION-EQUIPMENT-RENTAL|CON-006-CONSTRUCTION-PROJECT-MANAGEMENT|CON-007-GREEN-BUILDING-SERVICES|CON-008-HOME-RENOVATION-SERVICES|CON-009-ROOFING-COMPANY|CON-011-ELECTRICAL-SERVICES|CON-012-HVAC-SERVICES|CON-013-PAINTING-SERVICES|CON-014-FLOORING-SERVICES|CON-015-LANDSCAPING-SERVICES|CON-016-DEMOLITION-SERVICES|CON-018-CARPENTRY-SERVICES|CON-019-WINDOW-INSTALLATION|CON-020-INSULATION-SERVICES,Ace Construction|Residential Construction|Commercial Construction|Industrial Construction|Construction Equipment Rental|Construction Project Management|Green Building Services|Home Renovation Services|Roofing Company|Electrical Services|HVAC Services|Painting Services|Flooring Services|Landscaping Services|Demolition Services|Carpentry Services|Window Installation|Insulation Services,aligned
Worldwidebro/billionaire-consciousness-empire,billionaire-consciousness-empire,True,Main business entity for billionaire consciousness empire operations,TypeScript,0,15,CON-001-ACE-CONSTRUCTION|CON-003-COMMERCIAL-CONSTRUCTION|CON-004-INDUSTRIAL-CONSTRUCTION|CON-005-CONSTRUCTION-EQUIPMENT-RENTAL|CON-006-CONSTRUCTION-PROJECT-MANAGEMENT|CON-007-GREEN-BUILDING-SERVICES|CON-008-HOME-RENOVATION-SERVICES|CON-009-ROOFING-COMPANY|CON-011-ELECTRICAL-SERVICES|CON-014-FLOORING-SERVICES|CON-015-LANDSCAPING-SERVICES|CON-016-DEMOLITION-SERVICES|CON-018-CARPENTRY-SERVICES|CON-019-WINDOW-INSTALLATION|CON-020-INSULATION-SERVICES,Ace Construction|Commercial Construction|Industrial Construction|Construction Equipment Rental|Construction Project Management|Green Building Services|Home Renovation Services|Roofing Company|Electrical Services|Flooring Services|Landscaping Services|Demolition Services|Carpentry Services|Window Installation|Insulation Services,aligned
Worldwidebro/business-template-marketplace,business-template-marketplace,True,🏪 Complete Business Template Marketplace - 487 AI-powered business templates with automated generati,Python,0,168,FIN-002-Credit-Repair-Automation|FIN-006-Tax-Prep-Filing-Services|FIN-007-Business-Credit-Building|FIN-009-Crypto-Tax-Optimizer|FIN-011-Automated-Bookkeeping|FIN-012-Invoice-Factoring-AI|FIN-015-Financial-Wellness-Coach|FIN-019-Payment-Gateway-AI|FIN-021-Tax-Deduction-Finder|EC-005-Sunglasses-AI|EC-006-Dropship-Hub|EC-007-Personal-Shopper-AI|EC-008-Custom-Sneaker-AI|EC-009-Sustainable-Fashion-AI|EC-010-Jewelry-Designer-AI|EC-011-Virtual-Try-On-AI|EC-012-Fashion-Designer-AI|EC-013-Merch-Licensing|EC-014-Subscription-Box-AI|EC-015-Surf-Gear-AI|EC-016-Ski-Gear-AI|EC-017-Golf-Gear-AI|EC-018-Fishing-Gear-AI|EC-019-Yoga-Gear-AI|EC-020-Costume-Shop-AI|EC-021-Luggage-AI|EC-022-Home-Appliance-AI|EC-023-Tool-Shop-AI|EC-024-Garden-Supply-AI|EC-025-Collectible-AI|EC-026-Hobby-Shop-AI|EC-027-Kids-Toy-Line|EC-028-NFT-Fashion-Licensing|EC-029-Instant-Brand-Generator|EC-030-AI-Product-Photographer|EC-031-Automated-Inventory-Forecaster|EC-032-Dynamic-Pricing-Engine|EC-033-Ad-Optimizer-AI|EC-034-Recommendation-Engine|EC-035-Review-Aggregator-AI|EC-036-Fulfillment-Network-AI|EC-037-Return-Optimization-AI|EC-038-Chatbot-Customer-Service|EC-039-Visual-Search-AI|EC-040-Abandoned-Cart-Recovery|EC-041-Seasonal-Trend-Predictor|EC-042-Influencer-Matchmaker|EC-043-UGC-Content-Aggregator|EC-044-Live-Commerce-Platform|EC-045-AR-Virtual-Fitting-Room|EC-046-3D-Product-Viewer|EC-047-Carbon-Footprint-Tracker|EC-048-Wholesale-Marketplace-AI|EC-049-Rental-Marketplace|EC-050-AI-Product-Descriptions|EC-051-AI-Email-Marketing|EC-052-AI-Product-Bundler|EC-053-AI-Visual-Merchandiser|EC-054-AI-Demand-Forecasting|EC-055-AI-Warehouse-Management|EC-056-AI-Supplier-Matching|EC-057-AI-Quality-Control|EC-058-AI-Packaging-Designer|EC-059-AI-Logistics-Planner|EC-060-AI-Customer-Loyalty|EC-061-AI-Gift-Finder|EC-062-AI-Trend-Hunter|EC-063-AI-Market-Research|EC-064-AI-Competitor-Watcher|EC-065-AI-Product-Development|EC-066-AI-Customer-Journey|EC-067-AI-Payment-Optimization|EC-068-AI-Returns-Management|EC-069-AI-Shipping-Labeler|EC-070-AI-Product-Launch-Coach|EC-071-AI-Vendor-Negotiator|EC-072-AI-Product-Cataloger|EC-073-AI-Order-Prioritizer|EC-074-AI-Customer-Segmentation|EC-075-AI-Pricing-Analyst|EC-076-AI-Sales-Forecasting|EC-077-AI-Inventory-Reordering|EC-078-AI-Product-Comparison|EC-079-AI-Customer-Feedback|EC-080-AI-Product-Updates|EC-081-AI-Cross-Selling|EC-082-AI-Up-Selling|EC-083-AI-Product-Education|EC-084-AI-Purchase-Timing|EC-085-AI-Customer-Support|EC-086-AI-Order-Tracking|EC-087-AI-Product-Reviews|EC-088-AI-Customer-Community|EC-089-AI-Product-Customization|EC-090-AI-Gift-Registry|EC-091-AI-Wedding-Registry|EC-092-AI-Baby-Registry|EC-093-AI-Holiday-Planner|EC-094-AI-Personal-Shopper|EC-095-AI-Color-Match|EC-096-AI-Fabric-Advisor|EC-097-AI-Fit-Recommendation|EC-098-AI-Outfit-Builder|EC-099-AI-Seasonal-Forecast|EC-100-AI-Wardrobe-Planner|EC-101-AI-Accessory-Match|EC-102-AI-Shoe-Match|EC-103-AI-Jewelry-Match|EC-104-AI-Bag-Match|EC-105-AI-Color-Palette|EC-106-AI-Outfit-Recycling|EC-107-AI-Style-Evolution|EC-108-AI-Budget-Stylist|EC-109-AI-Trend-Archive|EC-110-AI-Vintage-Advisor|TECH-020-Recommendation-Engine|TECH-052-Recommendation-Engine|COMM-001-Luminary-Worldwide-Events|COMM-002-Brotherhood-Coaching-Network|COMM-003-Ace-Senior-Care-Connect|COMM-004-Community-Outreach-Nonprofit|COMM-005-Ace-Food-Security-AI|COMM-006-Community-Technology-Access-AI|COMM-007-Youth-Leadership-AI|COMM-008-Community-Fundraising-AI|COMM-009-Volunteer-Hub-AI|COMM-010-Disaster-Relief-AI|COMM-011-Indigenous-Creator-Hub|COMM-012-Black-Art-Museum-AI|COMM-013-Women-s-Empowerment-Network|COMM-014-Veterans-Support-AI|COMM-015-Youth-Mentorship-Program|COMM-016-Community-Health-AI|COMM-017-Local-Business-Directory|COMM-018-Neighborhood-Watch-AI|COMM-019-Community-Garden-AI|COMM-020-Public-Transportation-AI|COMM-021-Housing-Assistance-AI|COMM-022-Job-Training-Center|COMM-023-Elder-Companion-AI|COMM-024-Youth-Sports-AI|COMM-025-Community-Legal-Aid|COMM-026-Public-Education-AI|COMM-027-Local-Government-AI|COMM-028-Public-Safety-AI|COMM-029-Community-Wellness-AI|COMM-030-Cultural-Exchange-AI|COMM-031-Community-Investment-AI|COMM-032-Public-Health-AI|COMM-033-Youth-Innovation-Hub|COMM-034-Senior-Tech-Support|COMM-035-Community-Arts-AI|COMM-036-Public-Infrastructure-AI|COMM-037-Neighborhood-Development-AI|COMM-038-Community-Policing-AI|COMM-039-Public-Space-AI|COMM-040-Community-Recycling-AI|COMM-041-Public-Wi-Fi-AI|COMM-042-Community-Energy-AI|COMM-043-Local-Food-Network-AI|COMM-044-Community-Volunteering-AI|COMM-045-Public-Childcare-AI|COMM-046-Community-Pet-Care-AI|COMM-047-Public-Fitness-AI|COMM-048-Community-Transportation-AI|COMM-049-Public-Event-AI|COMM-050-Community-Cultural-AI|SPEC-018-AI-Personal-Shopper,Credit Repair Automation|Tax Prep Filing Services|Business Credit Building|Crypto Tax Optimizer|Automated Bookkeeping|Invoice Factoring Ai|Financial Wellness Coach|Payment Gateway Ai|Tax Deduction Finder|Sunglasses Ai|Dropship Hub|Personal Shopper Ai|Custom Sneaker Ai|Sustainable Fashion Ai|Jewelry Designer Ai|Virtual Try On Ai|Fashion Designer Ai|Merch Licensing|Subscription Box Ai|Surf Gear Ai|Ski Gear Ai|Golf Gear Ai|Fishing Gear Ai|Yoga Gear Ai|Costume Shop Ai|Luggage Ai|Home Appliance Ai|Tool Shop Ai|Garden Supply Ai|Collectible Ai|Hobby Shop Ai|Kids Toy Line|Nft Fashion Licensing|Instant Brand Generator|Ai Product Photographer|Automated Inventory Forecaster|Dynamic Pricing Engine|Ad Optimizer Ai|Recommendation Engine|Review Aggregator Ai|Fulfillment Network Ai|Return Optimization Ai|Chatbot Customer Service|Visual Search Ai|Abandoned Cart Recovery|Seasonal Trend Predictor|Influencer Matchmaker|Ugc Content Aggregator|Live Commerce Platform|Ar Virtual Fitting Room|3D Product Viewer|Carbon Footprint Tracker|Wholesale Marketplace Ai|Rental Marketplace|Ai Product Descriptions|Ai Email Marketing|Ai Product Bundler|Ai Visual Merchandiser|Ai Demand Forecasting|Ai Warehouse Management|Ai Supplier Matching|Ai Quality Control|Ai Packaging Designer|Ai Logistics Planner|Ai Customer Loyalty|Ai Gift Finder|Ai Trend Hunter|Ai Market Research|Ai Competitor Watcher|Ai Product Development|Ai Customer Journey|Ai Payment Optimization|Ai Returns Management|Ai Shipping Labeler|Ai Product Launch Coach|Ai Vendor Negotiator|Ai Product Cataloger|Ai Order Prioritizer|Ai Customer Segmentation|Ai Pricing Analyst|Ai Sales Forecasting|Ai Inventory Reordering|Ai Product Comparison|Ai Customer Feedback|Ai Product Updates|Ai Cross Selling|Ai Up Selling|Ai Product Education|Ai Purchase Timing|Ai Customer Support|Ai Order Tracking|Ai Product Reviews|Ai Customer Community|Ai Product Customization|Ai Gift Registry|Ai Wedding Registry|Ai Baby Registry|Ai Holiday Planner|Ai Personal Shopper|Ai Color Match|Ai Fabric Advisor|Ai Fit Recommendation|Ai Outfit Builder|Ai Seasonal Forecast|Ai Wardrobe Planner|Ai Accessory Match|Ai Shoe Match|Ai Jewelry Match|Ai Bag Match|Ai Color Palette|Ai Outfit Recycling|Ai Style Evolution|Ai Budget Stylist|Ai Trend Archive|Ai Vintage Advisor|Recommendation Engine|Recommendation Engine|Luminary Worldwide Events|Brotherhood Coaching Network|Ace Senior Care Connect|Community Outreach Nonprofit|Ace Food Security Ai|Community Technology Access Ai|Youth Leadership Ai|Community Fundraising Ai|Volunteer Hub Ai|Disaster Relief Ai|Indigenous Creator Hub|Black Art Museum Ai|Women S Empowerment Network|Veterans Support Ai|Youth Mentorship Program|Community Health Ai|Local Business Directory|Neighborhood Watch Ai|Community Garden Ai|Public Transportation Ai|Housing Assistance Ai|Job Training Center|Elder Companion Ai|Youth Sports Ai|Community Legal Aid|Public Education Ai|Local Government Ai|Public Safety Ai|Community Wellness Ai|Cultural Exchange Ai|Community Investment Ai|Public Health Ai|Youth Innovation Hub|Senior Tech Support|Community Arts Ai|Public Infrastructure Ai|Neighborhood Development Ai|Community Policing Ai|Public Space Ai|Community Recycling Ai|Public Wi Fi Ai|Community Energy Ai|Local Food Network Ai|Community Volunteering Ai|Public Childcare Ai|Community Pet Care Ai|Public Fitness Ai|Community Transportation Ai|Public Event Ai|Community Cultural Ai|Ai Personal Shopper,aligned
Worldwidebro/bw-001-contracts,bw-001-contracts,True,ARCHIVED → merged into bw-001-up-next-business,HTML,0,40,BW-001-Lash-Extension-Studio|BW-002-Mobile-Lash-Service|BW-003-Luxury-Lash-Bar|BW-004-Lash-Training-Academy|BW-005-Lash-Supply-Company|BW-006-Lash-Glue-Brand|BW-007-Lash-Kits-&-Tools|BW-008-Private-Label-Lashes|BW-009-Franchise-Lash-Salons|BW-010-Online-Lash-Education|BW-011-Nail-Salon|BW-012-Mobile-Nail-Tech|BW-013-Luxury-Nail-Spa|BW-014-Press-On-Nail-Brand|BW-015-Nail-Art-Studio|BW-016-Nail-Polish-Brand|BW-017-Nail-Care-Products|BW-018-Nail-Booking-Marketplace|BW-019-Salon-Management-Software|BW-020-AI-Nail-Design-Generator|BW-021-Hair-Salon|BW-022-Barbershop|BW-023-Mobile-Hairstyling|BW-024-Hair-Braiding-Studio|BW-025-Wig-Installation-Studio|BW-026-Hair-Extension-Salon|BW-027-Hair-Care-Line|BW-028-Wig-Brand|BW-029-Hair-Extensions-Brand|BW-030-Scalp-Treatment-Products|BW-031-Hair-Marketplace|BW-032-Stylist-Booking-Platform|BW-033-AI-Hairstyle-Simulator|BW-034-Salon-Franchise-Chain|BW-035-Makeup-Studio|BW-036-Bridal-Makeup-Service|BW-037-Mobile-Makeup-Artist|BW-038-Photoshoot-Makeup-Team|BW-039-Cosmetics-Brand|BW-040-Beauty-Tools-Brand,Lash Extension Studio|Mobile Lash Service|Luxury Lash Bar|Lash Training Academy|Lash Supply Company|Lash Glue Brand|Lash Kits & Tools|Private Label Lashes|Franchise Lash Salons|Online Lash Education|Nail Salon|Mobile Nail Tech|Luxury Nail Spa|Press On Nail Brand|Nail Art Studio|Nail Polish Brand|Nail Care Products|Nail Booking Marketplace|Salon Management Software|Ai Nail Design Generator|Hair Salon|Barbershop|Mobile Hairstyling|Hair Braiding Studio|Wig Installation Studio|Hair Extension Salon|Hair Care Line|Wig Brand|Hair Extensions Brand|Scalp Treatment Products|Hair Marketplace|Stylist Booking Platform|Ai Hairstyle Simulator|Salon Franchise Chain|Makeup Studio|Bridal Makeup Service|Mobile Makeup Artist|Photoshoot Makeup Team|Cosmetics Brand|Beauty Tools Brand,aligned
Worldwidebro/bw-001-lash-extension-studio,bw-001-lash-extension-studio,True,Civilization OS — BW-001-Lash-Extension-Studio,,0,40,BW-001-Lash-Extension-Studio|BW-002-Mobile-Lash-Service|BW-003-Luxury-Lash-Bar|BW-004-Lash-Training-Academy|BW-005-Lash-Supply-Company|BW-006-Lash-Glue-Brand|BW-007-Lash-Kits-&-Tools|BW-008-Private-Label-Lashes|BW-009-Franchise-Lash-Salons|BW-010-Online-Lash-Education|BW-011-Nail-Salon|BW-012-Mobile-Nail-Tech|BW-013-Luxury-Nail-Spa|BW-014-Press-On-Nail-Brand|BW-015-Nail-Art-Studio|BW-016-Nail-Polish-Brand|BW-017-Nail-Care-Products|BW-018-Nail-Booking-Marketplace|BW-019-Salon-Management-Software|BW-020-AI-Nail-Design-Generator|BW-021-Hair-Salon|BW-022-Barbershop|BW-023-Mobile-Hairstyling|BW-024-Hair-Braiding-Studio|BW-025-Wig-Installation-Studio|BW-026-Hair-Extension-Salon|BW-027-Hair-Care-Line|BW-028-Wig-Brand|BW-029-Hair-Extensions-Brand|BW-030-Scalp-Treatment-Products|BW-031-Hair-Marketplace|BW-032-Stylist-Booking-Platform|BW-033-AI-Hairstyle-Simulator|BW-034-Salon-Franchise-Chain|BW-035-Makeup-Studio|BW-036-Bridal-Makeup-Service|BW-037-Mobile-Makeup-Artist|BW-038-Photoshoot-Makeup-Team|BW-039-Cosmetics-Brand|BW-040-Beauty-Tools-Brand,Lash Extension Studio|Mobile Lash Service|Luxury Lash Bar|Lash Training Academy|Lash Supply Company|Lash Glue Brand|Lash Kits & Tools|Private Label Lashes|Franchise Lash Salons|Online Lash Education|Nail Salon|Mobile Nail Tech|Luxury Nail Spa|Press On Nail Brand|Nail Art Studio|Nail Polish Brand|Nail Care Products|Nail Booking Marketplace|Salon Management Software|Ai Nail Design Generator|Hair Salon|Barbershop|Mobile Hairstyling|Hair Braiding Studio|Wig Installation Studio|Hair Extension Salon|Hair Care Line|Wig Brand|Hair Extensions Brand|Scalp Treatment Products|Hair Marketplace|Stylist Booking Platform|Ai Hairstyle Simulator|Salon Franchise Chain|Makeup Studio|Bridal Makeup Service|Mobile Makeup Artist|Photoshoot Makeup Team|Cosmetics Brand|Beauty Tools Brand,aligned
Worldwidebro/bw-001-up-next,bw-001-up-next,True,ARCHIVED → merged into bw-001-up-next-business,,0,40,BW-001-Lash-Extension-Studio|BW-002-Mobile-Lash-Service|BW-003-Luxury-Lash-Bar|BW-004-Lash-Training-Academy|BW-005-Lash-Supply-Company|BW-006-Lash-Glue-Brand|BW-007-Lash-Kits-&-Tools|BW-008-Private-Label-Lashes|BW-009-Franchise-Lash-Salons|BW-010-Online-Lash-Education|BW-011-Nail-Salon|BW-012-Mobile-Nail-Tech|BW-013-Luxury-Nail-Spa|BW-014-Press-On-Nail-Brand|BW-015-Nail-Art-Studio|BW-016-Nail-Polish-Brand|BW-017-Nail-Care-Products|BW-018-Nail-Booking-Marketplace|BW-019-Salon-Management-Software|BW-020-AI-Nail-Design-Generator|BW-021-Hair-Salon|BW-022-Barbershop|BW-023-Mobile-Hairstyling|BW-024-Hair-Braiding-Studio|BW-025-Wig-Installation-Studio|BW-026-Hair-Extension-Salon|BW-027-Hair-Care-Line|BW-028-Wig-Brand|BW-029-Hair-Extensions-Brand|BW-030-Scalp-Treatment-Products|BW-031-Hair-Marketplace|BW-032-Stylist-Booking-Platform|BW-033-AI-Hairstyle-Simulator|BW-034-Salon-Franchise-Chain|BW-035-Makeup-Studio|BW-036-Bridal-Makeup-Service|BW-037-Mobile-Makeup-Artist|BW-038-Photoshoot-Makeup-Team|BW-039-Cosmetics-Brand|BW-040-Beauty-Tools-Brand,Lash Extension Studio|Mobile Lash Service|Luxury Lash Bar|Lash Training Academy|Lash Supply Company|Lash Glue Brand|Lash Kits & Tools|Private Label Lashes|Franchise Lash Salons|Online Lash Education|Nail Salon|Mobile Nail Tech|Luxury Nail Spa|Press On Nail Brand|Nail Art Studio|Nail Polish Brand|Nail Care Products|Nail Booking Marketplace|Salon Management Software|Ai Nail Design Generator|Hair Salon|Barbershop|Mobile Hairstyling|Hair Braiding Studio|Wig Installation Studio|Hair Extension Salon|Hair Care Line|Wig Brand|Hair Extensions Brand|Scalp Treatment Products|Hair Marketplace|Stylist Booking Platform|Ai Hairstyle Simulator|Salon Franchise Chain|Makeup Studio|Bridal Makeup Service|Mobile Makeup Artist|Photoshoot Makeup Team|Cosmetics Brand|Beauty Tools Brand,aligned
Worldwidebro/bw-001-up-next-business,bw-001-up-next-business,True,"BW-001 Up Next: Client intake, contracts, pricing & project planning",HTML,0,40,BW-001-Lash-Extension-Studio|BW-002-Mobile-Lash-Service|BW-003-Luxury-Lash-Bar|BW-004-Lash-Training-Academy|BW-005-Lash-Supply-Company|BW-006-Lash-Glue-Brand|BW-007-Lash-Kits-&-Tools|BW-008-Private-Label-Lashes|BW-009-Franchise-Lash-Salons|BW-010-Online-Lash-Education|BW-011-Nail-Salon|BW-012-Mobile-Nail-Tech|BW-013-Luxury-Nail-Spa|BW-014-Press-On-Nail-Brand|BW-015-Nail-Art-Studio|BW-016-Nail-Polish-Brand|BW-017-Nail-Care-Products|BW-018-Nail-Booking-Marketplace|BW-019-Salon-Management-Software|BW-020-AI-Nail-Design-Generator|BW-021-Hair-Salon|BW-022-Barbershop|BW-023-Mobile-Hairstyling|BW-024-Hair-Braiding-Studio|BW-025-Wig-Installation-Studio|BW-026-Hair-Extension-Salon|BW-027-Hair-Care-Line|BW-028-Wig-Brand|BW-029-Hair-Extensions-Brand|BW-030-Scalp-Treatment-Products|BW-031-Hair-Marketplace|BW-032-Stylist-Booking-Platform|BW-033-AI-Hairstyle-Simulator|BW-034-Salon-Franchise-Chain|BW-035-Makeup-Studio|BW-036-Bridal-Makeup-Service|BW-037-Mobile-Makeup-Artist|BW-038-Photoshoot-Makeup-Team|BW-039-Cosmetics-Brand|BW-040-Beauty-Tools-Brand,Lash Extension Studio|Mobile Lash Service|Luxury Lash Bar|Lash Training Academy|Lash Supply Company|Lash Glue Brand|Lash Kits & Tools|Private Label Lashes|Franchise Lash Salons|Online Lash Education|Nail Salon|Mobile Nail Tech|Luxury Nail Spa|Press On Nail Brand|Nail Art Studio|Nail Polish Brand|Nail Care Products|Nail Booking Marketplace|Salon Management Software|Ai Nail Design Generator|Hair Salon|Barbershop|Mobile Hairstyling|Hair Braiding Studio|Wig Installation Studio|Hair Extension Salon|Hair Care Line|Wig Brand|Hair Extensions Brand|Scalp Treatment Products|Hair Marketplace|Stylist Booking Platform|Ai Hairstyle Simulator|Salon Franchise Chain|Makeup Studio|Bridal Makeup Service|Mobile Makeup Artist|Photoshoot Makeup Team|Cosmetics Brand|Beauty Tools Brand,aligned
Worldwidebro/bw-001-up-next-code,bw-001-up-next-code,True,"BW-001 Up Next: Monorepo - web app, mobile, backend (Appwrite + Supabase), AI, automation",TypeScript,0,40,BW-001-Lash-Extension-Studio|BW-002-Mobile-Lash-Service|BW-003-Luxury-Lash-Bar|BW-004-Lash-Training-Academy|BW-005-Lash-Supply-Company|BW-006-Lash-Glue-Brand|BW-007-Lash-Kits-&-Tools|BW-008-Private-Label-Lashes|BW-009-Franchise-Lash-Salons|BW-010-Online-Lash-Education|BW-011-Nail-Salon|BW-012-Mobile-Nail-Tech|BW-013-Luxury-Nail-Spa|BW-014-Press-On-Nail-Brand|BW-015-Nail-Art-Studio|BW-016-Nail-Polish-Brand|BW-017-Nail-Care-Products|BW-018-Nail-Booking-Marketplace|BW-019-Salon-Management-Software|BW-020-AI-Nail-Design-Generator|BW-021-Hair-Salon|BW-022-Barbershop|BW-023-Mobile-Hairstyling|BW-024-Hair-Braiding-Studio|BW-025-Wig-Installation-Studio|BW-026-Hair-Extension-Salon|BW-027-Hair-Care-Line|BW-028-Wig-Brand|BW-029-Hair-Extensions-Brand|BW-030-Scalp-Treatment-Products|BW-031-Hair-Marketplace|BW-032-Stylist-Booking-Platform|BW-033-AI-Hairstyle-Simulator|BW-034-Salon-Franchise-Chain|BW-035-Makeup-Studio|BW-036-Bridal-Makeup-Service|BW-037-Mobile-Makeup-Artist|BW-038-Photoshoot-Makeup-Team|BW-039-Cosmetics-Brand|BW-040-Beauty-Tools-Brand,Lash Extension Studio|Mobile Lash Service|Luxury Lash Bar|Lash Training Academy|Lash Supply Company|Lash Glue Brand|Lash Kits & Tools|Private Label Lashes|Franchise Lash Salons|Online Lash Education|Nail Salon|Mobile Nail Tech|Luxury Nail Spa|Press On Nail Brand|Nail Art Studio|Nail Polish Brand|Nail Care Products|Nail Booking Marketplace|Salon Management Software|Ai Nail Design Generator|Hair Salon|Barbershop|Mobile Hairstyling|Hair Braiding Studio|Wig Installation Studio|Hair Extension Salon|Hair Care Line|Wig Brand|Hair Extensions Brand|Scalp Treatment Products|Hair Marketplace|Stylist Booking Platform|Ai Hairstyle Simulator|Salon Franchise Chain|Makeup Studio|Bridal Makeup Service|Mobile Makeup Artist|Photoshoot Makeup Team|Cosmetics Brand|Beauty Tools Brand,aligned
Worldwidebro/bw-001-up-next-web,bw-001-up-next-web,True,ARCHIVED → merged into bw-001-up-next-code,Python,0,40,BW-001-Lash-Extension-Studio|BW-002-Mobile-Lash-Service|BW-003-Luxury-Lash-Bar|BW-004-Lash-Training-Academy|BW-005-Lash-Supply-Company|BW-006-Lash-Glue-Brand|BW-007-Lash-Kits-&-Tools|BW-008-Private-Label-Lashes|BW-009-Franchise-Lash-Salons|BW-010-Online-Lash-Education|BW-011-Nail-Salon|BW-012-Mobile-Nail-Tech|BW-013-Luxury-Nail-Spa|BW-014-Press-On-Nail-Brand|BW-015-Nail-Art-Studio|BW-016-Nail-Polish-Brand|BW-017-Nail-Care-Products|BW-018-Nail-Booking-Marketplace|BW-019-Salon-Management-Software|BW-020-AI-Nail-Design-Generator|BW-021-Hair-Salon|BW-022-Barbershop|BW-023-Mobile-Hairstyling|BW-024-Hair-Braiding-Studio|BW-025-Wig-Installation-Studio|BW-026-Hair-Extension-Salon|BW-027-Hair-Care-Line|BW-028-Wig-Brand|BW-029-Hair-Extensions-Brand|BW-030-Scalp-Treatment-Products|BW-031-Hair-Marketplace|BW-032-Stylist-Booking-Platform|BW-033-AI-Hairstyle-Simulator|BW-034-Salon-Franchise-Chain|BW-035-Makeup-Studio|BW-036-Bridal-Makeup-Service|BW-037-Mobile-Makeup-Artist|BW-038-Photoshoot-Makeup-Team|BW-039-Cosmetics-Brand|BW-040-Beauty-Tools-Brand,Lash Extension Studio|Mobile Lash Service|Luxury Lash Bar|Lash Training Academy|Lash Supply Company|Lash Glue Brand|Lash Kits & Tools|Private Label Lashes|Franchise Lash Salons|Online Lash Education|Nail Salon|Mobile Nail Tech|Luxury Nail Spa|Press On Nail Brand|Nail Art Studio|Nail Polish Brand|Nail Care Products|Nail Booking Marketplace|Salon Management Software|Ai Nail Design Generator|Hair Salon|Barbershop|Mobile Hairstyling|Hair Braiding Studio|Wig Installation Studio|Hair Extension Salon|Hair Care Line|Wig Brand|Hair Extensions Brand|Scalp Treatment Products|Hair Marketplace|Stylist Booking Platform|Ai Hairstyle Simulator|Salon Franchise Chain|Makeup Studio|Bridal Makeup Service|Mobile Makeup Artist|Photoshoot Makeup Team|Cosmetics Brand|Beauty Tools Brand,aligned
Worldwidebro/bw-002-mobile-lash-service,bw-002-mobile-lash-service,True,Civilization OS — BW-002-Mobile-Lash-Service,,0,40,BW-001-Lash-Extension-Studio|BW-002-Mobile-Lash-Service|BW-003-Luxury-Lash-Bar|BW-004-Lash-Training-Academy|BW-005-Lash-Supply-Company|BW-006-Lash-Glue-Brand|BW-007-Lash-Kits-&-Tools|BW-008-Private-Label-Lashes|BW-009-Franchise-Lash-Salons|BW-010-Online-Lash-Education|BW-011-Nail-Salon|BW-012-Mobile-Nail-Tech|BW-013-Luxury-Nail-Spa|BW-014-Press-On-Nail-Brand|BW-015-Nail-Art-Studio|BW-016-Nail-Polish-Brand|BW-017-Nail-Care-Products|BW-018-Nail-Booking-Marketplace|BW-019-Salon-Management-Software|BW-020-AI-Nail-Design-Generator|BW-021-Hair-Salon|BW-022-Barbershop|BW-023-Mobile-Hairstyling|BW-024-Hair-Braiding-Studio|BW-025-Wig-Installation-Studio|BW-026-Hair-Extension-Salon|BW-027-Hair-Care-Line|BW-028-Wig-Brand|BW-029-Hair-Extensions-Brand|BW-030-Scalp-Treatment-Products|BW-031-Hair-Marketplace|BW-032-Stylist-Booking-Platform|BW-033-AI-Hairstyle-Simulator|BW-034-Salon-Franchise-Chain|BW-035-Makeup-Studio|BW-036-Bridal-Makeup-Service|BW-037-Mobile-Makeup-Artist|BW-038-Photoshoot-Makeup-Team|BW-039-Cosmetics-Brand|BW-040-Beauty-Tools-Brand,Lash Extension Studio|Mobile Lash Service|Luxury Lash Bar|Lash Training Academy|Lash Supply Company|Lash Glue Brand|Lash Kits & Tools|Private Label Lashes|Franchise Lash Salons|Online Lash Education|Nail Salon|Mobile Nail Tech|Luxury Nail Spa|Press On Nail Brand|Nail Art Studio|Nail Polish Brand|Nail Care Products|Nail Booking Marketplace|Salon Management Software|Ai Nail Design Generator|Hair Salon|Barbershop|Mobile Hairstyling|Hair Braiding Studio|Wig Installation Studio|Hair Extension Salon|Hair Care Line|Wig Brand|Hair Extensions Brand|Scalp Treatment Products|Hair Marketplace|Stylist Booking Platform|Ai Hairstyle Simulator|Salon Franchise Chain|Makeup Studio|Bridal Makeup Service|Mobile Makeup Artist|Photoshoot Makeup Team|Cosmetics Brand|Beauty Tools Brand,aligned
Worldwidebro/bw-003-luxury-lash-bar,bw-003-luxury-lash-bar,True,Luxury Lash Bar — Civilization OS | Beauty & Wellness,,0,40,BW-001-Lash-Extension-Studio|BW-002-Mobile-Lash-Service|BW-003-Luxury-Lash-Bar|BW-004-Lash-Training-Academy|BW-005-Lash-Supply-Company|BW-006-Lash-Glue-Brand|BW-007-Lash-Kits-&-Tools|BW-008-Private-Label-Lashes|BW-009-Franchise-Lash-Salons|BW-010-Online-Lash-Education|BW-011-Nail-Salon|BW-012-Mobile-Nail-Tech|BW-013-Luxury-Nail-Spa|BW-014-Press-On-Nail-Brand|BW-015-Nail-Art-Studio|BW-016-Nail-Polish-Brand|BW-017-Nail-Care-Products|BW-018-Nail-Booking-Marketplace|BW-019-Salon-Management-Software|BW-020-AI-Nail-Design-Generator|BW-021-Hair-Salon|BW-022-Barbershop|BW-023-Mobile-Hairstyling|BW-024-Hair-Braiding-Studio|BW-025-Wig-Installation-Studio|BW-026-Hair-Extension-Salon|BW-027-Hair-Care-Line|BW-028-Wig-Brand|BW-029-Hair-Extensions-Brand|BW-030-Scalp-Treatment-Products|BW-031-Hair-Marketplace|BW-032-Stylist-Booking-Platform|BW-033-AI-Hairstyle-Simulator|BW-034-Salon-Franchise-Chain|BW-035-Makeup-Studio|BW-036-Bridal-Makeup-Service|BW-037-Mobile-Makeup-Artist|BW-038-Photoshoot-Makeup-Team|BW-039-Cosmetics-Brand|BW-040-Beauty-Tools-Brand,Lash Extension Studio|Mobile Lash Service|Luxury Lash Bar|Lash Training Academy|Lash Supply Company|Lash Glue Brand|Lash Kits & Tools|Private Label Lashes|Franchise Lash Salons|Online Lash Education|Nail Salon|Mobile Nail Tech|Luxury Nail Spa|Press On Nail Brand|Nail Art Studio|Nail Polish Brand|Nail Care Products|Nail Booking Marketplace|Salon Management Software|Ai Nail Design Generator|Hair Salon|Barbershop|Mobile Hairstyling|Hair Braiding Studio|Wig Installation Studio|Hair Extension Salon|Hair Care Line|Wig Brand|Hair Extensions Brand|Scalp Treatment Products|Hair Marketplace|Stylist Booking Platform|Ai Hairstyle Simulator|Salon Franchise Chain|Makeup Studio|Bridal Makeup Service|Mobile Makeup Artist|Photoshoot Makeup Team|Cosmetics Brand|Beauty Tools Brand,aligned
Worldwidebro/bw-004-lash-training-academy,bw-004-lash-training-academy,True,Civilization OS — BW-004-Lash-Training-Academy,,0,40,BW-001-Lash-Extension-Studio|BW-002-Mobile-Lash-Service|BW-003-Luxury-Lash-Bar|BW-004-Lash-Training-Academy|BW-005-Lash-Supply-Company|BW-006-Lash-Glue-Brand|BW-007-Lash-Kits-&-Tools|BW-008-Private-Label-Lashes|BW-009-Franchise-Lash-Salons|BW-010-Online-Lash-Education|BW-011-Nail-Salon|BW-012-Mobile-Nail-Tech|BW-013-Luxury-Nail-Spa|BW-014-Press-On-Nail-Brand|BW-015-Nail-Art-Studio|BW-016-Nail-Polish-Brand|BW-017-Nail-Care-Products|BW-018-Nail-Booking-Marketplace|BW-019-Salon-Management-Software|BW-020-AI-Nail-Design-Generator|BW-021-Hair-Salon|BW-022-Barbershop|BW-023-Mobile-Hairstyling|BW-024-Hair-Braiding-Studio|BW-025-Wig-Installation-Studio|BW-026-Hair-Extension-Salon|BW-027-Hair-Care-Line|BW-028-Wig-Brand|BW-029-Hair-Extensions-Brand|BW-030-Scalp-Treatment-Products|BW-031-Hair-Marketplace|BW-032-Stylist-Booking-Platform|BW-033-AI-Hairstyle-Simulator|BW-034-Salon-Franchise-Chain|BW-035-Makeup-Studio|BW-036-Bridal-Makeup-Service|BW-037-Mobile-Makeup-Artist|BW-038-Photoshoot-Makeup-Team|BW-039-Cosmetics-Brand|BW-040-Beauty-Tools-Brand,Lash Extension Studio|Mobile Lash Service|Luxury Lash Bar|Lash Training Academy|Lash Supply Company|Lash Glue Brand|Lash Kits & Tools|Private Label Lashes|Franchise Lash Salons|Online Lash Education|Nail Salon|Mobile Nail Tech|Luxury Nail Spa|Press On Nail Brand|Nail Art Studio|Nail Polish Brand|Nail Care Products|Nail Booking Marketplace|Salon Management Software|Ai Nail Design Generator|Hair Salon|Barbershop|Mobile Hairstyling|Hair Braiding Studio|Wig Installation Studio|Hair Extension Salon|Hair Care Line|Wig Brand|Hair Extensions Brand|Scalp Treatment Products|Hair Marketplace|Stylist Booking Platform|Ai Hairstyle Simulator|Salon Franchise Chain|Makeup Studio|Bridal Makeup Service|Mobile Makeup Artist|Photoshoot Makeup Team|Cosmetics Brand|Beauty Tools Brand,aligned
Worldwidebro/bw-005-lash-supply-company,bw-005-lash-supply-company,True,Civilization OS | Lash Supply Company — Beauty & Wellness,,0,5,BW-001-Lash-Extension-Studio|BW-002-Mobile-Lash-Service|BW-003-Luxury-Lash-Bar|BW-004-Lash-Training-Academy|BW-005-Lash-Supply-Company,Lash Extension Studio|Mobile Lash Service|Luxury Lash Bar|Lash Training Academy|Lash Supply Company,aligned
Worldwidebro/bw-006-lash-glue-brand,bw-006-lash-glue-brand,True,Civilization OS | Lash Glue Brand — Beauty & Wellness,,0,1,BW-006-Lash-Glue-Brand,Lash Glue Brand,aligned
Worldwidebro/bw-007-lash-kits---tools,bw-007-lash-kits---tools,True,Civilization OS — BW-007-Lash-Kits-&-Tools,,0,1,BW-007-Lash-Kits-&-Tools,Lash Kits & Tools,aligned
Worldwidebro/bw-008-private-label-lashes,bw-008-private-label-lashes,True,Civilization OS — BW-008-Private-Label-Lashes,,0,1,BW-008-Private-Label-Lashes,Private Label Lashes,aligned
Worldwidebro/bw-009-franchise-lash-salons,bw-009-franchise-lash-salons,True,Civilization OS — BW-009-Franchise-Lash-Salons,,0,1,BW-009-Franchise-Lash-Salons,Franchise Lash Salons,aligned
Worldwidebro/bw-010-online-lash-education,bw-010-online-lash-education,True,Civilization OS | Online Lash Education — Beauty & Wellness,,0,1,BW-010-Online-Lash-Education,Online Lash Education,aligned
Worldwidebro/bw-011-nail-salon,bw-011-nail-salon,True,Civilization OS | Nail Salon — Beauty & Wellness,,0,1,BW-011-Nail-Salon,Nail Salon,aligned
Worldwidebro/bw-012-mobile-nail-tech,bw-012-mobile-nail-tech,True,Civilization OS — BW-012-Mobile-Nail-Tech,,0,1,BW-012-Mobile-Nail-Tech,Mobile Nail Tech,aligned
Worldwidebro/bw-013-luxury-nail-spa,bw-013-luxury-nail-spa,True,Civilization OS | Luxury Nail Spa — Beauty & Wellness,,0,1,BW-013-Luxury-Nail-Spa,Luxury Nail Spa,aligned
Worldwidebro/bw-014-press-on-nail-brand,bw-014-press-on-nail-brand,True,Civilization OS — BW-014-Press-On-Nail-Brand,,0,1,BW-014-Press-On-Nail-Brand,Press On Nail Brand,aligned
Worldwidebro/bw-015-nail-art-studio,bw-015-nail-art-studio,True,Civilization OS | Nail Art Studio — Beauty & Wellness,,0,1,BW-015-Nail-Art-Studio,Nail Art Studio,aligned
Worldwidebro/bw-016-nail-polish-brand,bw-016-nail-polish-brand,True,Civilization OS | Nail Polish Brand — Beauty & Wellness,,0,1,BW-016-Nail-Polish-Brand,Nail Polish Brand,aligned
Worldwidebro/bw-017-nail-care-products,bw-017-nail-care-products,True,Civilization OS — BW-017-Nail-Care-Products,,0,1,BW-017-Nail-Care-Products,Nail Care Products,aligned
Worldwidebro/bw-018-nail-booking-marketplace,bw-018-nail-booking-marketplace,True,Civilization OS | Nail Booking Marketplace — Beauty & Wellness,,0,160,BW-018-Nail-Booking-Marketplace|EC-005-Sunglasses-AI|EC-006-Dropship-Hub|EC-007-Personal-Shopper-AI|EC-008-Custom-Sneaker-AI|EC-009-Sustainable-Fashion-AI|EC-010-Jewelry-Designer-AI|EC-011-Virtual-Try-On-AI|EC-012-Fashion-Designer-AI|EC-013-Merch-Licensing|EC-014-Subscription-Box-AI|EC-015-Surf-Gear-AI|EC-016-Ski-Gear-AI|EC-017-Golf-Gear-AI|EC-018-Fishing-Gear-AI|EC-019-Yoga-Gear-AI|EC-020-Costume-Shop-AI|EC-021-Luggage-AI|EC-022-Home-Appliance-AI|EC-023-Tool-Shop-AI|EC-024-Garden-Supply-AI|EC-025-Collectible-AI|EC-026-Hobby-Shop-AI|EC-027-Kids-Toy-Line|EC-028-NFT-Fashion-Licensing|EC-029-Instant-Brand-Generator|EC-030-AI-Product-Photographer|EC-031-Automated-Inventory-Forecaster|EC-032-Dynamic-Pricing-Engine|EC-033-Ad-Optimizer-AI|EC-034-Recommendation-Engine|EC-035-Review-Aggregator-AI|EC-036-Fulfillment-Network-AI|EC-037-Return-Optimization-AI|EC-038-Chatbot-Customer-Service|EC-039-Visual-Search-AI|EC-040-Abandoned-Cart-Recovery|EC-041-Seasonal-Trend-Predictor|EC-042-Influencer-Matchmaker|EC-043-UGC-Content-Aggregator|EC-044-Live-Commerce-Platform|EC-045-AR-Virtual-Fitting-Room|EC-046-3D-Product-Viewer|EC-047-Carbon-Footprint-Tracker|EC-048-Wholesale-Marketplace-AI|EC-049-Rental-Marketplace|EC-050-AI-Product-Descriptions|EC-051-AI-Email-Marketing|EC-052-AI-Product-Bundler|EC-053-AI-Visual-Merchandiser|EC-054-AI-Demand-Forecasting|EC-055-AI-Warehouse-Management|EC-056-AI-Supplier-Matching|EC-057-AI-Quality-Control|EC-058-AI-Packaging-Designer|EC-059-AI-Logistics-Planner|EC-060-AI-Customer-Loyalty|EC-061-AI-Gift-Finder|EC-062-AI-Trend-Hunter|EC-063-AI-Market-Research|EC-064-AI-Competitor-Watcher|EC-065-AI-Product-Development|EC-066-AI-Customer-Journey|EC-067-AI-Payment-Optimization|EC-068-AI-Returns-Management|EC-069-AI-Shipping-Labeler|EC-070-AI-Product-Launch-Coach|EC-071-AI-Vendor-Negotiator|EC-072-AI-Product-Cataloger|EC-073-AI-Order-Prioritizer|EC-074-AI-Customer-Segmentation|EC-075-AI-Pricing-Analyst|EC-076-AI-Sales-Forecasting|EC-077-AI-Inventory-Reordering|EC-078-AI-Product-Comparison|EC-079-AI-Customer-Feedback|EC-080-AI-Product-Updates|EC-081-AI-Cross-Selling|EC-082-AI-Up-Selling|EC-083-AI-Product-Education|EC-084-AI-Purchase-Timing|EC-085-AI-Customer-Support|EC-086-AI-Order-Tracking|EC-087-AI-Product-Reviews|EC-088-AI-Customer-Community|EC-089-AI-Product-Customization|EC-090-AI-Gift-Registry|EC-091-AI-Wedding-Registry|EC-092-AI-Baby-Registry|EC-093-AI-Holiday-Planner|EC-094-AI-Personal-Shopper|EC-095-AI-Color-Match|EC-096-AI-Fabric-Advisor|EC-097-AI-Fit-Recommendation|EC-098-AI-Outfit-Builder|EC-099-AI-Seasonal-Forecast|EC-100-AI-Wardrobe-Planner|EC-101-AI-Accessory-Match|EC-102-AI-Shoe-Match|EC-103-AI-Jewelry-Match|EC-104-AI-Bag-Match|EC-105-AI-Color-Palette|EC-106-AI-Outfit-Recycling|EC-107-AI-Style-Evolution|EC-108-AI-Budget-Stylist|EC-109-AI-Trend-Archive|EC-110-AI-Vintage-Advisor|TECH-020-Recommendation-Engine|TECH-052-Recommendation-Engine|COMM-001-Luminary-Worldwide-Events|COMM-002-Brotherhood-Coaching-Network|COMM-003-Ace-Senior-Care-Connect|COMM-004-Community-Outreach-Nonprofit|COMM-005-Ace-Food-Security-AI|COMM-006-Community-Technology-Access-AI|COMM-007-Youth-Leadership-AI|COMM-008-Community-Fundraising-AI|COMM-009-Volunteer-Hub-AI|COMM-010-Disaster-Relief-AI|COMM-011-Indigenous-Creator-Hub|COMM-012-Black-Art-Museum-AI|COMM-013-Women-s-Empowerment-Network|COMM-014-Veterans-Support-AI|COMM-015-Youth-Mentorship-Program|COMM-016-Community-Health-AI|COMM-017-Local-Business-Directory|COMM-018-Neighborhood-Watch-AI|COMM-019-Community-Garden-AI|COMM-020-Public-Transportation-AI|COMM-021-Housing-Assistance-AI|COMM-022-Job-Training-Center|COMM-023-Elder-Companion-AI|COMM-024-Youth-Sports-AI|COMM-025-Community-Legal-Aid|COMM-026-Public-Education-AI|COMM-027-Local-Government-AI|COMM-028-Public-Safety-AI|COMM-029-Community-Wellness-AI|COMM-030-Cultural-Exchange-AI|COMM-031-Community-Investment-AI|COMM-032-Public-Health-AI|COMM-033-Youth-Innovation-Hub|COMM-034-Senior-Tech-Support|COMM-035-Community-Arts-AI|COMM-036-Public-Infrastructure-AI|COMM-037-Neighborhood-Development-AI|COMM-038-Community-Policing-AI|COMM-039-Public-Space-AI|COMM-040-Community-Recycling-AI|COMM-041-Public-Wi-Fi-AI|COMM-042-Community-Energy-AI|COMM-043-Local-Food-Network-AI|COMM-044-Community-Volunteering-AI|COMM-045-Public-Childcare-AI|COMM-046-Community-Pet-Care-AI|COMM-047-Public-Fitness-AI|COMM-048-Community-Transportation-AI|COMM-049-Public-Event-AI|COMM-050-Community-Cultural-AI|SPEC-018-AI-Personal-Shopper,Nail Booking Marketplace|Sunglasses Ai|Dropship Hub|Personal Shopper Ai|Custom Sneaker Ai|Sustainable Fashion Ai|Jewelry Designer Ai|Virtual Try On Ai|Fashion Designer Ai|Merch Licensing|Subscription Box Ai|Surf Gear Ai|Ski Gear Ai|Golf Gear Ai|Fishing Gear Ai|Yoga Gear Ai|Costume Shop Ai|Luggage Ai|Home Appliance Ai|Tool Shop Ai|Garden Supply Ai|Collectible Ai|Hobby Shop Ai|Kids Toy Line|Nft Fashion Licensing|Instant Brand Generator|Ai Product Photographer|Automated Inventory Forecaster|Dynamic Pricing Engine|Ad Optimizer Ai|Recommendation Engine|Review Aggregator Ai|Fulfillment Network Ai|Return Optimization Ai|Chatbot Customer Service|Visual Search Ai|Abandoned Cart Recovery|Seasonal Trend Predictor|Influencer Matchmaker|Ugc Content Aggregator|Live Commerce Platform|Ar Virtual Fitting Room|3D Product Viewer|Carbon Footprint Tracker|Wholesale Marketplace Ai|Rental Marketplace|Ai Product Descriptions|Ai Email Marketing|Ai Product Bundler|Ai Visual Merchandiser|Ai Demand Forecasting|Ai Warehouse Management|Ai Supplier Matching|Ai Quality Control|Ai Packaging Designer|Ai Logistics Planner|Ai Customer Loyalty|Ai Gift Finder|Ai Trend Hunter|Ai Market Research|Ai Competitor Watcher|Ai Product Development|Ai Customer Journey|Ai Payment Optimization|Ai Returns Management|Ai Shipping Labeler|Ai Product Launch Coach|Ai Vendor Negotiator|Ai Product Cataloger|Ai Order Prioritizer|Ai Customer Segmentation|Ai Pricing Analyst|Ai Sales Forecasting|Ai Inventory Reordering|Ai Product Comparison|Ai Customer Feedback|Ai Product Updates|Ai Cross Selling|Ai Up Selling|Ai Product Education|Ai Purchase Timing|Ai Customer Support|Ai Order Tracking|Ai Product Reviews|Ai Customer Community|Ai Product Customization|Ai Gift Registry|Ai Wedding Registry|Ai Baby Registry|Ai Holiday Planner|Ai Personal Shopper|Ai Color Match|Ai Fabric Advisor|Ai Fit Recommendation|Ai Outfit Builder|Ai Seasonal Forecast|Ai Wardrobe Planner|Ai Accessory Match|Ai Shoe Match|Ai Jewelry Match|Ai Bag Match|Ai Color Palette|Ai Outfit Recycling|Ai Style Evolution|Ai Budget Stylist|Ai Trend Archive|Ai Vintage Advisor|Recommendation Engine|Recommendation Engine|Luminary Worldwide Events|Brotherhood Coaching Network|Ace Senior Care Connect|Community Outreach Nonprofit|Ace Food Security Ai|Community Technology Access Ai|Youth Leadership Ai|Community Fundraising Ai|Volunteer Hub Ai|Disaster Relief Ai|Indigenous Creator Hub|Black Art Museum Ai|Women S Empowerment Network|Veterans Support Ai|Youth Mentorship Program|Community Health Ai|Local Business Directory|Neighborhood Watch Ai|Community Garden Ai|Public Transportation Ai|Housing Assistance Ai|Job Training Center|Elder Companion Ai|Youth Sports Ai|Community Legal Aid|Public Education Ai|Local Government Ai|Public Safety Ai|Community Wellness Ai|Cultural Exchange Ai|Community Investment Ai|Public Health Ai|Youth Innovation Hub|Senior Tech Support|Community Arts Ai|Public Infrastructure Ai|Neighborhood Development Ai|Community Policing Ai|Public Space Ai|Community Recycling Ai|Public Wi Fi Ai|Community Energy Ai|Local Food Network Ai|Community Volunteering Ai|Public Childcare Ai|Community Pet Care Ai|Public Fitness Ai|Community Transportation Ai|Public Event Ai|Community Cultural Ai|Ai Personal Shopper,aligned
Worldwidebro/bw-019-salon-management-software,bw-019-salon-management-software,True,Civilization OS — BW-019-Salon-Management-Software,,0,1,BW-019-Salon-Management-Software,Salon Management Software,aligned
Worldwidebro/bw-020-ai-nail-design-generator,bw-020-ai-nail-design-generator,True,Civilization OS | AI Nail Design Generator — Beauty & Wellness,,0,1,BW-020-AI-Nail-Design-Generator,Ai Nail Design Generator,aligned
Worldwidebro/bw-021-hair-salon,bw-021-hair-salon,True,Civilization OS | Hair Salon — Beauty & Wellness,,0,1,BW-021-Hair-Salon,Hair Salon,aligned
Worldwidebro/bw-022-barbershop,bw-022-barbershop,True,Civilization OS — BW-022-Barbershop,,0,1,BW-022-Barbershop,Barbershop,aligned
Worldwidebro/bw-023-mobile-hairstyling,bw-023-mobile-hairstyling,True,Civilization OS | Mobile Hairstyling — Beauty & Wellness,,0,1,BW-023-Mobile-Hairstyling,Mobile Hairstyling,aligned
Worldwidebro/bw-024-hair-braiding-studio,bw-024-hair-braiding-studio,True,Civilization OS — BW-024-Hair-Braiding-Studio,,0,1,BW-024-Hair-Braiding-Studio,Hair Braiding Studio,aligned
Worldwidebro/bw-025-wig-installation-studio,bw-025-wig-installation-studio,True,Civilization OS | Wig Installation Studio — Beauty & Wellness,,0,1,BW-025-Wig-Installation-Studio,Wig Installation Studio,aligned
Worldwidebro/bw-026-hair-extension-salon,bw-026-hair-extension-salon,True,Civilization OS | Hair Extension Salon — Beauty & Wellness,,0,1,BW-026-Hair-Extension-Salon,Hair Extension Salon,aligned
Worldwidebro/bw-027-hair-care-line,bw-027-hair-care-line,True,Civilization OS — BW-027-Hair-Care-Line,,0,1,BW-027-Hair-Care-Line,Hair Care Line,aligned
Worldwidebro/bw-028-wig-brand,bw-028-wig-brand,True,Civilization OS | Wig Brand — Beauty & Wellness,,0,1,BW-028-Wig-Brand,Wig Brand,aligned
Worldwidebro/bw-029-hair-extensions-brand,bw-029-hair-extensions-brand,True,Civilization OS — BW-029-Hair-Extensions-Brand,,0,1,BW-029-Hair-Extensions-Brand,Hair Extensions Brand,aligned
Worldwidebro/bw-030-scalp-treatment-products,bw-030-scalp-treatment-products,True,Civilization OS — BW-030-Scalp-Treatment-Products,,0,1,BW-030-Scalp-Treatment-Products,Scalp Treatment Products,aligned
Worldwidebro/bw-031-hair-marketplace,bw-031-hair-marketplace,True,Civilization OS | Hair Marketplace — Beauty & Wellness,,0,157,BW-031-Hair-Marketplace|EC-005-Sunglasses-AI|EC-006-Dropship-Hub|EC-007-Personal-Shopper-AI|EC-008-Custom-Sneaker-AI|EC-009-Sustainable-Fashion-AI|EC-010-Jewelry-Designer-AI|EC-011-Virtual-Try-On-AI|EC-012-Fashion-Designer-AI|EC-013-Merch-Licensing|EC-014-Subscription-Box-AI|EC-015-Surf-Gear-AI|EC-016-Ski-Gear-AI|EC-017-Golf-Gear-AI|EC-018-Fishing-Gear-AI|EC-019-Yoga-Gear-AI|EC-020-Costume-Shop-AI|EC-021-Luggage-AI|EC-022-Home-Appliance-AI|EC-023-Tool-Shop-AI|EC-024-Garden-Supply-AI|EC-025-Collectible-AI|EC-026-Hobby-Shop-AI|EC-027-Kids-Toy-Line|EC-028-NFT-Fashion-Licensing|EC-029-Instant-Brand-Generator|EC-030-AI-Product-Photographer|EC-031-Automated-Inventory-Forecaster|EC-032-Dynamic-Pricing-Engine|EC-033-Ad-Optimizer-AI|EC-034-Recommendation-Engine|EC-035-Review-Aggregator-AI|EC-036-Fulfillment-Network-AI|EC-037-Return-Optimization-AI|EC-038-Chatbot-Customer-Service|EC-039-Visual-Search-AI|EC-040-Abandoned-Cart-Recovery|EC-041-Seasonal-Trend-Predictor|EC-042-Influencer-Matchmaker|EC-043-UGC-Content-Aggregator|EC-044-Live-Commerce-Platform|EC-045-AR-Virtual-Fitting-Room|EC-046-3D-Product-Viewer|EC-047-Carbon-Footprint-Tracker|EC-050-AI-Product-Descriptions|EC-051-AI-Email-Marketing|EC-052-AI-Product-Bundler|EC-053-AI-Visual-Merchandiser|EC-054-AI-Demand-Forecasting|EC-055-AI-Warehouse-Management|EC-056-AI-Supplier-Matching|EC-057-AI-Quality-Control|EC-058-AI-Packaging-Designer|EC-059-AI-Logistics-Planner|EC-060-AI-Customer-Loyalty|EC-061-AI-Gift-Finder|EC-062-AI-Trend-Hunter|EC-063-AI-Market-Research|EC-064-AI-Competitor-Watcher|EC-065-AI-Product-Development|EC-066-AI-Customer-Journey|EC-068-AI-Returns-Management|EC-069-AI-Shipping-Labeler|EC-070-AI-Product-Launch-Coach|EC-071-AI-Vendor-Negotiator|EC-072-AI-Product-Cataloger|EC-073-AI-Order-Prioritizer|EC-074-AI-Customer-Segmentation|EC-075-AI-Pricing-Analyst|EC-076-AI-Sales-Forecasting|EC-077-AI-Inventory-Reordering|EC-078-AI-Product-Comparison|EC-079-AI-Customer-Feedback|EC-080-AI-Product-Updates|EC-081-AI-Cross-Selling|EC-082-AI-Up-Selling|EC-083-AI-Product-Education|EC-084-AI-Purchase-Timing|EC-085-AI-Customer-Support|EC-086-AI-Order-Tracking|EC-087-AI-Product-Reviews|EC-088-AI-Customer-Community|EC-089-AI-Product-Customization|EC-090-AI-Gift-Registry|EC-091-AI-Wedding-Registry|EC-092-AI-Baby-Registry|EC-093-AI-Holiday-Planner|EC-094-AI-Personal-Shopper|EC-095-AI-Color-Match|EC-096-AI-Fabric-Advisor|EC-097-AI-Fit-Recommendation|EC-098-AI-Outfit-Builder|EC-099-AI-Seasonal-Forecast|EC-100-AI-Wardrobe-Planner|EC-101-AI-Accessory-Match|EC-102-AI-Shoe-Match|EC-103-AI-Jewelry-Match|EC-104-AI-Bag-Match|EC-105-AI-Color-Palette|EC-106-AI-Outfit-Recycling|EC-107-AI-Style-Evolution|EC-108-AI-Budget-Stylist|EC-109-AI-Trend-Archive|EC-110-AI-Vintage-Advisor|TECH-020-Recommendation-Engine|TECH-052-Recommendation-Engine|COMM-001-Luminary-Worldwide-Events|COMM-002-Brotherhood-Coaching-Network|COMM-003-Ace-Senior-Care-Connect|COMM-004-Community-Outreach-Nonprofit|COMM-005-Ace-Food-Security-AI|COMM-006-Community-Technology-Access-AI|COMM-007-Youth-Leadership-AI|COMM-008-Community-Fundraising-AI|COMM-009-Volunteer-Hub-AI|COMM-010-Disaster-Relief-AI|COMM-011-Indigenous-Creator-Hub|COMM-012-Black-Art-Museum-AI|COMM-013-Women-s-Empowerment-Network|COMM-014-Veterans-Support-AI|COMM-015-Youth-Mentorship-Program|COMM-016-Community-Health-AI|COMM-017-Local-Business-Directory|COMM-018-Neighborhood-Watch-AI|COMM-019-Community-Garden-AI|COMM-020-Public-Transportation-AI|COMM-021-Housing-Assistance-AI|COMM-022-Job-Training-Center|COMM-023-Elder-Companion-AI|COMM-024-Youth-Sports-AI|COMM-025-Community-Legal-Aid|COMM-026-Public-Education-AI|COMM-027-Local-Government-AI|COMM-028-Public-Safety-AI|COMM-029-Community-Wellness-AI|COMM-030-Cultural-Exchange-AI|COMM-031-Community-Investment-AI|COMM-032-Public-Health-AI|COMM-033-Youth-Innovation-Hub|COMM-034-Senior-Tech-Support|COMM-035-Community-Arts-AI|COMM-036-Public-Infrastructure-AI|COMM-037-Neighborhood-Development-AI|COMM-038-Community-Policing-AI|COMM-039-Public-Space-AI|COMM-040-Community-Recycling-AI|COMM-041-Public-Wi-Fi-AI|COMM-042-Community-Energy-AI|COMM-043-Local-Food-Network-AI|COMM-044-Community-Volunteering-AI|COMM-045-Public-Childcare-AI|COMM-046-Community-Pet-Care-AI|COMM-047-Public-Fitness-AI|COMM-048-Community-Transportation-AI|COMM-049-Public-Event-AI|COMM-050-Community-Cultural-AI|SPEC-018-AI-Personal-Shopper,Hair Marketplace|Sunglasses Ai|Dropship Hub|Personal Shopper Ai|Custom Sneaker Ai|Sustainable Fashion Ai|Jewelry Designer Ai|Virtual Try On Ai|Fashion Designer Ai|Merch Licensing|Subscription Box Ai|Surf Gear Ai|Ski Gear Ai|Golf Gear Ai|Fishing Gear Ai|Yoga Gear Ai|Costume Shop Ai|Luggage Ai|Home Appliance Ai|Tool Shop Ai|Garden Supply Ai|Collectible Ai|Hobby Shop Ai|Kids Toy Line|Nft Fashion Licensing|Instant Brand Generator|Ai Product Photographer|Automated Inventory Forecaster|Dynamic Pricing Engine|Ad Optimizer Ai|Recommendation Engine|Review Aggregator Ai|Fulfillment Network Ai|Return Optimization Ai|Chatbot Customer Service|Visual Search Ai|Abandoned Cart Recovery|Seasonal Trend Predictor|Influencer Matchmaker|Ugc Content Aggregator|Live Commerce Platform|Ar Virtual Fitting Room|3D Product Viewer|Carbon Footprint Tracker|Ai Product Descriptions|Ai Email Marketing|Ai Product Bundler|Ai Visual Merchandiser|Ai Demand Forecasting|Ai Warehouse Management|Ai Supplier Matching|Ai Quality Control|Ai Packaging Designer|Ai Logistics Planner|Ai Customer Loyalty|Ai Gift Finder|Ai Trend Hunter|Ai Market Research|Ai Competitor Watcher|Ai Product Development|Ai Customer Journey|Ai Returns Management|Ai Shipping Labeler|Ai Product Launch Coach|Ai Vendor Negotiator|Ai Product Cataloger|Ai Order Prioritizer|Ai Customer Segmentation|Ai Pricing Analyst|Ai Sales Forecasting|Ai Inventory Reordering|Ai Product Comparison|Ai Customer Feedback|Ai Product Updates|Ai Cross Selling|Ai Up Selling|Ai Product Education|Ai Purchase Timing|Ai Customer Support|Ai Order Tracking|Ai Product Reviews|Ai Customer Community|Ai Product Customization|Ai Gift Registry|Ai Wedding Registry|Ai Baby Registry|Ai Holiday Planner|Ai Personal Shopper|Ai Color Match|Ai Fabric Advisor|Ai Fit Recommendation|Ai Outfit Builder|Ai Seasonal Forecast|Ai Wardrobe Planner|Ai Accessory Match|Ai Shoe Match|Ai Jewelry Match|Ai Bag Match|Ai Color Palette|Ai Outfit Recycling|Ai Style Evolution|Ai Budget Stylist|Ai Trend Archive|Ai Vintage Advisor|Recommendation Engine|Recommendation Engine|Luminary Worldwide Events|Brotherhood Coaching Network|Ace Senior Care Connect|Community Outreach Nonprofit|Ace Food Security Ai|Community Technology Access Ai|Youth Leadership Ai|Community Fundraising Ai|Volunteer Hub Ai|Disaster Relief Ai|Indigenous Creator Hub|Black Art Museum Ai|Women S Empowerment Network|Veterans Support Ai|Youth Mentorship Program|Community Health Ai|Local Business Directory|Neighborhood Watch Ai|Community Garden Ai|Public Transportation Ai|Housing Assistance Ai|Job Training Center|Elder Companion Ai|Youth Sports Ai|Community Legal Aid|Public Education Ai|Local Government Ai|Public Safety Ai|Community Wellness Ai|Cultural Exchange Ai|Community Investment Ai|Public Health Ai|Youth Innovation Hub|Senior Tech Support|Community Arts Ai|Public Infrastructure Ai|Neighborhood Development Ai|Community Policing Ai|Public Space Ai|Community Recycling Ai|Public Wi Fi Ai|Community Energy Ai|Local Food Network Ai|Community Volunteering Ai|Public Childcare Ai|Community Pet Care Ai|Public Fitness Ai|Community Transportation Ai|Public Event Ai|Community Cultural Ai|Ai Personal Shopper,aligned
Worldwidebro/bw-032-stylist-booking-platform,bw-032-stylist-booking-platform,True,Civilization OS — BW-032-Stylist-Booking-Platform,,0,1,BW-032-Stylist-Booking-Platform,Stylist Booking Platform,aligned
Worldwidebro/bw-033-ai-hairstyle-simulator,bw-033-ai-hairstyle-simulator,True,Civilization OS | AI Hairstyle Simulator — Beauty & Wellness,,0,1,BW-033-AI-Hairstyle-Simulator,Ai Hairstyle Simulator,aligned
Worldwidebro/bw-034-salon-franchise-chain,bw-034-salon-franchise-chain,True,Civilization OS — BW-034-Salon-Franchise-Chain,,0,1,BW-034-Salon-Franchise-Chain,Salon Franchise Chain,aligned
Worldwidebro/bw-035-makeup-studio,bw-035-makeup-studio,True,Civilization OS | Makeup Studio — Beauty & Wellness,,0,1,BW-035-Makeup-Studio,Makeup Studio,aligned
Worldwidebro/bw-036-bridal-makeup-service,bw-036-bridal-makeup-service,True,Civilization OS | Bridal Makeup Service — Beauty & Wellness,,0,1,BW-036-Bridal-Makeup-Service,Bridal Makeup Service,aligned
Worldwidebro/bw-037-mobile-makeup-artist,bw-037-mobile-makeup-artist,True,Civilization OS — BW-037-Mobile-Makeup-Artist,,0,1,BW-037-Mobile-Makeup-Artist,Mobile Makeup Artist,aligned
Worldwidebro/bw-038-photoshoot-makeup-team,bw-038-photoshoot-makeup-team,True,Civilization OS | Photoshoot Makeup Team — Beauty & Wellness,,0,1,BW-038-Photoshoot-Makeup-Team,Photoshoot Makeup Team,aligned
Worldwidebro/bw-039-cosmetics-brand,bw-039-cosmetics-brand,True,Civilization OS | Cosmetics Brand — Beauty & Wellness,,0,1,BW-039-Cosmetics-Brand,Cosmetics Brand,aligned
Worldwidebro/bw-040-beauty-tools-brand,bw-040-beauty-tools-brand,True,Civilization OS — BW-040-Beauty-Tools-Brand,,0,1,BW-040-Beauty-Tools-Brand,Beauty Tools Brand,aligned
Worldwidebro/capital-orchestrator,capital-orchestrator,True,Capital allocation and orchestration platform,TypeScript,0,1,EDU-008-Branding-Templates-Marketplace,Branding Templates Marketplace,aligned
Worldwidebro/civilization-os-infra,civilization-os-infra,True,"Civilization OS infrastructure — scripts, configs, Docker stack, AOC, DeerFlow skills, agent workflo",Python,0,74,FIN-002-Credit-Repair-Automation|FIN-006-Tax-Prep-Filing-Services|FIN-007-Business-Credit-Building|FIN-009-Crypto-Tax-Optimizer|FIN-011-Automated-Bookkeeping|FIN-012-Invoice-Factoring-AI|FIN-015-Financial-Wellness-Coach|FIN-019-Payment-Gateway-AI|FIN-021-Tax-Deduction-Finder|OPS-001-Fractional-CTO-Agency|OPS-003-Event-Planning-AI|OPS-004-Inventory-Management-AI|OPS-005-Project-Management-AI|OPS-006-Document-Automation-AI|OPS-007-Meeting-Assistant-AI|OPS-008-Recruitment-AI|OPS-009-Onboarding-AI|OPS-010-Training-Platform-AI|OPS-011-Performance-Review-AI|OPS-012-IT-Support-AI|OPS-013-Facilities-Management-AI|OPS-014-Travel-Booking-AI|OPS-015-Expense-Management-AI|OPS-016-Contract-Management-AI|OPS-017-Compliance-Monitoring-AI|OPS-018-Quality-Control-AI|OPS-019-Asset-Management-AI|OPS-020-Time-Tracking-AI|OPS-021-Document-Security-AI|OPS-022-Knowledge-Management-AI|OPS-023-Meeting-Transcription-AI|OPS-024-Task-Automation-AI|OPS-025-Resource-Allocation-AI|OPS-026-Budget-Planning-AI|OPS-027-Cost-Optimization-AI|OPS-028-Procurement-AI|OPS-029-Vendor-Management-AI|OPS-030-Contract-Negotiation-AI|OPS-031-Legal-Document-AI|OPS-032-Compliance-Reporting-AI|OPS-033-Training-Content-AI|OPS-034-Employee-Engagement-AI|OPS-035-Succession-Planning-AI|OPS-036-Workspace-Design-AI|OPS-037-Energy-Efficiency-AI|OPS-038-Security-Monitoring-AI|OPS-039-Health-Safety-AI|OPS-040-Disaster-Recovery-AI|OPS-041-IT-Asset-Management|OPS-042-Cloud-Cost-Management|OPS-043-Data-Governance-AI|OPS-044-Network-Monitoring-AI|OPS-045-Software-Licensing-AI|OPS-046-IT-Procurement-AI|OPS-047-System-Integration-AI|OPS-048-Data-Backup-AI|OPS-049-Business-Continuity-AI|OPS-050-Compliance-Audit-AI|OPS-051-Document-Collaboration-AI|OPS-052-Video-Conferencing-AI|OPS-053-Email-Management-AI|OPS-054-Calendar-Optimization-AI|OPS-055-Project-Budget-AI|OPS-056-Resource-Forecasting-AI|OPS-057-Task-Prioritization-AI|OPS-059-Meeting-Minutes-AI|OPS-060-Document-Translation-AI|OPS-061-Form-Automation-AI|OPS-062-Report-Generation-AI|OPS-063-Dashboard-Creation-AI|OPS-064-Analytics-Platform-AI|OPS-065-Data-Cleaning-AI|OPS-066-Workflow-Management-AI|CON-010-PLUMBING-SERVICES,Credit Repair Automation|Tax Prep Filing Services|Business Credit Building|Crypto Tax Optimizer|Automated Bookkeeping|Invoice Factoring Ai|Financial Wellness Coach|Payment Gateway Ai|Tax Deduction Finder|Fractional Cto Agency|Event Planning Ai|Inventory Management Ai|Project Management Ai|Document Automation Ai|Meeting Assistant Ai|Recruitment Ai|Onboarding Ai|Training Platform Ai|Performance Review Ai|It Support Ai|Facilities Management Ai|Travel Booking Ai|Expense Management Ai|Contract Management Ai|Compliance Monitoring Ai|Quality Control Ai|Asset Management Ai|Time Tracking Ai|Document Security Ai|Knowledge Management Ai|Meeting Transcription Ai|Task Automation Ai|Resource Allocation Ai|Budget Planning Ai|Cost Optimization Ai|Procurement Ai|Vendor Management Ai|Contract Negotiation Ai|Legal Document Ai|Compliance Reporting Ai|Training Content Ai|Employee Engagement Ai|Succession Planning Ai|Workspace Design Ai|Energy Efficiency Ai|Security Monitoring Ai|Health Safety Ai|Disaster Recovery Ai|It Asset Management|Cloud Cost Management|Data Governance Ai|Network Monitoring Ai|Software Licensing Ai|It Procurement Ai|System Integration Ai|Data Backup Ai|Business Continuity Ai|Compliance Audit Ai|Document Collaboration Ai|Video Conferencing Ai|Email Management Ai|Calendar Optimization Ai|Project Budget Ai|Resource Forecasting Ai|Task Prioritization Ai|Meeting Minutes Ai|Document Translation Ai|Form Automation Ai|Report Generation Ai|Dashboard Creation Ai|Analytics Platform Ai|Data Cleaning Ai|Workflow Management Ai|Plumbing Services,aligned
Worldwidebro/comm-001-luminary-worldwide-events,comm-001-luminary-worldwide-events,True,Civilization OS — COMM-001-Luminary-Worldwide-Events,TypeScript,0,50,COMM-001-Luminary-Worldwide-Events|COMM-002-Brotherhood-Coaching-Network|COMM-003-Ace-Senior-Care-Connect|COMM-004-Community-Outreach-Nonprofit|COMM-005-Ace-Food-Security-AI|COMM-006-Community-Technology-Access-AI|COMM-007-Youth-Leadership-AI|COMM-008-Community-Fundraising-AI|COMM-009-Volunteer-Hub-AI|COMM-010-Disaster-Relief-AI|COMM-011-Indigenous-Creator-Hub|COMM-012-Black-Art-Museum-AI|COMM-013-Women-s-Empowerment-Network|COMM-014-Veterans-Support-AI|COMM-015-Youth-Mentorship-Program|COMM-016-Community-Health-AI|COMM-017-Local-Business-Directory|COMM-018-Neighborhood-Watch-AI|COMM-019-Community-Garden-AI|COMM-020-Public-Transportation-AI|COMM-021-Housing-Assistance-AI|COMM-022-Job-Training-Center|COMM-023-Elder-Companion-AI|COMM-024-Youth-Sports-AI|COMM-025-Community-Legal-Aid|COMM-026-Public-Education-AI|COMM-027-Local-Government-AI|COMM-028-Public-Safety-AI|COMM-029-Community-Wellness-AI|COMM-030-Cultural-Exchange-AI|COMM-031-Community-Investment-AI|COMM-032-Public-Health-AI|COMM-033-Youth-Innovation-Hub|COMM-034-Senior-Tech-Support|COMM-035-Community-Arts-AI|COMM-036-Public-Infrastructure-AI|COMM-037-Neighborhood-Development-AI|COMM-038-Community-Policing-AI|COMM-039-Public-Space-AI|COMM-040-Community-Recycling-AI|COMM-041-Public-Wi-Fi-AI|COMM-042-Community-Energy-AI|COMM-043-Local-Food-Network-AI|COMM-044-Community-Volunteering-AI|COMM-045-Public-Childcare-AI|COMM-046-Community-Pet-Care-AI|COMM-047-Public-Fitness-AI|COMM-048-Community-Transportation-AI|COMM-049-Public-Event-AI|COMM-050-Community-Cultural-AI,Luminary Worldwide Events|Brotherhood Coaching Network|Ace Senior Care Connect|Community Outreach Nonprofit|Ace Food Security Ai|Community Technology Access Ai|Youth Leadership Ai|Community Fundraising Ai|Volunteer Hub Ai|Disaster Relief Ai|Indigenous Creator Hub|Black Art Museum Ai|Women S Empowerment Network|Veterans Support Ai|Youth Mentorship Program|Community Health Ai|Local Business Directory|Neighborhood Watch Ai|Community Garden Ai|Public Transportation Ai|Housing Assistance Ai|Job Training Center|Elder Companion Ai|Youth Sports Ai|Community Legal Aid|Public Education Ai|Local Government Ai|Public Safety Ai|Community Wellness Ai|Cultural Exchange Ai|Community Investment Ai|Public Health Ai|Youth Innovation Hub|Senior Tech Support|Community Arts Ai|Public Infrastructure Ai|Neighborhood Development Ai|Community Policing Ai|Public Space Ai|Community Recycling Ai|Public Wi Fi Ai|Community Energy Ai|Local Food Network Ai|Community Volunteering Ai|Public Childcare Ai|Community Pet Care Ai|Public Fitness Ai|Community Transportation Ai|Public Event Ai|Community Cultural Ai,aligned
Worldwidebro/comm-002-brotherhood-coaching-network,comm-002-brotherhood-coaching-network,True,Civilization OS — COMM-002-Brotherhood-Coaching-Network,TypeScript,0,50,COMM-001-Luminary-Worldwide-Events|COMM-002-Brotherhood-Coaching-Network|COMM-003-Ace-Senior-Care-Connect|COMM-004-Community-Outreach-Nonprofit|COMM-005-Ace-Food-Security-AI|COMM-006-Community-Technology-Access-AI|COMM-007-Youth-Leadership-AI|COMM-008-Community-Fundraising-AI|COMM-009-Volunteer-Hub-AI|COMM-010-Disaster-Relief-AI|COMM-011-Indigenous-Creator-Hub|COMM-012-Black-Art-Museum-AI|COMM-013-Women-s-Empowerment-Network|COMM-014-Veterans-Support-AI|COMM-015-Youth-Mentorship-Program|COMM-016-Community-Health-AI|COMM-017-Local-Business-Directory|COMM-018-Neighborhood-Watch-AI|COMM-019-Community-Garden-AI|COMM-020-Public-Transportation-AI|COMM-021-Housing-Assistance-AI|COMM-022-Job-Training-Center|COMM-023-Elder-Companion-AI|COMM-024-Youth-Sports-AI|COMM-025-Community-Legal-Aid|COMM-026-Public-Education-AI|COMM-027-Local-Government-AI|COMM-028-Public-Safety-AI|COMM-029-Community-Wellness-AI|COMM-030-Cultural-Exchange-AI|COMM-031-Community-Investment-AI|COMM-032-Public-Health-AI|COMM-033-Youth-Innovation-Hub|COMM-034-Senior-Tech-Support|COMM-035-Community-Arts-AI|COMM-036-Public-Infrastructure-AI|COMM-037-Neighborhood-Development-AI|COMM-038-Community-Policing-AI|COMM-039-Public-Space-AI|COMM-040-Community-Recycling-AI|COMM-041-Public-Wi-Fi-AI|COMM-042-Community-Energy-AI|COMM-043-Local-Food-Network-AI|COMM-044-Community-Volunteering-AI|COMM-045-Public-Childcare-AI|COMM-046-Community-Pet-Care-AI|COMM-047-Public-Fitness-AI|COMM-048-Community-Transportation-AI|COMM-049-Public-Event-AI|COMM-050-Community-Cultural-AI,Luminary Worldwide Events|Brotherhood Coaching Network|Ace Senior Care Connect|Community Outreach Nonprofit|Ace Food Security Ai|Community Technology Access Ai|Youth Leadership Ai|Community Fundraising Ai|Volunteer Hub Ai|Disaster Relief Ai|Indigenous Creator Hub|Black Art Museum Ai|Women S Empowerment Network|Veterans Support Ai|Youth Mentorship Program|Community Health Ai|Local Business Directory|Neighborhood Watch Ai|Community Garden Ai|Public Transportation Ai|Housing Assistance Ai|Job Training Center|Elder Companion Ai|Youth Sports Ai|Community Legal Aid|Public Education Ai|Local Government Ai|Public Safety Ai|Community Wellness Ai|Cultural Exchange Ai|Community Investment Ai|Public Health Ai|Youth Innovation Hub|Senior Tech Support|Community Arts Ai|Public Infrastructure Ai|Neighborhood Development Ai|Community Policing Ai|Public Space Ai|Community Recycling Ai|Public Wi Fi Ai|Community Energy Ai|Local Food Network Ai|Community Volunteering Ai|Public Childcare Ai|Community Pet Care Ai|Public Fitness Ai|Community Transportation Ai|Public Event Ai|Community Cultural Ai,aligned
Worldwidebro/comm-003-ace-senior-care-connect,comm-003-ace-senior-care-connect,True,Civilization OS — COMM-003-Ace-Senior-Care-Connect,TypeScript,0,50,COMM-001-Luminary-Worldwide-Events|COMM-002-Brotherhood-Coaching-Network|COMM-003-Ace-Senior-Care-Connect|COMM-004-Community-Outreach-Nonprofit|COMM-005-Ace-Food-Security-AI|COMM-006-Community-Technology-Access-AI|COMM-007-Youth-Leadership-AI|COMM-008-Community-Fundraising-AI|COMM-009-Volunteer-Hub-AI|COMM-010-Disaster-Relief-AI|COMM-011-Indigenous-Creator-Hub|COMM-012-Black-Art-Museum-AI|COMM-013-Women-s-Empowerment-Network|COMM-014-Veterans-Support-AI|COMM-015-Youth-Mentorship-Program|COMM-016-Community-Health-AI|COMM-017-Local-Business-Directory|COMM-018-Neighborhood-Watch-AI|COMM-019-Community-Garden-AI|COMM-020-Public-Transportation-AI|COMM-021-Housing-Assistance-AI|COMM-022-Job-Training-Center|COMM-023-Elder-Companion-AI|COMM-024-Youth-Sports-AI|COMM-025-Community-Legal-Aid|COMM-026-Public-Education-AI|COMM-027-Local-Government-AI|COMM-028-Public-Safety-AI|COMM-029-Community-Wellness-AI|COMM-030-Cultural-Exchange-AI|COMM-031-Community-Investment-AI|COMM-032-Public-Health-AI|COMM-033-Youth-Innovation-Hub|COMM-034-Senior-Tech-Support|COMM-035-Community-Arts-AI|COMM-036-Public-Infrastructure-AI|COMM-037-Neighborhood-Development-AI|COMM-038-Community-Policing-AI|COMM-039-Public-Space-AI|COMM-040-Community-Recycling-AI|COMM-041-Public-Wi-Fi-AI|COMM-042-Community-Energy-AI|COMM-043-Local-Food-Network-AI|COMM-044-Community-Volunteering-AI|COMM-045-Public-Childcare-AI|COMM-046-Community-Pet-Care-AI|COMM-047-Public-Fitness-AI|COMM-048-Community-Transportation-AI|COMM-049-Public-Event-AI|COMM-050-Community-Cultural-AI,Luminary Worldwide Events|Brotherhood Coaching Network|Ace Senior Care Connect|Community Outreach Nonprofit|Ace Food Security Ai|Community Technology Access Ai|Youth Leadership Ai|Community Fundraising Ai|Volunteer Hub Ai|Disaster Relief Ai|Indigenous Creator Hub|Black Art Museum Ai|Women S Empowerment Network|Veterans Support Ai|Youth Mentorship Program|Community Health Ai|Local Business Directory|Neighborhood Watch Ai|Community Garden Ai|Public Transportation Ai|Housing Assistance Ai|Job Training Center|Elder Companion Ai|Youth Sports Ai|Community Legal Aid|Public Education Ai|Local Government Ai|Public Safety Ai|Community Wellness Ai|Cultural Exchange Ai|Community Investment Ai|Public Health Ai|Youth Innovation Hub|Senior Tech Support|Community Arts Ai|Public Infrastructure Ai|Neighborhood Development Ai|Community Policing Ai|Public Space Ai|Community Recycling Ai|Public Wi Fi Ai|Community Energy Ai|Local Food Network Ai|Community Volunteering Ai|Public Childcare Ai|Community Pet Care Ai|Public Fitness Ai|Community Transportation Ai|Public Event Ai|Community Cultural Ai,aligned
Worldwidebro/comm-004-community-outreach-nonprofit,comm-004-community-outreach-nonprofit,True,Civilization OS — COMM-004-Community-Outreach-Nonprofit,TypeScript,0,50,COMM-001-Luminary-Worldwide-Events|COMM-002-Brotherhood-Coaching-Network|COMM-003-Ace-Senior-Care-Connect|COMM-004-Community-Outreach-Nonprofit|COMM-005-Ace-Food-Security-AI|COMM-006-Community-Technology-Access-AI|COMM-007-Youth-Leadership-AI|COMM-008-Community-Fundraising-AI|COMM-009-Volunteer-Hub-AI|COMM-010-Disaster-Relief-AI|COMM-011-Indigenous-Creator-Hub|COMM-012-Black-Art-Museum-AI|COMM-013-Women-s-Empowerment-Network|COMM-014-Veterans-Support-AI|COMM-015-Youth-Mentorship-Program|COMM-016-Community-Health-AI|COMM-017-Local-Business-Directory|COMM-018-Neighborhood-Watch-AI|COMM-019-Community-Garden-AI|COMM-020-Public-Transportation-AI|COMM-021-Housing-Assistance-AI|COMM-022-Job-Training-Center|COMM-023-Elder-Companion-AI|COMM-024-Youth-Sports-AI|COMM-025-Community-Legal-Aid|COMM-026-Public-Education-AI|COMM-027-Local-Government-AI|COMM-028-Public-Safety-AI|COMM-029-Community-Wellness-AI|COMM-030-Cultural-Exchange-AI|COMM-031-Community-Investment-AI|COMM-032-Public-Health-AI|COMM-033-Youth-Innovation-Hub|COMM-034-Senior-Tech-Support|COMM-035-Community-Arts-AI|COMM-036-Public-Infrastructure-AI|COMM-037-Neighborhood-Development-AI|COMM-038-Community-Policing-AI|COMM-039-Public-Space-AI|COMM-040-Community-Recycling-AI|COMM-041-Public-Wi-Fi-AI|COMM-042-Community-Energy-AI|COMM-043-Local-Food-Network-AI|COMM-044-Community-Volunteering-AI|COMM-045-Public-Childcare-AI|COMM-046-Community-Pet-Care-AI|COMM-047-Public-Fitness-AI|COMM-048-Community-Transportation-AI|COMM-049-Public-Event-AI|COMM-050-Community-Cultural-AI,Luminary Worldwide Events|Brotherhood Coaching Network|Ace Senior Care Connect|Community Outreach Nonprofit|Ace Food Security Ai|Community Technology Access Ai|Youth Leadership Ai|Community Fundraising Ai|Volunteer Hub Ai|Disaster Relief Ai|Indigenous Creator Hub|Black Art Museum Ai|Women S Empowerment Network|Veterans Support Ai|Youth Mentorship Program|Community Health Ai|Local Business Directory|Neighborhood Watch Ai|Community Garden Ai|Public Transportation Ai|Housing Assistance Ai|Job Training Center|Elder Companion Ai|Youth Sports Ai|Community Legal Aid|Public Education Ai|Local Government Ai|Public Safety Ai|Community Wellness Ai|Cultural Exchange Ai|Community Investment Ai|Public Health Ai|Youth Innovation Hub|Senior Tech Support|Community Arts Ai|Public Infrastructure Ai|Neighborhood Development Ai|Community Policing Ai|Public Space Ai|Community Recycling Ai|Public Wi Fi Ai|Community Energy Ai|Local Food Network Ai|Community Volunteering Ai|Public Childcare Ai|Community Pet Care Ai|Public Fitness Ai|Community Transportation Ai|Public Event Ai|Community Cultural Ai,aligned
Worldwidebro/comm-005-ace-food-security-ai,comm-005-ace-food-security-ai,True,Civilization OS — COMM-005-Ace-Food-Security-AI,TypeScript,0,50,COMM-001-Luminary-Worldwide-Events|COMM-002-Brotherhood-Coaching-Network|COMM-003-Ace-Senior-Care-Connect|COMM-004-Community-Outreach-Nonprofit|COMM-005-Ace-Food-Security-AI|COMM-006-Community-Technology-Access-AI|COMM-007-Youth-Leadership-AI|COMM-008-Community-Fundraising-AI|COMM-009-Volunteer-Hub-AI|COMM-010-Disaster-Relief-AI|COMM-011-Indigenous-Creator-Hub|COMM-012-Black-Art-Museum-AI|COMM-013-Women-s-Empowerment-Network|COMM-014-Veterans-Support-AI|COMM-015-Youth-Mentorship-Program|COMM-016-Community-Health-AI|COMM-017-Local-Business-Directory|COMM-018-Neighborhood-Watch-AI|COMM-019-Community-Garden-AI|COMM-020-Public-Transportation-AI|COMM-021-Housing-Assistance-AI|COMM-022-Job-Training-Center|COMM-023-Elder-Companion-AI|COMM-024-Youth-Sports-AI|COMM-025-Community-Legal-Aid|COMM-026-Public-Education-AI|COMM-027-Local-Government-AI|COMM-028-Public-Safety-AI|COMM-029-Community-Wellness-AI|COMM-030-Cultural-Exchange-AI|COMM-031-Community-Investment-AI|COMM-032-Public-Health-AI|COMM-033-Youth-Innovation-Hub|COMM-034-Senior-Tech-Support|COMM-035-Community-Arts-AI|COMM-036-Public-Infrastructure-AI|COMM-037-Neighborhood-Development-AI|COMM-038-Community-Policing-AI|COMM-039-Public-Space-AI|COMM-040-Community-Recycling-AI|COMM-041-Public-Wi-Fi-AI|COMM-042-Community-Energy-AI|COMM-043-Local-Food-Network-AI|COMM-044-Community-Volunteering-AI|COMM-045-Public-Childcare-AI|COMM-046-Community-Pet-Care-AI|COMM-047-Public-Fitness-AI|COMM-048-Community-Transportation-AI|COMM-049-Public-Event-AI|COMM-050-Community-Cultural-AI,Luminary Worldwide Events|Brotherhood Coaching Network|Ace Senior Care Connect|Community Outreach Nonprofit|Ace Food Security Ai|Community Technology Access Ai|Youth Leadership Ai|Community Fundraising Ai|Volunteer Hub Ai|Disaster Relief Ai|Indigenous Creator Hub|Black Art Museum Ai|Women S Empowerment Network|Veterans Support Ai|Youth Mentorship Program|Community Health Ai|Local Business Directory|Neighborhood Watch Ai|Community Garden Ai|Public Transportation Ai|Housing Assistance Ai|Job Training Center|Elder Companion Ai|Youth Sports Ai|Community Legal Aid|Public Education Ai|Local Government Ai|Public Safety Ai|Community Wellness Ai|Cultural Exchange Ai|Community Investment Ai|Public Health Ai|Youth Innovation Hub|Senior Tech Support|Community Arts Ai|Public Infrastructure Ai|Neighborhood Development Ai|Community Policing Ai|Public Space Ai|Community Recycling Ai|Public Wi Fi Ai|Community Energy Ai|Local Food Network Ai|Community Volunteering Ai|Public Childcare Ai|Community Pet Care Ai|Public Fitness Ai|Community Transportation Ai|Public Event Ai|Community Cultural Ai,aligned
Worldwidebro/comm-006-community-technology-access-ai,comm-006-community-technology-access-ai,True,Civilization OS — COMM-006-Community-Technology-Access-AI,TypeScript,0,50,COMM-001-Luminary-Worldwide-Events|COMM-002-Brotherhood-Coaching-Network|COMM-003-Ace-Senior-Care-Connect|COMM-004-Community-Outreach-Nonprofit|COMM-005-Ace-Food-Security-AI|COMM-006-Community-Technology-Access-AI|COMM-007-Youth-Leadership-AI|COMM-008-Community-Fundraising-AI|COMM-009-Volunteer-Hub-AI|COMM-010-Disaster-Relief-AI|COMM-011-Indigenous-Creator-Hub|COMM-012-Black-Art-Museum-AI|COMM-013-Women-s-Empowerment-Network|COMM-014-Veterans-Support-AI|COMM-015-Youth-Mentorship-Program|COMM-016-Community-Health-AI|COMM-017-Local-Business-Directory|COMM-018-Neighborhood-Watch-AI|COMM-019-Community-Garden-AI|COMM-020-Public-Transportation-AI|COMM-021-Housing-Assistance-AI|COMM-022-Job-Training-Center|COMM-023-Elder-Companion-AI|COMM-024-Youth-Sports-AI|COMM-025-Community-Legal-Aid|COMM-026-Public-Education-AI|COMM-027-Local-Government-AI|COMM-028-Public-Safety-AI|COMM-029-Community-Wellness-AI|COMM-030-Cultural-Exchange-AI|COMM-031-Community-Investment-AI|COMM-032-Public-Health-AI|COMM-033-Youth-Innovation-Hub|COMM-034-Senior-Tech-Support|COMM-035-Community-Arts-AI|COMM-036-Public-Infrastructure-AI|COMM-037-Neighborhood-Development-AI|COMM-038-Community-Policing-AI|COMM-039-Public-Space-AI|COMM-040-Community-Recycling-AI|COMM-041-Public-Wi-Fi-AI|COMM-042-Community-Energy-AI|COMM-043-Local-Food-Network-AI|COMM-044-Community-Volunteering-AI|COMM-045-Public-Childcare-AI|COMM-046-Community-Pet-Care-AI|COMM-047-Public-Fitness-AI|COMM-048-Community-Transportation-AI|COMM-049-Public-Event-AI|COMM-050-Community-Cultural-AI,Luminary Worldwide Events|Brotherhood Coaching Network|Ace Senior Care Connect|Community Outreach Nonprofit|Ace Food Security Ai|Community Technology Access Ai|Youth Leadership Ai|Community Fundraising Ai|Volunteer Hub Ai|Disaster Relief Ai|Indigenous Creator Hub|Black Art Museum Ai|Women S Empowerment Network|Veterans Support Ai|Youth Mentorship Program|Community Health Ai|Local Business Directory|Neighborhood Watch Ai|Community Garden Ai|Public Transportation Ai|Housing Assistance Ai|Job Training Center|Elder Companion Ai|Youth Sports Ai|Community Legal Aid|Public Education Ai|Local Government Ai|Public Safety Ai|Community Wellness Ai|Cultural Exchange Ai|Community Investment Ai|Public Health Ai|Youth Innovation Hub|Senior Tech Support|Community Arts Ai|Public Infrastructure Ai|Neighborhood Development Ai|Community Policing Ai|Public Space Ai|Community Recycling Ai|Public Wi Fi Ai|Community Energy Ai|Local Food Network Ai|Community Volunteering Ai|Public Childcare Ai|Community Pet Care Ai|Public Fitness Ai|Community Transportation Ai|Public Event Ai|Community Cultural Ai,aligned
Worldwidebro/comm-007-youth-leadership-ai,comm-007-youth-leadership-ai,True,Civilization OS — COMM-007-Youth-Leadership-AI,TypeScript,0,7,COMM-001-Luminary-Worldwide-Events|COMM-002-Brotherhood-Coaching-Network|COMM-003-Ace-Senior-Care-Connect|COMM-004-Community-Outreach-Nonprofit|COMM-005-Ace-Food-Security-AI|COMM-006-Community-Technology-Access-AI|COMM-007-Youth-Leadership-AI,Luminary Worldwide Events|Brotherhood Coaching Network|Ace Senior Care Connect|Community Outreach Nonprofit|Ace Food Security Ai|Community Technology Access Ai|Youth Leadership Ai,aligned
Worldwidebro/comm-008-community-fundraising-ai,comm-008-community-fundraising-ai,True,Civilization OS — COMM-008-Community-Fundraising-AI,TypeScript,0,1,COMM-008-Community-Fundraising-AI,Community Fundraising Ai,aligned
Worldwidebro/comm-009-volunteer-hub-ai,comm-009-volunteer-hub-ai,True,Civilization OS — COMM-009-Volunteer-Hub-AI,TypeScript,0,1,COMM-009-Volunteer-Hub-AI,Volunteer Hub Ai,aligned
Worldwidebro/comm-010-disaster-relief-ai,comm-010-disaster-relief-ai,True,Civilization OS — COMM-010-Disaster-Relief-AI,TypeScript,0,1,COMM-010-Disaster-Relief-AI,Disaster Relief Ai,aligned
Worldwidebro/comm-011-indigenous-creator-hub,comm-011-indigenous-creator-hub,True,Civilization OS — COMM-011-Indigenous-Creator-Hub,TypeScript,0,1,COMM-011-Indigenous-Creator-Hub,Indigenous Creator Hub,aligned
Worldwidebro/comm-012-black-art-museum-ai,comm-012-black-art-museum-ai,True,Civilization OS — COMM-012-Black-Art-Museum-AI,TypeScript,0,1,COMM-012-Black-Art-Museum-AI,Black Art Museum Ai,aligned
Worldwidebro/comm-013-women-s-empowerment-network,comm-013-women-s-empowerment-network,True,Civilization OS — COMM-013-Women-s-Empowerment-Network,TypeScript,0,1,COMM-013-Women-s-Empowerment-Network,Women S Empowerment Network,aligned
Worldwidebro/comm-014-veterans-support-ai,comm-014-veterans-support-ai,True,Civilization OS — COMM-014-Veterans-Support-AI,TypeScript,0,1,COMM-014-Veterans-Support-AI,Veterans Support Ai,aligned
Worldwidebro/comm-015-youth-mentorship-program,comm-015-youth-mentorship-program,True,Civilization OS — COMM-015-Youth-Mentorship-Program,TypeScript,0,1,COMM-015-Youth-Mentorship-Program,Youth Mentorship Program,aligned
Worldwidebro/comm-016-community-health-ai,comm-016-community-health-ai,True,Civilization OS — COMM-016-Community-Health-AI,TypeScript,0,1,COMM-016-Community-Health-AI,Community Health Ai,aligned
Worldwidebro/comm-017-local-business-directory,comm-017-local-business-directory,True,Civilization OS — COMM-017-Local-Business-Directory,TypeScript,0,1,COMM-017-Local-Business-Directory,Local Business Directory,aligned
Worldwidebro/comm-018-neighborhood-watch-ai,comm-018-neighborhood-watch-ai,True,Civilization OS — COMM-018-Neighborhood-Watch-AI,TypeScript,0,1,COMM-018-Neighborhood-Watch-AI,Neighborhood Watch Ai,aligned
Worldwidebro/comm-019-community-garden-ai,comm-019-community-garden-ai,True,Civilization OS — COMM-019-Community-Garden-AI,TypeScript,0,1,COMM-019-Community-Garden-AI,Community Garden Ai,aligned
Worldwidebro/comm-020-public-transportation-ai,comm-020-public-transportation-ai,True,Civilization OS — COMM-020-Public-Transportation-AI,TypeScript,0,1,COMM-020-Public-Transportation-AI,Public Transportation Ai,aligned
Worldwidebro/comm-021-housing-assistance-ai,comm-021-housing-assistance-ai,True,Civilization OS — COMM-021-Housing-Assistance-AI,TypeScript,0,1,COMM-021-Housing-Assistance-AI,Housing Assistance Ai,aligned
Worldwidebro/comm-022-job-training-center,comm-022-job-training-center,True,Civilization OS — COMM-022-Job-Training-Center,TypeScript,0,1,COMM-022-Job-Training-Center,Job Training Center,aligned
Worldwidebro/comm-023-elder-companion-ai,comm-023-elder-companion-ai,True,Civilization OS — COMM-023-Elder-Companion-AI,TypeScript,0,1,COMM-023-Elder-Companion-AI,Elder Companion Ai,aligned
Worldwidebro/comm-024-youth-sports-ai,comm-024-youth-sports-ai,True,Civilization OS — COMM-024-Youth-Sports-AI,TypeScript,0,1,COMM-024-Youth-Sports-AI,Youth Sports Ai,aligned
Worldwidebro/comm-025-community-legal-aid,comm-025-community-legal-aid,True,Civilization OS — COMM-025-Community-Legal-Aid,TypeScript,0,1,COMM-025-Community-Legal-Aid,Community Legal Aid,aligned
Worldwidebro/comm-026-public-education-ai,comm-026-public-education-ai,True,Civilization OS — COMM-026-Public-Education-AI,TypeScript,0,1,COMM-026-Public-Education-AI,Public Education Ai,aligned
Worldwidebro/comm-027-local-government-ai,comm-027-local-government-ai,True,Civilization OS — COMM-027-Local-Government-AI,TypeScript,0,1,COMM-027-Local-Government-AI,Local Government Ai,aligned
Worldwidebro/comm-028-public-safety-ai,comm-028-public-safety-ai,True,Civilization OS — COMM-028-Public-Safety-AI,TypeScript,0,1,COMM-028-Public-Safety-AI,Public Safety Ai,aligned
Worldwidebro/comm-029-community-wellness-ai,comm-029-community-wellness-ai,True,Civilization OS — COMM-029-Community-Wellness-AI,TypeScript,0,1,COMM-029-Community-Wellness-AI,Community Wellness Ai,aligned
Worldwidebro/comm-030-cultural-exchange-ai,comm-030-cultural-exchange-ai,True,Civilization OS — COMM-030-Cultural-Exchange-AI,TypeScript,0,1,COMM-030-Cultural-Exchange-AI,Cultural Exchange Ai,aligned
Worldwidebro/comm-031-community-investment-ai,comm-031-community-investment-ai,True,Civilization OS — COMM-031-Community-Investment-AI,TypeScript,0,1,COMM-031-Community-Investment-AI,Community Investment Ai,aligned
Worldwidebro/comm-032-public-health-ai,comm-032-public-health-ai,True,Civilization OS — COMM-032-Public-Health-AI,TypeScript,0,1,COMM-032-Public-Health-AI,Public Health Ai,aligned
Worldwidebro/comm-033-youth-innovation-hub,comm-033-youth-innovation-hub,True,Civilization OS — COMM-033-Youth-Innovation-Hub,TypeScript,0,1,COMM-033-Youth-Innovation-Hub,Youth Innovation Hub,aligned
Worldwidebro/comm-034-senior-tech-support,comm-034-senior-tech-support,True,Civilization OS — COMM-034-Senior-Tech-Support,TypeScript,0,1,COMM-034-Senior-Tech-Support,Senior Tech Support,aligned
Worldwidebro/comm-035-community-arts-ai,comm-035-community-arts-ai,True,Civilization OS — COMM-035-Community-Arts-AI,TypeScript,0,1,COMM-035-Community-Arts-AI,Community Arts Ai,aligned
Worldwidebro/comm-036-public-infrastructure-ai,comm-036-public-infrastructure-ai,True,Civilization OS — COMM-036-Public-Infrastructure-AI,TypeScript,0,65,OPS-001-Fractional-CTO-Agency|OPS-003-Event-Planning-AI|OPS-004-Inventory-Management-AI|OPS-005-Project-Management-AI|OPS-006-Document-Automation-AI|OPS-007-Meeting-Assistant-AI|OPS-008-Recruitment-AI|OPS-009-Onboarding-AI|OPS-010-Training-Platform-AI|OPS-011-Performance-Review-AI|OPS-012-IT-Support-AI|OPS-013-Facilities-Management-AI|OPS-014-Travel-Booking-AI|OPS-015-Expense-Management-AI|OPS-016-Contract-Management-AI|OPS-017-Compliance-Monitoring-AI|OPS-018-Quality-Control-AI|OPS-019-Asset-Management-AI|OPS-020-Time-Tracking-AI|OPS-021-Document-Security-AI|OPS-022-Knowledge-Management-AI|OPS-023-Meeting-Transcription-AI|OPS-024-Task-Automation-AI|OPS-025-Resource-Allocation-AI|OPS-026-Budget-Planning-AI|OPS-027-Cost-Optimization-AI|OPS-028-Procurement-AI|OPS-029-Vendor-Management-AI|OPS-030-Contract-Negotiation-AI|OPS-031-Legal-Document-AI|OPS-032-Compliance-Reporting-AI|OPS-033-Training-Content-AI|OPS-034-Employee-Engagement-AI|OPS-035-Succession-Planning-AI|OPS-036-Workspace-Design-AI|OPS-037-Energy-Efficiency-AI|OPS-038-Security-Monitoring-AI|OPS-039-Health-Safety-AI|OPS-040-Disaster-Recovery-AI|OPS-041-IT-Asset-Management|OPS-042-Cloud-Cost-Management|OPS-043-Data-Governance-AI|OPS-044-Network-Monitoring-AI|OPS-045-Software-Licensing-AI|OPS-046-IT-Procurement-AI|OPS-047-System-Integration-AI|OPS-048-Data-Backup-AI|OPS-049-Business-Continuity-AI|OPS-050-Compliance-Audit-AI|OPS-051-Document-Collaboration-AI|OPS-052-Video-Conferencing-AI|OPS-053-Email-Management-AI|OPS-054-Calendar-Optimization-AI|OPS-055-Project-Budget-AI|OPS-056-Resource-Forecasting-AI|OPS-057-Task-Prioritization-AI|OPS-059-Meeting-Minutes-AI|OPS-060-Document-Translation-AI|OPS-061-Form-Automation-AI|OPS-062-Report-Generation-AI|OPS-063-Dashboard-Creation-AI|OPS-064-Analytics-Platform-AI|OPS-065-Data-Cleaning-AI|OPS-066-Workflow-Management-AI|COMM-036-Public-Infrastructure-AI,Fractional Cto Agency|Event Planning Ai|Inventory Management Ai|Project Management Ai|Document Automation Ai|Meeting Assistant Ai|Recruitment Ai|Onboarding Ai|Training Platform Ai|Performance Review Ai|It Support Ai|Facilities Management Ai|Travel Booking Ai|Expense Management Ai|Contract Management Ai|Compliance Monitoring Ai|Quality Control Ai|Asset Management Ai|Time Tracking Ai|Document Security Ai|Knowledge Management Ai|Meeting Transcription Ai|Task Automation Ai|Resource Allocation Ai|Budget Planning Ai|Cost Optimization Ai|Procurement Ai|Vendor Management Ai|Contract Negotiation Ai|Legal Document Ai|Compliance Reporting Ai|Training Content Ai|Employee Engagement Ai|Succession Planning Ai|Workspace Design Ai|Energy Efficiency Ai|Security Monitoring Ai|Health Safety Ai|Disaster Recovery Ai|It Asset Management|Cloud Cost Management|Data Governance Ai|Network Monitoring Ai|Software Licensing Ai|It Procurement Ai|System Integration Ai|Data Backup Ai|Business Continuity Ai|Compliance Audit Ai|Document Collaboration Ai|Video Conferencing Ai|Email Management Ai|Calendar Optimization Ai|Project Budget Ai|Resource Forecasting Ai|Task Prioritization Ai|Meeting Minutes Ai|Document Translation Ai|Form Automation Ai|Report Generation Ai|Dashboard Creation Ai|Analytics Platform Ai|Data Cleaning Ai|Workflow Management Ai|Public Infrastructure Ai,aligned
Worldwidebro/comm-037-neighborhood-development-ai,comm-037-neighborhood-development-ai,True,Civilization OS — COMM-037-Neighborhood-Development-AI,TypeScript,0,1,COMM-037-Neighborhood-Development-AI,Neighborhood Development Ai,aligned
Worldwidebro/comm-038-community-policing-ai,comm-038-community-policing-ai,True,Civilization OS — COMM-038-Community-Policing-AI,TypeScript,0,1,COMM-038-Community-Policing-AI,Community Policing Ai,aligned
Worldwidebro/comm-039-public-space-ai,comm-039-public-space-ai,True,Civilization OS — COMM-039-Public-Space-AI,TypeScript,0,1,COMM-039-Public-Space-AI,Public Space Ai,aligned
Worldwidebro/comm-040-community-recycling-ai,comm-040-community-recycling-ai,True,Civilization OS — COMM-040-Community-Recycling-AI,TypeScript,0,1,COMM-040-Community-Recycling-AI,Community Recycling Ai,aligned
Worldwidebro/comm-041-public-wi-fi-ai,comm-041-public-wi-fi-ai,True,Civilization OS — COMM-041-Public-Wi-Fi-AI,TypeScript,0,1,COMM-041-Public-Wi-Fi-AI,Public Wi Fi Ai,aligned
Worldwidebro/comm-042-community-energy-ai,comm-042-community-energy-ai,True,Civilization OS — COMM-042-Community-Energy-AI,TypeScript,0,1,COMM-042-Community-Energy-AI,Community Energy Ai,aligned
Worldwidebro/comm-043-local-food-network-ai,comm-043-local-food-network-ai,True,Civilization OS — COMM-043-Local-Food-Network-AI,TypeScript,0,1,COMM-043-Local-Food-Network-AI,Local Food Network Ai,aligned
Worldwidebro/comm-044-community-volunteering-ai,comm-044-community-volunteering-ai,True,Civilization OS — COMM-044-Community-Volunteering-AI,TypeScript,0,1,COMM-044-Community-Volunteering-AI,Community Volunteering Ai,aligned
Worldwidebro/comm-045-public-childcare-ai,comm-045-public-childcare-ai,True,Civilization OS — COMM-045-Public-Childcare-AI,TypeScript,0,1,COMM-045-Public-Childcare-AI,Public Childcare Ai,aligned
Worldwidebro/comm-046-community-pet-care-ai,comm-046-community-pet-care-ai,True,Civilization OS — COMM-046-Community-Pet-Care-AI,TypeScript,0,1,COMM-046-Community-Pet-Care-AI,Community Pet Care Ai,aligned
Worldwidebro/comm-047-public-fitness-ai,comm-047-public-fitness-ai,True,Civilization OS — COMM-047-Public-Fitness-AI,TypeScript,0,1,COMM-047-Public-Fitness-AI,Public Fitness Ai,aligned
Worldwidebro/comm-048-community-transportation-ai,comm-048-community-transportation-ai,True,Civilization OS — COMM-048-Community-Transportation-AI,TypeScript,0,1,COMM-048-Community-Transportation-AI,Community Transportation Ai,aligned
Worldwidebro/comm-049-public-event-ai,comm-049-public-event-ai,True,Civilization OS — COMM-049-Public-Event-AI,TypeScript,0,1,COMM-049-Public-Event-AI,Public Event Ai,aligned
Worldwidebro/comm-050-community-cultural-ai,comm-050-community-cultural-ai,True,Civilization OS — COMM-050-Community-Cultural-AI,TypeScript,0,1,COMM-050-Community-Cultural-AI,Community Cultural Ai,aligned
Worldwidebro/con-001-ace-construction,con-001-ace-construction,True,CON-001: Ace Construction - Construction services venture,TypeScript,0,20,CON-001-ACE-CONSTRUCTION|CON-002-RESIDENTIAL-CONSTRUCTION|CON-003-COMMERCIAL-CONSTRUCTION|CON-004-INDUSTRIAL-CONSTRUCTION|CON-005-CONSTRUCTION-EQUIPMENT-RENTAL|CON-006-CONSTRUCTION-PROJECT-MANAGEMENT|CON-007-GREEN-BUILDING-SERVICES|CON-008-HOME-RENOVATION-SERVICES|CON-009-ROOFING-COMPANY|CON-010-PLUMBING-SERVICES|CON-011-ELECTRICAL-SERVICES|CON-012-HVAC-SERVICES|CON-013-PAINTING-SERVICES|CON-014-FLOORING-SERVICES|CON-015-LANDSCAPING-SERVICES|CON-016-DEMOLITION-SERVICES|CON-017-CONCRETE-SERVICES|CON-018-CARPENTRY-SERVICES|CON-019-WINDOW-INSTALLATION|CON-020-INSULATION-SERVICES,Ace Construction|Residential Construction|Commercial Construction|Industrial Construction|Construction Equipment Rental|Construction Project Management|Green Building Services|Home Renovation Services|Roofing Company|Plumbing Services|Electrical Services|HVAC Services|Painting Services|Flooring Services|Landscaping Services|Demolition Services|Concrete Services|Carpentry Services|Window Installation|Insulation Services,aligned
Worldwidebro/con-002-residential-construction,con-002-residential-construction,True,,HTML,0,20,CON-001-ACE-CONSTRUCTION|CON-002-RESIDENTIAL-CONSTRUCTION|CON-003-COMMERCIAL-CONSTRUCTION|CON-004-INDUSTRIAL-CONSTRUCTION|CON-005-CONSTRUCTION-EQUIPMENT-RENTAL|CON-006-CONSTRUCTION-PROJECT-MANAGEMENT|CON-007-GREEN-BUILDING-SERVICES|CON-008-HOME-RENOVATION-SERVICES|CON-009-ROOFING-COMPANY|CON-010-PLUMBING-SERVICES|CON-011-ELECTRICAL-SERVICES|CON-012-HVAC-SERVICES|CON-013-PAINTING-SERVICES|CON-014-FLOORING-SERVICES|CON-015-LANDSCAPING-SERVICES|CON-016-DEMOLITION-SERVICES|CON-017-CONCRETE-SERVICES|CON-018-CARPENTRY-SERVICES|CON-019-WINDOW-INSTALLATION|CON-020-INSULATION-SERVICES,Ace Construction|Residential Construction|Commercial Construction|Industrial Construction|Construction Equipment Rental|Construction Project Management|Green Building Services|Home Renovation Services|Roofing Company|Plumbing Services|Electrical Services|HVAC Services|Painting Services|Flooring Services|Landscaping Services|Demolition Services|Concrete Services|Carpentry Services|Window Installation|Insulation Services,aligned
Worldwidebro/con-003-commercial-construction,con-003-commercial-construction,True,,HTML,0,20,CON-001-ACE-CONSTRUCTION|CON-002-RESIDENTIAL-CONSTRUCTION|CON-003-COMMERCIAL-CONSTRUCTION|CON-004-INDUSTRIAL-CONSTRUCTION|CON-005-CONSTRUCTION-EQUIPMENT-RENTAL|CON-006-CONSTRUCTION-PROJECT-MANAGEMENT|CON-007-GREEN-BUILDING-SERVICES|CON-008-HOME-RENOVATION-SERVICES|CON-009-ROOFING-COMPANY|CON-010-PLUMBING-SERVICES|CON-011-ELECTRICAL-SERVICES|CON-012-HVAC-SERVICES|CON-013-PAINTING-SERVICES|CON-014-FLOORING-SERVICES|CON-015-LANDSCAPING-SERVICES|CON-016-DEMOLITION-SERVICES|CON-017-CONCRETE-SERVICES|CON-018-CARPENTRY-SERVICES|CON-019-WINDOW-INSTALLATION|CON-020-INSULATION-SERVICES,Ace Construction|Residential Construction|Commercial Construction|Industrial Construction|Construction Equipment Rental|Construction Project Management|Green Building Services|Home Renovation Services|Roofing Company|Plumbing Services|Electrical Services|HVAC Services|Painting Services|Flooring Services|Landscaping Services|Demolition Services|Concrete Services|Carpentry Services|Window Installation|Insulation Services,aligned
Worldwidebro/con-004-industrial-construction,con-004-industrial-construction,True,,HTML,0,20,CON-001-ACE-CONSTRUCTION|CON-002-RESIDENTIAL-CONSTRUCTION|CON-003-COMMERCIAL-CONSTRUCTION|CON-004-INDUSTRIAL-CONSTRUCTION|CON-005-CONSTRUCTION-EQUIPMENT-RENTAL|CON-006-CONSTRUCTION-PROJECT-MANAGEMENT|CON-007-GREEN-BUILDING-SERVICES|CON-008-HOME-RENOVATION-SERVICES|CON-009-ROOFING-COMPANY|CON-010-PLUMBING-SERVICES|CON-011-ELECTRICAL-SERVICES|CON-012-HVAC-SERVICES|CON-013-PAINTING-SERVICES|CON-014-FLOORING-SERVICES|CON-015-LANDSCAPING-SERVICES|CON-016-DEMOLITION-SERVICES|CON-017-CONCRETE-SERVICES|CON-018-CARPENTRY-SERVICES|CON-019-WINDOW-INSTALLATION|CON-020-INSULATION-SERVICES,Ace Construction|Residential Construction|Commercial Construction|Industrial Construction|Construction Equipment Rental|Construction Project Management|Green Building Services|Home Renovation Services|Roofing Company|Plumbing Services|Electrical Services|HVAC Services|Painting Services|Flooring Services|Landscaping Services|Demolition Services|Concrete Services|Carpentry Services|Window Installation|Insulation Services,aligned
Worldwidebro/con-005-construction-equipment-rental,con-005-construction-equipment-rental,True,,HTML,0,20,CON-001-ACE-CONSTRUCTION|CON-002-RESIDENTIAL-CONSTRUCTION|CON-003-COMMERCIAL-CONSTRUCTION|CON-004-INDUSTRIAL-CONSTRUCTION|CON-005-CONSTRUCTION-EQUIPMENT-RENTAL|CON-006-CONSTRUCTION-PROJECT-MANAGEMENT|CON-007-GREEN-BUILDING-SERVICES|CON-008-HOME-RENOVATION-SERVICES|CON-009-ROOFING-COMPANY|CON-010-PLUMBING-SERVICES|CON-011-ELECTRICAL-SERVICES|CON-012-HVAC-SERVICES|CON-013-PAINTING-SERVICES|CON-014-FLOORING-SERVICES|CON-015-LANDSCAPING-SERVICES|CON-016-DEMOLITION-SERVICES|CON-017-CONCRETE-SERVICES|CON-018-CARPENTRY-SERVICES|CON-019-WINDOW-INSTALLATION|CON-020-INSULATION-SERVICES,Ace Construction|Residential Construction|Commercial Construction|Industrial Construction|Construction Equipment Rental|Construction Project Management|Green Building Services|Home Renovation Services|Roofing Company|Plumbing Services|Electrical Services|HVAC Services|Painting Services|Flooring Services|Landscaping Services|Demolition Services|Concrete Services|Carpentry Services|Window Installation|Insulation Services,aligned
Worldwidebro/con-006-construction-project-management,con-006-construction-project-management,True,,HTML,0,20,CON-001-ACE-CONSTRUCTION|CON-002-RESIDENTIAL-CONSTRUCTION|CON-003-COMMERCIAL-CONSTRUCTION|CON-004-INDUSTRIAL-CONSTRUCTION|CON-005-CONSTRUCTION-EQUIPMENT-RENTAL|CON-006-CONSTRUCTION-PROJECT-MANAGEMENT|CON-007-GREEN-BUILDING-SERVICES|CON-008-HOME-RENOVATION-SERVICES|CON-009-ROOFING-COMPANY|CON-010-PLUMBING-SERVICES|CON-011-ELECTRICAL-SERVICES|CON-012-HVAC-SERVICES|CON-013-PAINTING-SERVICES|CON-014-FLOORING-SERVICES|CON-015-LANDSCAPING-SERVICES|CON-016-DEMOLITION-SERVICES|CON-017-CONCRETE-SERVICES|CON-018-CARPENTRY-SERVICES|CON-019-WINDOW-INSTALLATION|CON-020-INSULATION-SERVICES,Ace Construction|Residential Construction|Commercial Construction|Industrial Construction|Construction Equipment Rental|Construction Project Management|Green Building Services|Home Renovation Services|Roofing Company|Plumbing Services|Electrical Services|HVAC Services|Painting Services|Flooring Services|Landscaping Services|Demolition Services|Concrete Services|Carpentry Services|Window Installation|Insulation Services,aligned
Worldwidebro/con-007-green-building-services,con-007-green-building-services,True,,HTML,0,11,CON-001-ACE-CONSTRUCTION|CON-002-RESIDENTIAL-CONSTRUCTION|CON-003-COMMERCIAL-CONSTRUCTION|CON-004-INDUSTRIAL-CONSTRUCTION|CON-005-CONSTRUCTION-EQUIPMENT-RENTAL|CON-006-CONSTRUCTION-PROJECT-MANAGEMENT|CON-007-GREEN-BUILDING-SERVICES|CON-010-PLUMBING-SERVICES|CON-012-HVAC-SERVICES|CON-013-PAINTING-SERVICES|CON-017-CONCRETE-SERVICES,Ace Construction|Residential Construction|Commercial Construction|Industrial Construction|Construction Equipment Rental|Construction Project Management|Green Building Services|Plumbing Services|HVAC Services|Painting Services|Concrete Services,aligned
Worldwidebro/con-008-home-renovation-services,con-008-home-renovation-services,True,,HTML,0,2,CON-002-RESIDENTIAL-CONSTRUCTION|CON-008-HOME-RENOVATION-SERVICES,Residential Construction|Home Renovation Services,aligned
Worldwidebro/con-009-roofing-company,con-009-roofing-company,True,,HTML,0,1,CON-009-ROOFING-COMPANY,Roofing Company,aligned
Worldwidebro/con-010-plumbing-services,con-010-plumbing-services,True,,HTML,0,1,CON-010-PLUMBING-SERVICES,Plumbing Services,aligned
Worldwidebro/con-011-electrical-services,con-011-electrical-services,True,,HTML,0,1,CON-011-ELECTRICAL-SERVICES,Electrical Services,aligned
Worldwidebro/con-012-hvac-services,con-012-hvac-services,True,,HTML,0,1,CON-012-HVAC-SERVICES,HVAC Services,aligned
Worldwidebro/con-013-painting-services,con-013-painting-services,True,,HTML,0,1,CON-013-PAINTING-SERVICES,Painting Services,aligned
Worldwidebro/con-014-flooring-services,con-014-flooring-services,True,,HTML,0,1,CON-014-FLOORING-SERVICES,Flooring Services,aligned
Worldwidebro/con-015-landscaping-services,con-015-landscaping-services,True,,HTML,0,1,CON-015-LANDSCAPING-SERVICES,Landscaping Services,aligned
Worldwidebro/con-016-demolition-services,con-016-demolition-services,True,,HTML,0,1,CON-016-DEMOLITION-SERVICES,Demolition Services,aligned
Worldwidebro/con-017-concrete-services,con-017-concrete-services,True,,HTML,0,1,CON-017-CONCRETE-SERVICES,Concrete Services,aligned
Worldwidebro/con-018-carpentry-services,con-018-carpentry-services,True,,HTML,0,1,CON-018-CARPENTRY-SERVICES,Carpentry Services,aligned
Worldwidebro/con-019-window-installation,con-019-window-installation,True,,HTML,0,1,CON-019-WINDOW-INSTALLATION,Window Installation,aligned
Worldwidebro/con-020-insulation-services,con-020-insulation-services,True,,HTML,0,1,CON-020-INSULATION-SERVICES,Insulation Services,aligned
Worldwidebro/divine-johns-portfolio,divine-johns-portfolio,True,Personal portfolio website,HTML,0,1,PROFILE-001-DIVINE-JOHNS-PORTFOLIO,Divine Johns Portfolio,aligned
Worldwidebro/ec-001-angels-in-daylight,ec-001-angels-in-daylight,True,Civilization OS — EC-001-Angels-in-Daylight,,0,110,EC-001-Angels-in-Daylight|EC-002-New-World-Apparel|EC-003-Shopify-Autopilot|EC-004-Shoe-Customizer|EC-005-Sunglasses-AI|EC-006-Dropship-Hub|EC-007-Personal-Shopper-AI|EC-008-Custom-Sneaker-AI|EC-009-Sustainable-Fashion-AI|EC-010-Jewelry-Designer-AI|EC-011-Virtual-Try-On-AI|EC-012-Fashion-Designer-AI|EC-013-Merch-Licensing|EC-014-Subscription-Box-AI|EC-015-Surf-Gear-AI|EC-016-Ski-Gear-AI|EC-017-Golf-Gear-AI|EC-018-Fishing-Gear-AI|EC-019-Yoga-Gear-AI|EC-020-Costume-Shop-AI|EC-021-Luggage-AI|EC-022-Home-Appliance-AI|EC-023-Tool-Shop-AI|EC-024-Garden-Supply-AI|EC-025-Collectible-AI|EC-026-Hobby-Shop-AI|EC-027-Kids-Toy-Line|EC-028-NFT-Fashion-Licensing|EC-029-Instant-Brand-Generator|EC-030-AI-Product-Photographer|EC-031-Automated-Inventory-Forecaster|EC-032-Dynamic-Pricing-Engine|EC-033-Ad-Optimizer-AI|EC-034-Recommendation-Engine|EC-035-Review-Aggregator-AI|EC-036-Fulfillment-Network-AI|EC-037-Return-Optimization-AI|EC-038-Chatbot-Customer-Service|EC-039-Visual-Search-AI|EC-040-Abandoned-Cart-Recovery|EC-041-Seasonal-Trend-Predictor|EC-042-Influencer-Matchmaker|EC-043-UGC-Content-Aggregator|EC-044-Live-Commerce-Platform|EC-045-AR-Virtual-Fitting-Room|EC-046-3D-Product-Viewer|EC-047-Carbon-Footprint-Tracker|EC-048-Wholesale-Marketplace-AI|EC-049-Rental-Marketplace|EC-050-AI-Product-Descriptions|EC-051-AI-Email-Marketing|EC-052-AI-Product-Bundler|EC-053-AI-Visual-Merchandiser|EC-054-AI-Demand-Forecasting|EC-055-AI-Warehouse-Management|EC-056-AI-Supplier-Matching|EC-057-AI-Quality-Control|EC-058-AI-Packaging-Designer|EC-059-AI-Logistics-Planner|EC-060-AI-Customer-Loyalty|EC-061-AI-Gift-Finder|EC-062-AI-Trend-Hunter|EC-063-AI-Market-Research|EC-064-AI-Competitor-Watcher|EC-065-AI-Product-Development|EC-066-AI-Customer-Journey|EC-067-AI-Payment-Optimization|EC-068-AI-Returns-Management|EC-069-AI-Shipping-Labeler|EC-070-AI-Product-Launch-Coach|EC-071-AI-Vendor-Negotiator|EC-072-AI-Product-Cataloger|EC-073-AI-Order-Prioritizer|EC-074-AI-Customer-Segmentation|EC-075-AI-Pricing-Analyst|EC-076-AI-Sales-Forecasting|EC-077-AI-Inventory-Reordering|EC-078-AI-Product-Comparison|EC-079-AI-Customer-Feedback|EC-080-AI-Product-Updates|EC-081-AI-Cross-Selling|EC-082-AI-Up-Selling|EC-083-AI-Product-Education|EC-084-AI-Purchase-Timing|EC-085-AI-Customer-Support|EC-086-AI-Order-Tracking|EC-087-AI-Product-Reviews|EC-088-AI-Customer-Community|EC-089-AI-Product-Customization|EC-090-AI-Gift-Registry|EC-091-AI-Wedding-Registry|EC-092-AI-Baby-Registry|EC-093-AI-Holiday-Planner|EC-094-AI-Personal-Shopper|EC-095-AI-Color-Match|EC-096-AI-Fabric-Advisor|EC-097-AI-Fit-Recommendation|EC-098-AI-Outfit-Builder|EC-099-AI-Seasonal-Forecast|EC-100-AI-Wardrobe-Planner|EC-101-AI-Accessory-Match|EC-102-AI-Shoe-Match|EC-103-AI-Jewelry-Match|EC-104-AI-Bag-Match|EC-105-AI-Color-Palette|EC-106-AI-Outfit-Recycling|EC-107-AI-Style-Evolution|EC-108-AI-Budget-Stylist|EC-109-AI-Trend-Archive|EC-110-AI-Vintage-Advisor,Angels In Daylight|New World Apparel|Shopify Autopilot|Shoe Customizer|Sunglasses Ai|Dropship Hub|Personal Shopper Ai|Custom Sneaker Ai|Sustainable Fashion Ai|Jewelry Designer Ai|Virtual Try On Ai|Fashion Designer Ai|Merch Licensing|Subscription Box Ai|Surf Gear Ai|Ski Gear Ai|Golf Gear Ai|Fishing Gear Ai|Yoga Gear Ai|Costume Shop Ai|Luggage Ai|Home Appliance Ai|Tool Shop Ai|Garden Supply Ai|Collectible Ai|Hobby Shop Ai|Kids Toy Line|Nft Fashion Licensing|Instant Brand Generator|Ai Product Photographer|Automated Inventory Forecaster|Dynamic Pricing Engine|Ad Optimizer Ai|Recommendation Engine|Review Aggregator Ai|Fulfillment Network Ai|Return Optimization Ai|Chatbot Customer Service|Visual Search Ai|Abandoned Cart Recovery|Seasonal Trend Predictor|Influencer Matchmaker|Ugc Content Aggregator|Live Commerce Platform|Ar Virtual Fitting Room|3D Product Viewer|Carbon Footprint Tracker|Wholesale Marketplace Ai|Rental Marketplace|Ai Product Descriptions|Ai Email Marketing|Ai Product Bundler|Ai Visual Merchandiser|Ai Demand Forecasting|Ai Warehouse Management|Ai Supplier Matching|Ai Quality Control|Ai Packaging Designer|Ai Logistics Planner|Ai Customer Loyalty|Ai Gift Finder|Ai Trend Hunter|Ai Market Research|Ai Competitor Watcher|Ai Product Development|Ai Customer Journey|Ai Payment Optimization|Ai Returns Management|Ai Shipping Labeler|Ai Product Launch Coach|Ai Vendor Negotiator|Ai Product Cataloger|Ai Order Prioritizer|Ai Customer Segmentation|Ai Pricing Analyst|Ai Sales Forecasting|Ai Inventory Reordering|Ai Product Comparison|Ai Customer Feedback|Ai Product Updates|Ai Cross Selling|Ai Up Selling|Ai Product Education|Ai Purchase Timing|Ai Customer Support|Ai Order Tracking|Ai Product Reviews|Ai Customer Community|Ai Product Customization|Ai Gift Registry|Ai Wedding Registry|Ai Baby Registry|Ai Holiday Planner|Ai Personal Shopper|Ai Color Match|Ai Fabric Advisor|Ai Fit Recommendation|Ai Outfit Builder|Ai Seasonal Forecast|Ai Wardrobe Planner|Ai Accessory Match|Ai Shoe Match|Ai Jewelry Match|Ai Bag Match|Ai Color Palette|Ai Outfit Recycling|Ai Style Evolution|Ai Budget Stylist|Ai Trend Archive|Ai Vintage Advisor,aligned
Worldwidebro/ec-002-new-world-apparel,ec-002-new-world-apparel,True,Civilization OS — EC-002-New-World-Apparel,JavaScript,0,110,EC-001-Angels-in-Daylight|EC-002-New-World-Apparel|EC-003-Shopify-Autopilot|EC-004-Shoe-Customizer|EC-005-Sunglasses-AI|EC-006-Dropship-Hub|EC-007-Personal-Shopper-AI|EC-008-Custom-Sneaker-AI|EC-009-Sustainable-Fashion-AI|EC-010-Jewelry-Designer-AI|EC-011-Virtual-Try-On-AI|EC-012-Fashion-Designer-AI|EC-013-Merch-Licensing|EC-014-Subscription-Box-AI|EC-015-Surf-Gear-AI|EC-016-Ski-Gear-AI|EC-017-Golf-Gear-AI|EC-018-Fishing-Gear-AI|EC-019-Yoga-Gear-AI|EC-020-Costume-Shop-AI|EC-021-Luggage-AI|EC-022-Home-Appliance-AI|EC-023-Tool-Shop-AI|EC-024-Garden-Supply-AI|EC-025-Collectible-AI|EC-026-Hobby-Shop-AI|EC-027-Kids-Toy-Line|EC-028-NFT-Fashion-Licensing|EC-029-Instant-Brand-Generator|EC-030-AI-Product-Photographer|EC-031-Automated-Inventory-Forecaster|EC-032-Dynamic-Pricing-Engine|EC-033-Ad-Optimizer-AI|EC-034-Recommendation-Engine|EC-035-Review-Aggregator-AI|EC-036-Fulfillment-Network-AI|EC-037-Return-Optimization-AI|EC-038-Chatbot-Customer-Service|EC-039-Visual-Search-AI|EC-040-Abandoned-Cart-Recovery|EC-041-Seasonal-Trend-Predictor|EC-042-Influencer-Matchmaker|EC-043-UGC-Content-Aggregator|EC-044-Live-Commerce-Platform|EC-045-AR-Virtual-Fitting-Room|EC-046-3D-Product-Viewer|EC-047-Carbon-Footprint-Tracker|EC-048-Wholesale-Marketplace-AI|EC-049-Rental-Marketplace|EC-050-AI-Product-Descriptions|EC-051-AI-Email-Marketing|EC-052-AI-Product-Bundler|EC-053-AI-Visual-Merchandiser|EC-054-AI-Demand-Forecasting|EC-055-AI-Warehouse-Management|EC-056-AI-Supplier-Matching|EC-057-AI-Quality-Control|EC-058-AI-Packaging-Designer|EC-059-AI-Logistics-Planner|EC-060-AI-Customer-Loyalty|EC-061-AI-Gift-Finder|EC-062-AI-Trend-Hunter|EC-063-AI-Market-Research|EC-064-AI-Competitor-Watcher|EC-065-AI-Product-Development|EC-066-AI-Customer-Journey|EC-067-AI-Payment-Optimization|EC-068-AI-Returns-Management|EC-069-AI-Shipping-Labeler|EC-070-AI-Product-Launch-Coach|EC-071-AI-Vendor-Negotiator|EC-072-AI-Product-Cataloger|EC-073-AI-Order-Prioritizer|EC-074-AI-Customer-Segmentation|EC-075-AI-Pricing-Analyst|EC-076-AI-Sales-Forecasting|EC-077-AI-Inventory-Reordering|EC-078-AI-Product-Comparison|EC-079-AI-Customer-Feedback|EC-080-AI-Product-Updates|EC-081-AI-Cross-Selling|EC-082-AI-Up-Selling|EC-083-AI-Product-Education|EC-084-AI-Purchase-Timing|EC-085-AI-Customer-Support|EC-086-AI-Order-Tracking|EC-087-AI-Product-Reviews|EC-088-AI-Customer-Community|EC-089-AI-Product-Customization|EC-090-AI-Gift-Registry|EC-091-AI-Wedding-Registry|EC-092-AI-Baby-Registry|EC-093-AI-Holiday-Planner|EC-094-AI-Personal-Shopper|EC-095-AI-Color-Match|EC-096-AI-Fabric-Advisor|EC-097-AI-Fit-Recommendation|EC-098-AI-Outfit-Builder|EC-099-AI-Seasonal-Forecast|EC-100-AI-Wardrobe-Planner|EC-101-AI-Accessory-Match|EC-102-AI-Shoe-Match|EC-103-AI-Jewelry-Match|EC-104-AI-Bag-Match|EC-105-AI-Color-Palette|EC-106-AI-Outfit-Recycling|EC-107-AI-Style-Evolution|EC-108-AI-Budget-Stylist|EC-109-AI-Trend-Archive|EC-110-AI-Vintage-Advisor,Angels In Daylight|New World Apparel|Shopify Autopilot|Shoe Customizer|Sunglasses Ai|Dropship Hub|Personal Shopper Ai|Custom Sneaker Ai|Sustainable Fashion Ai|Jewelry Designer Ai|Virtual Try On Ai|Fashion Designer Ai|Merch Licensing|Subscription Box Ai|Surf Gear Ai|Ski Gear Ai|Golf Gear Ai|Fishing Gear Ai|Yoga Gear Ai|Costume Shop Ai|Luggage Ai|Home Appliance Ai|Tool Shop Ai|Garden Supply Ai|Collectible Ai|Hobby Shop Ai|Kids Toy Line|Nft Fashion Licensing|Instant Brand Generator|Ai Product Photographer|Automated Inventory Forecaster|Dynamic Pricing Engine|Ad Optimizer Ai|Recommendation Engine|Review Aggregator Ai|Fulfillment Network Ai|Return Optimization Ai|Chatbot Customer Service|Visual Search Ai|Abandoned Cart Recovery|Seasonal Trend Predictor|Influencer Matchmaker|Ugc Content Aggregator|Live Commerce Platform|Ar Virtual Fitting Room|3D Product Viewer|Carbon Footprint Tracker|Wholesale Marketplace Ai|Rental Marketplace|Ai Product Descriptions|Ai Email Marketing|Ai Product Bundler|Ai Visual Merchandiser|Ai Demand Forecasting|Ai Warehouse Management|Ai Supplier Matching|Ai Quality Control|Ai Packaging Designer|Ai Logistics Planner|Ai Customer Loyalty|Ai Gift Finder|Ai Trend Hunter|Ai Market Research|Ai Competitor Watcher|Ai Product Development|Ai Customer Journey|Ai Payment Optimization|Ai Returns Management|Ai Shipping Labeler|Ai Product Launch Coach|Ai Vendor Negotiator|Ai Product Cataloger|Ai Order Prioritizer|Ai Customer Segmentation|Ai Pricing Analyst|Ai Sales Forecasting|Ai Inventory Reordering|Ai Product Comparison|Ai Customer Feedback|Ai Product Updates|Ai Cross Selling|Ai Up Selling|Ai Product Education|Ai Purchase Timing|Ai Customer Support|Ai Order Tracking|Ai Product Reviews|Ai Customer Community|Ai Product Customization|Ai Gift Registry|Ai Wedding Registry|Ai Baby Registry|Ai Holiday Planner|Ai Personal Shopper|Ai Color Match|Ai Fabric Advisor|Ai Fit Recommendation|Ai Outfit Builder|Ai Seasonal Forecast|Ai Wardrobe Planner|Ai Accessory Match|Ai Shoe Match|Ai Jewelry Match|Ai Bag Match|Ai Color Palette|Ai Outfit Recycling|Ai Style Evolution|Ai Budget Stylist|Ai Trend Archive|Ai Vintage Advisor,aligned
Worldwidebro/ec-003-hella-scars,ec-003-hella-scars,True,EC-003: Hella Scars - Urban streetwear + edgy fragrances,Python,0,110,EC-001-Angels-in-Daylight|EC-002-New-World-Apparel|EC-003-Shopify-Autopilot|EC-004-Shoe-Customizer|EC-005-Sunglasses-AI|EC-006-Dropship-Hub|EC-007-Personal-Shopper-AI|EC-008-Custom-Sneaker-AI|EC-009-Sustainable-Fashion-AI|EC-010-Jewelry-Designer-AI|EC-011-Virtual-Try-On-AI|EC-012-Fashion-Designer-AI|EC-013-Merch-Licensing|EC-014-Subscription-Box-AI|EC-015-Surf-Gear-AI|EC-016-Ski-Gear-AI|EC-017-Golf-Gear-AI|EC-018-Fishing-Gear-AI|EC-019-Yoga-Gear-AI|EC-020-Costume-Shop-AI|EC-021-Luggage-AI|EC-022-Home-Appliance-AI|EC-023-Tool-Shop-AI|EC-024-Garden-Supply-AI|EC-025-Collectible-AI|EC-026-Hobby-Shop-AI|EC-027-Kids-Toy-Line|EC-028-NFT-Fashion-Licensing|EC-029-Instant-Brand-Generator|EC-030-AI-Product-Photographer|EC-031-Automated-Inventory-Forecaster|EC-032-Dynamic-Pricing-Engine|EC-033-Ad-Optimizer-AI|EC-034-Recommendation-Engine|EC-035-Review-Aggregator-AI|EC-036-Fulfillment-Network-AI|EC-037-Return-Optimization-AI|EC-038-Chatbot-Customer-Service|EC-039-Visual-Search-AI|EC-040-Abandoned-Cart-Recovery|EC-041-Seasonal-Trend-Predictor|EC-042-Influencer-Matchmaker|EC-043-UGC-Content-Aggregator|EC-044-Live-Commerce-Platform|EC-045-AR-Virtual-Fitting-Room|EC-046-3D-Product-Viewer|EC-047-Carbon-Footprint-Tracker|EC-048-Wholesale-Marketplace-AI|EC-049-Rental-Marketplace|EC-050-AI-Product-Descriptions|EC-051-AI-Email-Marketing|EC-052-AI-Product-Bundler|EC-053-AI-Visual-Merchandiser|EC-054-AI-Demand-Forecasting|EC-055-AI-Warehouse-Management|EC-056-AI-Supplier-Matching|EC-057-AI-Quality-Control|EC-058-AI-Packaging-Designer|EC-059-AI-Logistics-Planner|EC-060-AI-Customer-Loyalty|EC-061-AI-Gift-Finder|EC-062-AI-Trend-Hunter|EC-063-AI-Market-Research|EC-064-AI-Competitor-Watcher|EC-065-AI-Product-Development|EC-066-AI-Customer-Journey|EC-067-AI-Payment-Optimization|EC-068-AI-Returns-Management|EC-069-AI-Shipping-Labeler|EC-070-AI-Product-Launch-Coach|EC-071-AI-Vendor-Negotiator|EC-072-AI-Product-Cataloger|EC-073-AI-Order-Prioritizer|EC-074-AI-Customer-Segmentation|EC-075-AI-Pricing-Analyst|EC-076-AI-Sales-Forecasting|EC-077-AI-Inventory-Reordering|EC-078-AI-Product-Comparison|EC-079-AI-Customer-Feedback|EC-080-AI-Product-Updates|EC-081-AI-Cross-Selling|EC-082-AI-Up-Selling|EC-083-AI-Product-Education|EC-084-AI-Purchase-Timing|EC-085-AI-Customer-Support|EC-086-AI-Order-Tracking|EC-087-AI-Product-Reviews|EC-088-AI-Customer-Community|EC-089-AI-Product-Customization|EC-090-AI-Gift-Registry|EC-091-AI-Wedding-Registry|EC-092-AI-Baby-Registry|EC-093-AI-Holiday-Planner|EC-094-AI-Personal-Shopper|EC-095-AI-Color-Match|EC-096-AI-Fabric-Advisor|EC-097-AI-Fit-Recommendation|EC-098-AI-Outfit-Builder|EC-099-AI-Seasonal-Forecast|EC-100-AI-Wardrobe-Planner|EC-101-AI-Accessory-Match|EC-102-AI-Shoe-Match|EC-103-AI-Jewelry-Match|EC-104-AI-Bag-Match|EC-105-AI-Color-Palette|EC-106-AI-Outfit-Recycling|EC-107-AI-Style-Evolution|EC-108-AI-Budget-Stylist|EC-109-AI-Trend-Archive|EC-110-AI-Vintage-Advisor,Angels In Daylight|New World Apparel|Shopify Autopilot|Shoe Customizer|Sunglasses Ai|Dropship Hub|Personal Shopper Ai|Custom Sneaker Ai|Sustainable Fashion Ai|Jewelry Designer Ai|Virtual Try On Ai|Fashion Designer Ai|Merch Licensing|Subscription Box Ai|Surf Gear Ai|Ski Gear Ai|Golf Gear Ai|Fishing Gear Ai|Yoga Gear Ai|Costume Shop Ai|Luggage Ai|Home Appliance Ai|Tool Shop Ai|Garden Supply Ai|Collectible Ai|Hobby Shop Ai|Kids Toy Line|Nft Fashion Licensing|Instant Brand Generator|Ai Product Photographer|Automated Inventory Forecaster|Dynamic Pricing Engine|Ad Optimizer Ai|Recommendation Engine|Review Aggregator Ai|Fulfillment Network Ai|Return Optimization Ai|Chatbot Customer Service|Visual Search Ai|Abandoned Cart Recovery|Seasonal Trend Predictor|Influencer Matchmaker|Ugc Content Aggregator|Live Commerce Platform|Ar Virtual Fitting Room|3D Product Viewer|Carbon Footprint Tracker|Wholesale Marketplace Ai|Rental Marketplace|Ai Product Descriptions|Ai Email Marketing|Ai Product Bundler|Ai Visual Merchandiser|Ai Demand Forecasting|Ai Warehouse Management|Ai Supplier Matching|Ai Quality Control|Ai Packaging Designer|Ai Logistics Planner|Ai Customer Loyalty|Ai Gift Finder|Ai Trend Hunter|Ai Market Research|Ai Competitor Watcher|Ai Product Development|Ai Customer Journey|Ai Payment Optimization|Ai Returns Management|Ai Shipping Labeler|Ai Product Launch Coach|Ai Vendor Negotiator|Ai Product Cataloger|Ai Order Prioritizer|Ai Customer Segmentation|Ai Pricing Analyst|Ai Sales Forecasting|Ai Inventory Reordering|Ai Product Comparison|Ai Customer Feedback|Ai Product Updates|Ai Cross Selling|Ai Up Selling|Ai Product Education|Ai Purchase Timing|Ai Customer Support|Ai Order Tracking|Ai Product Reviews|Ai Customer Community|Ai Product Customization|Ai Gift Registry|Ai Wedding Registry|Ai Baby Registry|Ai Holiday Planner|Ai Personal Shopper|Ai Color Match|Ai Fabric Advisor|Ai Fit Recommendation|Ai Outfit Builder|Ai Seasonal Forecast|Ai Wardrobe Planner|Ai Accessory Match|Ai Shoe Match|Ai Jewelry Match|Ai Bag Match|Ai Color Palette|Ai Outfit Recycling|Ai Style Evolution|Ai Budget Stylist|Ai Trend Archive|Ai Vintage Advisor,aligned
Worldwidebro/ec-003-shopify-autopilot,ec-003-shopify-autopilot,True,Civilization OS — EC-003-Shopify-Autopilot,,0,110,EC-001-Angels-in-Daylight|EC-002-New-World-Apparel|EC-003-Shopify-Autopilot|EC-004-Shoe-Customizer|EC-005-Sunglasses-AI|EC-006-Dropship-Hub|EC-007-Personal-Shopper-AI|EC-008-Custom-Sneaker-AI|EC-009-Sustainable-Fashion-AI|EC-010-Jewelry-Designer-AI|EC-011-Virtual-Try-On-AI|EC-012-Fashion-Designer-AI|EC-013-Merch-Licensing|EC-014-Subscription-Box-AI|EC-015-Surf-Gear-AI|EC-016-Ski-Gear-AI|EC-017-Golf-Gear-AI|EC-018-Fishing-Gear-AI|EC-019-Yoga-Gear-AI|EC-020-Costume-Shop-AI|EC-021-Luggage-AI|EC-022-Home-Appliance-AI|EC-023-Tool-Shop-AI|EC-024-Garden-Supply-AI|EC-025-Collectible-AI|EC-026-Hobby-Shop-AI|EC-027-Kids-Toy-Line|EC-028-NFT-Fashion-Licensing|EC-029-Instant-Brand-Generator|EC-030-AI-Product-Photographer|EC-031-Automated-Inventory-Forecaster|EC-032-Dynamic-Pricing-Engine|EC-033-Ad-Optimizer-AI|EC-034-Recommendation-Engine|EC-035-Review-Aggregator-AI|EC-036-Fulfillment-Network-AI|EC-037-Return-Optimization-AI|EC-038-Chatbot-Customer-Service|EC-039-Visual-Search-AI|EC-040-Abandoned-Cart-Recovery|EC-041-Seasonal-Trend-Predictor|EC-042-Influencer-Matchmaker|EC-043-UGC-Content-Aggregator|EC-044-Live-Commerce-Platform|EC-045-AR-Virtual-Fitting-Room|EC-046-3D-Product-Viewer|EC-047-Carbon-Footprint-Tracker|EC-048-Wholesale-Marketplace-AI|EC-049-Rental-Marketplace|EC-050-AI-Product-Descriptions|EC-051-AI-Email-Marketing|EC-052-AI-Product-Bundler|EC-053-AI-Visual-Merchandiser|EC-054-AI-Demand-Forecasting|EC-055-AI-Warehouse-Management|EC-056-AI-Supplier-Matching|EC-057-AI-Quality-Control|EC-058-AI-Packaging-Designer|EC-059-AI-Logistics-Planner|EC-060-AI-Customer-Loyalty|EC-061-AI-Gift-Finder|EC-062-AI-Trend-Hunter|EC-063-AI-Market-Research|EC-064-AI-Competitor-Watcher|EC-065-AI-Product-Development|EC-066-AI-Customer-Journey|EC-067-AI-Payment-Optimization|EC-068-AI-Returns-Management|EC-069-AI-Shipping-Labeler|EC-070-AI-Product-Launch-Coach|EC-071-AI-Vendor-Negotiator|EC-072-AI-Product-Cataloger|EC-073-AI-Order-Prioritizer|EC-074-AI-Customer-Segmentation|EC-075-AI-Pricing-Analyst|EC-076-AI-Sales-Forecasting|EC-077-AI-Inventory-Reordering|EC-078-AI-Product-Comparison|EC-079-AI-Customer-Feedback|EC-080-AI-Product-Updates|EC-081-AI-Cross-Selling|EC-082-AI-Up-Selling|EC-083-AI-Product-Education|EC-084-AI-Purchase-Timing|EC-085-AI-Customer-Support|EC-086-AI-Order-Tracking|EC-087-AI-Product-Reviews|EC-088-AI-Customer-Community|EC-089-AI-Product-Customization|EC-090-AI-Gift-Registry|EC-091-AI-Wedding-Registry|EC-092-AI-Baby-Registry|EC-093-AI-Holiday-Planner|EC-094-AI-Personal-Shopper|EC-095-AI-Color-Match|EC-096-AI-Fabric-Advisor|EC-097-AI-Fit-Recommendation|EC-098-AI-Outfit-Builder|EC-099-AI-Seasonal-Forecast|EC-100-AI-Wardrobe-Planner|EC-101-AI-Accessory-Match|EC-102-AI-Shoe-Match|EC-103-AI-Jewelry-Match|EC-104-AI-Bag-Match|EC-105-AI-Color-Palette|EC-106-AI-Outfit-Recycling|EC-107-AI-Style-Evolution|EC-108-AI-Budget-Stylist|EC-109-AI-Trend-Archive|EC-110-AI-Vintage-Advisor,Angels In Daylight|New World Apparel|Shopify Autopilot|Shoe Customizer|Sunglasses Ai|Dropship Hub|Personal Shopper Ai|Custom Sneaker Ai|Sustainable Fashion Ai|Jewelry Designer Ai|Virtual Try On Ai|Fashion Designer Ai|Merch Licensing|Subscription Box Ai|Surf Gear Ai|Ski Gear Ai|Golf Gear Ai|Fishing Gear Ai|Yoga Gear Ai|Costume Shop Ai|Luggage Ai|Home Appliance Ai|Tool Shop Ai|Garden Supply Ai|Collectible Ai|Hobby Shop Ai|Kids Toy Line|Nft Fashion Licensing|Instant Brand Generator|Ai Product Photographer|Automated Inventory Forecaster|Dynamic Pricing Engine|Ad Optimizer Ai|Recommendation Engine|Review Aggregator Ai|Fulfillment Network Ai|Return Optimization Ai|Chatbot Customer Service|Visual Search Ai|Abandoned Cart Recovery|Seasonal Trend Predictor|Influencer Matchmaker|Ugc Content Aggregator|Live Commerce Platform|Ar Virtual Fitting Room|3D Product Viewer|Carbon Footprint Tracker|Wholesale Marketplace Ai|Rental Marketplace|Ai Product Descriptions|Ai Email Marketing|Ai Product Bundler|Ai Visual Merchandiser|Ai Demand Forecasting|Ai Warehouse Management|Ai Supplier Matching|Ai Quality Control|Ai Packaging Designer|Ai Logistics Planner|Ai Customer Loyalty|Ai Gift Finder|Ai Trend Hunter|Ai Market Research|Ai Competitor Watcher|Ai Product Development|Ai Customer Journey|Ai Payment Optimization|Ai Returns Management|Ai Shipping Labeler|Ai Product Launch Coach|Ai Vendor Negotiator|Ai Product Cataloger|Ai Order Prioritizer|Ai Customer Segmentation|Ai Pricing Analyst|Ai Sales Forecasting|Ai Inventory Reordering|Ai Product Comparison|Ai Customer Feedback|Ai Product Updates|Ai Cross Selling|Ai Up Selling|Ai Product Education|Ai Purchase Timing|Ai Customer Support|Ai Order Tracking|Ai Product Reviews|Ai Customer Community|Ai Product Customization|Ai Gift Registry|Ai Wedding Registry|Ai Baby Registry|Ai Holiday Planner|Ai Personal Shopper|Ai Color Match|Ai Fabric Advisor|Ai Fit Recommendation|Ai Outfit Builder|Ai Seasonal Forecast|Ai Wardrobe Planner|Ai Accessory Match|Ai Shoe Match|Ai Jewelry Match|Ai Bag Match|Ai Color Palette|Ai Outfit Recycling|Ai Style Evolution|Ai Budget Stylist|Ai Trend Archive|Ai Vintage Advisor,aligned
Worldwidebro/ec-004-godbody-luxuries,ec-004-godbody-luxuries,True,EC-004: GodBody Luxuries - Ultra-premium luxury fragrances,,0,110,EC-001-Angels-in-Daylight|EC-002-New-World-Apparel|EC-003-Shopify-Autopilot|EC-004-Shoe-Customizer|EC-005-Sunglasses-AI|EC-006-Dropship-Hub|EC-007-Personal-Shopper-AI|EC-008-Custom-Sneaker-AI|EC-009-Sustainable-Fashion-AI|EC-010-Jewelry-Designer-AI|EC-011-Virtual-Try-On-AI|EC-012-Fashion-Designer-AI|EC-013-Merch-Licensing|EC-014-Subscription-Box-AI|EC-015-Surf-Gear-AI|EC-016-Ski-Gear-AI|EC-017-Golf-Gear-AI|EC-018-Fishing-Gear-AI|EC-019-Yoga-Gear-AI|EC-020-Costume-Shop-AI|EC-021-Luggage-AI|EC-022-Home-Appliance-AI|EC-023-Tool-Shop-AI|EC-024-Garden-Supply-AI|EC-025-Collectible-AI|EC-026-Hobby-Shop-AI|EC-027-Kids-Toy-Line|EC-028-NFT-Fashion-Licensing|EC-029-Instant-Brand-Generator|EC-030-AI-Product-Photographer|EC-031-Automated-Inventory-Forecaster|EC-032-Dynamic-Pricing-Engine|EC-033-Ad-Optimizer-AI|EC-034-Recommendation-Engine|EC-035-Review-Aggregator-AI|EC-036-Fulfillment-Network-AI|EC-037-Return-Optimization-AI|EC-038-Chatbot-Customer-Service|EC-039-Visual-Search-AI|EC-040-Abandoned-Cart-Recovery|EC-041-Seasonal-Trend-Predictor|EC-042-Influencer-Matchmaker|EC-043-UGC-Content-Aggregator|EC-044-Live-Commerce-Platform|EC-045-AR-Virtual-Fitting-Room|EC-046-3D-Product-Viewer|EC-047-Carbon-Footprint-Tracker|EC-048-Wholesale-Marketplace-AI|EC-049-Rental-Marketplace|EC-050-AI-Product-Descriptions|EC-051-AI-Email-Marketing|EC-052-AI-Product-Bundler|EC-053-AI-Visual-Merchandiser|EC-054-AI-Demand-Forecasting|EC-055-AI-Warehouse-Management|EC-056-AI-Supplier-Matching|EC-057-AI-Quality-Control|EC-058-AI-Packaging-Designer|EC-059-AI-Logistics-Planner|EC-060-AI-Customer-Loyalty|EC-061-AI-Gift-Finder|EC-062-AI-Trend-Hunter|EC-063-AI-Market-Research|EC-064-AI-Competitor-Watcher|EC-065-AI-Product-Development|EC-066-AI-Customer-Journey|EC-067-AI-Payment-Optimization|EC-068-AI-Returns-Management|EC-069-AI-Shipping-Labeler|EC-070-AI-Product-Launch-Coach|EC-071-AI-Vendor-Negotiator|EC-072-AI-Product-Cataloger|EC-073-AI-Order-Prioritizer|EC-074-AI-Customer-Segmentation|EC-075-AI-Pricing-Analyst|EC-076-AI-Sales-Forecasting|EC-077-AI-Inventory-Reordering|EC-078-AI-Product-Comparison|EC-079-AI-Customer-Feedback|EC-080-AI-Product-Updates|EC-081-AI-Cross-Selling|EC-082-AI-Up-Selling|EC-083-AI-Product-Education|EC-084-AI-Purchase-Timing|EC-085-AI-Customer-Support|EC-086-AI-Order-Tracking|EC-087-AI-Product-Reviews|EC-088-AI-Customer-Community|EC-089-AI-Product-Customization|EC-090-AI-Gift-Registry|EC-091-AI-Wedding-Registry|EC-092-AI-Baby-Registry|EC-093-AI-Holiday-Planner|EC-094-AI-Personal-Shopper|EC-095-AI-Color-Match|EC-096-AI-Fabric-Advisor|EC-097-AI-Fit-Recommendation|EC-098-AI-Outfit-Builder|EC-099-AI-Seasonal-Forecast|EC-100-AI-Wardrobe-Planner|EC-101-AI-Accessory-Match|EC-102-AI-Shoe-Match|EC-103-AI-Jewelry-Match|EC-104-AI-Bag-Match|EC-105-AI-Color-Palette|EC-106-AI-Outfit-Recycling|EC-107-AI-Style-Evolution|EC-108-AI-Budget-Stylist|EC-109-AI-Trend-Archive|EC-110-AI-Vintage-Advisor,Angels In Daylight|New World Apparel|Shopify Autopilot|Shoe Customizer|Sunglasses Ai|Dropship Hub|Personal Shopper Ai|Custom Sneaker Ai|Sustainable Fashion Ai|Jewelry Designer Ai|Virtual Try On Ai|Fashion Designer Ai|Merch Licensing|Subscription Box Ai|Surf Gear Ai|Ski Gear Ai|Golf Gear Ai|Fishing Gear Ai|Yoga Gear Ai|Costume Shop Ai|Luggage Ai|Home Appliance Ai|Tool Shop Ai|Garden Supply Ai|Collectible Ai|Hobby Shop Ai|Kids Toy Line|Nft Fashion Licensing|Instant Brand Generator|Ai Product Photographer|Automated Inventory Forecaster|Dynamic Pricing Engine|Ad Optimizer Ai|Recommendation Engine|Review Aggregator Ai|Fulfillment Network Ai|Return Optimization Ai|Chatbot Customer Service|Visual Search Ai|Abandoned Cart Recovery|Seasonal Trend Predictor|Influencer Matchmaker|Ugc Content Aggregator|Live Commerce Platform|Ar Virtual Fitting Room|3D Product Viewer|Carbon Footprint Tracker|Wholesale Marketplace Ai|Rental Marketplace|Ai Product Descriptions|Ai Email Marketing|Ai Product Bundler|Ai Visual Merchandiser|Ai Demand Forecasting|Ai Warehouse Management|Ai Supplier Matching|Ai Quality Control|Ai Packaging Designer|Ai Logistics Planner|Ai Customer Loyalty|Ai Gift Finder|Ai Trend Hunter|Ai Market Research|Ai Competitor Watcher|Ai Product Development|Ai Customer Journey|Ai Payment Optimization|Ai Returns Management|Ai Shipping Labeler|Ai Product Launch Coach|Ai Vendor Negotiator|Ai Product Cataloger|Ai Order Prioritizer|Ai Customer Segmentation|Ai Pricing Analyst|Ai Sales Forecasting|Ai Inventory Reordering|Ai Product Comparison|Ai Customer Feedback|Ai Product Updates|Ai Cross Selling|Ai Up Selling|Ai Product Education|Ai Purchase Timing|Ai Customer Support|Ai Order Tracking|Ai Product Reviews|Ai Customer Community|Ai Product Customization|Ai Gift Registry|Ai Wedding Registry|Ai Baby Registry|Ai Holiday Planner|Ai Personal Shopper|Ai Color Match|Ai Fabric Advisor|Ai Fit Recommendation|Ai Outfit Builder|Ai Seasonal Forecast|Ai Wardrobe Planner|Ai Accessory Match|Ai Shoe Match|Ai Jewelry Match|Ai Bag Match|Ai Color Palette|Ai Outfit Recycling|Ai Style Evolution|Ai Budget Stylist|Ai Trend Archive|Ai Vintage Advisor,aligned
Worldwidebro/ec-004-shoe-customizer,ec-004-shoe-customizer,True,Civilization OS — EC-004-Shoe-Customizer,,0,109,EC-001-Angels-in-Daylight|EC-002-New-World-Apparel|EC-003-Shopify-Autopilot|EC-004-Shoe-Customizer|EC-006-Dropship-Hub|EC-007-Personal-Shopper-AI|EC-008-Custom-Sneaker-AI|EC-009-Sustainable-Fashion-AI|EC-010-Jewelry-Designer-AI|EC-011-Virtual-Try-On-AI|EC-012-Fashion-Designer-AI|EC-013-Merch-Licensing|EC-014-Subscription-Box-AI|EC-015-Surf-Gear-AI|EC-016-Ski-Gear-AI|EC-017-Golf-Gear-AI|EC-018-Fishing-Gear-AI|EC-019-Yoga-Gear-AI|EC-020-Costume-Shop-AI|EC-021-Luggage-AI|EC-022-Home-Appliance-AI|EC-023-Tool-Shop-AI|EC-024-Garden-Supply-AI|EC-025-Collectible-AI|EC-026-Hobby-Shop-AI|EC-027-Kids-Toy-Line|EC-028-NFT-Fashion-Licensing|EC-029-Instant-Brand-Generator|EC-030-AI-Product-Photographer|EC-031-Automated-Inventory-Forecaster|EC-032-Dynamic-Pricing-Engine|EC-033-Ad-Optimizer-AI|EC-034-Recommendation-Engine|EC-035-Review-Aggregator-AI|EC-036-Fulfillment-Network-AI|EC-037-Return-Optimization-AI|EC-038-Chatbot-Customer-Service|EC-039-Visual-Search-AI|EC-040-Abandoned-Cart-Recovery|EC-041-Seasonal-Trend-Predictor|EC-042-Influencer-Matchmaker|EC-043-UGC-Content-Aggregator|EC-044-Live-Commerce-Platform|EC-045-AR-Virtual-Fitting-Room|EC-046-3D-Product-Viewer|EC-047-Carbon-Footprint-Tracker|EC-048-Wholesale-Marketplace-AI|EC-049-Rental-Marketplace|EC-050-AI-Product-Descriptions|EC-051-AI-Email-Marketing|EC-052-AI-Product-Bundler|EC-053-AI-Visual-Merchandiser|EC-054-AI-Demand-Forecasting|EC-055-AI-Warehouse-Management|EC-056-AI-Supplier-Matching|EC-057-AI-Quality-Control|EC-058-AI-Packaging-Designer|EC-059-AI-Logistics-Planner|EC-060-AI-Customer-Loyalty|EC-061-AI-Gift-Finder|EC-062-AI-Trend-Hunter|EC-063-AI-Market-Research|EC-064-AI-Competitor-Watcher|EC-065-AI-Product-Development|EC-066-AI-Customer-Journey|EC-067-AI-Payment-Optimization|EC-068-AI-Returns-Management|EC-069-AI-Shipping-Labeler|EC-070-AI-Product-Launch-Coach|EC-071-AI-Vendor-Negotiator|EC-072-AI-Product-Cataloger|EC-073-AI-Order-Prioritizer|EC-074-AI-Customer-Segmentation|EC-075-AI-Pricing-Analyst|EC-076-AI-Sales-Forecasting|EC-077-AI-Inventory-Reordering|EC-078-AI-Product-Comparison|EC-079-AI-Customer-Feedback|EC-080-AI-Product-Updates|EC-081-AI-Cross-Selling|EC-082-AI-Up-Selling|EC-083-AI-Product-Education|EC-084-AI-Purchase-Timing|EC-085-AI-Customer-Support|EC-086-AI-Order-Tracking|EC-087-AI-Product-Reviews|EC-088-AI-Customer-Community|EC-089-AI-Product-Customization|EC-090-AI-Gift-Registry|EC-091-AI-Wedding-Registry|EC-092-AI-Baby-Registry|EC-093-AI-Holiday-Planner|EC-094-AI-Personal-Shopper|EC-095-AI-Color-Match|EC-096-AI-Fabric-Advisor|EC-097-AI-Fit-Recommendation|EC-098-AI-Outfit-Builder|EC-099-AI-Seasonal-Forecast|EC-100-AI-Wardrobe-Planner|EC-101-AI-Accessory-Match|EC-102-AI-Shoe-Match|EC-103-AI-Jewelry-Match|EC-104-AI-Bag-Match|EC-105-AI-Color-Palette|EC-106-AI-Outfit-Recycling|EC-107-AI-Style-Evolution|EC-108-AI-Budget-Stylist|EC-109-AI-Trend-Archive|EC-110-AI-Vintage-Advisor,Angels In Daylight|New World Apparel|Shopify Autopilot|Shoe Customizer|Dropship Hub|Personal Shopper Ai|Custom Sneaker Ai|Sustainable Fashion Ai|Jewelry Designer Ai|Virtual Try On Ai|Fashion Designer Ai|Merch Licensing|Subscription Box Ai|Surf Gear Ai|Ski Gear Ai|Golf Gear Ai|Fishing Gear Ai|Yoga Gear Ai|Costume Shop Ai|Luggage Ai|Home Appliance Ai|Tool Shop Ai|Garden Supply Ai|Collectible Ai|Hobby Shop Ai|Kids Toy Line|Nft Fashion Licensing|Instant Brand Generator|Ai Product Photographer|Automated Inventory Forecaster|Dynamic Pricing Engine|Ad Optimizer Ai|Recommendation Engine|Review Aggregator Ai|Fulfillment Network Ai|Return Optimization Ai|Chatbot Customer Service|Visual Search Ai|Abandoned Cart Recovery|Seasonal Trend Predictor|Influencer Matchmaker|Ugc Content Aggregator|Live Commerce Platform|Ar Virtual Fitting Room|3D Product Viewer|Carbon Footprint Tracker|Wholesale Marketplace Ai|Rental Marketplace|Ai Product Descriptions|Ai Email Marketing|Ai Product Bundler|Ai Visual Merchandiser|Ai Demand Forecasting|Ai Warehouse Management|Ai Supplier Matching|Ai Quality Control|Ai Packaging Designer|Ai Logistics Planner|Ai Customer Loyalty|Ai Gift Finder|Ai Trend Hunter|Ai Market Research|Ai Competitor Watcher|Ai Product Development|Ai Customer Journey|Ai Payment Optimization|Ai Returns Management|Ai Shipping Labeler|Ai Product Launch Coach|Ai Vendor Negotiator|Ai Product Cataloger|Ai Order Prioritizer|Ai Customer Segmentation|Ai Pricing Analyst|Ai Sales Forecasting|Ai Inventory Reordering|Ai Product Comparison|Ai Customer Feedback|Ai Product Updates|Ai Cross Selling|Ai Up Selling|Ai Product Education|Ai Purchase Timing|Ai Customer Support|Ai Order Tracking|Ai Product Reviews|Ai Customer Community|Ai Product Customization|Ai Gift Registry|Ai Wedding Registry|Ai Baby Registry|Ai Holiday Planner|Ai Personal Shopper|Ai Color Match|Ai Fabric Advisor|Ai Fit Recommendation|Ai Outfit Builder|Ai Seasonal Forecast|Ai Wardrobe Planner|Ai Accessory Match|Ai Shoe Match|Ai Jewelry Match|Ai Bag Match|Ai Color Palette|Ai Outfit Recycling|Ai Style Evolution|Ai Budget Stylist|Ai Trend Archive|Ai Vintage Advisor,aligned
Worldwidebro/ec-005-nwa-products,ec-005-nwa-products,True,"EC-005: NWA Products - General marketplace, all categories",,0,7,EC-001-Angels-in-Daylight|EC-002-New-World-Apparel|EC-003-Shopify-Autopilot|EC-004-Shoe-Customizer|EC-005-Sunglasses-AI|EC-048-Wholesale-Marketplace-AI|EC-049-Rental-Marketplace,Angels In Daylight|New World Apparel|Shopify Autopilot|Shoe Customizer|Sunglasses Ai|Wholesale Marketplace Ai|Rental Marketplace,aligned
Worldwidebro/ec-005-sunglasses-ai,ec-005-sunglasses-ai,True,Civilization OS — EC-005-Sunglasses-AI,,0,5,EC-001-Angels-in-Daylight|EC-002-New-World-Apparel|EC-003-Shopify-Autopilot|EC-004-Shoe-Customizer|EC-005-Sunglasses-AI,Angels In Daylight|New World Apparel|Shopify Autopilot|Shoe Customizer|Sunglasses Ai,aligned
Worldwidebro/ec-006-dropship-hub,ec-006-dropship-hub,True,Civilization OS — EC-006-Dropship-Hub,,0,5,EC-001-Angels-in-Daylight|EC-002-New-World-Apparel|EC-003-Shopify-Autopilot|EC-004-Shoe-Customizer|EC-006-Dropship-Hub,Angels In Daylight|New World Apparel|Shopify Autopilot|Shoe Customizer|Dropship Hub,aligned
Worldwidebro/ec-007-personal-shopper-ai,ec-007-personal-shopper-ai,True,Civilization OS — EC-007-Personal-Shopper-AI,,0,5,EC-001-Angels-in-Daylight|EC-002-New-World-Apparel|EC-003-Shopify-Autopilot|EC-004-Shoe-Customizer|EC-007-Personal-Shopper-AI,Angels In Daylight|New World Apparel|Shopify Autopilot|Shoe Customizer|Personal Shopper Ai,aligned
Worldwidebro/ec-008-custom-sneaker-ai,ec-008-custom-sneaker-ai,True,Civilization OS — EC-008-Custom-Sneaker-AI,,0,1,EC-008-Custom-Sneaker-AI,Custom Sneaker Ai,aligned
Worldwidebro/ec-009-sustainable-fashion-ai,ec-009-sustainable-fashion-ai,True,Civilization OS — EC-009-Sustainable-Fashion-AI,,0,1,EC-009-Sustainable-Fashion-AI,Sustainable Fashion Ai,aligned
Worldwidebro/ec-010-jewelry-designer-ai,ec-010-jewelry-designer-ai,True,Civilization OS — EC-010-Jewelry-Designer-AI,,0,1,EC-010-Jewelry-Designer-AI,Jewelry Designer Ai,aligned
Worldwidebro/ec-011-virtual-try-on-ai,ec-011-virtual-try-on-ai,True,Civilization OS — EC-011-Virtual-Try-On-AI,,0,1,EC-011-Virtual-Try-On-AI,Virtual Try On Ai,aligned
Worldwidebro/ec-012-fashion-designer-ai,ec-012-fashion-designer-ai,True,Civilization OS — EC-012-Fashion-Designer-AI,,0,1,EC-012-Fashion-Designer-AI,Fashion Designer Ai,aligned
Worldwidebro/ec-013-merch-licensing,ec-013-merch-licensing,True,Civilization OS — EC-013-Merch-Licensing,,0,1,EC-013-Merch-Licensing,Merch Licensing,aligned
Worldwidebro/ec-014-subscription-box-ai,ec-014-subscription-box-ai,True,Civilization OS — EC-014-Subscription-Box-AI,,0,1,EC-014-Subscription-Box-AI,Subscription Box Ai,aligned
Worldwidebro/ec-015-surf-gear-ai,ec-015-surf-gear-ai,True,Civilization OS — EC-015-Surf-Gear-AI,,0,1,EC-015-Surf-Gear-AI,Surf Gear Ai,aligned
Worldwidebro/ec-016-ski-gear-ai,ec-016-ski-gear-ai,True,Civilization OS — EC-016-Ski-Gear-AI,,0,1,EC-016-Ski-Gear-AI,Ski Gear Ai,aligned
Worldwidebro/ec-017-golf-gear-ai,ec-017-golf-gear-ai,True,Civilization OS — EC-017-Golf-Gear-AI,,0,1,EC-017-Golf-Gear-AI,Golf Gear Ai,aligned
Worldwidebro/ec-018-fishing-gear-ai,ec-018-fishing-gear-ai,True,Civilization OS — EC-018-Fishing-Gear-AI,,0,1,EC-018-Fishing-Gear-AI,Fishing Gear Ai,aligned
Worldwidebro/ec-019-yoga-gear-ai,ec-019-yoga-gear-ai,True,Civilization OS — EC-019-Yoga-Gear-AI,,0,1,EC-019-Yoga-Gear-AI,Yoga Gear Ai,aligned
Worldwidebro/ec-020-costume-shop-ai,ec-020-costume-shop-ai,True,Civilization OS — EC-020-Costume-Shop-AI,,0,1,EC-020-Costume-Shop-AI,Costume Shop Ai,aligned
Worldwidebro/ec-021-luggage-ai,ec-021-luggage-ai,True,Civilization OS — EC-021-Luggage-AI,,0,1,EC-021-Luggage-AI,Luggage Ai,aligned
Worldwidebro/ec-022-home-appliance-ai,ec-022-home-appliance-ai,True,Civilization OS — EC-022-Home-Appliance-AI,,0,1,EC-022-Home-Appliance-AI,Home Appliance Ai,aligned
Worldwidebro/ec-023-tool-shop-ai,ec-023-tool-shop-ai,True,Civilization OS — EC-023-Tool-Shop-AI,,0,1,EC-023-Tool-Shop-AI,Tool Shop Ai,aligned
Worldwidebro/ec-024-garden-supply-ai,ec-024-garden-supply-ai,True,Civilization OS — EC-024-Garden-Supply-AI,,0,1,EC-024-Garden-Supply-AI,Garden Supply Ai,aligned
Worldwidebro/ec-025-collectible-ai,ec-025-collectible-ai,True,Civilization OS — EC-025-Collectible-AI,,0,1,EC-025-Collectible-AI,Collectible Ai,aligned
Worldwidebro/ec-026-hobby-shop-ai,ec-026-hobby-shop-ai,True,Civilization OS — EC-026-Hobby-Shop-AI,,0,1,EC-026-Hobby-Shop-AI,Hobby Shop Ai,aligned
Worldwidebro/ec-027-kids-toy-line,ec-027-kids-toy-line,True,Civilization OS — EC-027-Kids-Toy-Line,,0,1,EC-027-Kids-Toy-Line,Kids Toy Line,aligned
Worldwidebro/ec-028-nft-fashion-licensing,ec-028-nft-fashion-licensing,True,Civilization OS — EC-028-NFT-Fashion-Licensing,,0,1,EC-028-NFT-Fashion-Licensing,Nft Fashion Licensing,aligned
Worldwidebro/ec-029-instant-brand-generator,ec-029-instant-brand-generator,True,Civilization OS — EC-029-Instant-Brand-Generator,,0,1,EC-029-Instant-Brand-Generator,Instant Brand Generator,aligned
Worldwidebro/ec-030-ai-product-photographer,ec-030-ai-product-photographer,True,Civilization OS — EC-030-AI-Product-Photographer,,0,1,EC-030-AI-Product-Photographer,Ai Product Photographer,aligned
Worldwidebro/ec-031-automated-inventory-forecaster,ec-031-automated-inventory-forecaster,True,Civilization OS — EC-031-Automated-Inventory-Forecaster,,0,1,EC-031-Automated-Inventory-Forecaster,Automated Inventory Forecaster,aligned
Worldwidebro/ec-032-dynamic-pricing-engine,ec-032-dynamic-pricing-engine,True,Civilization OS — EC-032-Dynamic-Pricing-Engine,,0,1,EC-032-Dynamic-Pricing-Engine,Dynamic Pricing Engine,aligned
Worldwidebro/ec-033-ad-optimizer-ai,ec-033-ad-optimizer-ai,True,Civilization OS — EC-033-Ad-Optimizer-AI,,0,1,EC-033-Ad-Optimizer-AI,Ad Optimizer Ai,aligned
Worldwidebro/ec-034-recommendation-engine,ec-034-recommendation-engine,True,Civilization OS — EC-034-Recommendation-Engine,,0,1,EC-034-Recommendation-Engine,Recommendation Engine,aligned
Worldwidebro/ec-035-review-aggregator-ai,ec-035-review-aggregator-ai,True,Civilization OS — EC-035-Review-Aggregator-AI,,0,1,EC-035-Review-Aggregator-AI,Review Aggregator Ai,aligned
Worldwidebro/ec-036-fulfillment-network-ai,ec-036-fulfillment-network-ai,True,Civilization OS — EC-036-Fulfillment-Network-AI,,0,1,EC-036-Fulfillment-Network-AI,Fulfillment Network Ai,aligned
Worldwidebro/ec-037-return-optimization-ai,ec-037-return-optimization-ai,True,Civilization OS — EC-037-Return-Optimization-AI,,0,1,EC-037-Return-Optimization-AI,Return Optimization Ai,aligned
Worldwidebro/ec-038-chatbot-customer-service,ec-038-chatbot-customer-service,True,Civilization OS — EC-038-Chatbot-Customer-Service,,0,1,EC-038-Chatbot-Customer-Service,Chatbot Customer Service,aligned
Worldwidebro/ec-039-visual-search-ai,ec-039-visual-search-ai,True,Civilization OS — EC-039-Visual-Search-AI,,0,1,EC-039-Visual-Search-AI,Visual Search Ai,aligned
Worldwidebro/ec-040-abandoned-cart-recovery,ec-040-abandoned-cart-recovery,True,Civilization OS — EC-040-Abandoned-Cart-Recovery,,0,1,EC-040-Abandoned-Cart-Recovery,Abandoned Cart Recovery,aligned
Worldwidebro/ec-041-seasonal-trend-predictor,ec-041-seasonal-trend-predictor,True,Civilization OS — EC-041-Seasonal-Trend-Predictor,,0,1,EC-041-Seasonal-Trend-Predictor,Seasonal Trend Predictor,aligned
Worldwidebro/ec-042-influencer-matchmaker,ec-042-influencer-matchmaker,True,Civilization OS — EC-042-Influencer-Matchmaker,,0,1,EC-042-Influencer-Matchmaker,Influencer Matchmaker,aligned
Worldwidebro/ec-043-ugc-content-aggregator,ec-043-ugc-content-aggregator,True,Civilization OS — EC-043-UGC-Content-Aggregator,,0,1,EC-043-UGC-Content-Aggregator,Ugc Content Aggregator,aligned
Worldwidebro/ec-044-live-commerce-platform,ec-044-live-commerce-platform,True,Civilization OS — EC-044-Live-Commerce-Platform,,0,1,EC-044-Live-Commerce-Platform,Live Commerce Platform,aligned
Worldwidebro/ec-045-ar-virtual-fitting-room,ec-045-ar-virtual-fitting-room,True,Civilization OS — EC-045-AR-Virtual-Fitting-Room,,0,1,EC-045-AR-Virtual-Fitting-Room,Ar Virtual Fitting Room,aligned
Worldwidebro/ec-046-3d-product-viewer,ec-046-3d-product-viewer,True,Civilization OS — EC-046-3D-Product-Viewer,,0,1,EC-046-3D-Product-Viewer,3D Product Viewer,aligned
Worldwidebro/ec-047-carbon-footprint-tracker,ec-047-carbon-footprint-tracker,True,Civilization OS — EC-047-Carbon-Footprint-Tracker,,0,1,EC-047-Carbon-Footprint-Tracker,Carbon Footprint Tracker,aligned
Worldwidebro/ec-048-wholesale-marketplace-ai,ec-048-wholesale-marketplace-ai,True,Civilization OS — EC-048-Wholesale-Marketplace-AI,,0,1,EC-048-Wholesale-Marketplace-AI,Wholesale Marketplace Ai,aligned
Worldwidebro/ec-049-rental-marketplace,ec-049-rental-marketplace,True,Civilization OS — EC-049-Rental-Marketplace,,0,1,EC-049-Rental-Marketplace,Rental Marketplace,aligned
Worldwidebro/ec-050-ai-product-descriptions,ec-050-ai-product-descriptions,True,Civilization OS — EC-050-AI-Product-Descriptions,,0,1,EC-050-AI-Product-Descriptions,Ai Product Descriptions,aligned
Worldwidebro/ec-051-ai-email-marketing,ec-051-ai-email-marketing,True,Civilization OS — EC-051-AI-Email-Marketing,,0,1,EC-051-AI-Email-Marketing,Ai Email Marketing,aligned
Worldwidebro/ec-052-ai-product-bundler,ec-052-ai-product-bundler,True,Civilization OS — EC-052-AI-Product-Bundler,,0,1,EC-052-AI-Product-Bundler,Ai Product Bundler,aligned
Worldwidebro/ec-053-ai-visual-merchandiser,ec-053-ai-visual-merchandiser,True,Civilization OS — EC-053-AI-Visual-Merchandiser,,0,1,EC-053-AI-Visual-Merchandiser,Ai Visual Merchandiser,aligned
Worldwidebro/ec-054-ai-demand-forecasting,ec-054-ai-demand-forecasting,True,Civilization OS — EC-054-AI-Demand-Forecasting,,0,1,EC-054-AI-Demand-Forecasting,Ai Demand Forecasting,aligned
Worldwidebro/ec-055-ai-warehouse-management,ec-055-ai-warehouse-management,True,Civilization OS — EC-055-AI-Warehouse-Management,,0,1,EC-055-AI-Warehouse-Management,Ai Warehouse Management,aligned
Worldwidebro/ec-056-ai-supplier-matching,ec-056-ai-supplier-matching,True,Civilization OS — EC-056-AI-Supplier-Matching,,0,1,EC-056-AI-Supplier-Matching,Ai Supplier Matching,aligned
Worldwidebro/ec-057-ai-quality-control,ec-057-ai-quality-control,True,Civilization OS — EC-057-AI-Quality-Control,,0,1,EC-057-AI-Quality-Control,Ai Quality Control,aligned
Worldwidebro/ec-058-ai-packaging-designer,ec-058-ai-packaging-designer,True,Civilization OS — EC-058-AI-Packaging-Designer,,0,1,EC-058-AI-Packaging-Designer,Ai Packaging Designer,aligned
Worldwidebro/ec-059-ai-logistics-planner,ec-059-ai-logistics-planner,True,Civilization OS — EC-059-AI-Logistics-Planner,,0,1,EC-059-AI-Logistics-Planner,Ai Logistics Planner,aligned
Worldwidebro/ec-060-ai-customer-loyalty,ec-060-ai-customer-loyalty,True,Civilization OS — EC-060-AI-Customer-Loyalty,,0,1,EC-060-AI-Customer-Loyalty,Ai Customer Loyalty,aligned
Worldwidebro/ec-061-ai-gift-finder,ec-061-ai-gift-finder,True,Civilization OS — EC-061-AI-Gift-Finder,,0,1,EC-061-AI-Gift-Finder,Ai Gift Finder,aligned
Worldwidebro/ec-062-ai-trend-hunter,ec-062-ai-trend-hunter,True,Civilization OS — EC-062-AI-Trend-Hunter,,0,1,EC-062-AI-Trend-Hunter,Ai Trend Hunter,aligned
Worldwidebro/ec-063-ai-market-research,ec-063-ai-market-research,True,Civilization OS — EC-063-AI-Market-Research,,0,1,EC-063-AI-Market-Research,Ai Market Research,aligned
Worldwidebro/ec-064-ai-competitor-watcher,ec-064-ai-competitor-watcher,True,Civilization OS — EC-064-AI-Competitor-Watcher,,0,1,EC-064-AI-Competitor-Watcher,Ai Competitor Watcher,aligned
Worldwidebro/ec-065-ai-product-development,ec-065-ai-product-development,True,Civilization OS — EC-065-AI-Product-Development,,0,1,EC-065-AI-Product-Development,Ai Product Development,aligned
Worldwidebro/ec-066-ai-customer-journey,ec-066-ai-customer-journey,True,Civilization OS — EC-066-AI-Customer-Journey,,0,1,EC-066-AI-Customer-Journey,Ai Customer Journey,aligned
Worldwidebro/ec-067-ai-payment-optimization,ec-067-ai-payment-optimization,True,Civilization OS — EC-067-AI-Payment-Optimization,,0,1,EC-067-AI-Payment-Optimization,Ai Payment Optimization,aligned
Worldwidebro/ec-068-ai-returns-management,ec-068-ai-returns-management,True,Civilization OS — EC-068-AI-Returns-Management,,0,1,EC-068-AI-Returns-Management,Ai Returns Management,aligned
Worldwidebro/ec-069-ai-shipping-labeler,ec-069-ai-shipping-labeler,True,Civilization OS — EC-069-AI-Shipping-Labeler,,0,1,EC-069-AI-Shipping-Labeler,Ai Shipping Labeler,aligned
Worldwidebro/ec-070-ai-product-launch-coach,ec-070-ai-product-launch-coach,True,Civilization OS — EC-070-AI-Product-Launch-Coach,,0,1,EC-070-AI-Product-Launch-Coach,Ai Product Launch Coach,aligned
Worldwidebro/ec-071-ai-vendor-negotiator,ec-071-ai-vendor-negotiator,True,Civilization OS — EC-071-AI-Vendor-Negotiator,,0,1,EC-071-AI-Vendor-Negotiator,Ai Vendor Negotiator,aligned
Worldwidebro/ec-072-ai-product-cataloger,ec-072-ai-product-cataloger,True,Civilization OS — EC-072-AI-Product-Cataloger,,0,1,EC-072-AI-Product-Cataloger,Ai Product Cataloger,aligned
Worldwidebro/ec-073-ai-order-prioritizer,ec-073-ai-order-prioritizer,True,Civilization OS — EC-073-AI-Order-Prioritizer,,0,1,EC-073-AI-Order-Prioritizer,Ai Order Prioritizer,aligned
Worldwidebro/ec-074-ai-customer-segmentation,ec-074-ai-customer-segmentation,True,Civilization OS — EC-074-AI-Customer-Segmentation,,0,1,EC-074-AI-Customer-Segmentation,Ai Customer Segmentation,aligned
Worldwidebro/ec-075-ai-pricing-analyst,ec-075-ai-pricing-analyst,True,Civilization OS — EC-075-AI-Pricing-Analyst,,0,1,EC-075-AI-Pricing-Analyst,Ai Pricing Analyst,aligned
Worldwidebro/ec-076-ai-sales-forecasting,ec-076-ai-sales-forecasting,True,Civilization OS — EC-076-AI-Sales-Forecasting,,0,1,EC-076-AI-Sales-Forecasting,Ai Sales Forecasting,aligned
Worldwidebro/ec-077-ai-inventory-reordering,ec-077-ai-inventory-reordering,True,Civilization OS — EC-077-AI-Inventory-Reordering,,0,1,EC-077-AI-Inventory-Reordering,Ai Inventory Reordering,aligned
Worldwidebro/ec-078-ai-product-comparison,ec-078-ai-product-comparison,True,Civilization OS — EC-078-AI-Product-Comparison,,0,1,EC-078-AI-Product-Comparison,Ai Product Comparison,aligned
Worldwidebro/ec-079-ai-customer-feedback,ec-079-ai-customer-feedback,True,Civilization OS — EC-079-AI-Customer-Feedback,,0,1,EC-079-AI-Customer-Feedback,Ai Customer Feedback,aligned
Worldwidebro/ec-080-ai-product-updates,ec-080-ai-product-updates,True,Civilization OS — EC-080-AI-Product-Updates,,0,1,EC-080-AI-Product-Updates,Ai Product Updates,aligned
Worldwidebro/ec-081-ai-cross-selling,ec-081-ai-cross-selling,True,Civilization OS — EC-081-AI-Cross-Selling,,0,1,EC-081-AI-Cross-Selling,Ai Cross Selling,aligned
Worldwidebro/ec-082-ai-up-selling,ec-082-ai-up-selling,True,Civilization OS — EC-082-AI-Up-Selling,,0,1,EC-082-AI-Up-Selling,Ai Up Selling,aligned
Worldwidebro/ec-083-ai-product-education,ec-083-ai-product-education,True,Civilization OS — EC-083-AI-Product-Education,,0,1,EC-083-AI-Product-Education,Ai Product Education,aligned
Worldwidebro/ec-084-ai-purchase-timing,ec-084-ai-purchase-timing,True,Civilization OS — EC-084-AI-Purchase-Timing,,0,1,EC-084-AI-Purchase-Timing,Ai Purchase Timing,aligned
Worldwidebro/ec-085-ai-customer-support,ec-085-ai-customer-support,True,Civilization OS — EC-085-AI-Customer-Support,,0,1,EC-085-AI-Customer-Support,Ai Customer Support,aligned
Worldwidebro/ec-086-ai-order-tracking,ec-086-ai-order-tracking,True,Civilization OS — EC-086-AI-Order-Tracking,,0,1,EC-086-AI-Order-Tracking,Ai Order Tracking,aligned
Worldwidebro/ec-087-ai-product-reviews,ec-087-ai-product-reviews,True,Civilization OS — EC-087-AI-Product-Reviews,,0,1,EC-087-AI-Product-Reviews,Ai Product Reviews,aligned
Worldwidebro/ec-088-ai-customer-community,ec-088-ai-customer-community,True,Civilization OS — EC-088-AI-Customer-Community,,0,1,EC-088-AI-Customer-Community,Ai Customer Community,aligned
Worldwidebro/ec-089-ai-product-customization,ec-089-ai-product-customization,True,Civilization OS — EC-089-AI-Product-Customization,,0,1,EC-089-AI-Product-Customization,Ai Product Customization,aligned
Worldwidebro/ec-090-ai-gift-registry,ec-090-ai-gift-registry,True,Civilization OS — EC-090-AI-Gift-Registry,,0,1,EC-090-AI-Gift-Registry,Ai Gift Registry,aligned
Worldwidebro/ec-091-ai-wedding-registry,ec-091-ai-wedding-registry,True,Civilization OS — EC-091-AI-Wedding-Registry,,0,1,EC-091-AI-Wedding-Registry,Ai Wedding Registry,aligned
Worldwidebro/ec-092-ai-baby-registry,ec-092-ai-baby-registry,True,Civilization OS — EC-092-AI-Baby-Registry,,0,1,EC-092-AI-Baby-Registry,Ai Baby Registry,aligned
Worldwidebro/ec-093-ai-holiday-planner,ec-093-ai-holiday-planner,True,Civilization OS — EC-093-AI-Holiday-Planner,,0,1,EC-093-AI-Holiday-Planner,Ai Holiday Planner,aligned
Worldwidebro/ec-094-ai-personal-shopper,ec-094-ai-personal-shopper,True,Civilization OS — EC-094-AI-Personal-Shopper,,0,1,EC-094-AI-Personal-Shopper,Ai Personal Shopper,aligned
Worldwidebro/ec-095-ai-color-match,ec-095-ai-color-match,True,Civilization OS — EC-095-AI-Color-Match,,0,1,EC-095-AI-Color-Match,Ai Color Match,aligned
Worldwidebro/ec-096-ai-fabric-advisor,ec-096-ai-fabric-advisor,True,Civilization OS — EC-096-AI-Fabric-Advisor,,0,1,EC-096-AI-Fabric-Advisor,Ai Fabric Advisor,aligned
Worldwidebro/ec-097-ai-fit-recommendation,ec-097-ai-fit-recommendation,True,Civilization OS — EC-097-AI-Fit-Recommendation,,0,1,EC-097-AI-Fit-Recommendation,Ai Fit Recommendation,aligned
Worldwidebro/ec-098-ai-outfit-builder,ec-098-ai-outfit-builder,True,Civilization OS — EC-098-AI-Outfit-Builder,,0,1,EC-098-AI-Outfit-Builder,Ai Outfit Builder,aligned
Worldwidebro/ec-099-ai-seasonal-forecast,ec-099-ai-seasonal-forecast,True,Civilization OS — EC-099-AI-Seasonal-Forecast,,0,1,EC-099-AI-Seasonal-Forecast,Ai Seasonal Forecast,aligned
Worldwidebro/ec-100-ai-wardrobe-planner,ec-100-ai-wardrobe-planner,True,Civilization OS — EC-100-AI-Wardrobe-Planner,,0,1,EC-100-AI-Wardrobe-Planner,Ai Wardrobe Planner,aligned
Worldwidebro/ec-101-ai-accessory-match,ec-101-ai-accessory-match,True,Civilization OS — EC-101-AI-Accessory-Match,,0,1,EC-101-AI-Accessory-Match,Ai Accessory Match,aligned
Worldwidebro/ec-102-ai-shoe-match,ec-102-ai-shoe-match,True,Civilization OS — EC-102-AI-Shoe-Match,,0,1,EC-102-AI-Shoe-Match,Ai Shoe Match,aligned
Worldwidebro/ec-103-ai-jewelry-match,ec-103-ai-jewelry-match,True,Civilization OS — EC-103-AI-Jewelry-Match,,0,1,EC-103-AI-Jewelry-Match,Ai Jewelry Match,aligned
Worldwidebro/ec-104-ai-bag-match,ec-104-ai-bag-match,True,Civilization OS — EC-104-AI-Bag-Match,,0,1,EC-104-AI-Bag-Match,Ai Bag Match,aligned
Worldwidebro/ec-105-ai-color-palette,ec-105-ai-color-palette,True,Civilization OS — EC-105-AI-Color-Palette,,0,1,EC-105-AI-Color-Palette,Ai Color Palette,aligned
Worldwidebro/ec-106-ai-outfit-recycling,ec-106-ai-outfit-recycling,True,Civilization OS — EC-106-AI-Outfit-Recycling,,0,1,EC-106-AI-Outfit-Recycling,Ai Outfit Recycling,aligned
Worldwidebro/ec-107-ai-style-evolution,ec-107-ai-style-evolution,True,Civilization OS — EC-107-AI-Style-Evolution,,0,1,EC-107-AI-Style-Evolution,Ai Style Evolution,aligned
Worldwidebro/ec-108-ai-budget-stylist,ec-108-ai-budget-stylist,True,Civilization OS — EC-108-AI-Budget-Stylist,,0,1,EC-108-AI-Budget-Stylist,Ai Budget Stylist,aligned
Worldwidebro/ec-109-ai-trend-archive,ec-109-ai-trend-archive,True,Civilization OS — EC-109-AI-Trend-Archive,,0,1,EC-109-AI-Trend-Archive,Ai Trend Archive,aligned
Worldwidebro/ec-110-ai-vintage-advisor,ec-110-ai-vintage-advisor,True,Civilization OS — EC-110-AI-Vintage-Advisor,,0,1,EC-110-AI-Vintage-Advisor,Ai Vintage Advisor,aligned
Worldwidebro/edu-001-youth-entrepreneurship-curriculum,edu-001-youth-entrepreneurship-curriculum,True,Civilization OS — EDU-001-Youth-Entrepreneurship-Curriculum,,0,40,EDU-001-Youth-Entrepreneurship-Curriculum|EDU-002-AI-Literacy-Program|EDU-003-Coding-Mentor-Certification|EDU-004-Real-Estate-Licensing-Prep|EDU-005-Coding-Bootcamp|EDU-006-Homeschooling-Content-AI|EDU-007-AI-Tutoring-Platform|EDU-008-Branding-Templates-Marketplace|EDU-009-Voiceover-Script-Library|EDU-010-Trade-Skills-Bootcamp|EDU-011-Franchise-Blueprint-System|EDU-012-Low-Income-Housing-Blueprint|EDU-013-Automated-Empire-Book|EDU-014-BIPOC-Creator-Incubator|EDU-015-AI-Legal-Doc-Generator|EDU-016-Virtual-Black-Art-Museum|EDU-017-AI-Coding-Tutor|EDU-018-Online-Course-Creator|EDU-019-Executive-Education-Program|EDU-020-Youth-STEM-Program|EDU-021-Remote-Work-Certification|EDU-022-AI-Research-Assistant|EDU-023-Personal-Finance-Coach|EDU-024-Language-Learning-AI|EDU-025-Test-Preparation-AI|EDU-026-Corporate-Training-AI|EDU-027-Medical-Education-AI|EDU-028-Legal-Education-AI|EDU-029-Music-Education-AI|EDU-030-Art-Education-AI|EDU-031-Physical-Education-AI|EDU-032-Environmental-Education-AI|EDU-033-Social-Studies-AI|EDU-034-Math-Education-AI|EDU-035-Science-Education-AI|EDU-036-Reading-Comprehension-AI|EDU-037-Writing-Instruction-AI|EDU-038-Critical-Thinking-AI|EDU-039-Emotional-Intelligence-AI|EDU-040-Time-Management-AI,Youth Entrepreneurship Curriculum|Ai Literacy Program|Coding Mentor Certification|Real Estate Licensing Prep|Coding Bootcamp|Homeschooling Content Ai|Ai Tutoring Platform|Branding Templates Marketplace|Voiceover Script Library|Trade Skills Bootcamp|Franchise Blueprint System|Low Income Housing Blueprint|Automated Empire Book|Bipoc Creator Incubator|Ai Legal Doc Generator|Virtual Black Art Museum|Ai Coding Tutor|Online Course Creator|Executive Education Program|Youth Stem Program|Remote Work Certification|Ai Research Assistant|Personal Finance Coach|Language Learning Ai|Test Preparation Ai|Corporate Training Ai|Medical Education Ai|Legal Education Ai|Music Education Ai|Art Education Ai|Physical Education Ai|Environmental Education Ai|Social Studies Ai|Math Education Ai|Science Education Ai|Reading Comprehension Ai|Writing Instruction Ai|Critical Thinking Ai|Emotional Intelligence Ai|Time Management Ai,aligned
Worldwidebro/edu-002-ai-literacy-program,edu-002-ai-literacy-program,True,Civilization OS — EDU-002-AI-Literacy-Program,,0,40,EDU-001-Youth-Entrepreneurship-Curriculum|EDU-002-AI-Literacy-Program|EDU-003-Coding-Mentor-Certification|EDU-004-Real-Estate-Licensing-Prep|EDU-005-Coding-Bootcamp|EDU-006-Homeschooling-Content-AI|EDU-007-AI-Tutoring-Platform|EDU-008-Branding-Templates-Marketplace|EDU-009-Voiceover-Script-Library|EDU-010-Trade-Skills-Bootcamp|EDU-011-Franchise-Blueprint-System|EDU-012-Low-Income-Housing-Blueprint|EDU-013-Automated-Empire-Book|EDU-014-BIPOC-Creator-Incubator|EDU-015-AI-Legal-Doc-Generator|EDU-016-Virtual-Black-Art-Museum|EDU-017-AI-Coding-Tutor|EDU-018-Online-Course-Creator|EDU-019-Executive-Education-Program|EDU-020-Youth-STEM-Program|EDU-021-Remote-Work-Certification|EDU-022-AI-Research-Assistant|EDU-023-Personal-Finance-Coach|EDU-024-Language-Learning-AI|EDU-025-Test-Preparation-AI|EDU-026-Corporate-Training-AI|EDU-027-Medical-Education-AI|EDU-028-Legal-Education-AI|EDU-029-Music-Education-AI|EDU-030-Art-Education-AI|EDU-031-Physical-Education-AI|EDU-032-Environmental-Education-AI|EDU-033-Social-Studies-AI|EDU-034-Math-Education-AI|EDU-035-Science-Education-AI|EDU-036-Reading-Comprehension-AI|EDU-037-Writing-Instruction-AI|EDU-038-Critical-Thinking-AI|EDU-039-Emotional-Intelligence-AI|EDU-040-Time-Management-AI,Youth Entrepreneurship Curriculum|Ai Literacy Program|Coding Mentor Certification|Real Estate Licensing Prep|Coding Bootcamp|Homeschooling Content Ai|Ai Tutoring Platform|Branding Templates Marketplace|Voiceover Script Library|Trade Skills Bootcamp|Franchise Blueprint System|Low Income Housing Blueprint|Automated Empire Book|Bipoc Creator Incubator|Ai Legal Doc Generator|Virtual Black Art Museum|Ai Coding Tutor|Online Course Creator|Executive Education Program|Youth Stem Program|Remote Work Certification|Ai Research Assistant|Personal Finance Coach|Language Learning Ai|Test Preparation Ai|Corporate Training Ai|Medical Education Ai|Legal Education Ai|Music Education Ai|Art Education Ai|Physical Education Ai|Environmental Education Ai|Social Studies Ai|Math Education Ai|Science Education Ai|Reading Comprehension Ai|Writing Instruction Ai|Critical Thinking Ai|Emotional Intelligence Ai|Time Management Ai,aligned
Worldwidebro/edu-003-coding-mentor-certification,edu-003-coding-mentor-certification,True,Civilization OS — EDU-003-Coding-Mentor-Certification,,0,40,EDU-001-Youth-Entrepreneurship-Curriculum|EDU-002-AI-Literacy-Program|EDU-003-Coding-Mentor-Certification|EDU-004-Real-Estate-Licensing-Prep|EDU-005-Coding-Bootcamp|EDU-006-Homeschooling-Content-AI|EDU-007-AI-Tutoring-Platform|EDU-008-Branding-Templates-Marketplace|EDU-009-Voiceover-Script-Library|EDU-010-Trade-Skills-Bootcamp|EDU-011-Franchise-Blueprint-System|EDU-012-Low-Income-Housing-Blueprint|EDU-013-Automated-Empire-Book|EDU-014-BIPOC-Creator-Incubator|EDU-015-AI-Legal-Doc-Generator|EDU-016-Virtual-Black-Art-Museum|EDU-017-AI-Coding-Tutor|EDU-018-Online-Course-Creator|EDU-019-Executive-Education-Program|EDU-020-Youth-STEM-Program|EDU-021-Remote-Work-Certification|EDU-022-AI-Research-Assistant|EDU-023-Personal-Finance-Coach|EDU-024-Language-Learning-AI|EDU-025-Test-Preparation-AI|EDU-026-Corporate-Training-AI|EDU-027-Medical-Education-AI|EDU-028-Legal-Education-AI|EDU-029-Music-Education-AI|EDU-030-Art-Education-AI|EDU-031-Physical-Education-AI|EDU-032-Environmental-Education-AI|EDU-033-Social-Studies-AI|EDU-034-Math-Education-AI|EDU-035-Science-Education-AI|EDU-036-Reading-Comprehension-AI|EDU-037-Writing-Instruction-AI|EDU-038-Critical-Thinking-AI|EDU-039-Emotional-Intelligence-AI|EDU-040-Time-Management-AI,Youth Entrepreneurship Curriculum|Ai Literacy Program|Coding Mentor Certification|Real Estate Licensing Prep|Coding Bootcamp|Homeschooling Content Ai|Ai Tutoring Platform|Branding Templates Marketplace|Voiceover Script Library|Trade Skills Bootcamp|Franchise Blueprint System|Low Income Housing Blueprint|Automated Empire Book|Bipoc Creator Incubator|Ai Legal Doc Generator|Virtual Black Art Museum|Ai Coding Tutor|Online Course Creator|Executive Education Program|Youth Stem Program|Remote Work Certification|Ai Research Assistant|Personal Finance Coach|Language Learning Ai|Test Preparation Ai|Corporate Training Ai|Medical Education Ai|Legal Education Ai|Music Education Ai|Art Education Ai|Physical Education Ai|Environmental Education Ai|Social Studies Ai|Math Education Ai|Science Education Ai|Reading Comprehension Ai|Writing Instruction Ai|Critical Thinking Ai|Emotional Intelligence Ai|Time Management Ai,aligned
Worldwidebro/edu-004-real-estate-licensing-prep,edu-004-real-estate-licensing-prep,True,Civilization OS — EDU-004-Real-Estate-Licensing-Prep,,0,40,EDU-001-Youth-Entrepreneurship-Curriculum|EDU-002-AI-Literacy-Program|EDU-003-Coding-Mentor-Certification|EDU-004-Real-Estate-Licensing-Prep|EDU-005-Coding-Bootcamp|EDU-006-Homeschooling-Content-AI|EDU-007-AI-Tutoring-Platform|EDU-008-Branding-Templates-Marketplace|EDU-009-Voiceover-Script-Library|EDU-010-Trade-Skills-Bootcamp|EDU-011-Franchise-Blueprint-System|EDU-012-Low-Income-Housing-Blueprint|EDU-013-Automated-Empire-Book|EDU-014-BIPOC-Creator-Incubator|EDU-015-AI-Legal-Doc-Generator|EDU-016-Virtual-Black-Art-Museum|EDU-017-AI-Coding-Tutor|EDU-018-Online-Course-Creator|EDU-019-Executive-Education-Program|EDU-020-Youth-STEM-Program|EDU-021-Remote-Work-Certification|EDU-022-AI-Research-Assistant|EDU-023-Personal-Finance-Coach|EDU-024-Language-Learning-AI|EDU-025-Test-Preparation-AI|EDU-026-Corporate-Training-AI|EDU-027-Medical-Education-AI|EDU-028-Legal-Education-AI|EDU-029-Music-Education-AI|EDU-030-Art-Education-AI|EDU-031-Physical-Education-AI|EDU-032-Environmental-Education-AI|EDU-033-Social-Studies-AI|EDU-034-Math-Education-AI|EDU-035-Science-Education-AI|EDU-036-Reading-Comprehension-AI|EDU-037-Writing-Instruction-AI|EDU-038-Critical-Thinking-AI|EDU-039-Emotional-Intelligence-AI|EDU-040-Time-Management-AI,Youth Entrepreneurship Curriculum|Ai Literacy Program|Coding Mentor Certification|Real Estate Licensing Prep|Coding Bootcamp|Homeschooling Content Ai|Ai Tutoring Platform|Branding Templates Marketplace|Voiceover Script Library|Trade Skills Bootcamp|Franchise Blueprint System|Low Income Housing Blueprint|Automated Empire Book|Bipoc Creator Incubator|Ai Legal Doc Generator|Virtual Black Art Museum|Ai Coding Tutor|Online Course Creator|Executive Education Program|Youth Stem Program|Remote Work Certification|Ai Research Assistant|Personal Finance Coach|Language Learning Ai|Test Preparation Ai|Corporate Training Ai|Medical Education Ai|Legal Education Ai|Music Education Ai|Art Education Ai|Physical Education Ai|Environmental Education Ai|Social Studies Ai|Math Education Ai|Science Education Ai|Reading Comprehension Ai|Writing Instruction Ai|Critical Thinking Ai|Emotional Intelligence Ai|Time Management Ai,aligned
Worldwidebro/edu-005-coding-bootcamp,edu-005-coding-bootcamp,True,Civilization OS — EDU-005-Coding-Bootcamp,,0,40,EDU-001-Youth-Entrepreneurship-Curriculum|EDU-002-AI-Literacy-Program|EDU-003-Coding-Mentor-Certification|EDU-004-Real-Estate-Licensing-Prep|EDU-005-Coding-Bootcamp|EDU-006-Homeschooling-Content-AI|EDU-007-AI-Tutoring-Platform|EDU-008-Branding-Templates-Marketplace|EDU-009-Voiceover-Script-Library|EDU-010-Trade-Skills-Bootcamp|EDU-011-Franchise-Blueprint-System|EDU-012-Low-Income-Housing-Blueprint|EDU-013-Automated-Empire-Book|EDU-014-BIPOC-Creator-Incubator|EDU-015-AI-Legal-Doc-Generator|EDU-016-Virtual-Black-Art-Museum|EDU-017-AI-Coding-Tutor|EDU-018-Online-Course-Creator|EDU-019-Executive-Education-Program|EDU-020-Youth-STEM-Program|EDU-021-Remote-Work-Certification|EDU-022-AI-Research-Assistant|EDU-023-Personal-Finance-Coach|EDU-024-Language-Learning-AI|EDU-025-Test-Preparation-AI|EDU-026-Corporate-Training-AI|EDU-027-Medical-Education-AI|EDU-028-Legal-Education-AI|EDU-029-Music-Education-AI|EDU-030-Art-Education-AI|EDU-031-Physical-Education-AI|EDU-032-Environmental-Education-AI|EDU-033-Social-Studies-AI|EDU-034-Math-Education-AI|EDU-035-Science-Education-AI|EDU-036-Reading-Comprehension-AI|EDU-037-Writing-Instruction-AI|EDU-038-Critical-Thinking-AI|EDU-039-Emotional-Intelligence-AI|EDU-040-Time-Management-AI,Youth Entrepreneurship Curriculum|Ai Literacy Program|Coding Mentor Certification|Real Estate Licensing Prep|Coding Bootcamp|Homeschooling Content Ai|Ai Tutoring Platform|Branding Templates Marketplace|Voiceover Script Library|Trade Skills Bootcamp|Franchise Blueprint System|Low Income Housing Blueprint|Automated Empire Book|Bipoc Creator Incubator|Ai Legal Doc Generator|Virtual Black Art Museum|Ai Coding Tutor|Online Course Creator|Executive Education Program|Youth Stem Program|Remote Work Certification|Ai Research Assistant|Personal Finance Coach|Language Learning Ai|Test Preparation Ai|Corporate Training Ai|Medical Education Ai|Legal Education Ai|Music Education Ai|Art Education Ai|Physical Education Ai|Environmental Education Ai|Social Studies Ai|Math Education Ai|Science Education Ai|Reading Comprehension Ai|Writing Instruction Ai|Critical Thinking Ai|Emotional Intelligence Ai|Time Management Ai,aligned
Worldwidebro/edu-006-homeschooling-content-ai,edu-006-homeschooling-content-ai,True,Civilization OS — EDU-006-Homeschooling-Content-AI,,0,40,EDU-001-Youth-Entrepreneurship-Curriculum|EDU-002-AI-Literacy-Program|EDU-003-Coding-Mentor-Certification|EDU-004-Real-Estate-Licensing-Prep|EDU-005-Coding-Bootcamp|EDU-006-Homeschooling-Content-AI|EDU-007-AI-Tutoring-Platform|EDU-008-Branding-Templates-Marketplace|EDU-009-Voiceover-Script-Library|EDU-010-Trade-Skills-Bootcamp|EDU-011-Franchise-Blueprint-System|EDU-012-Low-Income-Housing-Blueprint|EDU-013-Automated-Empire-Book|EDU-014-BIPOC-Creator-Incubator|EDU-015-AI-Legal-Doc-Generator|EDU-016-Virtual-Black-Art-Museum|EDU-017-AI-Coding-Tutor|EDU-018-Online-Course-Creator|EDU-019-Executive-Education-Program|EDU-020-Youth-STEM-Program|EDU-021-Remote-Work-Certification|EDU-022-AI-Research-Assistant|EDU-023-Personal-Finance-Coach|EDU-024-Language-Learning-AI|EDU-025-Test-Preparation-AI|EDU-026-Corporate-Training-AI|EDU-027-Medical-Education-AI|EDU-028-Legal-Education-AI|EDU-029-Music-Education-AI|EDU-030-Art-Education-AI|EDU-031-Physical-Education-AI|EDU-032-Environmental-Education-AI|EDU-033-Social-Studies-AI|EDU-034-Math-Education-AI|EDU-035-Science-Education-AI|EDU-036-Reading-Comprehension-AI|EDU-037-Writing-Instruction-AI|EDU-038-Critical-Thinking-AI|EDU-039-Emotional-Intelligence-AI|EDU-040-Time-Management-AI,Youth Entrepreneurship Curriculum|Ai Literacy Program|Coding Mentor Certification|Real Estate Licensing Prep|Coding Bootcamp|Homeschooling Content Ai|Ai Tutoring Platform|Branding Templates Marketplace|Voiceover Script Library|Trade Skills Bootcamp|Franchise Blueprint System|Low Income Housing Blueprint|Automated Empire Book|Bipoc Creator Incubator|Ai Legal Doc Generator|Virtual Black Art Museum|Ai Coding Tutor|Online Course Creator|Executive Education Program|Youth Stem Program|Remote Work Certification|Ai Research Assistant|Personal Finance Coach|Language Learning Ai|Test Preparation Ai|Corporate Training Ai|Medical Education Ai|Legal Education Ai|Music Education Ai|Art Education Ai|Physical Education Ai|Environmental Education Ai|Social Studies Ai|Math Education Ai|Science Education Ai|Reading Comprehension Ai|Writing Instruction Ai|Critical Thinking Ai|Emotional Intelligence Ai|Time Management Ai,aligned
Worldwidebro/edu-007-ai-tutoring-platform,edu-007-ai-tutoring-platform,True,Civilization OS — EDU-007-AI-Tutoring-Platform,,0,39,EDU-001-Youth-Entrepreneurship-Curriculum|EDU-002-AI-Literacy-Program|EDU-003-Coding-Mentor-Certification|EDU-004-Real-Estate-Licensing-Prep|EDU-005-Coding-Bootcamp|EDU-006-Homeschooling-Content-AI|EDU-007-AI-Tutoring-Platform|EDU-009-Voiceover-Script-Library|EDU-010-Trade-Skills-Bootcamp|EDU-011-Franchise-Blueprint-System|EDU-012-Low-Income-Housing-Blueprint|EDU-013-Automated-Empire-Book|EDU-014-BIPOC-Creator-Incubator|EDU-015-AI-Legal-Doc-Generator|EDU-016-Virtual-Black-Art-Museum|EDU-017-AI-Coding-Tutor|EDU-018-Online-Course-Creator|EDU-019-Executive-Education-Program|EDU-020-Youth-STEM-Program|EDU-021-Remote-Work-Certification|EDU-022-AI-Research-Assistant|EDU-023-Personal-Finance-Coach|EDU-024-Language-Learning-AI|EDU-025-Test-Preparation-AI|EDU-026-Corporate-Training-AI|EDU-027-Medical-Education-AI|EDU-028-Legal-Education-AI|EDU-029-Music-Education-AI|EDU-030-Art-Education-AI|EDU-031-Physical-Education-AI|EDU-032-Environmental-Education-AI|EDU-033-Social-Studies-AI|EDU-034-Math-Education-AI|EDU-035-Science-Education-AI|EDU-036-Reading-Comprehension-AI|EDU-037-Writing-Instruction-AI|EDU-038-Critical-Thinking-AI|EDU-039-Emotional-Intelligence-AI|EDU-040-Time-Management-AI,Youth Entrepreneurship Curriculum|Ai Literacy Program|Coding Mentor Certification|Real Estate Licensing Prep|Coding Bootcamp|Homeschooling Content Ai|Ai Tutoring Platform|Voiceover Script Library|Trade Skills Bootcamp|Franchise Blueprint System|Low Income Housing Blueprint|Automated Empire Book|Bipoc Creator Incubator|Ai Legal Doc Generator|Virtual Black Art Museum|Ai Coding Tutor|Online Course Creator|Executive Education Program|Youth Stem Program|Remote Work Certification|Ai Research Assistant|Personal Finance Coach|Language Learning Ai|Test Preparation Ai|Corporate Training Ai|Medical Education Ai|Legal Education Ai|Music Education Ai|Art Education Ai|Physical Education Ai|Environmental Education Ai|Social Studies Ai|Math Education Ai|Science Education Ai|Reading Comprehension Ai|Writing Instruction Ai|Critical Thinking Ai|Emotional Intelligence Ai|Time Management Ai,aligned
Worldwidebro/edu-008-branding-templates-marketplace,edu-008-branding-templates-marketplace,True,Civilization OS — EDU-008-Branding-Templates-Marketplace,,0,39,EDU-001-Youth-Entrepreneurship-Curriculum|EDU-002-AI-Literacy-Program|EDU-003-Coding-Mentor-Certification|EDU-004-Real-Estate-Licensing-Prep|EDU-005-Coding-Bootcamp|EDU-006-Homeschooling-Content-AI|EDU-008-Branding-Templates-Marketplace|EDU-009-Voiceover-Script-Library|EDU-010-Trade-Skills-Bootcamp|EDU-011-Franchise-Blueprint-System|EDU-012-Low-Income-Housing-Blueprint|EDU-013-Automated-Empire-Book|EDU-014-BIPOC-Creator-Incubator|EDU-015-AI-Legal-Doc-Generator|EDU-016-Virtual-Black-Art-Museum|EDU-017-AI-Coding-Tutor|EDU-018-Online-Course-Creator|EDU-019-Executive-Education-Program|EDU-020-Youth-STEM-Program|EDU-021-Remote-Work-Certification|EDU-022-AI-Research-Assistant|EDU-023-Personal-Finance-Coach|EDU-024-Language-Learning-AI|EDU-025-Test-Preparation-AI|EDU-026-Corporate-Training-AI|EDU-027-Medical-Education-AI|EDU-028-Legal-Education-AI|EDU-029-Music-Education-AI|EDU-030-Art-Education-AI|EDU-031-Physical-Education-AI|EDU-032-Environmental-Education-AI|EDU-033-Social-Studies-AI|EDU-034-Math-Education-AI|EDU-035-Science-Education-AI|EDU-036-Reading-Comprehension-AI|EDU-037-Writing-Instruction-AI|EDU-038-Critical-Thinking-AI|EDU-039-Emotional-Intelligence-AI|EDU-040-Time-Management-AI,Youth Entrepreneurship Curriculum|Ai Literacy Program|Coding Mentor Certification|Real Estate Licensing Prep|Coding Bootcamp|Homeschooling Content Ai|Branding Templates Marketplace|Voiceover Script Library|Trade Skills Bootcamp|Franchise Blueprint System|Low Income Housing Blueprint|Automated Empire Book|Bipoc Creator Incubator|Ai Legal Doc Generator|Virtual Black Art Museum|Ai Coding Tutor|Online Course Creator|Executive Education Program|Youth Stem Program|Remote Work Certification|Ai Research Assistant|Personal Finance Coach|Language Learning Ai|Test Preparation Ai|Corporate Training Ai|Medical Education Ai|Legal Education Ai|Music Education Ai|Art Education Ai|Physical Education Ai|Environmental Education Ai|Social Studies Ai|Math Education Ai|Science Education Ai|Reading Comprehension Ai|Writing Instruction Ai|Critical Thinking Ai|Emotional Intelligence Ai|Time Management Ai,aligned
Worldwidebro/edu-009-voiceover-script-library,edu-009-voiceover-script-library,True,Civilization OS — EDU-009-Voiceover-Script-Library,,0,38,EDU-001-Youth-Entrepreneurship-Curriculum|EDU-002-AI-Literacy-Program|EDU-003-Coding-Mentor-Certification|EDU-004-Real-Estate-Licensing-Prep|EDU-005-Coding-Bootcamp|EDU-006-Homeschooling-Content-AI|EDU-009-Voiceover-Script-Library|EDU-010-Trade-Skills-Bootcamp|EDU-011-Franchise-Blueprint-System|EDU-012-Low-Income-Housing-Blueprint|EDU-013-Automated-Empire-Book|EDU-014-BIPOC-Creator-Incubator|EDU-015-AI-Legal-Doc-Generator|EDU-016-Virtual-Black-Art-Museum|EDU-017-AI-Coding-Tutor|EDU-018-Online-Course-Creator|EDU-019-Executive-Education-Program|EDU-020-Youth-STEM-Program|EDU-021-Remote-Work-Certification|EDU-022-AI-Research-Assistant|EDU-023-Personal-Finance-Coach|EDU-024-Language-Learning-AI|EDU-025-Test-Preparation-AI|EDU-026-Corporate-Training-AI|EDU-027-Medical-Education-AI|EDU-028-Legal-Education-AI|EDU-029-Music-Education-AI|EDU-030-Art-Education-AI|EDU-031-Physical-Education-AI|EDU-032-Environmental-Education-AI|EDU-033-Social-Studies-AI|EDU-034-Math-Education-AI|EDU-035-Science-Education-AI|EDU-036-Reading-Comprehension-AI|EDU-037-Writing-Instruction-AI|EDU-038-Critical-Thinking-AI|EDU-039-Emotional-Intelligence-AI|EDU-040-Time-Management-AI,Youth Entrepreneurship Curriculum|Ai Literacy Program|Coding Mentor Certification|Real Estate Licensing Prep|Coding Bootcamp|Homeschooling Content Ai|Voiceover Script Library|Trade Skills Bootcamp|Franchise Blueprint System|Low Income Housing Blueprint|Automated Empire Book|Bipoc Creator Incubator|Ai Legal Doc Generator|Virtual Black Art Museum|Ai Coding Tutor|Online Course Creator|Executive Education Program|Youth Stem Program|Remote Work Certification|Ai Research Assistant|Personal Finance Coach|Language Learning Ai|Test Preparation Ai|Corporate Training Ai|Medical Education Ai|Legal Education Ai|Music Education Ai|Art Education Ai|Physical Education Ai|Environmental Education Ai|Social Studies Ai|Math Education Ai|Science Education Ai|Reading Comprehension Ai|Writing Instruction Ai|Critical Thinking Ai|Emotional Intelligence Ai|Time Management Ai,aligned
Worldwidebro/edu-010-trade-skills-bootcamp,edu-010-trade-skills-bootcamp,True,Civilization OS — EDU-010-Trade-Skills-Bootcamp,,0,8,EDU-001-Youth-Entrepreneurship-Curriculum|EDU-002-AI-Literacy-Program|EDU-003-Coding-Mentor-Certification|EDU-004-Real-Estate-Licensing-Prep|EDU-005-Coding-Bootcamp|EDU-006-Homeschooling-Content-AI|EDU-009-Voiceover-Script-Library|EDU-010-Trade-Skills-Bootcamp,Youth Entrepreneurship Curriculum|Ai Literacy Program|Coding Mentor Certification|Real Estate Licensing Prep|Coding Bootcamp|Homeschooling Content Ai|Voiceover Script Library|Trade Skills Bootcamp,aligned
Worldwidebro/edu-011-franchise-blueprint-system,edu-011-franchise-blueprint-system,True,Civilization OS — EDU-011-Franchise-Blueprint-System,,0,1,EDU-011-Franchise-Blueprint-System,Franchise Blueprint System,aligned
Worldwidebro/edu-012-low-income-housing-blueprint,edu-012-low-income-housing-blueprint,True,Civilization OS — EDU-012-Low-Income-Housing-Blueprint,,0,1,EDU-012-Low-Income-Housing-Blueprint,Low Income Housing Blueprint,aligned
Worldwidebro/edu-013-automated-empire-book,edu-013-automated-empire-book,True,Civilization OS — EDU-013-Automated-Empire-Book,,0,1,EDU-013-Automated-Empire-Book,Automated Empire Book,aligned
Worldwidebro/edu-014-bipoc-creator-incubator,edu-014-bipoc-creator-incubator,True,Civilization OS — EDU-014-BIPOC-Creator-Incubator,,0,1,EDU-014-BIPOC-Creator-Incubator,Bipoc Creator Incubator,aligned
Worldwidebro/edu-015-ai-legal-doc-generator,edu-015-ai-legal-doc-generator,True,Civilization OS — EDU-015-AI-Legal-Doc-Generator,,0,1,EDU-015-AI-Legal-Doc-Generator,Ai Legal Doc Generator,aligned
Worldwidebro/edu-016-virtual-black-art-museum,edu-016-virtual-black-art-museum,True,Civilization OS — EDU-016-Virtual-Black-Art-Museum,,0,1,EDU-016-Virtual-Black-Art-Museum,Virtual Black Art Museum,aligned
Worldwidebro/edu-017-ai-coding-tutor,edu-017-ai-coding-tutor,True,Civilization OS — EDU-017-AI-Coding-Tutor,,0,1,EDU-017-AI-Coding-Tutor,Ai Coding Tutor,aligned
Worldwidebro/edu-018-online-course-creator,edu-018-online-course-creator,True,Civilization OS — EDU-018-Online-Course-Creator,,0,1,EDU-018-Online-Course-Creator,Online Course Creator,aligned
Worldwidebro/edu-019-executive-education-program,edu-019-executive-education-program,True,Civilization OS — EDU-019-Executive-Education-Program,,0,1,EDU-019-Executive-Education-Program,Executive Education Program,aligned
Worldwidebro/edu-020-youth-stem-program,edu-020-youth-stem-program,True,Civilization OS — EDU-020-Youth-STEM-Program,,0,1,EDU-020-Youth-STEM-Program,Youth Stem Program,aligned
Worldwidebro/edu-021-remote-work-certification,edu-021-remote-work-certification,True,Civilization OS — EDU-021-Remote-Work-Certification,,0,1,EDU-021-Remote-Work-Certification,Remote Work Certification,aligned
Worldwidebro/edu-022-ai-research-assistant,edu-022-ai-research-assistant,True,Civilization OS — EDU-022-AI-Research-Assistant,,0,1,EDU-022-AI-Research-Assistant,Ai Research Assistant,aligned
Worldwidebro/edu-023-personal-finance-coach,edu-023-personal-finance-coach,True,Civilization OS — EDU-023-Personal-Finance-Coach,,0,1,EDU-023-Personal-Finance-Coach,Personal Finance Coach,aligned
Worldwidebro/edu-024-language-learning-ai,edu-024-language-learning-ai,True,Civilization OS — EDU-024-Language-Learning-AI,,0,1,EDU-024-Language-Learning-AI,Language Learning Ai,aligned
Worldwidebro/edu-025-test-preparation-ai,edu-025-test-preparation-ai,True,Civilization OS — EDU-025-Test-Preparation-AI,,0,1,EDU-025-Test-Preparation-AI,Test Preparation Ai,aligned
Worldwidebro/edu-026-corporate-training-ai,edu-026-corporate-training-ai,True,Civilization OS — EDU-026-Corporate-Training-AI,,0,1,EDU-026-Corporate-Training-AI,Corporate Training Ai,aligned
Worldwidebro/edu-027-medical-education-ai,edu-027-medical-education-ai,True,Civilization OS — EDU-027-Medical-Education-AI,,0,1,EDU-027-Medical-Education-AI,Medical Education Ai,aligned
Worldwidebro/edu-028-legal-education-ai,edu-028-legal-education-ai,True,Civilization OS — EDU-028-Legal-Education-AI,,0,1,EDU-028-Legal-Education-AI,Legal Education Ai,aligned
Worldwidebro/edu-029-music-education-ai,edu-029-music-education-ai,True,Civilization OS — EDU-029-Music-Education-AI,,0,1,EDU-029-Music-Education-AI,Music Education Ai,aligned
Worldwidebro/edu-030-art-education-ai,edu-030-art-education-ai,True,Civilization OS — EDU-030-Art-Education-AI,,0,1,EDU-030-Art-Education-AI,Art Education Ai,aligned
Worldwidebro/edu-031-physical-education-ai,edu-031-physical-education-ai,True,Civilization OS — EDU-031-Physical-Education-AI,,0,1,EDU-031-Physical-Education-AI,Physical Education Ai,aligned
Worldwidebro/edu-032-environmental-education-ai,edu-032-environmental-education-ai,True,Civilization OS — EDU-032-Environmental-Education-AI,,0,1,EDU-032-Environmental-Education-AI,Environmental Education Ai,aligned
Worldwidebro/edu-033-social-studies-ai,edu-033-social-studies-ai,True,Civilization OS — EDU-033-Social-Studies-AI,,0,1,EDU-033-Social-Studies-AI,Social Studies Ai,aligned
Worldwidebro/edu-034-math-education-ai,edu-034-math-education-ai,True,Civilization OS — EDU-034-Math-Education-AI,,0,1,EDU-034-Math-Education-AI,Math Education Ai,aligned
Worldwidebro/edu-035-science-education-ai,edu-035-science-education-ai,True,Civilization OS — EDU-035-Science-Education-AI,,0,1,EDU-035-Science-Education-AI,Science Education Ai,aligned
Worldwidebro/edu-036-reading-comprehension-ai,edu-036-reading-comprehension-ai,True,Civilization OS — EDU-036-Reading-Comprehension-AI,,0,1,EDU-036-Reading-Comprehension-AI,Reading Comprehension Ai,aligned
Worldwidebro/edu-037-writing-instruction-ai,edu-037-writing-instruction-ai,True,Civilization OS — EDU-037-Writing-Instruction-AI,,0,1,EDU-037-Writing-Instruction-AI,Writing Instruction Ai,aligned
Worldwidebro/edu-038-critical-thinking-ai,edu-038-critical-thinking-ai,True,Civilization OS — EDU-038-Critical-Thinking-AI,,0,1,EDU-038-Critical-Thinking-AI,Critical Thinking Ai,aligned
Worldwidebro/edu-039-emotional-intelligence-ai,edu-039-emotional-intelligence-ai,True,Civilization OS — EDU-039-Emotional-Intelligence-AI,,0,1,EDU-039-Emotional-Intelligence-AI,Emotional Intelligence Ai,aligned
Worldwidebro/edu-040-time-management-ai,edu-040-time-management-ai,True,Civilization OS — EDU-040-Time-Management-AI,,0,1,EDU-040-Time-Management-AI,Time Management Ai,aligned
Worldwidebro/em-001-space-habitat-ai,em-001-space-habitat-ai,True,Civilization OS — EM-001-Space-Habitat-AI,,0,50,EM-001-Space-Habitat-AI|EM-002-Fusion-Energy-AI|EM-003-Teleportation-Research-AI|EM-004-Climate-Solutions-AI|EM-005-Holographic-Events-AI|EM-006-Neurofeedback-AI|EM-007-Autonomous-Delivery-AI|EM-008-Gene-Editing-AI|EM-009-Space-Tourism-AI|EM-010-Wearables-AI|EM-011-Metaverse-Hub-AI|EM-012-Energy-Grid-AI|EM-013-Brain-Computer-Interface|EM-014-Ocean-Cleanup-AI|EM-015-Crypto-Trading-AI|EM-016-Synthetic-Media-AI|EM-017-Space-Mining-AI|EM-018-VR-Therapy-AI|EM-019-Weather-Prediction-AI|EM-020-Autonomous-Farming-AI|EM-021-Traffic-Optimizer-AI|EM-022-Smart-Grid-AI|EM-023-Disaster-Prediction-AI|EM-024-Nanotech-AI|EM-025-Personalized-Medicine-AI|EM-026-AI-Diagnostic-Lab|EM-027-Sustainable-Cities-AI|EM-028-Renewable-Energy-AI|EM-029-Climate-Modeling-AI|EM-030-Policy-Advisor-AI|EM-031-Governance-Hub-AI|EM-032-Global-Challenges-AI|EM-033-Space-Exploration-AI|EM-034-Education-Equity-AI|EM-035-Health-Equity-AI|EM-036-Economic-Equity-AI|EM-037-Environmental-Justice-AI|EM-038-Human-Rights-AI|EM-039-Peacebuilding-AI|EM-040-Telemedicine-AI|EM-041-AI-Climate-Adaptation|EM-042-Space-Agriculture-AI|EM-043-Quantum-Communication-AI|EM-044-Robotics-Surgery-AI|EM-045-AI-Disaster-Response|EM-046-Smart-City-Governance|EM-047-AI-Environmental-Monitoring|EM-048-Space-Manufacturing-AI|EM-049-AI-Ocean-Exploration|EM-050-AI-Archaeology,Space Habitat Ai|Fusion Energy Ai|Teleportation Research Ai|Climate Solutions Ai|Holographic Events Ai|Neurofeedback Ai|Autonomous Delivery Ai|Gene Editing Ai|Space Tourism Ai|Wearables Ai|Metaverse Hub Ai|Energy Grid Ai|Brain Computer Interface|Ocean Cleanup Ai|Crypto Trading Ai|Synthetic Media Ai|Space Mining Ai|Vr Therapy Ai|Weather Prediction Ai|Autonomous Farming Ai|Traffic Optimizer Ai|Smart Grid Ai|Disaster Prediction Ai|Nanotech Ai|Personalized Medicine Ai|Ai Diagnostic Lab|Sustainable Cities Ai|Renewable Energy Ai|Climate Modeling Ai|Policy Advisor Ai|Governance Hub Ai|Global Challenges Ai|Space Exploration Ai|Education Equity Ai|Health Equity Ai|Economic Equity Ai|Environmental Justice Ai|Human Rights Ai|Peacebuilding Ai|Telemedicine Ai|Ai Climate Adaptation|Space Agriculture Ai|Quantum Communication Ai|Robotics Surgery Ai|Ai Disaster Response|Smart City Governance|Ai Environmental Monitoring|Space Manufacturing Ai|Ai Ocean Exploration|Ai Archaeology,aligned
Worldwidebro/em-002-fusion-energy-ai,em-002-fusion-energy-ai,True,Civilization OS — EM-002-Fusion-Energy-AI,,0,50,EM-001-Space-Habitat-AI|EM-002-Fusion-Energy-AI|EM-003-Teleportation-Research-AI|EM-004-Climate-Solutions-AI|EM-005-Holographic-Events-AI|EM-006-Neurofeedback-AI|EM-007-Autonomous-Delivery-AI|EM-008-Gene-Editing-AI|EM-009-Space-Tourism-AI|EM-010-Wearables-AI|EM-011-Metaverse-Hub-AI|EM-012-Energy-Grid-AI|EM-013-Brain-Computer-Interface|EM-014-Ocean-Cleanup-AI|EM-015-Crypto-Trading-AI|EM-016-Synthetic-Media-AI|EM-017-Space-Mining-AI|EM-018-VR-Therapy-AI|EM-019-Weather-Prediction-AI|EM-020-Autonomous-Farming-AI|EM-021-Traffic-Optimizer-AI|EM-022-Smart-Grid-AI|EM-023-Disaster-Prediction-AI|EM-024-Nanotech-AI|EM-025-Personalized-Medicine-AI|EM-026-AI-Diagnostic-Lab|EM-027-Sustainable-Cities-AI|EM-028-Renewable-Energy-AI|EM-029-Climate-Modeling-AI|EM-030-Policy-Advisor-AI|EM-031-Governance-Hub-AI|EM-032-Global-Challenges-AI|EM-033-Space-Exploration-AI|EM-034-Education-Equity-AI|EM-035-Health-Equity-AI|EM-036-Economic-Equity-AI|EM-037-Environmental-Justice-AI|EM-038-Human-Rights-AI|EM-039-Peacebuilding-AI|EM-040-Telemedicine-AI|EM-041-AI-Climate-Adaptation|EM-042-Space-Agriculture-AI|EM-043-Quantum-Communication-AI|EM-044-Robotics-Surgery-AI|EM-045-AI-Disaster-Response|EM-046-Smart-City-Governance|EM-047-AI-Environmental-Monitoring|EM-048-Space-Manufacturing-AI|EM-049-AI-Ocean-Exploration|EM-050-AI-Archaeology,Space Habitat Ai|Fusion Energy Ai|Teleportation Research Ai|Climate Solutions Ai|Holographic Events Ai|Neurofeedback Ai|Autonomous Delivery Ai|Gene Editing Ai|Space Tourism Ai|Wearables Ai|Metaverse Hub Ai|Energy Grid Ai|Brain Computer Interface|Ocean Cleanup Ai|Crypto Trading Ai|Synthetic Media Ai|Space Mining Ai|Vr Therapy Ai|Weather Prediction Ai|Autonomous Farming Ai|Traffic Optimizer Ai|Smart Grid Ai|Disaster Prediction Ai|Nanotech Ai|Personalized Medicine Ai|Ai Diagnostic Lab|Sustainable Cities Ai|Renewable Energy Ai|Climate Modeling Ai|Policy Advisor Ai|Governance Hub Ai|Global Challenges Ai|Space Exploration Ai|Education Equity Ai|Health Equity Ai|Economic Equity Ai|Environmental Justice Ai|Human Rights Ai|Peacebuilding Ai|Telemedicine Ai|Ai Climate Adaptation|Space Agriculture Ai|Quantum Communication Ai|Robotics Surgery Ai|Ai Disaster Response|Smart City Governance|Ai Environmental Monitoring|Space Manufacturing Ai|Ai Ocean Exploration|Ai Archaeology,aligned
Worldwidebro/em-003-teleportation-research-ai,em-003-teleportation-research-ai,True,Civilization OS — EM-003-Teleportation-Research-AI,,0,50,EM-001-Space-Habitat-AI|EM-002-Fusion-Energy-AI|EM-003-Teleportation-Research-AI|EM-004-Climate-Solutions-AI|EM-005-Holographic-Events-AI|EM-006-Neurofeedback-AI|EM-007-Autonomous-Delivery-AI|EM-008-Gene-Editing-AI|EM-009-Space-Tourism-AI|EM-010-Wearables-AI|EM-011-Metaverse-Hub-AI|EM-012-Energy-Grid-AI|EM-013-Brain-Computer-Interface|EM-014-Ocean-Cleanup-AI|EM-015-Crypto-Trading-AI|EM-016-Synthetic-Media-AI|EM-017-Space-Mining-AI|EM-018-VR-Therapy-AI|EM-019-Weather-Prediction-AI|EM-020-Autonomous-Farming-AI|EM-021-Traffic-Optimizer-AI|EM-022-Smart-Grid-AI|EM-023-Disaster-Prediction-AI|EM-024-Nanotech-AI|EM-025-Personalized-Medicine-AI|EM-026-AI-Diagnostic-Lab|EM-027-Sustainable-Cities-AI|EM-028-Renewable-Energy-AI|EM-029-Climate-Modeling-AI|EM-030-Policy-Advisor-AI|EM-031-Governance-Hub-AI|EM-032-Global-Challenges-AI|EM-033-Space-Exploration-AI|EM-034-Education-Equity-AI|EM-035-Health-Equity-AI|EM-036-Economic-Equity-AI|EM-037-Environmental-Justice-AI|EM-038-Human-Rights-AI|EM-039-Peacebuilding-AI|EM-040-Telemedicine-AI|EM-041-AI-Climate-Adaptation|EM-042-Space-Agriculture-AI|EM-043-Quantum-Communication-AI|EM-044-Robotics-Surgery-AI|EM-045-AI-Disaster-Response|EM-046-Smart-City-Governance|EM-047-AI-Environmental-Monitoring|EM-048-Space-Manufacturing-AI|EM-049-AI-Ocean-Exploration|EM-050-AI-Archaeology,Space Habitat Ai|Fusion Energy Ai|Teleportation Research Ai|Climate Solutions Ai|Holographic Events Ai|Neurofeedback Ai|Autonomous Delivery Ai|Gene Editing Ai|Space Tourism Ai|Wearables Ai|Metaverse Hub Ai|Energy Grid Ai|Brain Computer Interface|Ocean Cleanup Ai|Crypto Trading Ai|Synthetic Media Ai|Space Mining Ai|Vr Therapy Ai|Weather Prediction Ai|Autonomous Farming Ai|Traffic Optimizer Ai|Smart Grid Ai|Disaster Prediction Ai|Nanotech Ai|Personalized Medicine Ai|Ai Diagnostic Lab|Sustainable Cities Ai|Renewable Energy Ai|Climate Modeling Ai|Policy Advisor Ai|Governance Hub Ai|Global Challenges Ai|Space Exploration Ai|Education Equity Ai|Health Equity Ai|Economic Equity Ai|Environmental Justice Ai|Human Rights Ai|Peacebuilding Ai|Telemedicine Ai|Ai Climate Adaptation|Space Agriculture Ai|Quantum Communication Ai|Robotics Surgery Ai|Ai Disaster Response|Smart City Governance|Ai Environmental Monitoring|Space Manufacturing Ai|Ai Ocean Exploration|Ai Archaeology,aligned
Worldwidebro/em-004-climate-solutions-ai,em-004-climate-solutions-ai,True,Civilization OS — EM-004-Climate-Solutions-AI,,0,50,EM-001-Space-Habitat-AI|EM-002-Fusion-Energy-AI|EM-003-Teleportation-Research-AI|EM-004-Climate-Solutions-AI|EM-005-Holographic-Events-AI|EM-006-Neurofeedback-AI|EM-007-Autonomous-Delivery-AI|EM-008-Gene-Editing-AI|EM-009-Space-Tourism-AI|EM-010-Wearables-AI|EM-011-Metaverse-Hub-AI|EM-012-Energy-Grid-AI|EM-013-Brain-Computer-Interface|EM-014-Ocean-Cleanup-AI|EM-015-Crypto-Trading-AI|EM-016-Synthetic-Media-AI|EM-017-Space-Mining-AI|EM-018-VR-Therapy-AI|EM-019-Weather-Prediction-AI|EM-020-Autonomous-Farming-AI|EM-021-Traffic-Optimizer-AI|EM-022-Smart-Grid-AI|EM-023-Disaster-Prediction-AI|EM-024-Nanotech-AI|EM-025-Personalized-Medicine-AI|EM-026-AI-Diagnostic-Lab|EM-027-Sustainable-Cities-AI|EM-028-Renewable-Energy-AI|EM-029-Climate-Modeling-AI|EM-030-Policy-Advisor-AI|EM-031-Governance-Hub-AI|EM-032-Global-Challenges-AI|EM-033-Space-Exploration-AI|EM-034-Education-Equity-AI|EM-035-Health-Equity-AI|EM-036-Economic-Equity-AI|EM-037-Environmental-Justice-AI|EM-038-Human-Rights-AI|EM-039-Peacebuilding-AI|EM-040-Telemedicine-AI|EM-041-AI-Climate-Adaptation|EM-042-Space-Agriculture-AI|EM-043-Quantum-Communication-AI|EM-044-Robotics-Surgery-AI|EM-045-AI-Disaster-Response|EM-046-Smart-City-Governance|EM-047-AI-Environmental-Monitoring|EM-048-Space-Manufacturing-AI|EM-049-AI-Ocean-Exploration|EM-050-AI-Archaeology,Space Habitat Ai|Fusion Energy Ai|Teleportation Research Ai|Climate Solutions Ai|Holographic Events Ai|Neurofeedback Ai|Autonomous Delivery Ai|Gene Editing Ai|Space Tourism Ai|Wearables Ai|Metaverse Hub Ai|Energy Grid Ai|Brain Computer Interface|Ocean Cleanup Ai|Crypto Trading Ai|Synthetic Media Ai|Space Mining Ai|Vr Therapy Ai|Weather Prediction Ai|Autonomous Farming Ai|Traffic Optimizer Ai|Smart Grid Ai|Disaster Prediction Ai|Nanotech Ai|Personalized Medicine Ai|Ai Diagnostic Lab|Sustainable Cities Ai|Renewable Energy Ai|Climate Modeling Ai|Policy Advisor Ai|Governance Hub Ai|Global Challenges Ai|Space Exploration Ai|Education Equity Ai|Health Equity Ai|Economic Equity Ai|Environmental Justice Ai|Human Rights Ai|Peacebuilding Ai|Telemedicine Ai|Ai Climate Adaptation|Space Agriculture Ai|Quantum Communication Ai|Robotics Surgery Ai|Ai Disaster Response|Smart City Governance|Ai Environmental Monitoring|Space Manufacturing Ai|Ai Ocean Exploration|Ai Archaeology,aligned
Worldwidebro/em-005-holographic-events-ai,em-005-holographic-events-ai,True,Civilization OS — EM-005-Holographic-Events-AI,,0,50,EM-001-Space-Habitat-AI|EM-002-Fusion-Energy-AI|EM-003-Teleportation-Research-AI|EM-004-Climate-Solutions-AI|EM-005-Holographic-Events-AI|EM-006-Neurofeedback-AI|EM-007-Autonomous-Delivery-AI|EM-008-Gene-Editing-AI|EM-009-Space-Tourism-AI|EM-010-Wearables-AI|EM-011-Metaverse-Hub-AI|EM-012-Energy-Grid-AI|EM-013-Brain-Computer-Interface|EM-014-Ocean-Cleanup-AI|EM-015-Crypto-Trading-AI|EM-016-Synthetic-Media-AI|EM-017-Space-Mining-AI|EM-018-VR-Therapy-AI|EM-019-Weather-Prediction-AI|EM-020-Autonomous-Farming-AI|EM-021-Traffic-Optimizer-AI|EM-022-Smart-Grid-AI|EM-023-Disaster-Prediction-AI|EM-024-Nanotech-AI|EM-025-Personalized-Medicine-AI|EM-026-AI-Diagnostic-Lab|EM-027-Sustainable-Cities-AI|EM-028-Renewable-Energy-AI|EM-029-Climate-Modeling-AI|EM-030-Policy-Advisor-AI|EM-031-Governance-Hub-AI|EM-032-Global-Challenges-AI|EM-033-Space-Exploration-AI|EM-034-Education-Equity-AI|EM-035-Health-Equity-AI|EM-036-Economic-Equity-AI|EM-037-Environmental-Justice-AI|EM-038-Human-Rights-AI|EM-039-Peacebuilding-AI|EM-040-Telemedicine-AI|EM-041-AI-Climate-Adaptation|EM-042-Space-Agriculture-AI|EM-043-Quantum-Communication-AI|EM-044-Robotics-Surgery-AI|EM-045-AI-Disaster-Response|EM-046-Smart-City-Governance|EM-047-AI-Environmental-Monitoring|EM-048-Space-Manufacturing-AI|EM-049-AI-Ocean-Exploration|EM-050-AI-Archaeology,Space Habitat Ai|Fusion Energy Ai|Teleportation Research Ai|Climate Solutions Ai|Holographic Events Ai|Neurofeedback Ai|Autonomous Delivery Ai|Gene Editing Ai|Space Tourism Ai|Wearables Ai|Metaverse Hub Ai|Energy Grid Ai|Brain Computer Interface|Ocean Cleanup Ai|Crypto Trading Ai|Synthetic Media Ai|Space Mining Ai|Vr Therapy Ai|Weather Prediction Ai|Autonomous Farming Ai|Traffic Optimizer Ai|Smart Grid Ai|Disaster Prediction Ai|Nanotech Ai|Personalized Medicine Ai|Ai Diagnostic Lab|Sustainable Cities Ai|Renewable Energy Ai|Climate Modeling Ai|Policy Advisor Ai|Governance Hub Ai|Global Challenges Ai|Space Exploration Ai|Education Equity Ai|Health Equity Ai|Economic Equity Ai|Environmental Justice Ai|Human Rights Ai|Peacebuilding Ai|Telemedicine Ai|Ai Climate Adaptation|Space Agriculture Ai|Quantum Communication Ai|Robotics Surgery Ai|Ai Disaster Response|Smart City Governance|Ai Environmental Monitoring|Space Manufacturing Ai|Ai Ocean Exploration|Ai Archaeology,aligned
Worldwidebro/em-006-neurofeedback-ai,em-006-neurofeedback-ai,True,Civilization OS — EM-006-Neurofeedback-AI,,0,50,EM-001-Space-Habitat-AI|EM-002-Fusion-Energy-AI|EM-003-Teleportation-Research-AI|EM-004-Climate-Solutions-AI|EM-005-Holographic-Events-AI|EM-006-Neurofeedback-AI|EM-007-Autonomous-Delivery-AI|EM-008-Gene-Editing-AI|EM-009-Space-Tourism-AI|EM-010-Wearables-AI|EM-011-Metaverse-Hub-AI|EM-012-Energy-Grid-AI|EM-013-Brain-Computer-Interface|EM-014-Ocean-Cleanup-AI|EM-015-Crypto-Trading-AI|EM-016-Synthetic-Media-AI|EM-017-Space-Mining-AI|EM-018-VR-Therapy-AI|EM-019-Weather-Prediction-AI|EM-020-Autonomous-Farming-AI|EM-021-Traffic-Optimizer-AI|EM-022-Smart-Grid-AI|EM-023-Disaster-Prediction-AI|EM-024-Nanotech-AI|EM-025-Personalized-Medicine-AI|EM-026-AI-Diagnostic-Lab|EM-027-Sustainable-Cities-AI|EM-028-Renewable-Energy-AI|EM-029-Climate-Modeling-AI|EM-030-Policy-Advisor-AI|EM-031-Governance-Hub-AI|EM-032-Global-Challenges-AI|EM-033-Space-Exploration-AI|EM-034-Education-Equity-AI|EM-035-Health-Equity-AI|EM-036-Economic-Equity-AI|EM-037-Environmental-Justice-AI|EM-038-Human-Rights-AI|EM-039-Peacebuilding-AI|EM-040-Telemedicine-AI|EM-041-AI-Climate-Adaptation|EM-042-Space-Agriculture-AI|EM-043-Quantum-Communication-AI|EM-044-Robotics-Surgery-AI|EM-045-AI-Disaster-Response|EM-046-Smart-City-Governance|EM-047-AI-Environmental-Monitoring|EM-048-Space-Manufacturing-AI|EM-049-AI-Ocean-Exploration|EM-050-AI-Archaeology,Space Habitat Ai|Fusion Energy Ai|Teleportation Research Ai|Climate Solutions Ai|Holographic Events Ai|Neurofeedback Ai|Autonomous Delivery Ai|Gene Editing Ai|Space Tourism Ai|Wearables Ai|Metaverse Hub Ai|Energy Grid Ai|Brain Computer Interface|Ocean Cleanup Ai|Crypto Trading Ai|Synthetic Media Ai|Space Mining Ai|Vr Therapy Ai|Weather Prediction Ai|Autonomous Farming Ai|Traffic Optimizer Ai|Smart Grid Ai|Disaster Prediction Ai|Nanotech Ai|Personalized Medicine Ai|Ai Diagnostic Lab|Sustainable Cities Ai|Renewable Energy Ai|Climate Modeling Ai|Policy Advisor Ai|Governance Hub Ai|Global Challenges Ai|Space Exploration Ai|Education Equity Ai|Health Equity Ai|Economic Equity Ai|Environmental Justice Ai|Human Rights Ai|Peacebuilding Ai|Telemedicine Ai|Ai Climate Adaptation|Space Agriculture Ai|Quantum Communication Ai|Robotics Surgery Ai|Ai Disaster Response|Smart City Governance|Ai Environmental Monitoring|Space Manufacturing Ai|Ai Ocean Exploration|Ai Archaeology,aligned
Worldwidebro/em-007-autonomous-delivery-ai,em-007-autonomous-delivery-ai,True,Civilization OS — EM-007-Autonomous-Delivery-AI,,0,12,EM-001-Space-Habitat-AI|EM-002-Fusion-Energy-AI|EM-003-Teleportation-Research-AI|EM-004-Climate-Solutions-AI|EM-005-Holographic-Events-AI|EM-006-Neurofeedback-AI|EM-007-Autonomous-Delivery-AI|EM-011-Metaverse-Hub-AI|EM-026-AI-Diagnostic-Lab|EM-031-Governance-Hub-AI|EM-049-AI-Ocean-Exploration|EM-050-AI-Archaeology,Space Habitat Ai|Fusion Energy Ai|Teleportation Research Ai|Climate Solutions Ai|Holographic Events Ai|Neurofeedback Ai|Autonomous Delivery Ai|Metaverse Hub Ai|Ai Diagnostic Lab|Governance Hub Ai|Ai Ocean Exploration|Ai Archaeology,aligned
Worldwidebro/em-008-gene-editing-ai,em-008-gene-editing-ai,True,Civilization OS — EM-008-Gene-Editing-AI,,0,3,EM-008-Gene-Editing-AI|EM-049-AI-Ocean-Exploration|EM-050-AI-Archaeology,Gene Editing Ai|Ai Ocean Exploration|Ai Archaeology,aligned
Worldwidebro/em-009-space-tourism-ai,em-009-space-tourism-ai,True,Civilization OS — EM-009-Space-Tourism-AI,,0,3,EM-009-Space-Tourism-AI|EM-049-AI-Ocean-Exploration|EM-050-AI-Archaeology,Space Tourism Ai|Ai Ocean Exploration|Ai Archaeology,aligned
Worldwidebro/em-010-wearables-ai,em-010-wearables-ai,True,Civilization OS — EM-010-Wearables-AI,,0,1,EM-010-Wearables-AI,Wearables Ai,aligned
Worldwidebro/em-011-metaverse-hub-ai,em-011-metaverse-hub-ai,True,Civilization OS — EM-011-Metaverse-Hub-AI,,0,1,EM-011-Metaverse-Hub-AI,Metaverse Hub Ai,aligned
Worldwidebro/em-012-energy-grid-ai,em-012-energy-grid-ai,True,Civilization OS — EM-012-Energy-Grid-AI,,0,1,EM-012-Energy-Grid-AI,Energy Grid Ai,aligned
Worldwidebro/em-013-brain-computer-interface,em-013-brain-computer-interface,True,Civilization OS — EM-013-Brain-Computer-Interface,,0,1,EM-013-Brain-Computer-Interface,Brain Computer Interface,aligned
Worldwidebro/em-014-ocean-cleanup-ai,em-014-ocean-cleanup-ai,True,Civilization OS — EM-014-Ocean-Cleanup-AI,,0,1,EM-014-Ocean-Cleanup-AI,Ocean Cleanup Ai,aligned
Worldwidebro/em-015-crypto-trading-ai,em-015-crypto-trading-ai,True,Civilization OS — EM-015-Crypto-Trading-AI,,0,1,EM-015-Crypto-Trading-AI,Crypto Trading Ai,aligned
Worldwidebro/em-016-synthetic-media-ai,em-016-synthetic-media-ai,True,Civilization OS — EM-016-Synthetic-Media-AI,,0,1,EM-016-Synthetic-Media-AI,Synthetic Media Ai,aligned
Worldwidebro/em-017-space-mining-ai,em-017-space-mining-ai,True,Civilization OS — EM-017-Space-Mining-AI,,0,1,EM-017-Space-Mining-AI,Space Mining Ai,aligned
Worldwidebro/em-018-vr-therapy-ai,em-018-vr-therapy-ai,True,Civilization OS — EM-018-VR-Therapy-AI,,0,1,EM-018-VR-Therapy-AI,Vr Therapy Ai,aligned
Worldwidebro/em-019-weather-prediction-ai,em-019-weather-prediction-ai,True,Civilization OS — EM-019-Weather-Prediction-AI,,0,1,EM-019-Weather-Prediction-AI,Weather Prediction Ai,aligned
Worldwidebro/em-020-autonomous-farming-ai,em-020-autonomous-farming-ai,True,Civilization OS — EM-020-Autonomous-Farming-AI,,0,1,EM-020-Autonomous-Farming-AI,Autonomous Farming Ai,aligned
Worldwidebro/em-021-traffic-optimizer-ai,em-021-traffic-optimizer-ai,True,Civilization OS — EM-021-Traffic-Optimizer-AI,,0,1,EM-021-Traffic-Optimizer-AI,Traffic Optimizer Ai,aligned
Worldwidebro/em-022-smart-grid-ai,em-022-smart-grid-ai,True,Civilization OS — EM-022-Smart-Grid-AI,,0,1,EM-022-Smart-Grid-AI,Smart Grid Ai,aligned
Worldwidebro/em-023-disaster-prediction-ai,em-023-disaster-prediction-ai,True,Civilization OS — EM-023-Disaster-Prediction-AI,,0,1,EM-023-Disaster-Prediction-AI,Disaster Prediction Ai,aligned
Worldwidebro/em-024-nanotech-ai,em-024-nanotech-ai,True,Civilization OS — EM-024-Nanotech-AI,,0,1,EM-024-Nanotech-AI,Nanotech Ai,aligned
Worldwidebro/em-025-personalized-medicine-ai,em-025-personalized-medicine-ai,True,Civilization OS — EM-025-Personalized-Medicine-AI,,0,1,EM-025-Personalized-Medicine-AI,Personalized Medicine Ai,aligned
Worldwidebro/em-026-ai-diagnostic-lab,em-026-ai-diagnostic-lab,True,Civilization OS — EM-026-AI-Diagnostic-Lab,,0,1,EM-026-AI-Diagnostic-Lab,Ai Diagnostic Lab,aligned
Worldwidebro/em-027-sustainable-cities-ai,em-027-sustainable-cities-ai,True,Civilization OS — EM-027-Sustainable-Cities-AI,,0,1,EM-027-Sustainable-Cities-AI,Sustainable Cities Ai,aligned
Worldwidebro/em-028-renewable-energy-ai,em-028-renewable-energy-ai,True,Civilization OS — EM-028-Renewable-Energy-AI,,0,1,EM-028-Renewable-Energy-AI,Renewable Energy Ai,aligned
Worldwidebro/em-029-climate-modeling-ai,em-029-climate-modeling-ai,True,Civilization OS — EM-029-Climate-Modeling-AI,,0,1,EM-029-Climate-Modeling-AI,Climate Modeling Ai,aligned
Worldwidebro/em-030-policy-advisor-ai,em-030-policy-advisor-ai,True,Civilization OS — EM-030-Policy-Advisor-AI,,0,1,EM-030-Policy-Advisor-AI,Policy Advisor Ai,aligned
Worldwidebro/em-031-governance-hub-ai,em-031-governance-hub-ai,True,Civilization OS — EM-031-Governance-Hub-AI,,0,1,EM-031-Governance-Hub-AI,Governance Hub Ai,aligned
Worldwidebro/em-032-global-challenges-ai,em-032-global-challenges-ai,True,Civilization OS — EM-032-Global-Challenges-AI,,0,1,EM-032-Global-Challenges-AI,Global Challenges Ai,aligned
Worldwidebro/em-033-space-exploration-ai,em-033-space-exploration-ai,True,Civilization OS — EM-033-Space-Exploration-AI,,0,1,EM-033-Space-Exploration-AI,Space Exploration Ai,aligned
Worldwidebro/em-034-education-equity-ai,em-034-education-equity-ai,True,Civilization OS — EM-034-Education-Equity-AI,,0,1,EM-034-Education-Equity-AI,Education Equity Ai,aligned
Worldwidebro/em-035-health-equity-ai,em-035-health-equity-ai,True,Civilization OS — EM-035-Health-Equity-AI,,0,1,EM-035-Health-Equity-AI,Health Equity Ai,aligned
Worldwidebro/em-036-economic-equity-ai,em-036-economic-equity-ai,True,Civilization OS — EM-036-Economic-Equity-AI,,0,1,EM-036-Economic-Equity-AI,Economic Equity Ai,aligned
Worldwidebro/em-037-environmental-justice-ai,em-037-environmental-justice-ai,True,Civilization OS — EM-037-Environmental-Justice-AI,,0,1,EM-037-Environmental-Justice-AI,Environmental Justice Ai,aligned
Worldwidebro/em-038-human-rights-ai,em-038-human-rights-ai,True,Civilization OS — EM-038-Human-Rights-AI,,0,1,EM-038-Human-Rights-AI,Human Rights Ai,aligned
Worldwidebro/em-039-peacebuilding-ai,em-039-peacebuilding-ai,True,Civilization OS — EM-039-Peacebuilding-AI,,0,1,EM-039-Peacebuilding-AI,Peacebuilding Ai,aligned
Worldwidebro/em-040-telemedicine-ai,em-040-telemedicine-ai,True,Civilization OS — EM-040-Telemedicine-AI,,0,1,EM-040-Telemedicine-AI,Telemedicine Ai,aligned
Worldwidebro/em-041-ai-climate-adaptation,em-041-ai-climate-adaptation,True,Civilization OS — EM-041-AI-Climate-Adaptation,,0,1,EM-041-AI-Climate-Adaptation,Ai Climate Adaptation,aligned
Worldwidebro/em-042-space-agriculture-ai,em-042-space-agriculture-ai,True,Civilization OS — EM-042-Space-Agriculture-AI,,0,1,EM-042-Space-Agriculture-AI,Space Agriculture Ai,aligned
Worldwidebro/em-043-quantum-communication-ai,em-043-quantum-communication-ai,True,Civilization OS — EM-043-Quantum-Communication-AI,,0,1,EM-043-Quantum-Communication-AI,Quantum Communication Ai,aligned
Worldwidebro/em-044-robotics-surgery-ai,em-044-robotics-surgery-ai,True,Civilization OS — EM-044-Robotics-Surgery-AI,,0,1,EM-044-Robotics-Surgery-AI,Robotics Surgery Ai,aligned
Worldwidebro/em-045-ai-disaster-response,em-045-ai-disaster-response,True,Civilization OS — EM-045-AI-Disaster-Response,,0,1,EM-045-AI-Disaster-Response,Ai Disaster Response,aligned
Worldwidebro/em-046-smart-city-governance,em-046-smart-city-governance,True,Civilization OS — EM-046-Smart-City-Governance,,0,1,EM-046-Smart-City-Governance,Smart City Governance,aligned
Worldwidebro/em-047-ai-environmental-monitoring,em-047-ai-environmental-monitoring,True,Civilization OS — EM-047-AI-Environmental-Monitoring,,0,1,EM-047-AI-Environmental-Monitoring,Ai Environmental Monitoring,aligned
Worldwidebro/em-048-space-manufacturing-ai,em-048-space-manufacturing-ai,True,Civilization OS — EM-048-Space-Manufacturing-AI,,0,1,EM-048-Space-Manufacturing-AI,Space Manufacturing Ai,aligned
Worldwidebro/em-049-ai-ocean-exploration,em-049-ai-ocean-exploration,True,Civilization OS — EM-049-AI-Ocean-Exploration,,0,1,EM-049-AI-Ocean-Exploration,Ai Ocean Exploration,aligned
Worldwidebro/em-050-ai-archaeology,em-050-ai-archaeology,True,Civilization OS — EM-050-AI-Archaeology,,0,1,EM-050-AI-Archaeology,Ai Archaeology,aligned
Worldwidebro/et-001-online-tutoring-platform,et-001-online-tutoring-platform,True,Civilization OS — ET-001-Online-Tutoring-Platform,,0,16,ET-001-Online-Tutoring-Platform|ET-002-Language-Learning-App|ET-003-Test-Prep-Service|ET-004-Coding-Bootcamp|ET-005-Professional-Certification|ET-006-Corporate-Training|ET-007-Skills-Assessment-Platform|ET-008-Career-Coaching|ET-009-Resume-Writing-Service|ET-010-Interview-Prep-Platform|ET-011-Mentorship-Platform|ET-012-Educational-Content-Library|ET-013-VR-Training-Simulations|ET-014-Gamified-Learning-App|ET-015-Homeschool-Curriculum|ET-010-PERSONAL-RESUME,Online Tutoring Platform|Language Learning App|Test Prep Service|Coding Bootcamp|Professional Certification|Corporate Training|Skills Assessment Platform|Career Coaching|Resume Writing Service|Interview Prep Platform|Mentorship Platform|Educational Content Library|Vr Training Simulations|Gamified Learning App|Homeschool Curriculum|Personal Resume,aligned
Worldwidebro/et-002-language-learning-app,et-002-language-learning-app,True,Civilization OS — ET-002-Language-Learning-App,,0,16,ET-001-Online-Tutoring-Platform|ET-002-Language-Learning-App|ET-003-Test-Prep-Service|ET-004-Coding-Bootcamp|ET-005-Professional-Certification|ET-006-Corporate-Training|ET-007-Skills-Assessment-Platform|ET-008-Career-Coaching|ET-009-Resume-Writing-Service|ET-010-Interview-Prep-Platform|ET-011-Mentorship-Platform|ET-012-Educational-Content-Library|ET-013-VR-Training-Simulations|ET-014-Gamified-Learning-App|ET-015-Homeschool-Curriculum|ET-010-PERSONAL-RESUME,Online Tutoring Platform|Language Learning App|Test Prep Service|Coding Bootcamp|Professional Certification|Corporate Training|Skills Assessment Platform|Career Coaching|Resume Writing Service|Interview Prep Platform|Mentorship Platform|Educational Content Library|Vr Training Simulations|Gamified Learning App|Homeschool Curriculum|Personal Resume,aligned
Worldwidebro/et-003-content,et-003-content,True,Instructional content and course materials for SkillForge.,,0,16,ET-001-Online-Tutoring-Platform|ET-002-Language-Learning-App|ET-003-Test-Prep-Service|ET-004-Coding-Bootcamp|ET-005-Professional-Certification|ET-006-Corporate-Training|ET-007-Skills-Assessment-Platform|ET-008-Career-Coaching|ET-009-Resume-Writing-Service|ET-010-Interview-Prep-Platform|ET-011-Mentorship-Platform|ET-012-Educational-Content-Library|ET-013-VR-Training-Simulations|ET-014-Gamified-Learning-App|ET-015-Homeschool-Curriculum|ET-010-PERSONAL-RESUME,Online Tutoring Platform|Language Learning App|Test Prep Service|Coding Bootcamp|Professional Certification|Corporate Training|Skills Assessment Platform|Career Coaching|Resume Writing Service|Interview Prep Platform|Mentorship Platform|Educational Content Library|Vr Training Simulations|Gamified Learning App|Homeschool Curriculum|Personal Resume,aligned
Worldwidebro/et-003-platform,et-003-platform,True,Monorepo for the main SkillForge learning platform (frontend/backend).,,0,16,ET-001-Online-Tutoring-Platform|ET-002-Language-Learning-App|ET-003-Test-Prep-Service|ET-004-Coding-Bootcamp|ET-005-Professional-Certification|ET-006-Corporate-Training|ET-007-Skills-Assessment-Platform|ET-008-Career-Coaching|ET-009-Resume-Writing-Service|ET-010-Interview-Prep-Platform|ET-011-Mentorship-Platform|ET-012-Educational-Content-Library|ET-013-VR-Training-Simulations|ET-014-Gamified-Learning-App|ET-015-Homeschool-Curriculum|ET-010-PERSONAL-RESUME,Online Tutoring Platform|Language Learning App|Test Prep Service|Coding Bootcamp|Professional Certification|Corporate Training|Skills Assessment Platform|Career Coaching|Resume Writing Service|Interview Prep Platform|Mentorship Platform|Educational Content Library|Vr Training Simulations|Gamified Learning App|Homeschool Curriculum|Personal Resume,aligned
Worldwidebro/et-003-test-prep-service,et-003-test-prep-service,True,Civilization OS — ET-003-Test-Prep-Service,,0,16,ET-001-Online-Tutoring-Platform|ET-002-Language-Learning-App|ET-003-Test-Prep-Service|ET-004-Coding-Bootcamp|ET-005-Professional-Certification|ET-006-Corporate-Training|ET-007-Skills-Assessment-Platform|ET-008-Career-Coaching|ET-009-Resume-Writing-Service|ET-010-Interview-Prep-Platform|ET-011-Mentorship-Platform|ET-012-Educational-Content-Library|ET-013-VR-Training-Simulations|ET-014-Gamified-Learning-App|ET-015-Homeschool-Curriculum|ET-010-PERSONAL-RESUME,Online Tutoring Platform|Language Learning App|Test Prep Service|Coding Bootcamp|Professional Certification|Corporate Training|Skills Assessment Platform|Career Coaching|Resume Writing Service|Interview Prep Platform|Mentorship Platform|Educational Content Library|Vr Training Simulations|Gamified Learning App|Homeschool Curriculum|Personal Resume,aligned
Worldwidebro/et-004-coding-bootcamp,et-004-coding-bootcamp,True,Civilization OS — ET-004-Coding-Bootcamp,,0,16,ET-001-Online-Tutoring-Platform|ET-002-Language-Learning-App|ET-003-Test-Prep-Service|ET-004-Coding-Bootcamp|ET-005-Professional-Certification|ET-006-Corporate-Training|ET-007-Skills-Assessment-Platform|ET-008-Career-Coaching|ET-009-Resume-Writing-Service|ET-010-Interview-Prep-Platform|ET-011-Mentorship-Platform|ET-012-Educational-Content-Library|ET-013-VR-Training-Simulations|ET-014-Gamified-Learning-App|ET-015-Homeschool-Curriculum|ET-010-PERSONAL-RESUME,Online Tutoring Platform|Language Learning App|Test Prep Service|Coding Bootcamp|Professional Certification|Corporate Training|Skills Assessment Platform|Career Coaching|Resume Writing Service|Interview Prep Platform|Mentorship Platform|Educational Content Library|Vr Training Simulations|Gamified Learning App|Homeschool Curriculum|Personal Resume,aligned
Worldwidebro/et-005-professional-certification,et-005-professional-certification,True,Civilization OS — ET-005-Professional-Certification,,0,16,ET-001-Online-Tutoring-Platform|ET-002-Language-Learning-App|ET-003-Test-Prep-Service|ET-004-Coding-Bootcamp|ET-005-Professional-Certification|ET-006-Corporate-Training|ET-007-Skills-Assessment-Platform|ET-008-Career-Coaching|ET-009-Resume-Writing-Service|ET-010-Interview-Prep-Platform|ET-011-Mentorship-Platform|ET-012-Educational-Content-Library|ET-013-VR-Training-Simulations|ET-014-Gamified-Learning-App|ET-015-Homeschool-Curriculum|ET-010-PERSONAL-RESUME,Online Tutoring Platform|Language Learning App|Test Prep Service|Coding Bootcamp|Professional Certification|Corporate Training|Skills Assessment Platform|Career Coaching|Resume Writing Service|Interview Prep Platform|Mentorship Platform|Educational Content Library|Vr Training Simulations|Gamified Learning App|Homeschool Curriculum|Personal Resume,aligned
Worldwidebro/et-006-corporate-training,et-006-corporate-training,True,Civilization OS — ET-006-Corporate-Training,,0,16,ET-001-Online-Tutoring-Platform|ET-002-Language-Learning-App|ET-003-Test-Prep-Service|ET-004-Coding-Bootcamp|ET-005-Professional-Certification|ET-006-Corporate-Training|ET-007-Skills-Assessment-Platform|ET-008-Career-Coaching|ET-009-Resume-Writing-Service|ET-010-Interview-Prep-Platform|ET-011-Mentorship-Platform|ET-012-Educational-Content-Library|ET-013-VR-Training-Simulations|ET-014-Gamified-Learning-App|ET-015-Homeschool-Curriculum|ET-010-PERSONAL-RESUME,Online Tutoring Platform|Language Learning App|Test Prep Service|Coding Bootcamp|Professional Certification|Corporate Training|Skills Assessment Platform|Career Coaching|Resume Writing Service|Interview Prep Platform|Mentorship Platform|Educational Content Library|Vr Training Simulations|Gamified Learning App|Homeschool Curriculum|Personal Resume,aligned
Worldwidebro/et-007-skills-assessment-platform,et-007-skills-assessment-platform,True,Civilization OS — ET-007-Skills-Assessment-Platform,,0,15,ET-001-Online-Tutoring-Platform|ET-002-Language-Learning-App|ET-003-Test-Prep-Service|ET-004-Coding-Bootcamp|ET-005-Professional-Certification|ET-006-Corporate-Training|ET-007-Skills-Assessment-Platform|ET-008-Career-Coaching|ET-009-Resume-Writing-Service|ET-010-Interview-Prep-Platform|ET-011-Mentorship-Platform|ET-012-Educational-Content-Library|ET-013-VR-Training-Simulations|ET-014-Gamified-Learning-App|ET-015-Homeschool-Curriculum,Online Tutoring Platform|Language Learning App|Test Prep Service|Coding Bootcamp|Professional Certification|Corporate Training|Skills Assessment Platform|Career Coaching|Resume Writing Service|Interview Prep Platform|Mentorship Platform|Educational Content Library|Vr Training Simulations|Gamified Learning App|Homeschool Curriculum,aligned
Worldwidebro/et-008-career-coaching,et-008-career-coaching,True,Civilization OS — ET-008-Career-Coaching,,0,8,ET-001-Online-Tutoring-Platform|ET-002-Language-Learning-App|ET-003-Test-Prep-Service|ET-004-Coding-Bootcamp|ET-005-Professional-Certification|ET-006-Corporate-Training|ET-007-Skills-Assessment-Platform|ET-008-Career-Coaching,Online Tutoring Platform|Language Learning App|Test Prep Service|Coding Bootcamp|Professional Certification|Corporate Training|Skills Assessment Platform|Career Coaching,aligned
Worldwidebro/et-009-resume-writing-service,et-009-resume-writing-service,True,Civilization OS — ET-009-Resume-Writing-Service,,0,1,ET-009-Resume-Writing-Service,Resume Writing Service,aligned
Worldwidebro/et-010-interview-prep-platform,et-010-interview-prep-platform,True,Civilization OS — ET-010-Interview-Prep-Platform,,0,2,ET-010-Interview-Prep-Platform|ET-010-PERSONAL-RESUME,Interview Prep Platform|Personal Resume,aligned
Worldwidebro/et-011-mentorship-platform,et-011-mentorship-platform,True,Civilization OS — ET-011-Mentorship-Platform,,0,1,ET-011-Mentorship-Platform,Mentorship Platform,aligned
Worldwidebro/et-012-educational-content-library,et-012-educational-content-library,True,Civilization OS — ET-012-Educational-Content-Library,,0,1,ET-012-Educational-Content-Library,Educational Content Library,aligned
Worldwidebro/et-013-vr-training-simulations,et-013-vr-training-simulations,True,Civilization OS — ET-013-VR-Training-Simulations,,0,1,ET-013-VR-Training-Simulations,Vr Training Simulations,aligned
Worldwidebro/et-014-gamified-learning-app,et-014-gamified-learning-app,True,Civilization OS — ET-014-Gamified-Learning-App,,0,1,ET-014-Gamified-Learning-App,Gamified Learning App,aligned
Worldwidebro/et-015-homeschool-curriculum,et-015-homeschool-curriculum,True,Civilization OS — ET-015-Homeschool-Curriculum,,0,1,ET-015-Homeschool-Curriculum,Homeschool Curriculum,aligned
Worldwidebro/fh-001-personal-chef-service,fh-001-personal-chef-service,True,Civilization OS | Personal Chef Service — Food & Hospitality,,0,35,FH-001-Personal-Chef-Service|FH-002-Meal-Prep-Delivery|FH-003-Private-Dinner-Experiences|FH-004-Catering-Company|FH-005-Corporate-Lunch-Service|FH-006-Healthy-Meal-Prep-for-Gyms|FH-007-Elderly-Meal-Service|FH-008-Athlete-Nutrition-Service|FH-009-Packaged-Food-Brand|FH-010-Frozen-Meals-Company|FH-011-Sauce-or-Seasoning-Brand|FH-012-Protein-Snacks-Brand|FH-013-Meal-Kit-Company|FH-014-Cloud-Kitchen-|FH-015-AI-Nutrition-Planner|FH-016-Recipe-App|FH-017-Cooking-Content-Brand|FH-018-Food-Influencer-Brand|FH-019-Cooking-Course-Platform|FH-020-Restaurant-POS-System|FH-021-Food-Truck-Business|FH-022-Specialty-Coffee-Shop|FH-023-Bakery-&-Pastry-Shop|FH-024-Juice-Bar|FH-025-Ice-Cream-Shop|FH-026-Gourmet-Food-Market|FH-027-Food-Delivery-Platform|FH-028-Restaurant-Management-SaaS|FH-029-Food-Quality-Testing-Lab|FH-030-Organic-Food-Brand|FH-031-Vegan-Food-Company|FH-032-Keto-Meal-Service|FH-033-Food-Photography-Service|FH-034-Restaurant-Consulting|FH-035-Food-Safety-Training,Personal Chef Service|Meal Prep Delivery|Private Dinner Experiences|Catering Company|Corporate Lunch Service|Healthy Meal Prep For Gyms|Elderly Meal Service|Athlete Nutrition Service|Packaged Food Brand|Frozen Meals Company|Sauce Or Seasoning Brand|Protein Snacks Brand|Meal Kit Company|Cloud Kitchen |Ai Nutrition Planner|Recipe App|Cooking Content Brand|Food Influencer Brand|Cooking Course Platform|Restaurant Pos System|Food Truck Business|Specialty Coffee Shop|Bakery & Pastry Shop|Juice Bar|Ice Cream Shop|Gourmet Food Market|Food Delivery Platform|Restaurant Management Saas|Food Quality Testing Lab|Organic Food Brand|Vegan Food Company|Keto Meal Service|Food Photography Service|Restaurant Consulting|Food Safety Training,aligned
Worldwidebro/fh-002-meal-prep-delivery,fh-002-meal-prep-delivery,True,Civilization OS — FH-002-Meal-Prep-Delivery,,0,35,FH-001-Personal-Chef-Service|FH-002-Meal-Prep-Delivery|FH-003-Private-Dinner-Experiences|FH-004-Catering-Company|FH-005-Corporate-Lunch-Service|FH-006-Healthy-Meal-Prep-for-Gyms|FH-007-Elderly-Meal-Service|FH-008-Athlete-Nutrition-Service|FH-009-Packaged-Food-Brand|FH-010-Frozen-Meals-Company|FH-011-Sauce-or-Seasoning-Brand|FH-012-Protein-Snacks-Brand|FH-013-Meal-Kit-Company|FH-014-Cloud-Kitchen-|FH-015-AI-Nutrition-Planner|FH-016-Recipe-App|FH-017-Cooking-Content-Brand|FH-018-Food-Influencer-Brand|FH-019-Cooking-Course-Platform|FH-020-Restaurant-POS-System|FH-021-Food-Truck-Business|FH-022-Specialty-Coffee-Shop|FH-023-Bakery-&-Pastry-Shop|FH-024-Juice-Bar|FH-025-Ice-Cream-Shop|FH-026-Gourmet-Food-Market|FH-027-Food-Delivery-Platform|FH-028-Restaurant-Management-SaaS|FH-029-Food-Quality-Testing-Lab|FH-030-Organic-Food-Brand|FH-031-Vegan-Food-Company|FH-032-Keto-Meal-Service|FH-033-Food-Photography-Service|FH-034-Restaurant-Consulting|FH-035-Food-Safety-Training,Personal Chef Service|Meal Prep Delivery|Private Dinner Experiences|Catering Company|Corporate Lunch Service|Healthy Meal Prep For Gyms|Elderly Meal Service|Athlete Nutrition Service|Packaged Food Brand|Frozen Meals Company|Sauce Or Seasoning Brand|Protein Snacks Brand|Meal Kit Company|Cloud Kitchen |Ai Nutrition Planner|Recipe App|Cooking Content Brand|Food Influencer Brand|Cooking Course Platform|Restaurant Pos System|Food Truck Business|Specialty Coffee Shop|Bakery & Pastry Shop|Juice Bar|Ice Cream Shop|Gourmet Food Market|Food Delivery Platform|Restaurant Management Saas|Food Quality Testing Lab|Organic Food Brand|Vegan Food Company|Keto Meal Service|Food Photography Service|Restaurant Consulting|Food Safety Training,aligned
Worldwidebro/fh-003-private-dinner-experiences,fh-003-private-dinner-experiences,True,Civilization OS — FH-003-Private-Dinner-Experiences,,0,35,FH-001-Personal-Chef-Service|FH-002-Meal-Prep-Delivery|FH-003-Private-Dinner-Experiences|FH-004-Catering-Company|FH-005-Corporate-Lunch-Service|FH-006-Healthy-Meal-Prep-for-Gyms|FH-007-Elderly-Meal-Service|FH-008-Athlete-Nutrition-Service|FH-009-Packaged-Food-Brand|FH-010-Frozen-Meals-Company|FH-011-Sauce-or-Seasoning-Brand|FH-012-Protein-Snacks-Brand|FH-013-Meal-Kit-Company|FH-014-Cloud-Kitchen-|FH-015-AI-Nutrition-Planner|FH-016-Recipe-App|FH-017-Cooking-Content-Brand|FH-018-Food-Influencer-Brand|FH-019-Cooking-Course-Platform|FH-020-Restaurant-POS-System|FH-021-Food-Truck-Business|FH-022-Specialty-Coffee-Shop|FH-023-Bakery-&-Pastry-Shop|FH-024-Juice-Bar|FH-025-Ice-Cream-Shop|FH-026-Gourmet-Food-Market|FH-027-Food-Delivery-Platform|FH-028-Restaurant-Management-SaaS|FH-029-Food-Quality-Testing-Lab|FH-030-Organic-Food-Brand|FH-031-Vegan-Food-Company|FH-032-Keto-Meal-Service|FH-033-Food-Photography-Service|FH-034-Restaurant-Consulting|FH-035-Food-Safety-Training,Personal Chef Service|Meal Prep Delivery|Private Dinner Experiences|Catering Company|Corporate Lunch Service|Healthy Meal Prep For Gyms|Elderly Meal Service|Athlete Nutrition Service|Packaged Food Brand|Frozen Meals Company|Sauce Or Seasoning Brand|Protein Snacks Brand|Meal Kit Company|Cloud Kitchen |Ai Nutrition Planner|Recipe App|Cooking Content Brand|Food Influencer Brand|Cooking Course Platform|Restaurant Pos System|Food Truck Business|Specialty Coffee Shop|Bakery & Pastry Shop|Juice Bar|Ice Cream Shop|Gourmet Food Market|Food Delivery Platform|Restaurant Management Saas|Food Quality Testing Lab|Organic Food Brand|Vegan Food Company|Keto Meal Service|Food Photography Service|Restaurant Consulting|Food Safety Training,aligned
Worldwidebro/fh-004-catering-company,fh-004-catering-company,True,Civilization OS — FH-004-Catering-Company,,0,35,FH-001-Personal-Chef-Service|FH-002-Meal-Prep-Delivery|FH-003-Private-Dinner-Experiences|FH-004-Catering-Company|FH-005-Corporate-Lunch-Service|FH-006-Healthy-Meal-Prep-for-Gyms|FH-007-Elderly-Meal-Service|FH-008-Athlete-Nutrition-Service|FH-009-Packaged-Food-Brand|FH-010-Frozen-Meals-Company|FH-011-Sauce-or-Seasoning-Brand|FH-012-Protein-Snacks-Brand|FH-013-Meal-Kit-Company|FH-014-Cloud-Kitchen-|FH-015-AI-Nutrition-Planner|FH-016-Recipe-App|FH-017-Cooking-Content-Brand|FH-018-Food-Influencer-Brand|FH-019-Cooking-Course-Platform|FH-020-Restaurant-POS-System|FH-021-Food-Truck-Business|FH-022-Specialty-Coffee-Shop|FH-023-Bakery-&-Pastry-Shop|FH-024-Juice-Bar|FH-025-Ice-Cream-Shop|FH-026-Gourmet-Food-Market|FH-027-Food-Delivery-Platform|FH-028-Restaurant-Management-SaaS|FH-029-Food-Quality-Testing-Lab|FH-030-Organic-Food-Brand|FH-031-Vegan-Food-Company|FH-032-Keto-Meal-Service|FH-033-Food-Photography-Service|FH-034-Restaurant-Consulting|FH-035-Food-Safety-Training,Personal Chef Service|Meal Prep Delivery|Private Dinner Experiences|Catering Company|Corporate Lunch Service|Healthy Meal Prep For Gyms|Elderly Meal Service|Athlete Nutrition Service|Packaged Food Brand|Frozen Meals Company|Sauce Or Seasoning Brand|Protein Snacks Brand|Meal Kit Company|Cloud Kitchen |Ai Nutrition Planner|Recipe App|Cooking Content Brand|Food Influencer Brand|Cooking Course Platform|Restaurant Pos System|Food Truck Business|Specialty Coffee Shop|Bakery & Pastry Shop|Juice Bar|Ice Cream Shop|Gourmet Food Market|Food Delivery Platform|Restaurant Management Saas|Food Quality Testing Lab|Organic Food Brand|Vegan Food Company|Keto Meal Service|Food Photography Service|Restaurant Consulting|Food Safety Training,aligned
Worldwidebro/fh-005-corporate-lunch-service,fh-005-corporate-lunch-service,True,Civilization OS — FH-005-Corporate-Lunch-Service,,0,35,FH-001-Personal-Chef-Service|FH-002-Meal-Prep-Delivery|FH-003-Private-Dinner-Experiences|FH-004-Catering-Company|FH-005-Corporate-Lunch-Service|FH-006-Healthy-Meal-Prep-for-Gyms|FH-007-Elderly-Meal-Service|FH-008-Athlete-Nutrition-Service|FH-009-Packaged-Food-Brand|FH-010-Frozen-Meals-Company|FH-011-Sauce-or-Seasoning-Brand|FH-012-Protein-Snacks-Brand|FH-013-Meal-Kit-Company|FH-014-Cloud-Kitchen-|FH-015-AI-Nutrition-Planner|FH-016-Recipe-App|FH-017-Cooking-Content-Brand|FH-018-Food-Influencer-Brand|FH-019-Cooking-Course-Platform|FH-020-Restaurant-POS-System|FH-021-Food-Truck-Business|FH-022-Specialty-Coffee-Shop|FH-023-Bakery-&-Pastry-Shop|FH-024-Juice-Bar|FH-025-Ice-Cream-Shop|FH-026-Gourmet-Food-Market|FH-027-Food-Delivery-Platform|FH-028-Restaurant-Management-SaaS|FH-029-Food-Quality-Testing-Lab|FH-030-Organic-Food-Brand|FH-031-Vegan-Food-Company|FH-032-Keto-Meal-Service|FH-033-Food-Photography-Service|FH-034-Restaurant-Consulting|FH-035-Food-Safety-Training,Personal Chef Service|Meal Prep Delivery|Private Dinner Experiences|Catering Company|Corporate Lunch Service|Healthy Meal Prep For Gyms|Elderly Meal Service|Athlete Nutrition Service|Packaged Food Brand|Frozen Meals Company|Sauce Or Seasoning Brand|Protein Snacks Brand|Meal Kit Company|Cloud Kitchen |Ai Nutrition Planner|Recipe App|Cooking Content Brand|Food Influencer Brand|Cooking Course Platform|Restaurant Pos System|Food Truck Business|Specialty Coffee Shop|Bakery & Pastry Shop|Juice Bar|Ice Cream Shop|Gourmet Food Market|Food Delivery Platform|Restaurant Management Saas|Food Quality Testing Lab|Organic Food Brand|Vegan Food Company|Keto Meal Service|Food Photography Service|Restaurant Consulting|Food Safety Training,aligned
Worldwidebro/fh-006-healthy-meal-prep-for-gyms,fh-006-healthy-meal-prep-for-gyms,True,Civilization OS — FH-006-Healthy-Meal-Prep-for-Gyms,,0,35,FH-001-Personal-Chef-Service|FH-002-Meal-Prep-Delivery|FH-003-Private-Dinner-Experiences|FH-004-Catering-Company|FH-005-Corporate-Lunch-Service|FH-006-Healthy-Meal-Prep-for-Gyms|FH-007-Elderly-Meal-Service|FH-008-Athlete-Nutrition-Service|FH-009-Packaged-Food-Brand|FH-010-Frozen-Meals-Company|FH-011-Sauce-or-Seasoning-Brand|FH-012-Protein-Snacks-Brand|FH-013-Meal-Kit-Company|FH-014-Cloud-Kitchen-|FH-015-AI-Nutrition-Planner|FH-016-Recipe-App|FH-017-Cooking-Content-Brand|FH-018-Food-Influencer-Brand|FH-019-Cooking-Course-Platform|FH-020-Restaurant-POS-System|FH-021-Food-Truck-Business|FH-022-Specialty-Coffee-Shop|FH-023-Bakery-&-Pastry-Shop|FH-024-Juice-Bar|FH-025-Ice-Cream-Shop|FH-026-Gourmet-Food-Market|FH-027-Food-Delivery-Platform|FH-028-Restaurant-Management-SaaS|FH-029-Food-Quality-Testing-Lab|FH-030-Organic-Food-Brand|FH-031-Vegan-Food-Company|FH-032-Keto-Meal-Service|FH-033-Food-Photography-Service|FH-034-Restaurant-Consulting|FH-035-Food-Safety-Training,Personal Chef Service|Meal Prep Delivery|Private Dinner Experiences|Catering Company|Corporate Lunch Service|Healthy Meal Prep For Gyms|Elderly Meal Service|Athlete Nutrition Service|Packaged Food Brand|Frozen Meals Company|Sauce Or Seasoning Brand|Protein Snacks Brand|Meal Kit Company|Cloud Kitchen |Ai Nutrition Planner|Recipe App|Cooking Content Brand|Food Influencer Brand|Cooking Course Platform|Restaurant Pos System|Food Truck Business|Specialty Coffee Shop|Bakery & Pastry Shop|Juice Bar|Ice Cream Shop|Gourmet Food Market|Food Delivery Platform|Restaurant Management Saas|Food Quality Testing Lab|Organic Food Brand|Vegan Food Company|Keto Meal Service|Food Photography Service|Restaurant Consulting|Food Safety Training,aligned
Worldwidebro/fh-007-elderly-meal-service,fh-007-elderly-meal-service,True,Civilization OS — FH-007-Elderly-Meal-Service,,0,35,FH-001-Personal-Chef-Service|FH-002-Meal-Prep-Delivery|FH-003-Private-Dinner-Experiences|FH-004-Catering-Company|FH-005-Corporate-Lunch-Service|FH-006-Healthy-Meal-Prep-for-Gyms|FH-007-Elderly-Meal-Service|FH-008-Athlete-Nutrition-Service|FH-009-Packaged-Food-Brand|FH-010-Frozen-Meals-Company|FH-011-Sauce-or-Seasoning-Brand|FH-012-Protein-Snacks-Brand|FH-013-Meal-Kit-Company|FH-014-Cloud-Kitchen-|FH-015-AI-Nutrition-Planner|FH-016-Recipe-App|FH-017-Cooking-Content-Brand|FH-018-Food-Influencer-Brand|FH-019-Cooking-Course-Platform|FH-020-Restaurant-POS-System|FH-021-Food-Truck-Business|FH-022-Specialty-Coffee-Shop|FH-023-Bakery-&-Pastry-Shop|FH-024-Juice-Bar|FH-025-Ice-Cream-Shop|FH-026-Gourmet-Food-Market|FH-027-Food-Delivery-Platform|FH-028-Restaurant-Management-SaaS|FH-029-Food-Quality-Testing-Lab|FH-030-Organic-Food-Brand|FH-031-Vegan-Food-Company|FH-032-Keto-Meal-Service|FH-033-Food-Photography-Service|FH-034-Restaurant-Consulting|FH-035-Food-Safety-Training,Personal Chef Service|Meal Prep Delivery|Private Dinner Experiences|Catering Company|Corporate Lunch Service|Healthy Meal Prep For Gyms|Elderly Meal Service|Athlete Nutrition Service|Packaged Food Brand|Frozen Meals Company|Sauce Or Seasoning Brand|Protein Snacks Brand|Meal Kit Company|Cloud Kitchen |Ai Nutrition Planner|Recipe App|Cooking Content Brand|Food Influencer Brand|Cooking Course Platform|Restaurant Pos System|Food Truck Business|Specialty Coffee Shop|Bakery & Pastry Shop|Juice Bar|Ice Cream Shop|Gourmet Food Market|Food Delivery Platform|Restaurant Management Saas|Food Quality Testing Lab|Organic Food Brand|Vegan Food Company|Keto Meal Service|Food Photography Service|Restaurant Consulting|Food Safety Training,aligned
Worldwidebro/fh-008-athlete-nutrition-service,fh-008-athlete-nutrition-service,True,Civilization OS — FH-008-Athlete-Nutrition-Service,,0,35,FH-001-Personal-Chef-Service|FH-002-Meal-Prep-Delivery|FH-003-Private-Dinner-Experiences|FH-004-Catering-Company|FH-005-Corporate-Lunch-Service|FH-006-Healthy-Meal-Prep-for-Gyms|FH-007-Elderly-Meal-Service|FH-008-Athlete-Nutrition-Service|FH-009-Packaged-Food-Brand|FH-010-Frozen-Meals-Company|FH-011-Sauce-or-Seasoning-Brand|FH-012-Protein-Snacks-Brand|FH-013-Meal-Kit-Company|FH-014-Cloud-Kitchen-|FH-015-AI-Nutrition-Planner|FH-016-Recipe-App|FH-017-Cooking-Content-Brand|FH-018-Food-Influencer-Brand|FH-019-Cooking-Course-Platform|FH-020-Restaurant-POS-System|FH-021-Food-Truck-Business|FH-022-Specialty-Coffee-Shop|FH-023-Bakery-&-Pastry-Shop|FH-024-Juice-Bar|FH-025-Ice-Cream-Shop|FH-026-Gourmet-Food-Market|FH-027-Food-Delivery-Platform|FH-028-Restaurant-Management-SaaS|FH-029-Food-Quality-Testing-Lab|FH-030-Organic-Food-Brand|FH-031-Vegan-Food-Company|FH-032-Keto-Meal-Service|FH-033-Food-Photography-Service|FH-034-Restaurant-Consulting|FH-035-Food-Safety-Training,Personal Chef Service|Meal Prep Delivery|Private Dinner Experiences|Catering Company|Corporate Lunch Service|Healthy Meal Prep For Gyms|Elderly Meal Service|Athlete Nutrition Service|Packaged Food Brand|Frozen Meals Company|Sauce Or Seasoning Brand|Protein Snacks Brand|Meal Kit Company|Cloud Kitchen |Ai Nutrition Planner|Recipe App|Cooking Content Brand|Food Influencer Brand|Cooking Course Platform|Restaurant Pos System|Food Truck Business|Specialty Coffee Shop|Bakery & Pastry Shop|Juice Bar|Ice Cream Shop|Gourmet Food Market|Food Delivery Platform|Restaurant Management Saas|Food Quality Testing Lab|Organic Food Brand|Vegan Food Company|Keto Meal Service|Food Photography Service|Restaurant Consulting|Food Safety Training,aligned
Worldwidebro/fh-009-packaged-food-brand,fh-009-packaged-food-brand,True,Civilization OS — FH-009-Packaged-Food-Brand,,0,34,FH-001-Personal-Chef-Service|FH-002-Meal-Prep-Delivery|FH-003-Private-Dinner-Experiences|FH-004-Catering-Company|FH-005-Corporate-Lunch-Service|FH-006-Healthy-Meal-Prep-for-Gyms|FH-007-Elderly-Meal-Service|FH-008-Athlete-Nutrition-Service|FH-009-Packaged-Food-Brand|FH-010-Frozen-Meals-Company|FH-011-Sauce-or-Seasoning-Brand|FH-012-Protein-Snacks-Brand|FH-013-Meal-Kit-Company|FH-015-AI-Nutrition-Planner|FH-016-Recipe-App|FH-017-Cooking-Content-Brand|FH-018-Food-Influencer-Brand|FH-019-Cooking-Course-Platform|FH-020-Restaurant-POS-System|FH-021-Food-Truck-Business|FH-022-Specialty-Coffee-Shop|FH-023-Bakery-&-Pastry-Shop|FH-024-Juice-Bar|FH-025-Ice-Cream-Shop|FH-026-Gourmet-Food-Market|FH-027-Food-Delivery-Platform|FH-028-Restaurant-Management-SaaS|FH-029-Food-Quality-Testing-Lab|FH-030-Organic-Food-Brand|FH-031-Vegan-Food-Company|FH-032-Keto-Meal-Service|FH-033-Food-Photography-Service|FH-034-Restaurant-Consulting|FH-035-Food-Safety-Training,Personal Chef Service|Meal Prep Delivery|Private Dinner Experiences|Catering Company|Corporate Lunch Service|Healthy Meal Prep For Gyms|Elderly Meal Service|Athlete Nutrition Service|Packaged Food Brand|Frozen Meals Company|Sauce Or Seasoning Brand|Protein Snacks Brand|Meal Kit Company|Ai Nutrition Planner|Recipe App|Cooking Content Brand|Food Influencer Brand|Cooking Course Platform|Restaurant Pos System|Food Truck Business|Specialty Coffee Shop|Bakery & Pastry Shop|Juice Bar|Ice Cream Shop|Gourmet Food Market|Food Delivery Platform|Restaurant Management Saas|Food Quality Testing Lab|Organic Food Brand|Vegan Food Company|Keto Meal Service|Food Photography Service|Restaurant Consulting|Food Safety Training,aligned
Worldwidebro/fh-010-frozen-meals-company,fh-010-frozen-meals-company,True,Civilization OS — FH-010-Frozen-Meals-Company,,0,10,FH-001-Personal-Chef-Service|FH-002-Meal-Prep-Delivery|FH-003-Private-Dinner-Experiences|FH-004-Catering-Company|FH-005-Corporate-Lunch-Service|FH-006-Healthy-Meal-Prep-for-Gyms|FH-007-Elderly-Meal-Service|FH-008-Athlete-Nutrition-Service|FH-009-Packaged-Food-Brand|FH-010-Frozen-Meals-Company,Personal Chef Service|Meal Prep Delivery|Private Dinner Experiences|Catering Company|Corporate Lunch Service|Healthy Meal Prep For Gyms|Elderly Meal Service|Athlete Nutrition Service|Packaged Food Brand|Frozen Meals Company,aligned
Worldwidebro/fh-011-sauce-or-seasoning-brand,fh-011-sauce-or-seasoning-brand,True,Civilization OS — FH-011-Sauce-or-Seasoning-Brand,,0,1,FH-011-Sauce-or-Seasoning-Brand,Sauce Or Seasoning Brand,aligned
Worldwidebro/fh-012-protein-snacks-brand,fh-012-protein-snacks-brand,True,Civilization OS — FH-012-Protein-Snacks-Brand,,0,1,FH-012-Protein-Snacks-Brand,Protein Snacks Brand,aligned
Worldwidebro/fh-013-meal-kit-company,fh-013-meal-kit-company,True,Civilization OS — FH-013-Meal-Kit-Company,,0,1,FH-013-Meal-Kit-Company,Meal Kit Company,aligned
Worldwidebro/fh-014-cloud-kitchen,fh-014-cloud-kitchen,True,Civilization OS — FH-014-Cloud-Kitchen-,,0,1,FH-014-Cloud-Kitchen-,Cloud Kitchen ,aligned
Worldwidebro/fh-014-cloud-kitchen-,fh-014-cloud-kitchen-,True,Civilization OS — FH-014-Cloud-Kitchen-,,0,1,FH-014-Cloud-Kitchen-,Cloud Kitchen ,aligned
Worldwidebro/fh-015-ai-nutrition-planner,fh-015-ai-nutrition-planner,True,Civilization OS — FH-015-AI-Nutrition-Planner,,0,1,FH-015-AI-Nutrition-Planner,Ai Nutrition Planner,aligned
Worldwidebro/fh-016-recipe-app,fh-016-recipe-app,True,Civilization OS — FH-016-Recipe-App,,0,1,FH-016-Recipe-App,Recipe App,aligned
Worldwidebro/fh-017-cooking-content-brand,fh-017-cooking-content-brand,True,Civilization OS — FH-017-Cooking-Content-Brand,,0,1,FH-017-Cooking-Content-Brand,Cooking Content Brand,aligned
Worldwidebro/fh-018-food-influencer-brand,fh-018-food-influencer-brand,True,Civilization OS — FH-018-Food-Influencer-Brand,,0,1,FH-018-Food-Influencer-Brand,Food Influencer Brand,aligned
Worldwidebro/fh-019-cooking-course-platform,fh-019-cooking-course-platform,True,Civilization OS — FH-019-Cooking-Course-Platform,,0,1,FH-019-Cooking-Course-Platform,Cooking Course Platform,aligned
Worldwidebro/fh-020-restaurant-pos-system,fh-020-restaurant-pos-system,True,Civilization OS — FH-020-Restaurant-POS-System,,0,1,FH-020-Restaurant-POS-System,Restaurant Pos System,aligned
Worldwidebro/fh-021-food-truck-business,fh-021-food-truck-business,True,Civilization OS — FH-021-Food-Truck-Business,,0,1,FH-021-Food-Truck-Business,Food Truck Business,aligned
Worldwidebro/fh-022-specialty-coffee-shop,fh-022-specialty-coffee-shop,True,Civilization OS — FH-022-Specialty-Coffee-Shop,,0,1,FH-022-Specialty-Coffee-Shop,Specialty Coffee Shop,aligned
Worldwidebro/fh-023-bakery---pastry-shop,fh-023-bakery---pastry-shop,True,Civilization OS — FH-023-Bakery-&-Pastry-Shop,,0,1,FH-023-Bakery-&-Pastry-Shop,Bakery & Pastry Shop,aligned
Worldwidebro/fh-024-juice-bar,fh-024-juice-bar,True,Civilization OS — FH-024-Juice-Bar,,0,1,FH-024-Juice-Bar,Juice Bar,aligned
Worldwidebro/fh-025-ice-cream-shop,fh-025-ice-cream-shop,True,Civilization OS — FH-025-Ice-Cream-Shop,,0,1,FH-025-Ice-Cream-Shop,Ice Cream Shop,aligned
Worldwidebro/fh-026-gourmet-food-market,fh-026-gourmet-food-market,True,Civilization OS — FH-026-Gourmet-Food-Market,,0,1,FH-026-Gourmet-Food-Market,Gourmet Food Market,aligned
Worldwidebro/fh-027-food-delivery-platform,fh-027-food-delivery-platform,True,Civilization OS — FH-027-Food-Delivery-Platform,,0,1,FH-027-Food-Delivery-Platform,Food Delivery Platform,aligned
Worldwidebro/fh-028-restaurant-management-saas,fh-028-restaurant-management-saas,True,Civilization OS — FH-028-Restaurant-Management-SaaS,,0,1,FH-028-Restaurant-Management-SaaS,Restaurant Management Saas,aligned
Worldwidebro/fh-029-food-quality-testing-lab,fh-029-food-quality-testing-lab,True,Civilization OS — FH-029-Food-Quality-Testing-Lab,,0,1,FH-029-Food-Quality-Testing-Lab,Food Quality Testing Lab,aligned
Worldwidebro/fh-030-organic-food-brand,fh-030-organic-food-brand,True,Civilization OS — FH-030-Organic-Food-Brand,,0,1,FH-030-Organic-Food-Brand,Organic Food Brand,aligned
Worldwidebro/fh-031-vegan-food-company,fh-031-vegan-food-company,True,Civilization OS — FH-031-Vegan-Food-Company,,0,1,FH-031-Vegan-Food-Company,Vegan Food Company,aligned
Worldwidebro/fh-032-keto-meal-service,fh-032-keto-meal-service,True,Civilization OS — FH-032-Keto-Meal-Service,,0,1,FH-032-Keto-Meal-Service,Keto Meal Service,aligned
Worldwidebro/fh-033-food-photography-service,fh-033-food-photography-service,True,Civilization OS — FH-033-Food-Photography-Service,,0,1,FH-033-Food-Photography-Service,Food Photography Service,aligned
Worldwidebro/fh-034-restaurant-consulting,fh-034-restaurant-consulting,True,Civilization OS — FH-034-Restaurant-Consulting,,0,1,FH-034-Restaurant-Consulting,Restaurant Consulting,aligned
Worldwidebro/fh-035-food-safety-training,fh-035-food-safety-training,True,Civilization OS — FH-035-Food-Safety-Training,,0,1,FH-035-Food-Safety-Training,Food Safety Training,aligned
Worldwidebro/fin-001-genixbank-lite,fin-001-genixbank-lite,True,Fin 001 Genixbank Lite - Part of Civilization OS venture ecosystem,,0,41,FIN-001-GenixBank-Lite|FIN-002-Credit-Repair-Automation|FIN-003-AI-Boss-Hub-Lite|FIN-004-GenixBanks-AI-Treasurer|FIN-005-U-Haul-Rental-Affiliate|FIN-006-Tax-Prep-Filing-Services|FIN-007-Business-Credit-Building|FIN-008-Business-Formation-Services|FIN-009-Crypto-Tax-Optimizer|FIN-010-AI-Powered-Garbage-Collection|FIN-011-Automated-Bookkeeping|FIN-012-Invoice-Factoring-AI|FIN-013-Charity-Donation-AI|FIN-014-Expense-Tracker-AI|FIN-015-Financial-Wellness-Coach|FIN-016-Trade-Finance-AI|FIN-017-Remittance-AI|FIN-018-Wealth-Transfer-AI|FIN-019-Payment-Gateway-AI|FIN-020-Debt-Consolidation-AI|FIN-021-Tax-Deduction-Finder|FIN-022-Budget-Forecasting-AI|FIN-023-Investment-Portfolio-AI|FIN-024-Crowdfunding-AI|FIN-025-Escrow-Automation|FIN-026-Financial-Compliance-Scanner|FIN-027-Patent-Writer-AI|FIN-028-Legal-Analyzer-AI|FIN-029-Compliance-Wallet-SaaS|FIN-030-Local-SEO-Ranker-AI|FIN-031-Investor-Dashboard-Builder|FIN-032-Legal-Toolkit-AI|FIN-033-AI-Tax-Preparation-Service|FIN-034-Payroll-Automation|FIN-035-Insurance-Underwriting-AI|FIN-036-Arbitrage-Nexus-Platform|FI-dist|FI-node_modules|FI-public|FI-src|FI-supabase,Genixbank Lite|Credit Repair Automation|Ai Boss Hub Lite|Genixbanks Ai Treasurer|U Haul Rental Affiliate|Tax Prep Filing Services|Business Credit Building|Business Formation Services|Crypto Tax Optimizer|Ai Powered Garbage Collection|Automated Bookkeeping|Invoice Factoring Ai|Charity Donation Ai|Expense Tracker Ai|Financial Wellness Coach|Trade Finance Ai|Remittance Ai|Wealth Transfer Ai|Payment Gateway Ai|Debt Consolidation Ai|Tax Deduction Finder|Budget Forecasting Ai|Investment Portfolio Ai|Crowdfunding Ai|Escrow Automation|Financial Compliance Scanner|Patent Writer Ai|Legal Analyzer Ai|Compliance Wallet Saas|Local Seo Ranker Ai|Investor Dashboard Builder|Legal Toolkit Ai|Ai Tax Preparation Service|Payroll Automation|Insurance Underwriting Ai|Arbitrage Nexus Platform|Dist|Node_Modules|Public|Src|Supabase,aligned
Worldwidebro/fin-002-credit-repair-automation,fin-002-credit-repair-automation,True,Fin 002 Credit Repair Automation - Part of Civilization OS venture ecosystem,,0,41,FIN-001-GenixBank-Lite|FIN-002-Credit-Repair-Automation|FIN-003-AI-Boss-Hub-Lite|FIN-004-GenixBanks-AI-Treasurer|FIN-005-U-Haul-Rental-Affiliate|FIN-006-Tax-Prep-Filing-Services|FIN-007-Business-Credit-Building|FIN-008-Business-Formation-Services|FIN-009-Crypto-Tax-Optimizer|FIN-010-AI-Powered-Garbage-Collection|FIN-011-Automated-Bookkeeping|FIN-012-Invoice-Factoring-AI|FIN-013-Charity-Donation-AI|FIN-014-Expense-Tracker-AI|FIN-015-Financial-Wellness-Coach|FIN-016-Trade-Finance-AI|FIN-017-Remittance-AI|FIN-018-Wealth-Transfer-AI|FIN-019-Payment-Gateway-AI|FIN-020-Debt-Consolidation-AI|FIN-021-Tax-Deduction-Finder|FIN-022-Budget-Forecasting-AI|FIN-023-Investment-Portfolio-AI|FIN-024-Crowdfunding-AI|FIN-025-Escrow-Automation|FIN-026-Financial-Compliance-Scanner|FIN-027-Patent-Writer-AI|FIN-028-Legal-Analyzer-AI|FIN-029-Compliance-Wallet-SaaS|FIN-030-Local-SEO-Ranker-AI|FIN-031-Investor-Dashboard-Builder|FIN-032-Legal-Toolkit-AI|FIN-033-AI-Tax-Preparation-Service|FIN-034-Payroll-Automation|FIN-035-Insurance-Underwriting-AI|FIN-036-Arbitrage-Nexus-Platform|FI-dist|FI-node_modules|FI-public|FI-src|FI-supabase,Genixbank Lite|Credit Repair Automation|Ai Boss Hub Lite|Genixbanks Ai Treasurer|U Haul Rental Affiliate|Tax Prep Filing Services|Business Credit Building|Business Formation Services|Crypto Tax Optimizer|Ai Powered Garbage Collection|Automated Bookkeeping|Invoice Factoring Ai|Charity Donation Ai|Expense Tracker Ai|Financial Wellness Coach|Trade Finance Ai|Remittance Ai|Wealth Transfer Ai|Payment Gateway Ai|Debt Consolidation Ai|Tax Deduction Finder|Budget Forecasting Ai|Investment Portfolio Ai|Crowdfunding Ai|Escrow Automation|Financial Compliance Scanner|Patent Writer Ai|Legal Analyzer Ai|Compliance Wallet Saas|Local Seo Ranker Ai|Investor Dashboard Builder|Legal Toolkit Ai|Ai Tax Preparation Service|Payroll Automation|Insurance Underwriting Ai|Arbitrage Nexus Platform|Dist|Node_Modules|Public|Src|Supabase,aligned
Worldwidebro/fin-003-ai-boss-hub-lite,fin-003-ai-boss-hub-lite,True,Fin 003 Ai Boss Hub Lite - Part of Civilization OS venture ecosystem,,0,41,FIN-001-GenixBank-Lite|FIN-002-Credit-Repair-Automation|FIN-003-AI-Boss-Hub-Lite|FIN-004-GenixBanks-AI-Treasurer|FIN-005-U-Haul-Rental-Affiliate|FIN-006-Tax-Prep-Filing-Services|FIN-007-Business-Credit-Building|FIN-008-Business-Formation-Services|FIN-009-Crypto-Tax-Optimizer|FIN-010-AI-Powered-Garbage-Collection|FIN-011-Automated-Bookkeeping|FIN-012-Invoice-Factoring-AI|FIN-013-Charity-Donation-AI|FIN-014-Expense-Tracker-AI|FIN-015-Financial-Wellness-Coach|FIN-016-Trade-Finance-AI|FIN-017-Remittance-AI|FIN-018-Wealth-Transfer-AI|FIN-019-Payment-Gateway-AI|FIN-020-Debt-Consolidation-AI|FIN-021-Tax-Deduction-Finder|FIN-022-Budget-Forecasting-AI|FIN-023-Investment-Portfolio-AI|FIN-024-Crowdfunding-AI|FIN-025-Escrow-Automation|FIN-026-Financial-Compliance-Scanner|FIN-027-Patent-Writer-AI|FIN-028-Legal-Analyzer-AI|FIN-029-Compliance-Wallet-SaaS|FIN-030-Local-SEO-Ranker-AI|FIN-031-Investor-Dashboard-Builder|FIN-032-Legal-Toolkit-AI|FIN-033-AI-Tax-Preparation-Service|FIN-034-Payroll-Automation|FIN-035-Insurance-Underwriting-AI|FIN-036-Arbitrage-Nexus-Platform|FI-dist|FI-node_modules|FI-public|FI-src|FI-supabase,Genixbank Lite|Credit Repair Automation|Ai Boss Hub Lite|Genixbanks Ai Treasurer|U Haul Rental Affiliate|Tax Prep Filing Services|Business Credit Building|Business Formation Services|Crypto Tax Optimizer|Ai Powered Garbage Collection|Automated Bookkeeping|Invoice Factoring Ai|Charity Donation Ai|Expense Tracker Ai|Financial Wellness Coach|Trade Finance Ai|Remittance Ai|Wealth Transfer Ai|Payment Gateway Ai|Debt Consolidation Ai|Tax Deduction Finder|Budget Forecasting Ai|Investment Portfolio Ai|Crowdfunding Ai|Escrow Automation|Financial Compliance Scanner|Patent Writer Ai|Legal Analyzer Ai|Compliance Wallet Saas|Local Seo Ranker Ai|Investor Dashboard Builder|Legal Toolkit Ai|Ai Tax Preparation Service|Payroll Automation|Insurance Underwriting Ai|Arbitrage Nexus Platform|Dist|Node_Modules|Public|Src|Supabase,aligned
Worldwidebro/fin-004-genixbanks-ai-treasurer,fin-004-genixbanks-ai-treasurer,True,Fin 004 Genixbanks Ai Treasurer - Part of Civilization OS venture ecosystem,,0,41,FIN-001-GenixBank-Lite|FIN-002-Credit-Repair-Automation|FIN-003-AI-Boss-Hub-Lite|FIN-004-GenixBanks-AI-Treasurer|FIN-005-U-Haul-Rental-Affiliate|FIN-006-Tax-Prep-Filing-Services|FIN-007-Business-Credit-Building|FIN-008-Business-Formation-Services|FIN-009-Crypto-Tax-Optimizer|FIN-010-AI-Powered-Garbage-Collection|FIN-011-Automated-Bookkeeping|FIN-012-Invoice-Factoring-AI|FIN-013-Charity-Donation-AI|FIN-014-Expense-Tracker-AI|FIN-015-Financial-Wellness-Coach|FIN-016-Trade-Finance-AI|FIN-017-Remittance-AI|FIN-018-Wealth-Transfer-AI|FIN-019-Payment-Gateway-AI|FIN-020-Debt-Consolidation-AI|FIN-021-Tax-Deduction-Finder|FIN-022-Budget-Forecasting-AI|FIN-023-Investment-Portfolio-AI|FIN-024-Crowdfunding-AI|FIN-025-Escrow-Automation|FIN-026-Financial-Compliance-Scanner|FIN-027-Patent-Writer-AI|FIN-028-Legal-Analyzer-AI|FIN-029-Compliance-Wallet-SaaS|FIN-030-Local-SEO-Ranker-AI|FIN-031-Investor-Dashboard-Builder|FIN-032-Legal-Toolkit-AI|FIN-033-AI-Tax-Preparation-Service|FIN-034-Payroll-Automation|FIN-035-Insurance-Underwriting-AI|FIN-036-Arbitrage-Nexus-Platform|FI-dist|FI-node_modules|FI-public|FI-src|FI-supabase,Genixbank Lite|Credit Repair Automation|Ai Boss Hub Lite|Genixbanks Ai Treasurer|U Haul Rental Affiliate|Tax Prep Filing Services|Business Credit Building|Business Formation Services|Crypto Tax Optimizer|Ai Powered Garbage Collection|Automated Bookkeeping|Invoice Factoring Ai|Charity Donation Ai|Expense Tracker Ai|Financial Wellness Coach|Trade Finance Ai|Remittance Ai|Wealth Transfer Ai|Payment Gateway Ai|Debt Consolidation Ai|Tax Deduction Finder|Budget Forecasting Ai|Investment Portfolio Ai|Crowdfunding Ai|Escrow Automation|Financial Compliance Scanner|Patent Writer Ai|Legal Analyzer Ai|Compliance Wallet Saas|Local Seo Ranker Ai|Investor Dashboard Builder|Legal Toolkit Ai|Ai Tax Preparation Service|Payroll Automation|Insurance Underwriting Ai|Arbitrage Nexus Platform|Dist|Node_Modules|Public|Src|Supabase,aligned
Worldwidebro/fin-005-u-haul-rental-affiliate,fin-005-u-haul-rental-affiliate,True,Fin 005 U Haul Rental Affiliate - Part of Civilization OS venture ecosystem,,0,41,FIN-001-GenixBank-Lite|FIN-002-Credit-Repair-Automation|FIN-003-AI-Boss-Hub-Lite|FIN-004-GenixBanks-AI-Treasurer|FIN-005-U-Haul-Rental-Affiliate|FIN-006-Tax-Prep-Filing-Services|FIN-007-Business-Credit-Building|FIN-008-Business-Formation-Services|FIN-009-Crypto-Tax-Optimizer|FIN-010-AI-Powered-Garbage-Collection|FIN-011-Automated-Bookkeeping|FIN-012-Invoice-Factoring-AI|FIN-013-Charity-Donation-AI|FIN-014-Expense-Tracker-AI|FIN-015-Financial-Wellness-Coach|FIN-016-Trade-Finance-AI|FIN-017-Remittance-AI|FIN-018-Wealth-Transfer-AI|FIN-019-Payment-Gateway-AI|FIN-020-Debt-Consolidation-AI|FIN-021-Tax-Deduction-Finder|FIN-022-Budget-Forecasting-AI|FIN-023-Investment-Portfolio-AI|FIN-024-Crowdfunding-AI|FIN-025-Escrow-Automation|FIN-026-Financial-Compliance-Scanner|FIN-027-Patent-Writer-AI|FIN-028-Legal-Analyzer-AI|FIN-029-Compliance-Wallet-SaaS|FIN-030-Local-SEO-Ranker-AI|FIN-031-Investor-Dashboard-Builder|FIN-032-Legal-Toolkit-AI|FIN-033-AI-Tax-Preparation-Service|FIN-034-Payroll-Automation|FIN-035-Insurance-Underwriting-AI|FIN-036-Arbitrage-Nexus-Platform|FI-dist|FI-node_modules|FI-public|FI-src|FI-supabase,Genixbank Lite|Credit Repair Automation|Ai Boss Hub Lite|Genixbanks Ai Treasurer|U Haul Rental Affiliate|Tax Prep Filing Services|Business Credit Building|Business Formation Services|Crypto Tax Optimizer|Ai Powered Garbage Collection|Automated Bookkeeping|Invoice Factoring Ai|Charity Donation Ai|Expense Tracker Ai|Financial Wellness Coach|Trade Finance Ai|Remittance Ai|Wealth Transfer Ai|Payment Gateway Ai|Debt Consolidation Ai|Tax Deduction Finder|Budget Forecasting Ai|Investment Portfolio Ai|Crowdfunding Ai|Escrow Automation|Financial Compliance Scanner|Patent Writer Ai|Legal Analyzer Ai|Compliance Wallet Saas|Local Seo Ranker Ai|Investor Dashboard Builder|Legal Toolkit Ai|Ai Tax Preparation Service|Payroll Automation|Insurance Underwriting Ai|Arbitrage Nexus Platform|Dist|Node_Modules|Public|Src|Supabase,aligned
Worldwidebro/fin-006-tax-prep-filing-services,fin-006-tax-prep-filing-services,True,Fin 006 Tax Prep Filing Services - Part of Civilization OS venture ecosystem,Python,0,41,FIN-001-GenixBank-Lite|FIN-002-Credit-Repair-Automation|FIN-003-AI-Boss-Hub-Lite|FIN-004-GenixBanks-AI-Treasurer|FIN-005-U-Haul-Rental-Affiliate|FIN-006-Tax-Prep-Filing-Services|FIN-007-Business-Credit-Building|FIN-008-Business-Formation-Services|FIN-009-Crypto-Tax-Optimizer|FIN-010-AI-Powered-Garbage-Collection|FIN-011-Automated-Bookkeeping|FIN-012-Invoice-Factoring-AI|FIN-013-Charity-Donation-AI|FIN-014-Expense-Tracker-AI|FIN-015-Financial-Wellness-Coach|FIN-016-Trade-Finance-AI|FIN-017-Remittance-AI|FIN-018-Wealth-Transfer-AI|FIN-019-Payment-Gateway-AI|FIN-020-Debt-Consolidation-AI|FIN-021-Tax-Deduction-Finder|FIN-022-Budget-Forecasting-AI|FIN-023-Investment-Portfolio-AI|FIN-024-Crowdfunding-AI|FIN-025-Escrow-Automation|FIN-026-Financial-Compliance-Scanner|FIN-027-Patent-Writer-AI|FIN-028-Legal-Analyzer-AI|FIN-029-Compliance-Wallet-SaaS|FIN-030-Local-SEO-Ranker-AI|FIN-031-Investor-Dashboard-Builder|FIN-032-Legal-Toolkit-AI|FIN-033-AI-Tax-Preparation-Service|FIN-034-Payroll-Automation|FIN-035-Insurance-Underwriting-AI|FIN-036-Arbitrage-Nexus-Platform|FI-dist|FI-node_modules|FI-public|FI-src|FI-supabase,Genixbank Lite|Credit Repair Automation|Ai Boss Hub Lite|Genixbanks Ai Treasurer|U Haul Rental Affiliate|Tax Prep Filing Services|Business Credit Building|Business Formation Services|Crypto Tax Optimizer|Ai Powered Garbage Collection|Automated Bookkeeping|Invoice Factoring Ai|Charity Donation Ai|Expense Tracker Ai|Financial Wellness Coach|Trade Finance Ai|Remittance Ai|Wealth Transfer Ai|Payment Gateway Ai|Debt Consolidation Ai|Tax Deduction Finder|Budget Forecasting Ai|Investment Portfolio Ai|Crowdfunding Ai|Escrow Automation|Financial Compliance Scanner|Patent Writer Ai|Legal Analyzer Ai|Compliance Wallet Saas|Local Seo Ranker Ai|Investor Dashboard Builder|Legal Toolkit Ai|Ai Tax Preparation Service|Payroll Automation|Insurance Underwriting Ai|Arbitrage Nexus Platform|Dist|Node_Modules|Public|Src|Supabase,aligned
Worldwidebro/fin-007-business-credit-building,fin-007-business-credit-building,True,Fin 007 Business Credit Building - Part of Civilization OS venture ecosystem,,0,41,FIN-001-GenixBank-Lite|FIN-002-Credit-Repair-Automation|FIN-003-AI-Boss-Hub-Lite|FIN-004-GenixBanks-AI-Treasurer|FIN-005-U-Haul-Rental-Affiliate|FIN-006-Tax-Prep-Filing-Services|FIN-007-Business-Credit-Building|FIN-008-Business-Formation-Services|FIN-009-Crypto-Tax-Optimizer|FIN-010-AI-Powered-Garbage-Collection|FIN-011-Automated-Bookkeeping|FIN-012-Invoice-Factoring-AI|FIN-013-Charity-Donation-AI|FIN-014-Expense-Tracker-AI|FIN-015-Financial-Wellness-Coach|FIN-016-Trade-Finance-AI|FIN-017-Remittance-AI|FIN-018-Wealth-Transfer-AI|FIN-019-Payment-Gateway-AI|FIN-020-Debt-Consolidation-AI|FIN-021-Tax-Deduction-Finder|FIN-022-Budget-Forecasting-AI|FIN-023-Investment-Portfolio-AI|FIN-024-Crowdfunding-AI|FIN-025-Escrow-Automation|FIN-026-Financial-Compliance-Scanner|FIN-027-Patent-Writer-AI|FIN-028-Legal-Analyzer-AI|FIN-029-Compliance-Wallet-SaaS|FIN-030-Local-SEO-Ranker-AI|FIN-031-Investor-Dashboard-Builder|FIN-032-Legal-Toolkit-AI|FIN-033-AI-Tax-Preparation-Service|FIN-034-Payroll-Automation|FIN-035-Insurance-Underwriting-AI|FIN-036-Arbitrage-Nexus-Platform|FI-dist|FI-node_modules|FI-public|FI-src|FI-supabase,Genixbank Lite|Credit Repair Automation|Ai Boss Hub Lite|Genixbanks Ai Treasurer|U Haul Rental Affiliate|Tax Prep Filing Services|Business Credit Building|Business Formation Services|Crypto Tax Optimizer|Ai Powered Garbage Collection|Automated Bookkeeping|Invoice Factoring Ai|Charity Donation Ai|Expense Tracker Ai|Financial Wellness Coach|Trade Finance Ai|Remittance Ai|Wealth Transfer Ai|Payment Gateway Ai|Debt Consolidation Ai|Tax Deduction Finder|Budget Forecasting Ai|Investment Portfolio Ai|Crowdfunding Ai|Escrow Automation|Financial Compliance Scanner|Patent Writer Ai|Legal Analyzer Ai|Compliance Wallet Saas|Local Seo Ranker Ai|Investor Dashboard Builder|Legal Toolkit Ai|Ai Tax Preparation Service|Payroll Automation|Insurance Underwriting Ai|Arbitrage Nexus Platform|Dist|Node_Modules|Public|Src|Supabase,aligned
Worldwidebro/fin-008-business-formation-services,fin-008-business-formation-services,True,Fin 008 Business Formation Services - Part of Civilization OS venture ecosystem,,0,35,FIN-001-GenixBank-Lite|FIN-002-Credit-Repair-Automation|FIN-003-AI-Boss-Hub-Lite|FIN-004-GenixBanks-AI-Treasurer|FIN-005-U-Haul-Rental-Affiliate|FIN-006-Tax-Prep-Filing-Services|FIN-007-Business-Credit-Building|FIN-008-Business-Formation-Services|FIN-010-AI-Powered-Garbage-Collection|FIN-013-Charity-Donation-AI|FIN-014-Expense-Tracker-AI|FIN-016-Trade-Finance-AI|FIN-017-Remittance-AI|FIN-018-Wealth-Transfer-AI|FIN-020-Debt-Consolidation-AI|FIN-022-Budget-Forecasting-AI|FIN-023-Investment-Portfolio-AI|FIN-024-Crowdfunding-AI|FIN-025-Escrow-Automation|FIN-026-Financial-Compliance-Scanner|FIN-027-Patent-Writer-AI|FIN-028-Legal-Analyzer-AI|FIN-029-Compliance-Wallet-SaaS|FIN-030-Local-SEO-Ranker-AI|FIN-031-Investor-Dashboard-Builder|FIN-032-Legal-Toolkit-AI|FIN-033-AI-Tax-Preparation-Service|FIN-034-Payroll-Automation|FIN-035-Insurance-Underwriting-AI|FIN-036-Arbitrage-Nexus-Platform|FI-dist|FI-node_modules|FI-public|FI-src|FI-supabase,Genixbank Lite|Credit Repair Automation|Ai Boss Hub Lite|Genixbanks Ai Treasurer|U Haul Rental Affiliate|Tax Prep Filing Services|Business Credit Building|Business Formation Services|Ai Powered Garbage Collection|Charity Donation Ai|Expense Tracker Ai|Trade Finance Ai|Remittance Ai|Wealth Transfer Ai|Debt Consolidation Ai|Budget Forecasting Ai|Investment Portfolio Ai|Crowdfunding Ai|Escrow Automation|Financial Compliance Scanner|Patent Writer Ai|Legal Analyzer Ai|Compliance Wallet Saas|Local Seo Ranker Ai|Investor Dashboard Builder|Legal Toolkit Ai|Ai Tax Preparation Service|Payroll Automation|Insurance Underwriting Ai|Arbitrage Nexus Platform|Dist|Node_Modules|Public|Src|Supabase,aligned
Worldwidebro/fin-009-crypto-tax-optimizer,fin-009-crypto-tax-optimizer,True,Fin 009 Crypto Tax Optimizer - Part of Civilization OS venture ecosystem,Python,0,30,FIN-001-GenixBank-Lite|FIN-004-GenixBanks-AI-Treasurer|FIN-008-Business-Formation-Services|FIN-009-Crypto-Tax-Optimizer|FIN-010-AI-Powered-Garbage-Collection|FIN-013-Charity-Donation-AI|FIN-014-Expense-Tracker-AI|FIN-016-Trade-Finance-AI|FIN-017-Remittance-AI|FIN-018-Wealth-Transfer-AI|FIN-020-Debt-Consolidation-AI|FIN-022-Budget-Forecasting-AI|FIN-023-Investment-Portfolio-AI|FIN-024-Crowdfunding-AI|FIN-025-Escrow-Automation|FIN-026-Financial-Compliance-Scanner|FIN-027-Patent-Writer-AI|FIN-028-Legal-Analyzer-AI|FIN-029-Compliance-Wallet-SaaS|FIN-030-Local-SEO-Ranker-AI|FIN-031-Investor-Dashboard-Builder|FIN-032-Legal-Toolkit-AI|FIN-034-Payroll-Automation|FIN-035-Insurance-Underwriting-AI|FIN-036-Arbitrage-Nexus-Platform|FI-dist|FI-node_modules|FI-public|FI-src|FI-supabase,Genixbank Lite|Genixbanks Ai Treasurer|Business Formation Services|Crypto Tax Optimizer|Ai Powered Garbage Collection|Charity Donation Ai|Expense Tracker Ai|Trade Finance Ai|Remittance Ai|Wealth Transfer Ai|Debt Consolidation Ai|Budget Forecasting Ai|Investment Portfolio Ai|Crowdfunding Ai|Escrow Automation|Financial Compliance Scanner|Patent Writer Ai|Legal Analyzer Ai|Compliance Wallet Saas|Local Seo Ranker Ai|Investor Dashboard Builder|Legal Toolkit Ai|Payroll Automation|Insurance Underwriting Ai|Arbitrage Nexus Platform|Dist|Node_Modules|Public|Src|Supabase,aligned
Worldwidebro/fin-010-ai-powered-garbage-collection,fin-010-ai-powered-garbage-collection,True,Fin 010 Ai Powered Garbage Collection - Part of Civilization OS venture ecosystem,,0,9,FIN-001-GenixBank-Lite|FIN-004-GenixBanks-AI-Treasurer|FIN-008-Business-Formation-Services|FIN-010-AI-Powered-Garbage-Collection|FI-dist|FI-node_modules|FI-public|FI-src|FI-supabase,Genixbank Lite|Genixbanks Ai Treasurer|Business Formation Services|Ai Powered Garbage Collection|Dist|Node_Modules|Public|Src|Supabase,aligned
Worldwidebro/fin-011-automated-bookkeeping,fin-011-automated-bookkeeping,True,Fin 011 Automated Bookkeeping - Part of Civilization OS venture ecosystem,,0,1,FIN-011-Automated-Bookkeeping,Automated Bookkeeping,aligned
Worldwidebro/fin-012-invoice-factoring-ai,fin-012-invoice-factoring-ai,True,Fin 012 Invoice Factoring Ai - Part of Civilization OS venture ecosystem,,0,1,FIN-012-Invoice-Factoring-AI,Invoice Factoring Ai,aligned
Worldwidebro/fin-013-charity-donation-ai,fin-013-charity-donation-ai,True,Fin 013 Charity Donation Ai - Part of Civilization OS venture ecosystem,,0,1,FIN-013-Charity-Donation-AI,Charity Donation Ai,aligned
Worldwidebro/fin-014-expense-tracker-ai,fin-014-expense-tracker-ai,True,Fin 014 Expense Tracker Ai - Part of Civilization OS venture ecosystem,,0,1,FIN-014-Expense-Tracker-AI,Expense Tracker Ai,aligned
Worldwidebro/fin-015-financial-wellness-coach,fin-015-financial-wellness-coach,True,Fin 015 Financial Wellness Coach - Part of Civilization OS venture ecosystem,,0,1,FIN-015-Financial-Wellness-Coach,Financial Wellness Coach,aligned
Worldwidebro/fin-016-trade-finance-ai,fin-016-trade-finance-ai,True,Fin 016 Trade Finance Ai - Part of Civilization OS venture ecosystem,,0,1,FIN-016-Trade-Finance-AI,Trade Finance Ai,aligned
Worldwidebro/fin-017-remittance-ai,fin-017-remittance-ai,True,Fin 017 Remittance Ai - Part of Civilization OS venture ecosystem,,0,1,FIN-017-Remittance-AI,Remittance Ai,aligned
Worldwidebro/fin-018-wealth-transfer-ai,fin-018-wealth-transfer-ai,True,Fin 018 Wealth Transfer Ai - Part of Civilization OS venture ecosystem,,0,1,FIN-018-Wealth-Transfer-AI,Wealth Transfer Ai,aligned
Worldwidebro/fin-019-payment-gateway-ai,fin-019-payment-gateway-ai,True,Fin 019 Payment Gateway Ai - Part of Civilization OS venture ecosystem,,0,1,FIN-019-Payment-Gateway-AI,Payment Gateway Ai,aligned
Worldwidebro/fin-020-debt-consolidation-ai,fin-020-debt-consolidation-ai,True,Fin 020 Debt Consolidation Ai - Part of Civilization OS venture ecosystem,,0,1,FIN-020-Debt-Consolidation-AI,Debt Consolidation Ai,aligned
Worldwidebro/fin-021-tax-deduction-finder,fin-021-tax-deduction-finder,True,Fin 021 Tax Deduction Finder - Part of Civilization OS venture ecosystem,Python,0,1,FIN-021-Tax-Deduction-Finder,Tax Deduction Finder,aligned
Worldwidebro/fin-022-budget-forecasting-ai,fin-022-budget-forecasting-ai,True,Fin 022 Budget Forecasting Ai - Part of Civilization OS venture ecosystem,,0,1,FIN-022-Budget-Forecasting-AI,Budget Forecasting Ai,aligned
Worldwidebro/fin-023-investment-portfolio-ai,fin-023-investment-portfolio-ai,True,Fin 023 Investment Portfolio Ai - Part of Civilization OS venture ecosystem,,0,1,FIN-023-Investment-Portfolio-AI,Investment Portfolio Ai,aligned
Worldwidebro/fin-024-crowdfunding-ai,fin-024-crowdfunding-ai,True,Fin 024 Crowdfunding Ai - Part of Civilization OS venture ecosystem,,0,1,FIN-024-Crowdfunding-AI,Crowdfunding Ai,aligned
Worldwidebro/fin-025-escrow-automation,fin-025-escrow-automation,True,Fin 025 Escrow Automation - Part of Civilization OS venture ecosystem,,0,1,FIN-025-Escrow-Automation,Escrow Automation,aligned
Worldwidebro/fin-026-financial-compliance-scanner,fin-026-financial-compliance-scanner,True,Fin 026 Financial Compliance Scanner - Part of Civilization OS venture ecosystem,,0,1,FIN-026-Financial-Compliance-Scanner,Financial Compliance Scanner,aligned
Worldwidebro/fin-027-patent-writer-ai,fin-027-patent-writer-ai,True,Fin 027 Patent Writer Ai - Part of Civilization OS venture ecosystem,,0,1,FIN-027-Patent-Writer-AI,Patent Writer Ai,aligned
Worldwidebro/fin-028-legal-analyzer-ai,fin-028-legal-analyzer-ai,True,Fin 028 Legal Analyzer Ai - Part of Civilization OS venture ecosystem,,0,1,FIN-028-Legal-Analyzer-AI,Legal Analyzer Ai,aligned
Worldwidebro/fin-029-compliance-wallet-saas,fin-029-compliance-wallet-saas,True,Fin 029 Compliance Wallet Saas - Part of Civilization OS venture ecosystem,,0,1,FIN-029-Compliance-Wallet-SaaS,Compliance Wallet Saas,aligned
Worldwidebro/fin-030-local-seo-ranker-ai,fin-030-local-seo-ranker-ai,True,Fin 030 Local Seo Ranker Ai - Part of Civilization OS venture ecosystem,,0,1,FIN-030-Local-SEO-Ranker-AI,Local Seo Ranker Ai,aligned
Worldwidebro/fin-031-investor-dashboard-builder,fin-031-investor-dashboard-builder,True,Fin 031 Investor Dashboard Builder - Part of Civilization OS venture ecosystem,,0,1,FIN-031-Investor-Dashboard-Builder,Investor Dashboard Builder,aligned
Worldwidebro/fin-032-legal-toolkit-ai,fin-032-legal-toolkit-ai,True,Fin 032 Legal Toolkit Ai - Part of Civilization OS venture ecosystem,,0,1,FIN-032-Legal-Toolkit-AI,Legal Toolkit Ai,aligned
Worldwidebro/fin-033-ai-tax-preparation-service,fin-033-ai-tax-preparation-service,True,Fin 033 Ai Tax Preparation Service - Part of Civilization OS venture ecosystem,Python,0,1,FIN-033-AI-Tax-Preparation-Service,Ai Tax Preparation Service,aligned
Worldwidebro/fin-033-legal-toolkit-ai,fin-033-legal-toolkit-ai,True,Civilization OS Venture: AI-powered legal toolkit,,0,1,FIN-033-AI-Tax-Preparation-Service,Ai Tax Preparation Service,aligned
Worldwidebro/fin-034-payroll-automation,fin-034-payroll-automation,True,Fin 034 Payroll Automation - Part of Civilization OS venture ecosystem,,0,1,FIN-034-Payroll-Automation,Payroll Automation,aligned
Worldwidebro/fin-035-insurance-underwriting-ai,fin-035-insurance-underwriting-ai,True,Fin 035 Insurance Underwriting Ai - Part of Civilization OS venture ecosystem,,0,1,FIN-035-Insurance-Underwriting-AI,Insurance Underwriting Ai,aligned
Worldwidebro/fin-036-arbitrage-nexus-platform,fin-036-arbitrage-nexus-platform,True,Civilization OS — FIN-036-Arbitrage-Nexus-Platform,Shell,0,1,FIN-036-Arbitrage-Nexus-Platform,Arbitrage Nexus Platform,aligned
Worldwidebro/fs-001-gym,fs-001-gym,True,Civilization OS — FS-001-Gym,,0,25,FS-001-Gym|FS-002-Boutique-Fitness-Studio|FS-003-Personal-Training-Studio|FS-004-Women-Only-Gym|FS-005-Boxing-Gym|FS-006-CrossFit-Gym|FS-007-Luxury-Fitness-Club|FS-008-Online-Coaching|FS-009-Personal-Trainer-Business|FS-010-Transformation-Program|FS-011-Athlete-Training-Company|FS-012-Supplement-Brand|FS-013-Fitness-Apparel|FS-014-Workout-Equipment-Brand|FS-015-Recovery-Products|FS-016-Fitness-App|FS-017-AI-Personal-Trainer|FS-018-Gym-Management-Software|FS-019-Wearable-Analytics-Platform|FS-020-Yoga-Studio|FS-021-Pilates-Studio|FS-022-Dance-Studio|FS-023-Martial-Arts-Dojo|FS-024-Sports-Performance-Center|FS-025-Corporate-Wellness-Program,Gym|Boutique Fitness Studio|Personal Training Studio|Women Only Gym|Boxing Gym|Crossfit Gym|Luxury Fitness Club|Online Coaching|Personal Trainer Business|Transformation Program|Athlete Training Company|Supplement Brand|Fitness Apparel|Workout Equipment Brand|Recovery Products|Fitness App|Ai Personal Trainer|Gym Management Software|Wearable Analytics Platform|Yoga Studio|Pilates Studio|Dance Studio|Martial Arts Dojo|Sports Performance Center|Corporate Wellness Program,aligned
Worldwidebro/fs-002-boutique-fitness-studio,fs-002-boutique-fitness-studio,True,Civilization OS — FS-002-Boutique-Fitness-Studio,,0,25,FS-001-Gym|FS-002-Boutique-Fitness-Studio|FS-003-Personal-Training-Studio|FS-004-Women-Only-Gym|FS-005-Boxing-Gym|FS-006-CrossFit-Gym|FS-007-Luxury-Fitness-Club|FS-008-Online-Coaching|FS-009-Personal-Trainer-Business|FS-010-Transformation-Program|FS-011-Athlete-Training-Company|FS-012-Supplement-Brand|FS-013-Fitness-Apparel|FS-014-Workout-Equipment-Brand|FS-015-Recovery-Products|FS-016-Fitness-App|FS-017-AI-Personal-Trainer|FS-018-Gym-Management-Software|FS-019-Wearable-Analytics-Platform|FS-020-Yoga-Studio|FS-021-Pilates-Studio|FS-022-Dance-Studio|FS-023-Martial-Arts-Dojo|FS-024-Sports-Performance-Center|FS-025-Corporate-Wellness-Program,Gym|Boutique Fitness Studio|Personal Training Studio|Women Only Gym|Boxing Gym|Crossfit Gym|Luxury Fitness Club|Online Coaching|Personal Trainer Business|Transformation Program|Athlete Training Company|Supplement Brand|Fitness Apparel|Workout Equipment Brand|Recovery Products|Fitness App|Ai Personal Trainer|Gym Management Software|Wearable Analytics Platform|Yoga Studio|Pilates Studio|Dance Studio|Martial Arts Dojo|Sports Performance Center|Corporate Wellness Program,aligned
Worldwidebro/fs-003-personal-training-studio,fs-003-personal-training-studio,True,Civilization OS — FS-003-Personal-Training-Studio,,0,25,FS-001-Gym|FS-002-Boutique-Fitness-Studio|FS-003-Personal-Training-Studio|FS-004-Women-Only-Gym|FS-005-Boxing-Gym|FS-006-CrossFit-Gym|FS-007-Luxury-Fitness-Club|FS-008-Online-Coaching|FS-009-Personal-Trainer-Business|FS-010-Transformation-Program|FS-011-Athlete-Training-Company|FS-012-Supplement-Brand|FS-013-Fitness-Apparel|FS-014-Workout-Equipment-Brand|FS-015-Recovery-Products|FS-016-Fitness-App|FS-017-AI-Personal-Trainer|FS-018-Gym-Management-Software|FS-019-Wearable-Analytics-Platform|FS-020-Yoga-Studio|FS-021-Pilates-Studio|FS-022-Dance-Studio|FS-023-Martial-Arts-Dojo|FS-024-Sports-Performance-Center|FS-025-Corporate-Wellness-Program,Gym|Boutique Fitness Studio|Personal Training Studio|Women Only Gym|Boxing Gym|Crossfit Gym|Luxury Fitness Club|Online Coaching|Personal Trainer Business|Transformation Program|Athlete Training Company|Supplement Brand|Fitness Apparel|Workout Equipment Brand|Recovery Products|Fitness App|Ai Personal Trainer|Gym Management Software|Wearable Analytics Platform|Yoga Studio|Pilates Studio|Dance Studio|Martial Arts Dojo|Sports Performance Center|Corporate Wellness Program,aligned
Worldwidebro/fs-004-women-only-gym,fs-004-women-only-gym,True,Civilization OS — FS-004-Women-Only-Gym,,0,25,FS-001-Gym|FS-002-Boutique-Fitness-Studio|FS-003-Personal-Training-Studio|FS-004-Women-Only-Gym|FS-005-Boxing-Gym|FS-006-CrossFit-Gym|FS-007-Luxury-Fitness-Club|FS-008-Online-Coaching|FS-009-Personal-Trainer-Business|FS-010-Transformation-Program|FS-011-Athlete-Training-Company|FS-012-Supplement-Brand|FS-013-Fitness-Apparel|FS-014-Workout-Equipment-Brand|FS-015-Recovery-Products|FS-016-Fitness-App|FS-017-AI-Personal-Trainer|FS-018-Gym-Management-Software|FS-019-Wearable-Analytics-Platform|FS-020-Yoga-Studio|FS-021-Pilates-Studio|FS-022-Dance-Studio|FS-023-Martial-Arts-Dojo|FS-024-Sports-Performance-Center|FS-025-Corporate-Wellness-Program,Gym|Boutique Fitness Studio|Personal Training Studio|Women Only Gym|Boxing Gym|Crossfit Gym|Luxury Fitness Club|Online Coaching|Personal Trainer Business|Transformation Program|Athlete Training Company|Supplement Brand|Fitness Apparel|Workout Equipment Brand|Recovery Products|Fitness App|Ai Personal Trainer|Gym Management Software|Wearable Analytics Platform|Yoga Studio|Pilates Studio|Dance Studio|Martial Arts Dojo|Sports Performance Center|Corporate Wellness Program,aligned
Worldwidebro/fs-005-boxing-gym,fs-005-boxing-gym,True,Civilization OS — FS-005-Boxing-Gym,,0,25,FS-001-Gym|FS-002-Boutique-Fitness-Studio|FS-003-Personal-Training-Studio|FS-004-Women-Only-Gym|FS-005-Boxing-Gym|FS-006-CrossFit-Gym|FS-007-Luxury-Fitness-Club|FS-008-Online-Coaching|FS-009-Personal-Trainer-Business|FS-010-Transformation-Program|FS-011-Athlete-Training-Company|FS-012-Supplement-Brand|FS-013-Fitness-Apparel|FS-014-Workout-Equipment-Brand|FS-015-Recovery-Products|FS-016-Fitness-App|FS-017-AI-Personal-Trainer|FS-018-Gym-Management-Software|FS-019-Wearable-Analytics-Platform|FS-020-Yoga-Studio|FS-021-Pilates-Studio|FS-022-Dance-Studio|FS-023-Martial-Arts-Dojo|FS-024-Sports-Performance-Center|FS-025-Corporate-Wellness-Program,Gym|Boutique Fitness Studio|Personal Training Studio|Women Only Gym|Boxing Gym|Crossfit Gym|Luxury Fitness Club|Online Coaching|Personal Trainer Business|Transformation Program|Athlete Training Company|Supplement Brand|Fitness Apparel|Workout Equipment Brand|Recovery Products|Fitness App|Ai Personal Trainer|Gym Management Software|Wearable Analytics Platform|Yoga Studio|Pilates Studio|Dance Studio|Martial Arts Dojo|Sports Performance Center|Corporate Wellness Program,aligned
Worldwidebro/fs-006-crossfit-gym,fs-006-crossfit-gym,True,Civilization OS — FS-006-CrossFit-Gym,,0,25,FS-001-Gym|FS-002-Boutique-Fitness-Studio|FS-003-Personal-Training-Studio|FS-004-Women-Only-Gym|FS-005-Boxing-Gym|FS-006-CrossFit-Gym|FS-007-Luxury-Fitness-Club|FS-008-Online-Coaching|FS-009-Personal-Trainer-Business|FS-010-Transformation-Program|FS-011-Athlete-Training-Company|FS-012-Supplement-Brand|FS-013-Fitness-Apparel|FS-014-Workout-Equipment-Brand|FS-015-Recovery-Products|FS-016-Fitness-App|FS-017-AI-Personal-Trainer|FS-018-Gym-Management-Software|FS-019-Wearable-Analytics-Platform|FS-020-Yoga-Studio|FS-021-Pilates-Studio|FS-022-Dance-Studio|FS-023-Martial-Arts-Dojo|FS-024-Sports-Performance-Center|FS-025-Corporate-Wellness-Program,Gym|Boutique Fitness Studio|Personal Training Studio|Women Only Gym|Boxing Gym|Crossfit Gym|Luxury Fitness Club|Online Coaching|Personal Trainer Business|Transformation Program|Athlete Training Company|Supplement Brand|Fitness Apparel|Workout Equipment Brand|Recovery Products|Fitness App|Ai Personal Trainer|Gym Management Software|Wearable Analytics Platform|Yoga Studio|Pilates Studio|Dance Studio|Martial Arts Dojo|Sports Performance Center|Corporate Wellness Program,aligned
Worldwidebro/fs-007-luxury-fitness-club,fs-007-luxury-fitness-club,True,Civilization OS — FS-007-Luxury-Fitness-Club,,0,25,FS-001-Gym|FS-002-Boutique-Fitness-Studio|FS-003-Personal-Training-Studio|FS-004-Women-Only-Gym|FS-005-Boxing-Gym|FS-006-CrossFit-Gym|FS-007-Luxury-Fitness-Club|FS-008-Online-Coaching|FS-009-Personal-Trainer-Business|FS-010-Transformation-Program|FS-011-Athlete-Training-Company|FS-012-Supplement-Brand|FS-013-Fitness-Apparel|FS-014-Workout-Equipment-Brand|FS-015-Recovery-Products|FS-016-Fitness-App|FS-017-AI-Personal-Trainer|FS-018-Gym-Management-Software|FS-019-Wearable-Analytics-Platform|FS-020-Yoga-Studio|FS-021-Pilates-Studio|FS-022-Dance-Studio|FS-023-Martial-Arts-Dojo|FS-024-Sports-Performance-Center|FS-025-Corporate-Wellness-Program,Gym|Boutique Fitness Studio|Personal Training Studio|Women Only Gym|Boxing Gym|Crossfit Gym|Luxury Fitness Club|Online Coaching|Personal Trainer Business|Transformation Program|Athlete Training Company|Supplement Brand|Fitness Apparel|Workout Equipment Brand|Recovery Products|Fitness App|Ai Personal Trainer|Gym Management Software|Wearable Analytics Platform|Yoga Studio|Pilates Studio|Dance Studio|Martial Arts Dojo|Sports Performance Center|Corporate Wellness Program,aligned
Worldwidebro/fs-008-online-coaching,fs-008-online-coaching,True,Civilization OS — FS-008-Online-Coaching,,0,25,FS-001-Gym|FS-002-Boutique-Fitness-Studio|FS-003-Personal-Training-Studio|FS-004-Women-Only-Gym|FS-005-Boxing-Gym|FS-006-CrossFit-Gym|FS-007-Luxury-Fitness-Club|FS-008-Online-Coaching|FS-009-Personal-Trainer-Business|FS-010-Transformation-Program|FS-011-Athlete-Training-Company|FS-012-Supplement-Brand|FS-013-Fitness-Apparel|FS-014-Workout-Equipment-Brand|FS-015-Recovery-Products|FS-016-Fitness-App|FS-017-AI-Personal-Trainer|FS-018-Gym-Management-Software|FS-019-Wearable-Analytics-Platform|FS-020-Yoga-Studio|FS-021-Pilates-Studio|FS-022-Dance-Studio|FS-023-Martial-Arts-Dojo|FS-024-Sports-Performance-Center|FS-025-Corporate-Wellness-Program,Gym|Boutique Fitness Studio|Personal Training Studio|Women Only Gym|Boxing Gym|Crossfit Gym|Luxury Fitness Club|Online Coaching|Personal Trainer Business|Transformation Program|Athlete Training Company|Supplement Brand|Fitness Apparel|Workout Equipment Brand|Recovery Products|Fitness App|Ai Personal Trainer|Gym Management Software|Wearable Analytics Platform|Yoga Studio|Pilates Studio|Dance Studio|Martial Arts Dojo|Sports Performance Center|Corporate Wellness Program,aligned
Worldwidebro/fs-009-personal-trainer-business,fs-009-personal-trainer-business,True,Civilization OS — FS-009-Personal-Trainer-Business,,0,25,FS-001-Gym|FS-002-Boutique-Fitness-Studio|FS-003-Personal-Training-Studio|FS-004-Women-Only-Gym|FS-005-Boxing-Gym|FS-006-CrossFit-Gym|FS-007-Luxury-Fitness-Club|FS-008-Online-Coaching|FS-009-Personal-Trainer-Business|FS-010-Transformation-Program|FS-011-Athlete-Training-Company|FS-012-Supplement-Brand|FS-013-Fitness-Apparel|FS-014-Workout-Equipment-Brand|FS-015-Recovery-Products|FS-016-Fitness-App|FS-017-AI-Personal-Trainer|FS-018-Gym-Management-Software|FS-019-Wearable-Analytics-Platform|FS-020-Yoga-Studio|FS-021-Pilates-Studio|FS-022-Dance-Studio|FS-023-Martial-Arts-Dojo|FS-024-Sports-Performance-Center|FS-025-Corporate-Wellness-Program,Gym|Boutique Fitness Studio|Personal Training Studio|Women Only Gym|Boxing Gym|Crossfit Gym|Luxury Fitness Club|Online Coaching|Personal Trainer Business|Transformation Program|Athlete Training Company|Supplement Brand|Fitness Apparel|Workout Equipment Brand|Recovery Products|Fitness App|Ai Personal Trainer|Gym Management Software|Wearable Analytics Platform|Yoga Studio|Pilates Studio|Dance Studio|Martial Arts Dojo|Sports Performance Center|Corporate Wellness Program,aligned
Worldwidebro/fs-010-transformation-program,fs-010-transformation-program,True,Civilization OS — FS-010-Transformation-Program,,0,10,FS-001-Gym|FS-002-Boutique-Fitness-Studio|FS-003-Personal-Training-Studio|FS-004-Women-Only-Gym|FS-005-Boxing-Gym|FS-006-CrossFit-Gym|FS-007-Luxury-Fitness-Club|FS-008-Online-Coaching|FS-009-Personal-Trainer-Business|FS-010-Transformation-Program,Gym|Boutique Fitness Studio|Personal Training Studio|Women Only Gym|Boxing Gym|Crossfit Gym|Luxury Fitness Club|Online Coaching|Personal Trainer Business|Transformation Program,aligned
Worldwidebro/fs-011-athlete-training-company,fs-011-athlete-training-company,True,Civilization OS — FS-011-Athlete-Training-Company,,0,1,FS-011-Athlete-Training-Company,Athlete Training Company,aligned
Worldwidebro/fs-012-supplement-brand,fs-012-supplement-brand,True,Civilization OS — FS-012-Supplement-Brand,,0,1,FS-012-Supplement-Brand,Supplement Brand,aligned
Worldwidebro/fs-013-fitness-apparel,fs-013-fitness-apparel,True,Civilization OS — FS-013-Fitness-Apparel,,0,1,FS-013-Fitness-Apparel,Fitness Apparel,aligned
Worldwidebro/fs-014-workout-equipment-brand,fs-014-workout-equipment-brand,True,Civilization OS — FS-014-Workout-Equipment-Brand,,0,1,FS-014-Workout-Equipment-Brand,Workout Equipment Brand,aligned
Worldwidebro/fs-015-recovery-products,fs-015-recovery-products,True,Civilization OS — FS-015-Recovery-Products,,0,1,FS-015-Recovery-Products,Recovery Products,aligned
Worldwidebro/fs-016-fitness-app,fs-016-fitness-app,True,Civilization OS — FS-016-Fitness-App,,0,1,FS-016-Fitness-App,Fitness App,aligned
Worldwidebro/fs-017-ai-personal-trainer,fs-017-ai-personal-trainer,True,Civilization OS — FS-017-AI-Personal-Trainer,,0,1,FS-017-AI-Personal-Trainer,Ai Personal Trainer,aligned
Worldwidebro/fs-018-gym-management-software,fs-018-gym-management-software,True,Civilization OS — FS-018-Gym-Management-Software,,0,1,FS-018-Gym-Management-Software,Gym Management Software,aligned
Worldwidebro/fs-019-wearable-analytics-platform,fs-019-wearable-analytics-platform,True,Civilization OS — FS-019-Wearable-Analytics-Platform,,0,1,FS-019-Wearable-Analytics-Platform,Wearable Analytics Platform,aligned
Worldwidebro/fs-020-yoga-studio,fs-020-yoga-studio,True,Civilization OS — FS-020-Yoga-Studio,,0,1,FS-020-Yoga-Studio,Yoga Studio,aligned
Worldwidebro/fs-021-pilates-studio,fs-021-pilates-studio,True,Civilization OS — FS-021-Pilates-Studio,,0,1,FS-021-Pilates-Studio,Pilates Studio,aligned
Worldwidebro/fs-022-dance-studio,fs-022-dance-studio,True,Civilization OS — FS-022-Dance-Studio,,0,1,FS-022-Dance-Studio,Dance Studio,aligned
Worldwidebro/fs-023-martial-arts-dojo,fs-023-martial-arts-dojo,True,Civilization OS — FS-023-Martial-Arts-Dojo,,0,1,FS-023-Martial-Arts-Dojo,Martial Arts Dojo,aligned
Worldwidebro/fs-024-sports-performance-center,fs-024-sports-performance-center,True,Civilization OS — FS-024-Sports-Performance-Center,,0,1,FS-024-Sports-Performance-Center,Sports Performance Center,aligned
Worldwidebro/fs-025-corporate-wellness-program,fs-025-corporate-wellness-program,True,Civilization OS — FS-025-Corporate-Wellness-Program,,0,1,FS-025-Corporate-Wellness-Program,Corporate Wellness Program,aligned
Worldwidebro/iza-os-infra,iza-os-infra,True,IZA OS: iza-os-infra,Python,0,64,OPS-001-Fractional-CTO-Agency|OPS-003-Event-Planning-AI|OPS-004-Inventory-Management-AI|OPS-005-Project-Management-AI|OPS-006-Document-Automation-AI|OPS-007-Meeting-Assistant-AI|OPS-008-Recruitment-AI|OPS-009-Onboarding-AI|OPS-010-Training-Platform-AI|OPS-011-Performance-Review-AI|OPS-012-IT-Support-AI|OPS-013-Facilities-Management-AI|OPS-014-Travel-Booking-AI|OPS-015-Expense-Management-AI|OPS-016-Contract-Management-AI|OPS-017-Compliance-Monitoring-AI|OPS-018-Quality-Control-AI|OPS-019-Asset-Management-AI|OPS-020-Time-Tracking-AI|OPS-021-Document-Security-AI|OPS-022-Knowledge-Management-AI|OPS-023-Meeting-Transcription-AI|OPS-024-Task-Automation-AI|OPS-025-Resource-Allocation-AI|OPS-026-Budget-Planning-AI|OPS-027-Cost-Optimization-AI|OPS-028-Procurement-AI|OPS-029-Vendor-Management-AI|OPS-030-Contract-Negotiation-AI|OPS-031-Legal-Document-AI|OPS-032-Compliance-Reporting-AI|OPS-033-Training-Content-AI|OPS-034-Employee-Engagement-AI|OPS-035-Succession-Planning-AI|OPS-036-Workspace-Design-AI|OPS-037-Energy-Efficiency-AI|OPS-038-Security-Monitoring-AI|OPS-039-Health-Safety-AI|OPS-040-Disaster-Recovery-AI|OPS-041-IT-Asset-Management|OPS-042-Cloud-Cost-Management|OPS-043-Data-Governance-AI|OPS-044-Network-Monitoring-AI|OPS-045-Software-Licensing-AI|OPS-046-IT-Procurement-AI|OPS-047-System-Integration-AI|OPS-048-Data-Backup-AI|OPS-049-Business-Continuity-AI|OPS-050-Compliance-Audit-AI|OPS-051-Document-Collaboration-AI|OPS-052-Video-Conferencing-AI|OPS-053-Email-Management-AI|OPS-054-Calendar-Optimization-AI|OPS-055-Project-Budget-AI|OPS-056-Resource-Forecasting-AI|OPS-057-Task-Prioritization-AI|OPS-059-Meeting-Minutes-AI|OPS-060-Document-Translation-AI|OPS-061-Form-Automation-AI|OPS-062-Report-Generation-AI|OPS-063-Dashboard-Creation-AI|OPS-064-Analytics-Platform-AI|OPS-065-Data-Cleaning-AI|OPS-066-Workflow-Management-AI,Fractional Cto Agency|Event Planning Ai|Inventory Management Ai|Project Management Ai|Document Automation Ai|Meeting Assistant Ai|Recruitment Ai|Onboarding Ai|Training Platform Ai|Performance Review Ai|It Support Ai|Facilities Management Ai|Travel Booking Ai|Expense Management Ai|Contract Management Ai|Compliance Monitoring Ai|Quality Control Ai|Asset Management Ai|Time Tracking Ai|Document Security Ai|Knowledge Management Ai|Meeting Transcription Ai|Task Automation Ai|Resource Allocation Ai|Budget Planning Ai|Cost Optimization Ai|Procurement Ai|Vendor Management Ai|Contract Negotiation Ai|Legal Document Ai|Compliance Reporting Ai|Training Content Ai|Employee Engagement Ai|Succession Planning Ai|Workspace Design Ai|Energy Efficiency Ai|Security Monitoring Ai|Health Safety Ai|Disaster Recovery Ai|It Asset Management|Cloud Cost Management|Data Governance Ai|Network Monitoring Ai|Software Licensing Ai|It Procurement Ai|System Integration Ai|Data Backup Ai|Business Continuity Ai|Compliance Audit Ai|Document Collaboration Ai|Video Conferencing Ai|Email Management Ai|Calendar Optimization Ai|Project Budget Ai|Resource Forecasting Ai|Task Prioritization Ai|Meeting Minutes Ai|Document Translation Ai|Form Automation Ai|Report Generation Ai|Dashboard Creation Ai|Analytics Platform Ai|Data Cleaning Ai|Workflow Management Ai,aligned
Worldwidebro/iza-os-marketing-automation-security-bot,iza-os-marketing-automation-security-bot,True,🤖 Marketing Automation Bot - Security automation and intelligence,C,0,1,EC-067-AI-Payment-Optimization,Ai Payment Optimization,aligned
Worldwidebro/iza-os-operations-security-bot,iza-os-operations-security-bot,True,Advanced operations security for billionaire consciousness empire,Python,0,1,CON-010-PLUMBING-SERVICES,Plumbing Services,aligned
Worldwidebro/iza-os-third-party-apis,iza-os-third-party-apis,True,Third-party APIs platform for billionaire consciousness empire,Python,0,1,CON-017-CONCRETE-SERVICES,Concrete Services,aligned
Worldwidebro/iza-os-vector-database,iza-os-vector-database,True,🔢 Vector Database - Vector storage and retrieval,,0,9,FIN-003-AI-Boss-Hub-Lite|TECH-009-Content-Studio-AI|TECH-023-AI-Testing-Platform|TECH-028-AI-Training-Platform|TECH-032-AI-Integration-Hub|TECH-041-Content-Studio-AI|TECH-055-AI-Testing-Platform|TECH-060-AI-Training-Platform|EDU-007-AI-Tutoring-Platform,Ai Boss Hub Lite|Content Studio Ai|Ai Testing Platform|Ai Training Platform|Ai Integration Hub|Content Studio Ai|Ai Testing Platform|Ai Training Platform|Ai Tutoring Platform,aligned
Worldwidebro/lt-001-truck-dispatch-company,lt-001-truck-dispatch-company,True,Civilization OS — LT-001-Truck-Dispatch-Company,,0,30,LT-001-Truck-Dispatch-Company|LT-002-Freight-Brokerage|LT-003-Logistics-Dispatch-Service|LT-004-Last-Mile-Delivery-Dispatch|LT-005-Medical-Courier-Dispatch|LT-006-Amazon|LT-007-Construction-Dispatch|LT-008-Towing-Dispatch|LT-009-HVAC-Technician-Dispatch|LT-010-Field-Service-Dispatch|LT-011-Dispatch-Software|LT-012-Fleet-Tracking-Platform|LT-013-Logistics-Automation-System|LT-014-AI-Route-Optimization|LT-015-Driver-Management-Platform|LT-016-Trucking-Company|LT-017-Courier-Service|LT-018-Local-Delivery-Company|LT-019-Moving-Company|LT-020-Freight-Company|LT-021-Warehouse-Company|LT-022-Fulfillment-Center|LT-023-Storage-Business|LT-024-Distribution-Company|LT-025-Logistics-Marketplace|LT-026-Shipping-Platform|LT-027-Fleet-Management-SaaS|LT-028-Freight-AI-Optimization|LT-029-Supply-Chain-Analytics|LT-030-Cold-Chain-Logistics,Truck Dispatch Company|Freight Brokerage|Logistics Dispatch Service|Last Mile Delivery Dispatch|Medical Courier Dispatch|Amazon|Construction Dispatch|Towing Dispatch|Hvac Technician Dispatch|Field Service Dispatch|Dispatch Software|Fleet Tracking Platform|Logistics Automation System|Ai Route Optimization|Driver Management Platform|Trucking Company|Courier Service|Local Delivery Company|Moving Company|Freight Company|Warehouse Company|Fulfillment Center|Storage Business|Distribution Company|Logistics Marketplace|Shipping Platform|Fleet Management Saas|Freight Ai Optimization|Supply Chain Analytics|Cold Chain Logistics,aligned
Worldwidebro/lt-002-freight-brokerage,lt-002-freight-brokerage,True,Civilization OS — LT-002-Freight-Brokerage,,0,30,LT-001-Truck-Dispatch-Company|LT-002-Freight-Brokerage|LT-003-Logistics-Dispatch-Service|LT-004-Last-Mile-Delivery-Dispatch|LT-005-Medical-Courier-Dispatch|LT-006-Amazon|LT-007-Construction-Dispatch|LT-008-Towing-Dispatch|LT-009-HVAC-Technician-Dispatch|LT-010-Field-Service-Dispatch|LT-011-Dispatch-Software|LT-012-Fleet-Tracking-Platform|LT-013-Logistics-Automation-System|LT-014-AI-Route-Optimization|LT-015-Driver-Management-Platform|LT-016-Trucking-Company|LT-017-Courier-Service|LT-018-Local-Delivery-Company|LT-019-Moving-Company|LT-020-Freight-Company|LT-021-Warehouse-Company|LT-022-Fulfillment-Center|LT-023-Storage-Business|LT-024-Distribution-Company|LT-025-Logistics-Marketplace|LT-026-Shipping-Platform|LT-027-Fleet-Management-SaaS|LT-028-Freight-AI-Optimization|LT-029-Supply-Chain-Analytics|LT-030-Cold-Chain-Logistics,Truck Dispatch Company|Freight Brokerage|Logistics Dispatch Service|Last Mile Delivery Dispatch|Medical Courier Dispatch|Amazon|Construction Dispatch|Towing Dispatch|Hvac Technician Dispatch|Field Service Dispatch|Dispatch Software|Fleet Tracking Platform|Logistics Automation System|Ai Route Optimization|Driver Management Platform|Trucking Company|Courier Service|Local Delivery Company|Moving Company|Freight Company|Warehouse Company|Fulfillment Center|Storage Business|Distribution Company|Logistics Marketplace|Shipping Platform|Fleet Management Saas|Freight Ai Optimization|Supply Chain Analytics|Cold Chain Logistics,aligned
Worldwidebro/lt-003-logistics-dispatch-service,lt-003-logistics-dispatch-service,True,Civilization OS — LT-003-Logistics-Dispatch-Service,,0,30,LT-001-Truck-Dispatch-Company|LT-002-Freight-Brokerage|LT-003-Logistics-Dispatch-Service|LT-004-Last-Mile-Delivery-Dispatch|LT-005-Medical-Courier-Dispatch|LT-006-Amazon|LT-007-Construction-Dispatch|LT-008-Towing-Dispatch|LT-009-HVAC-Technician-Dispatch|LT-010-Field-Service-Dispatch|LT-011-Dispatch-Software|LT-012-Fleet-Tracking-Platform|LT-013-Logistics-Automation-System|LT-014-AI-Route-Optimization|LT-015-Driver-Management-Platform|LT-016-Trucking-Company|LT-017-Courier-Service|LT-018-Local-Delivery-Company|LT-019-Moving-Company|LT-020-Freight-Company|LT-021-Warehouse-Company|LT-022-Fulfillment-Center|LT-023-Storage-Business|LT-024-Distribution-Company|LT-025-Logistics-Marketplace|LT-026-Shipping-Platform|LT-027-Fleet-Management-SaaS|LT-028-Freight-AI-Optimization|LT-029-Supply-Chain-Analytics|LT-030-Cold-Chain-Logistics,Truck Dispatch Company|Freight Brokerage|Logistics Dispatch Service|Last Mile Delivery Dispatch|Medical Courier Dispatch|Amazon|Construction Dispatch|Towing Dispatch|Hvac Technician Dispatch|Field Service Dispatch|Dispatch Software|Fleet Tracking Platform|Logistics Automation System|Ai Route Optimization|Driver Management Platform|Trucking Company|Courier Service|Local Delivery Company|Moving Company|Freight Company|Warehouse Company|Fulfillment Center|Storage Business|Distribution Company|Logistics Marketplace|Shipping Platform|Fleet Management Saas|Freight Ai Optimization|Supply Chain Analytics|Cold Chain Logistics,aligned
Worldwidebro/lt-004-last-mile-delivery-dispatch,lt-004-last-mile-delivery-dispatch,True,Civilization OS — LT-004-Last-Mile-Delivery-Dispatch,,0,30,LT-001-Truck-Dispatch-Company|LT-002-Freight-Brokerage|LT-003-Logistics-Dispatch-Service|LT-004-Last-Mile-Delivery-Dispatch|LT-005-Medical-Courier-Dispatch|LT-006-Amazon|LT-007-Construction-Dispatch|LT-008-Towing-Dispatch|LT-009-HVAC-Technician-Dispatch|LT-010-Field-Service-Dispatch|LT-011-Dispatch-Software|LT-012-Fleet-Tracking-Platform|LT-013-Logistics-Automation-System|LT-014-AI-Route-Optimization|LT-015-Driver-Management-Platform|LT-016-Trucking-Company|LT-017-Courier-Service|LT-018-Local-Delivery-Company|LT-019-Moving-Company|LT-020-Freight-Company|LT-021-Warehouse-Company|LT-022-Fulfillment-Center|LT-023-Storage-Business|LT-024-Distribution-Company|LT-025-Logistics-Marketplace|LT-026-Shipping-Platform|LT-027-Fleet-Management-SaaS|LT-028-Freight-AI-Optimization|LT-029-Supply-Chain-Analytics|LT-030-Cold-Chain-Logistics,Truck Dispatch Company|Freight Brokerage|Logistics Dispatch Service|Last Mile Delivery Dispatch|Medical Courier Dispatch|Amazon|Construction Dispatch|Towing Dispatch|Hvac Technician Dispatch|Field Service Dispatch|Dispatch Software|Fleet Tracking Platform|Logistics Automation System|Ai Route Optimization|Driver Management Platform|Trucking Company|Courier Service|Local Delivery Company|Moving Company|Freight Company|Warehouse Company|Fulfillment Center|Storage Business|Distribution Company|Logistics Marketplace|Shipping Platform|Fleet Management Saas|Freight Ai Optimization|Supply Chain Analytics|Cold Chain Logistics,aligned
Worldwidebro/lt-005-medical-courier-dispatch,lt-005-medical-courier-dispatch,True,Civilization OS — LT-005-Medical-Courier-Dispatch,,0,30,LT-001-Truck-Dispatch-Company|LT-002-Freight-Brokerage|LT-003-Logistics-Dispatch-Service|LT-004-Last-Mile-Delivery-Dispatch|LT-005-Medical-Courier-Dispatch|LT-006-Amazon|LT-007-Construction-Dispatch|LT-008-Towing-Dispatch|LT-009-HVAC-Technician-Dispatch|LT-010-Field-Service-Dispatch|LT-011-Dispatch-Software|LT-012-Fleet-Tracking-Platform|LT-013-Logistics-Automation-System|LT-014-AI-Route-Optimization|LT-015-Driver-Management-Platform|LT-016-Trucking-Company|LT-017-Courier-Service|LT-018-Local-Delivery-Company|LT-019-Moving-Company|LT-020-Freight-Company|LT-021-Warehouse-Company|LT-022-Fulfillment-Center|LT-023-Storage-Business|LT-024-Distribution-Company|LT-025-Logistics-Marketplace|LT-026-Shipping-Platform|LT-027-Fleet-Management-SaaS|LT-028-Freight-AI-Optimization|LT-029-Supply-Chain-Analytics|LT-030-Cold-Chain-Logistics,Truck Dispatch Company|Freight Brokerage|Logistics Dispatch Service|Last Mile Delivery Dispatch|Medical Courier Dispatch|Amazon|Construction Dispatch|Towing Dispatch|Hvac Technician Dispatch|Field Service Dispatch|Dispatch Software|Fleet Tracking Platform|Logistics Automation System|Ai Route Optimization|Driver Management Platform|Trucking Company|Courier Service|Local Delivery Company|Moving Company|Freight Company|Warehouse Company|Fulfillment Center|Storage Business|Distribution Company|Logistics Marketplace|Shipping Platform|Fleet Management Saas|Freight Ai Optimization|Supply Chain Analytics|Cold Chain Logistics,aligned
Worldwidebro/lt-006-amazon,lt-006-amazon,True,Civilization OS — LT-006-Amazon,,0,30,LT-001-Truck-Dispatch-Company|LT-002-Freight-Brokerage|LT-003-Logistics-Dispatch-Service|LT-004-Last-Mile-Delivery-Dispatch|LT-005-Medical-Courier-Dispatch|LT-006-Amazon|LT-007-Construction-Dispatch|LT-008-Towing-Dispatch|LT-009-HVAC-Technician-Dispatch|LT-010-Field-Service-Dispatch|LT-011-Dispatch-Software|LT-012-Fleet-Tracking-Platform|LT-013-Logistics-Automation-System|LT-014-AI-Route-Optimization|LT-015-Driver-Management-Platform|LT-016-Trucking-Company|LT-017-Courier-Service|LT-018-Local-Delivery-Company|LT-019-Moving-Company|LT-020-Freight-Company|LT-021-Warehouse-Company|LT-022-Fulfillment-Center|LT-023-Storage-Business|LT-024-Distribution-Company|LT-025-Logistics-Marketplace|LT-026-Shipping-Platform|LT-027-Fleet-Management-SaaS|LT-028-Freight-AI-Optimization|LT-029-Supply-Chain-Analytics|LT-030-Cold-Chain-Logistics,Truck Dispatch Company|Freight Brokerage|Logistics Dispatch Service|Last Mile Delivery Dispatch|Medical Courier Dispatch|Amazon|Construction Dispatch|Towing Dispatch|Hvac Technician Dispatch|Field Service Dispatch|Dispatch Software|Fleet Tracking Platform|Logistics Automation System|Ai Route Optimization|Driver Management Platform|Trucking Company|Courier Service|Local Delivery Company|Moving Company|Freight Company|Warehouse Company|Fulfillment Center|Storage Business|Distribution Company|Logistics Marketplace|Shipping Platform|Fleet Management Saas|Freight Ai Optimization|Supply Chain Analytics|Cold Chain Logistics,aligned
Worldwidebro/lt-007-construction-dispatch,lt-007-construction-dispatch,True,Civilization OS — LT-007-Construction-Dispatch,,0,30,LT-001-Truck-Dispatch-Company|LT-002-Freight-Brokerage|LT-003-Logistics-Dispatch-Service|LT-004-Last-Mile-Delivery-Dispatch|LT-005-Medical-Courier-Dispatch|LT-006-Amazon|LT-007-Construction-Dispatch|LT-008-Towing-Dispatch|LT-009-HVAC-Technician-Dispatch|LT-010-Field-Service-Dispatch|LT-011-Dispatch-Software|LT-012-Fleet-Tracking-Platform|LT-013-Logistics-Automation-System|LT-014-AI-Route-Optimization|LT-015-Driver-Management-Platform|LT-016-Trucking-Company|LT-017-Courier-Service|LT-018-Local-Delivery-Company|LT-019-Moving-Company|LT-020-Freight-Company|LT-021-Warehouse-Company|LT-022-Fulfillment-Center|LT-023-Storage-Business|LT-024-Distribution-Company|LT-025-Logistics-Marketplace|LT-026-Shipping-Platform|LT-027-Fleet-Management-SaaS|LT-028-Freight-AI-Optimization|LT-029-Supply-Chain-Analytics|LT-030-Cold-Chain-Logistics,Truck Dispatch Company|Freight Brokerage|Logistics Dispatch Service|Last Mile Delivery Dispatch|Medical Courier Dispatch|Amazon|Construction Dispatch|Towing Dispatch|Hvac Technician Dispatch|Field Service Dispatch|Dispatch Software|Fleet Tracking Platform|Logistics Automation System|Ai Route Optimization|Driver Management Platform|Trucking Company|Courier Service|Local Delivery Company|Moving Company|Freight Company|Warehouse Company|Fulfillment Center|Storage Business|Distribution Company|Logistics Marketplace|Shipping Platform|Fleet Management Saas|Freight Ai Optimization|Supply Chain Analytics|Cold Chain Logistics,aligned
Worldwidebro/lt-008-towing-dispatch,lt-008-towing-dispatch,True,Civilization OS — LT-008-Towing-Dispatch,,0,30,LT-001-Truck-Dispatch-Company|LT-002-Freight-Brokerage|LT-003-Logistics-Dispatch-Service|LT-004-Last-Mile-Delivery-Dispatch|LT-005-Medical-Courier-Dispatch|LT-006-Amazon|LT-007-Construction-Dispatch|LT-008-Towing-Dispatch|LT-009-HVAC-Technician-Dispatch|LT-010-Field-Service-Dispatch|LT-011-Dispatch-Software|LT-012-Fleet-Tracking-Platform|LT-013-Logistics-Automation-System|LT-014-AI-Route-Optimization|LT-015-Driver-Management-Platform|LT-016-Trucking-Company|LT-017-Courier-Service|LT-018-Local-Delivery-Company|LT-019-Moving-Company|LT-020-Freight-Company|LT-021-Warehouse-Company|LT-022-Fulfillment-Center|LT-023-Storage-Business|LT-024-Distribution-Company|LT-025-Logistics-Marketplace|LT-026-Shipping-Platform|LT-027-Fleet-Management-SaaS|LT-028-Freight-AI-Optimization|LT-029-Supply-Chain-Analytics|LT-030-Cold-Chain-Logistics,Truck Dispatch Company|Freight Brokerage|Logistics Dispatch Service|Last Mile Delivery Dispatch|Medical Courier Dispatch|Amazon|Construction Dispatch|Towing Dispatch|Hvac Technician Dispatch|Field Service Dispatch|Dispatch Software|Fleet Tracking Platform|Logistics Automation System|Ai Route Optimization|Driver Management Platform|Trucking Company|Courier Service|Local Delivery Company|Moving Company|Freight Company|Warehouse Company|Fulfillment Center|Storage Business|Distribution Company|Logistics Marketplace|Shipping Platform|Fleet Management Saas|Freight Ai Optimization|Supply Chain Analytics|Cold Chain Logistics,aligned
Worldwidebro/lt-009-hvac-technician-dispatch,lt-009-hvac-technician-dispatch,True,Civilization OS — LT-009-HVAC-Technician-Dispatch,,0,30,LT-001-Truck-Dispatch-Company|LT-002-Freight-Brokerage|LT-003-Logistics-Dispatch-Service|LT-004-Last-Mile-Delivery-Dispatch|LT-005-Medical-Courier-Dispatch|LT-006-Amazon|LT-007-Construction-Dispatch|LT-008-Towing-Dispatch|LT-009-HVAC-Technician-Dispatch|LT-010-Field-Service-Dispatch|LT-011-Dispatch-Software|LT-012-Fleet-Tracking-Platform|LT-013-Logistics-Automation-System|LT-014-AI-Route-Optimization|LT-015-Driver-Management-Platform|LT-016-Trucking-Company|LT-017-Courier-Service|LT-018-Local-Delivery-Company|LT-019-Moving-Company|LT-020-Freight-Company|LT-021-Warehouse-Company|LT-022-Fulfillment-Center|LT-023-Storage-Business|LT-024-Distribution-Company|LT-025-Logistics-Marketplace|LT-026-Shipping-Platform|LT-027-Fleet-Management-SaaS|LT-028-Freight-AI-Optimization|LT-029-Supply-Chain-Analytics|LT-030-Cold-Chain-Logistics,Truck Dispatch Company|Freight Brokerage|Logistics Dispatch Service|Last Mile Delivery Dispatch|Medical Courier Dispatch|Amazon|Construction Dispatch|Towing Dispatch|Hvac Technician Dispatch|Field Service Dispatch|Dispatch Software|Fleet Tracking Platform|Logistics Automation System|Ai Route Optimization|Driver Management Platform|Trucking Company|Courier Service|Local Delivery Company|Moving Company|Freight Company|Warehouse Company|Fulfillment Center|Storage Business|Distribution Company|Logistics Marketplace|Shipping Platform|Fleet Management Saas|Freight Ai Optimization|Supply Chain Analytics|Cold Chain Logistics,aligned
Worldwidebro/lt-010-field-service-dispatch,lt-010-field-service-dispatch,True,Civilization OS — LT-010-Field-Service-Dispatch,,0,10,LT-001-Truck-Dispatch-Company|LT-002-Freight-Brokerage|LT-003-Logistics-Dispatch-Service|LT-004-Last-Mile-Delivery-Dispatch|LT-005-Medical-Courier-Dispatch|LT-006-Amazon|LT-007-Construction-Dispatch|LT-008-Towing-Dispatch|LT-009-HVAC-Technician-Dispatch|LT-010-Field-Service-Dispatch,Truck Dispatch Company|Freight Brokerage|Logistics Dispatch Service|Last Mile Delivery Dispatch|Medical Courier Dispatch|Amazon|Construction Dispatch|Towing Dispatch|Hvac Technician Dispatch|Field Service Dispatch,aligned
Worldwidebro/lt-011-dispatch-software,lt-011-dispatch-software,True,Civilization OS — LT-011-Dispatch-Software,,0,1,LT-011-Dispatch-Software,Dispatch Software,aligned
Worldwidebro/lt-012-fleet-tracking-platform,lt-012-fleet-tracking-platform,True,Civilization OS — LT-012-Fleet-Tracking-Platform,,0,1,LT-012-Fleet-Tracking-Platform,Fleet Tracking Platform,aligned
Worldwidebro/lt-013-logistics-automation-system,lt-013-logistics-automation-system,True,Civilization OS — LT-013-Logistics-Automation-System,,0,1,LT-013-Logistics-Automation-System,Logistics Automation System,aligned
Worldwidebro/lt-014-ai-route-optimization,lt-014-ai-route-optimization,True,Civilization OS — LT-014-AI-Route-Optimization,,0,1,LT-014-AI-Route-Optimization,Ai Route Optimization,aligned
Worldwidebro/lt-015-driver-management-platform,lt-015-driver-management-platform,True,Civilization OS — LT-015-Driver-Management-Platform,,0,1,LT-015-Driver-Management-Platform,Driver Management Platform,aligned
Worldwidebro/lt-016-trucking-company,lt-016-trucking-company,True,Civilization OS — LT-016-Trucking-Company,,0,1,LT-016-Trucking-Company,Trucking Company,aligned
Worldwidebro/lt-017-courier-service,lt-017-courier-service,True,Civilization OS — LT-017-Courier-Service,,0,1,LT-017-Courier-Service,Courier Service,aligned
Worldwidebro/lt-018-local-delivery-company,lt-018-local-delivery-company,True,Civilization OS — LT-018-Local-Delivery-Company,,0,1,LT-018-Local-Delivery-Company,Local Delivery Company,aligned
Worldwidebro/lt-019-moving-company,lt-019-moving-company,True,Civilization OS — LT-019-Moving-Company,,0,1,LT-019-Moving-Company,Moving Company,aligned
Worldwidebro/lt-020-freight-company,lt-020-freight-company,True,Civilization OS — LT-020-Freight-Company,,0,1,LT-020-Freight-Company,Freight Company,aligned
Worldwidebro/lt-021-warehouse-company,lt-021-warehouse-company,True,Civilization OS — LT-021-Warehouse-Company,,0,1,LT-021-Warehouse-Company,Warehouse Company,aligned
Worldwidebro/lt-022-fulfillment-center,lt-022-fulfillment-center,True,Civilization OS — LT-022-Fulfillment-Center,,0,1,LT-022-Fulfillment-Center,Fulfillment Center,aligned
Worldwidebro/lt-023-storage-business,lt-023-storage-business,True,Civilization OS — LT-023-Storage-Business,,0,1,LT-023-Storage-Business,Storage Business,aligned
Worldwidebro/lt-024-distribution-company,lt-024-distribution-company,True,Civilization OS — LT-024-Distribution-Company,,0,1,LT-024-Distribution-Company,Distribution Company,aligned
Worldwidebro/lt-025-logistics-marketplace,lt-025-logistics-marketplace,True,Civilization OS — LT-025-Logistics-Marketplace,,0,1,LT-025-Logistics-Marketplace,Logistics Marketplace,aligned
Worldwidebro/lt-026-shipping-platform,lt-026-shipping-platform,True,Civilization OS — LT-026-Shipping-Platform,,0,1,LT-026-Shipping-Platform,Shipping Platform,aligned
Worldwidebro/lt-027-fleet-management-saas,lt-027-fleet-management-saas,True,Civilization OS — LT-027-Fleet-Management-SaaS,,0,1,LT-027-Fleet-Management-SaaS,Fleet Management Saas,aligned
Worldwidebro/lt-028-freight-ai-optimization,lt-028-freight-ai-optimization,True,Civilization OS — LT-028-Freight-AI-Optimization,,0,1,LT-028-Freight-AI-Optimization,Freight Ai Optimization,aligned
Worldwidebro/lt-029-supply-chain-analytics,lt-029-supply-chain-analytics,True,Civilization OS — LT-029-Supply-Chain-Analytics,,0,1,LT-029-Supply-Chain-Analytics,Supply Chain Analytics,aligned
Worldwidebro/lt-030-cold-chain-logistics,lt-030-cold-chain-logistics,True,Civilization OS — LT-030-Cold-Chain-Logistics,,0,1,LT-030-Cold-Chain-Logistics,Cold Chain Logistics,aligned
Worldwidebro/mc-001-youtube-channel-network,mc-001-youtube-channel-network,True,Civilization OS — MC-001-YouTube-Channel-Network,,0,20,MC-001-YouTube-Channel-Network|MC-002-Podcast-Network|MC-003-Blog-Network|MC-004-Influencer-Agency|MC-005-Content-Creation-Studio|MC-006-Video-Production-Company|MC-007-Animation-Studio|MC-008-Music-Production|MC-009-Stock-Photography|MC-010-Stock-Video|MC-011-Online-Magazine|MC-012-News-Website|MC-013-Streaming-Platform|MC-014-Gaming-Channel|MC-015-Esports-Team|MC-016-Virtual-Events-Platform|MC-017-Online-Course-Platform|MC-018-Membership-Site|MC-019-Digital-Download-Store|MC-020-NFT-Marketplace,Youtube Channel Network|Podcast Network|Blog Network|Influencer Agency|Content Creation Studio|Video Production Company|Animation Studio|Music Production|Stock Photography|Stock Video|Online Magazine|News Website|Streaming Platform|Gaming Channel|Esports Team|Virtual Events Platform|Online Course Platform|Membership Site|Digital Download Store|Nft Marketplace,aligned
Worldwidebro/mc-002-podcast-network,mc-002-podcast-network,True,Civilization OS — MC-002-Podcast-Network,,0,20,MC-001-YouTube-Channel-Network|MC-002-Podcast-Network|MC-003-Blog-Network|MC-004-Influencer-Agency|MC-005-Content-Creation-Studio|MC-006-Video-Production-Company|MC-007-Animation-Studio|MC-008-Music-Production|MC-009-Stock-Photography|MC-010-Stock-Video|MC-011-Online-Magazine|MC-012-News-Website|MC-013-Streaming-Platform|MC-014-Gaming-Channel|MC-015-Esports-Team|MC-016-Virtual-Events-Platform|MC-017-Online-Course-Platform|MC-018-Membership-Site|MC-019-Digital-Download-Store|MC-020-NFT-Marketplace,Youtube Channel Network|Podcast Network|Blog Network|Influencer Agency|Content Creation Studio|Video Production Company|Animation Studio|Music Production|Stock Photography|Stock Video|Online Magazine|News Website|Streaming Platform|Gaming Channel|Esports Team|Virtual Events Platform|Online Course Platform|Membership Site|Digital Download Store|Nft Marketplace,aligned
Worldwidebro/mc-003-blog-network,mc-003-blog-network,True,Civilization OS — MC-003-Blog-Network,,0,20,MC-001-YouTube-Channel-Network|MC-002-Podcast-Network|MC-003-Blog-Network|MC-004-Influencer-Agency|MC-005-Content-Creation-Studio|MC-006-Video-Production-Company|MC-007-Animation-Studio|MC-008-Music-Production|MC-009-Stock-Photography|MC-010-Stock-Video|MC-011-Online-Magazine|MC-012-News-Website|MC-013-Streaming-Platform|MC-014-Gaming-Channel|MC-015-Esports-Team|MC-016-Virtual-Events-Platform|MC-017-Online-Course-Platform|MC-018-Membership-Site|MC-019-Digital-Download-Store|MC-020-NFT-Marketplace,Youtube Channel Network|Podcast Network|Blog Network|Influencer Agency|Content Creation Studio|Video Production Company|Animation Studio|Music Production|Stock Photography|Stock Video|Online Magazine|News Website|Streaming Platform|Gaming Channel|Esports Team|Virtual Events Platform|Online Course Platform|Membership Site|Digital Download Store|Nft Marketplace,aligned
Worldwidebro/mc-004-influencer-agency,mc-004-influencer-agency,True,Civilization OS — MC-004-Influencer-Agency,,0,20,MC-001-YouTube-Channel-Network|MC-002-Podcast-Network|MC-003-Blog-Network|MC-004-Influencer-Agency|MC-005-Content-Creation-Studio|MC-006-Video-Production-Company|MC-007-Animation-Studio|MC-008-Music-Production|MC-009-Stock-Photography|MC-010-Stock-Video|MC-011-Online-Magazine|MC-012-News-Website|MC-013-Streaming-Platform|MC-014-Gaming-Channel|MC-015-Esports-Team|MC-016-Virtual-Events-Platform|MC-017-Online-Course-Platform|MC-018-Membership-Site|MC-019-Digital-Download-Store|MC-020-NFT-Marketplace,Youtube Channel Network|Podcast Network|Blog Network|Influencer Agency|Content Creation Studio|Video Production Company|Animation Studio|Music Production|Stock Photography|Stock Video|Online Magazine|News Website|Streaming Platform|Gaming Channel|Esports Team|Virtual Events Platform|Online Course Platform|Membership Site|Digital Download Store|Nft Marketplace,aligned
Worldwidebro/mc-005-content-creation-studio,mc-005-content-creation-studio,True,Civilization OS — MC-005-Content-Creation-Studio,,0,20,MC-001-YouTube-Channel-Network|MC-002-Podcast-Network|MC-003-Blog-Network|MC-004-Influencer-Agency|MC-005-Content-Creation-Studio|MC-006-Video-Production-Company|MC-007-Animation-Studio|MC-008-Music-Production|MC-009-Stock-Photography|MC-010-Stock-Video|MC-011-Online-Magazine|MC-012-News-Website|MC-013-Streaming-Platform|MC-014-Gaming-Channel|MC-015-Esports-Team|MC-016-Virtual-Events-Platform|MC-017-Online-Course-Platform|MC-018-Membership-Site|MC-019-Digital-Download-Store|MC-020-NFT-Marketplace,Youtube Channel Network|Podcast Network|Blog Network|Influencer Agency|Content Creation Studio|Video Production Company|Animation Studio|Music Production|Stock Photography|Stock Video|Online Magazine|News Website|Streaming Platform|Gaming Channel|Esports Team|Virtual Events Platform|Online Course Platform|Membership Site|Digital Download Store|Nft Marketplace,aligned
Worldwidebro/mc-006-video-production-company,mc-006-video-production-company,True,Civilization OS — MC-006-Video-Production-Company,,0,20,MC-001-YouTube-Channel-Network|MC-002-Podcast-Network|MC-003-Blog-Network|MC-004-Influencer-Agency|MC-005-Content-Creation-Studio|MC-006-Video-Production-Company|MC-007-Animation-Studio|MC-008-Music-Production|MC-009-Stock-Photography|MC-010-Stock-Video|MC-011-Online-Magazine|MC-012-News-Website|MC-013-Streaming-Platform|MC-014-Gaming-Channel|MC-015-Esports-Team|MC-016-Virtual-Events-Platform|MC-017-Online-Course-Platform|MC-018-Membership-Site|MC-019-Digital-Download-Store|MC-020-NFT-Marketplace,Youtube Channel Network|Podcast Network|Blog Network|Influencer Agency|Content Creation Studio|Video Production Company|Animation Studio|Music Production|Stock Photography|Stock Video|Online Magazine|News Website|Streaming Platform|Gaming Channel|Esports Team|Virtual Events Platform|Online Course Platform|Membership Site|Digital Download Store|Nft Marketplace,aligned
Worldwidebro/mc-007-animation-studio,mc-007-animation-studio,True,Civilization OS — MC-007-Animation-Studio,,0,20,MC-001-YouTube-Channel-Network|MC-002-Podcast-Network|MC-003-Blog-Network|MC-004-Influencer-Agency|MC-005-Content-Creation-Studio|MC-006-Video-Production-Company|MC-007-Animation-Studio|MC-008-Music-Production|MC-009-Stock-Photography|MC-010-Stock-Video|MC-011-Online-Magazine|MC-012-News-Website|MC-013-Streaming-Platform|MC-014-Gaming-Channel|MC-015-Esports-Team|MC-016-Virtual-Events-Platform|MC-017-Online-Course-Platform|MC-018-Membership-Site|MC-019-Digital-Download-Store|MC-020-NFT-Marketplace,Youtube Channel Network|Podcast Network|Blog Network|Influencer Agency|Content Creation Studio|Video Production Company|Animation Studio|Music Production|Stock Photography|Stock Video|Online Magazine|News Website|Streaming Platform|Gaming Channel|Esports Team|Virtual Events Platform|Online Course Platform|Membership Site|Digital Download Store|Nft Marketplace,aligned
Worldwidebro/mc-008-music-production,mc-008-music-production,True,Civilization OS — MC-008-Music-Production,,0,20,MC-001-YouTube-Channel-Network|MC-002-Podcast-Network|MC-003-Blog-Network|MC-004-Influencer-Agency|MC-005-Content-Creation-Studio|MC-006-Video-Production-Company|MC-007-Animation-Studio|MC-008-Music-Production|MC-009-Stock-Photography|MC-010-Stock-Video|MC-011-Online-Magazine|MC-012-News-Website|MC-013-Streaming-Platform|MC-014-Gaming-Channel|MC-015-Esports-Team|MC-016-Virtual-Events-Platform|MC-017-Online-Course-Platform|MC-018-Membership-Site|MC-019-Digital-Download-Store|MC-020-NFT-Marketplace,Youtube Channel Network|Podcast Network|Blog Network|Influencer Agency|Content Creation Studio|Video Production Company|Animation Studio|Music Production|Stock Photography|Stock Video|Online Magazine|News Website|Streaming Platform|Gaming Channel|Esports Team|Virtual Events Platform|Online Course Platform|Membership Site|Digital Download Store|Nft Marketplace,aligned
Worldwidebro/mc-009-stock-photography,mc-009-stock-photography,True,Civilization OS — MC-009-Stock-Photography,,0,20,MC-001-YouTube-Channel-Network|MC-002-Podcast-Network|MC-003-Blog-Network|MC-004-Influencer-Agency|MC-005-Content-Creation-Studio|MC-006-Video-Production-Company|MC-007-Animation-Studio|MC-008-Music-Production|MC-009-Stock-Photography|MC-010-Stock-Video|MC-011-Online-Magazine|MC-012-News-Website|MC-013-Streaming-Platform|MC-014-Gaming-Channel|MC-015-Esports-Team|MC-016-Virtual-Events-Platform|MC-017-Online-Course-Platform|MC-018-Membership-Site|MC-019-Digital-Download-Store|MC-020-NFT-Marketplace,Youtube Channel Network|Podcast Network|Blog Network|Influencer Agency|Content Creation Studio|Video Production Company|Animation Studio|Music Production|Stock Photography|Stock Video|Online Magazine|News Website|Streaming Platform|Gaming Channel|Esports Team|Virtual Events Platform|Online Course Platform|Membership Site|Digital Download Store|Nft Marketplace,aligned
Worldwidebro/mc-010-stock-video,mc-010-stock-video,True,Civilization OS — MC-010-Stock-Video,,0,10,MC-001-YouTube-Channel-Network|MC-002-Podcast-Network|MC-003-Blog-Network|MC-004-Influencer-Agency|MC-005-Content-Creation-Studio|MC-006-Video-Production-Company|MC-007-Animation-Studio|MC-008-Music-Production|MC-009-Stock-Photography|MC-010-Stock-Video,Youtube Channel Network|Podcast Network|Blog Network|Influencer Agency|Content Creation Studio|Video Production Company|Animation Studio|Music Production|Stock Photography|Stock Video,aligned
Worldwidebro/mc-011-online-magazine,mc-011-online-magazine,True,Civilization OS — MC-011-Online-Magazine,,0,1,MC-011-Online-Magazine,Online Magazine,aligned
Worldwidebro/mc-012-news-website,mc-012-news-website,True,Civilization OS — MC-012-News-Website,,0,1,MC-012-News-Website,News Website,aligned
Worldwidebro/mc-013-streaming-platform,mc-013-streaming-platform,True,Civilization OS — MC-013-Streaming-Platform,,0,1,MC-013-Streaming-Platform,Streaming Platform,aligned
Worldwidebro/mc-014-gaming-channel,mc-014-gaming-channel,True,Civilization OS — MC-014-Gaming-Channel,,0,1,MC-014-Gaming-Channel,Gaming Channel,aligned
Worldwidebro/mc-015-esports-team,mc-015-esports-team,True,Civilization OS — MC-015-Esports-Team,,0,1,MC-015-Esports-Team,Esports Team,aligned
Worldwidebro/mc-016-virtual-events-platform,mc-016-virtual-events-platform,True,Civilization OS — MC-016-Virtual-Events-Platform,,0,1,MC-016-Virtual-Events-Platform,Virtual Events Platform,aligned
Worldwidebro/mc-017-online-course-platform,mc-017-online-course-platform,True,Civilization OS — MC-017-Online-Course-Platform,,0,1,MC-017-Online-Course-Platform,Online Course Platform,aligned
Worldwidebro/mc-018-membership-site,mc-018-membership-site,True,Civilization OS — MC-018-Membership-Site,,0,1,MC-018-Membership-Site,Membership Site,aligned
Worldwidebro/mc-019-digital-download-store,mc-019-digital-download-store,True,Civilization OS — MC-019-Digital-Download-Store,,0,1,MC-019-Digital-Download-Store,Digital Download Store,aligned
Worldwidebro/mc-020-nft-marketplace,mc-020-nft-marketplace,True,Civilization OS — MC-020-NFT-Marketplace,,0,1,MC-020-NFT-Marketplace,Nft Marketplace,aligned
Worldwidebro/ops-001-fractional-cto-agency,ops-001-fractional-cto-agency,True,Civilization OS — OPS-001-Fractional-CTO-Agency,,0,67,OPS-001-Fractional-CTO-Agency|OPS-002-Supply-Chain-Optimizer|OPS-003-Event-Planning-AI|OPS-004-Inventory-Management-AI|OPS-005-Project-Management-AI|OPS-006-Document-Automation-AI|OPS-007-Meeting-Assistant-AI|OPS-008-Recruitment-AI|OPS-009-Onboarding-AI|OPS-010-Training-Platform-AI|OPS-011-Performance-Review-AI|OPS-012-IT-Support-AI|OPS-013-Facilities-Management-AI|OPS-014-Travel-Booking-AI|OPS-015-Expense-Management-AI|OPS-016-Contract-Management-AI|OPS-017-Compliance-Monitoring-AI|OPS-018-Quality-Control-AI|OPS-019-Asset-Management-AI|OPS-020-Time-Tracking-AI|OPS-021-Document-Security-AI|OPS-022-Knowledge-Management-AI|OPS-023-Meeting-Transcription-AI|OPS-024-Task-Automation-AI|OPS-025-Resource-Allocation-AI|OPS-026-Budget-Planning-AI|OPS-027-Cost-Optimization-AI|OPS-028-Procurement-AI|OPS-029-Vendor-Management-AI|OPS-030-Contract-Negotiation-AI|OPS-031-Legal-Document-AI|OPS-032-Compliance-Reporting-AI|OPS-033-Training-Content-AI|OPS-034-Employee-Engagement-AI|OPS-035-Succession-Planning-AI|OPS-036-Workspace-Design-AI|OPS-037-Energy-Efficiency-AI|OPS-038-Security-Monitoring-AI|OPS-039-Health-Safety-AI|OPS-040-Disaster-Recovery-AI|OPS-041-IT-Asset-Management|OPS-042-Cloud-Cost-Management|OPS-043-Data-Governance-AI|OPS-044-Network-Monitoring-AI|OPS-045-Software-Licensing-AI|OPS-046-IT-Procurement-AI|OPS-047-System-Integration-AI|OPS-048-Data-Backup-AI|OPS-049-Business-Continuity-AI|OPS-050-Compliance-Audit-AI|OPS-051-Document-Collaboration-AI|OPS-052-Video-Conferencing-AI|OPS-053-Email-Management-AI|OPS-054-Calendar-Optimization-AI|OPS-055-Project-Budget-AI|OPS-056-Resource-Forecasting-AI|OPS-057-Task-Prioritization-AI|OPS-058-Time-Management-AI|OPS-059-Meeting-Minutes-AI|OPS-060-Document-Translation-AI|OPS-061-Form-Automation-AI|OPS-062-Report-Generation-AI|OPS-063-Dashboard-Creation-AI|OPS-064-Analytics-Platform-AI|OPS-065-Data-Cleaning-AI|OPS-066-Workflow-Management-AI|OPS-001-VENTURE-STAFFING,Fractional Cto Agency|Supply Chain Optimizer|Event Planning Ai|Inventory Management Ai|Project Management Ai|Document Automation Ai|Meeting Assistant Ai|Recruitment Ai|Onboarding Ai|Training Platform Ai|Performance Review Ai|It Support Ai|Facilities Management Ai|Travel Booking Ai|Expense Management Ai|Contract Management Ai|Compliance Monitoring Ai|Quality Control Ai|Asset Management Ai|Time Tracking Ai|Document Security Ai|Knowledge Management Ai|Meeting Transcription Ai|Task Automation Ai|Resource Allocation Ai|Budget Planning Ai|Cost Optimization Ai|Procurement Ai|Vendor Management Ai|Contract Negotiation Ai|Legal Document Ai|Compliance Reporting Ai|Training Content Ai|Employee Engagement Ai|Succession Planning Ai|Workspace Design Ai|Energy Efficiency Ai|Security Monitoring Ai|Health Safety Ai|Disaster Recovery Ai|It Asset Management|Cloud Cost Management|Data Governance Ai|Network Monitoring Ai|Software Licensing Ai|It Procurement Ai|System Integration Ai|Data Backup Ai|Business Continuity Ai|Compliance Audit Ai|Document Collaboration Ai|Video Conferencing Ai|Email Management Ai|Calendar Optimization Ai|Project Budget Ai|Resource Forecasting Ai|Task Prioritization Ai|Time Management Ai|Meeting Minutes Ai|Document Translation Ai|Form Automation Ai|Report Generation Ai|Dashboard Creation Ai|Analytics Platform Ai|Data Cleaning Ai|Workflow Management Ai|Venture Staffing Operations,aligned
Worldwidebro/ops-002-supply-chain-optimizer,ops-002-supply-chain-optimizer,True,Civilization OS — OPS-002-Supply-Chain-Optimizer,,0,67,OPS-001-Fractional-CTO-Agency|OPS-002-Supply-Chain-Optimizer|OPS-003-Event-Planning-AI|OPS-004-Inventory-Management-AI|OPS-005-Project-Management-AI|OPS-006-Document-Automation-AI|OPS-007-Meeting-Assistant-AI|OPS-008-Recruitment-AI|OPS-009-Onboarding-AI|OPS-010-Training-Platform-AI|OPS-011-Performance-Review-AI|OPS-012-IT-Support-AI|OPS-013-Facilities-Management-AI|OPS-014-Travel-Booking-AI|OPS-015-Expense-Management-AI|OPS-016-Contract-Management-AI|OPS-017-Compliance-Monitoring-AI|OPS-018-Quality-Control-AI|OPS-019-Asset-Management-AI|OPS-020-Time-Tracking-AI|OPS-021-Document-Security-AI|OPS-022-Knowledge-Management-AI|OPS-023-Meeting-Transcription-AI|OPS-024-Task-Automation-AI|OPS-025-Resource-Allocation-AI|OPS-026-Budget-Planning-AI|OPS-027-Cost-Optimization-AI|OPS-028-Procurement-AI|OPS-029-Vendor-Management-AI|OPS-030-Contract-Negotiation-AI|OPS-031-Legal-Document-AI|OPS-032-Compliance-Reporting-AI|OPS-033-Training-Content-AI|OPS-034-Employee-Engagement-AI|OPS-035-Succession-Planning-AI|OPS-036-Workspace-Design-AI|OPS-037-Energy-Efficiency-AI|OPS-038-Security-Monitoring-AI|OPS-039-Health-Safety-AI|OPS-040-Disaster-Recovery-AI|OPS-041-IT-Asset-Management|OPS-042-Cloud-Cost-Management|OPS-043-Data-Governance-AI|OPS-044-Network-Monitoring-AI|OPS-045-Software-Licensing-AI|OPS-046-IT-Procurement-AI|OPS-047-System-Integration-AI|OPS-048-Data-Backup-AI|OPS-049-Business-Continuity-AI|OPS-050-Compliance-Audit-AI|OPS-051-Document-Collaboration-AI|OPS-052-Video-Conferencing-AI|OPS-053-Email-Management-AI|OPS-054-Calendar-Optimization-AI|OPS-055-Project-Budget-AI|OPS-056-Resource-Forecasting-AI|OPS-057-Task-Prioritization-AI|OPS-058-Time-Management-AI|OPS-059-Meeting-Minutes-AI|OPS-060-Document-Translation-AI|OPS-061-Form-Automation-AI|OPS-062-Report-Generation-AI|OPS-063-Dashboard-Creation-AI|OPS-064-Analytics-Platform-AI|OPS-065-Data-Cleaning-AI|OPS-066-Workflow-Management-AI|OPS-001-VENTURE-STAFFING,Fractional Cto Agency|Supply Chain Optimizer|Event Planning Ai|Inventory Management Ai|Project Management Ai|Document Automation Ai|Meeting Assistant Ai|Recruitment Ai|Onboarding Ai|Training Platform Ai|Performance Review Ai|It Support Ai|Facilities Management Ai|Travel Booking Ai|Expense Management Ai|Contract Management Ai|Compliance Monitoring Ai|Quality Control Ai|Asset Management Ai|Time Tracking Ai|Document Security Ai|Knowledge Management Ai|Meeting Transcription Ai|Task Automation Ai|Resource Allocation Ai|Budget Planning Ai|Cost Optimization Ai|Procurement Ai|Vendor Management Ai|Contract Negotiation Ai|Legal Document Ai|Compliance Reporting Ai|Training Content Ai|Employee Engagement Ai|Succession Planning Ai|Workspace Design Ai|Energy Efficiency Ai|Security Monitoring Ai|Health Safety Ai|Disaster Recovery Ai|It Asset Management|Cloud Cost Management|Data Governance Ai|Network Monitoring Ai|Software Licensing Ai|It Procurement Ai|System Integration Ai|Data Backup Ai|Business Continuity Ai|Compliance Audit Ai|Document Collaboration Ai|Video Conferencing Ai|Email Management Ai|Calendar Optimization Ai|Project Budget Ai|Resource Forecasting Ai|Task Prioritization Ai|Time Management Ai|Meeting Minutes Ai|Document Translation Ai|Form Automation Ai|Report Generation Ai|Dashboard Creation Ai|Analytics Platform Ai|Data Cleaning Ai|Workflow Management Ai|Venture Staffing Operations,aligned
Worldwidebro/ops-003-event-planning-ai,ops-003-event-planning-ai,True,Civilization OS — OPS-003-Event-Planning-AI,,0,67,OPS-001-Fractional-CTO-Agency|OPS-002-Supply-Chain-Optimizer|OPS-003-Event-Planning-AI|OPS-004-Inventory-Management-AI|OPS-005-Project-Management-AI|OPS-006-Document-Automation-AI|OPS-007-Meeting-Assistant-AI|OPS-008-Recruitment-AI|OPS-009-Onboarding-AI|OPS-010-Training-Platform-AI|OPS-011-Performance-Review-AI|OPS-012-IT-Support-AI|OPS-013-Facilities-Management-AI|OPS-014-Travel-Booking-AI|OPS-015-Expense-Management-AI|OPS-016-Contract-Management-AI|OPS-017-Compliance-Monitoring-AI|OPS-018-Quality-Control-AI|OPS-019-Asset-Management-AI|OPS-020-Time-Tracking-AI|OPS-021-Document-Security-AI|OPS-022-Knowledge-Management-AI|OPS-023-Meeting-Transcription-AI|OPS-024-Task-Automation-AI|OPS-025-Resource-Allocation-AI|OPS-026-Budget-Planning-AI|OPS-027-Cost-Optimization-AI|OPS-028-Procurement-AI|OPS-029-Vendor-Management-AI|OPS-030-Contract-Negotiation-AI|OPS-031-Legal-Document-AI|OPS-032-Compliance-Reporting-AI|OPS-033-Training-Content-AI|OPS-034-Employee-Engagement-AI|OPS-035-Succession-Planning-AI|OPS-036-Workspace-Design-AI|OPS-037-Energy-Efficiency-AI|OPS-038-Security-Monitoring-AI|OPS-039-Health-Safety-AI|OPS-040-Disaster-Recovery-AI|OPS-041-IT-Asset-Management|OPS-042-Cloud-Cost-Management|OPS-043-Data-Governance-AI|OPS-044-Network-Monitoring-AI|OPS-045-Software-Licensing-AI|OPS-046-IT-Procurement-AI|OPS-047-System-Integration-AI|OPS-048-Data-Backup-AI|OPS-049-Business-Continuity-AI|OPS-050-Compliance-Audit-AI|OPS-051-Document-Collaboration-AI|OPS-052-Video-Conferencing-AI|OPS-053-Email-Management-AI|OPS-054-Calendar-Optimization-AI|OPS-055-Project-Budget-AI|OPS-056-Resource-Forecasting-AI|OPS-057-Task-Prioritization-AI|OPS-058-Time-Management-AI|OPS-059-Meeting-Minutes-AI|OPS-060-Document-Translation-AI|OPS-061-Form-Automation-AI|OPS-062-Report-Generation-AI|OPS-063-Dashboard-Creation-AI|OPS-064-Analytics-Platform-AI|OPS-065-Data-Cleaning-AI|OPS-066-Workflow-Management-AI|OPS-001-VENTURE-STAFFING,Fractional Cto Agency|Supply Chain Optimizer|Event Planning Ai|Inventory Management Ai|Project Management Ai|Document Automation Ai|Meeting Assistant Ai|Recruitment Ai|Onboarding Ai|Training Platform Ai|Performance Review Ai|It Support Ai|Facilities Management Ai|Travel Booking Ai|Expense Management Ai|Contract Management Ai|Compliance Monitoring Ai|Quality Control Ai|Asset Management Ai|Time Tracking Ai|Document Security Ai|Knowledge Management Ai|Meeting Transcription Ai|Task Automation Ai|Resource Allocation Ai|Budget Planning Ai|Cost Optimization Ai|Procurement Ai|Vendor Management Ai|Contract Negotiation Ai|Legal Document Ai|Compliance Reporting Ai|Training Content Ai|Employee Engagement Ai|Succession Planning Ai|Workspace Design Ai|Energy Efficiency Ai|Security Monitoring Ai|Health Safety Ai|Disaster Recovery Ai|It Asset Management|Cloud Cost Management|Data Governance Ai|Network Monitoring Ai|Software Licensing Ai|It Procurement Ai|System Integration Ai|Data Backup Ai|Business Continuity Ai|Compliance Audit Ai|Document Collaboration Ai|Video Conferencing Ai|Email Management Ai|Calendar Optimization Ai|Project Budget Ai|Resource Forecasting Ai|Task Prioritization Ai|Time Management Ai|Meeting Minutes Ai|Document Translation Ai|Form Automation Ai|Report Generation Ai|Dashboard Creation Ai|Analytics Platform Ai|Data Cleaning Ai|Workflow Management Ai|Venture Staffing Operations,aligned
Worldwidebro/ops-004-inventory-management-ai,ops-004-inventory-management-ai,True,Civilization OS — OPS-004-Inventory-Management-AI,,0,67,OPS-001-Fractional-CTO-Agency|OPS-002-Supply-Chain-Optimizer|OPS-003-Event-Planning-AI|OPS-004-Inventory-Management-AI|OPS-005-Project-Management-AI|OPS-006-Document-Automation-AI|OPS-007-Meeting-Assistant-AI|OPS-008-Recruitment-AI|OPS-009-Onboarding-AI|OPS-010-Training-Platform-AI|OPS-011-Performance-Review-AI|OPS-012-IT-Support-AI|OPS-013-Facilities-Management-AI|OPS-014-Travel-Booking-AI|OPS-015-Expense-Management-AI|OPS-016-Contract-Management-AI|OPS-017-Compliance-Monitoring-AI|OPS-018-Quality-Control-AI|OPS-019-Asset-Management-AI|OPS-020-Time-Tracking-AI|OPS-021-Document-Security-AI|OPS-022-Knowledge-Management-AI|OPS-023-Meeting-Transcription-AI|OPS-024-Task-Automation-AI|OPS-025-Resource-Allocation-AI|OPS-026-Budget-Planning-AI|OPS-027-Cost-Optimization-AI|OPS-028-Procurement-AI|OPS-029-Vendor-Management-AI|OPS-030-Contract-Negotiation-AI|OPS-031-Legal-Document-AI|OPS-032-Compliance-Reporting-AI|OPS-033-Training-Content-AI|OPS-034-Employee-Engagement-AI|OPS-035-Succession-Planning-AI|OPS-036-Workspace-Design-AI|OPS-037-Energy-Efficiency-AI|OPS-038-Security-Monitoring-AI|OPS-039-Health-Safety-AI|OPS-040-Disaster-Recovery-AI|OPS-041-IT-Asset-Management|OPS-042-Cloud-Cost-Management|OPS-043-Data-Governance-AI|OPS-044-Network-Monitoring-AI|OPS-045-Software-Licensing-AI|OPS-046-IT-Procurement-AI|OPS-047-System-Integration-AI|OPS-048-Data-Backup-AI|OPS-049-Business-Continuity-AI|OPS-050-Compliance-Audit-AI|OPS-051-Document-Collaboration-AI|OPS-052-Video-Conferencing-AI|OPS-053-Email-Management-AI|OPS-054-Calendar-Optimization-AI|OPS-055-Project-Budget-AI|OPS-056-Resource-Forecasting-AI|OPS-057-Task-Prioritization-AI|OPS-058-Time-Management-AI|OPS-059-Meeting-Minutes-AI|OPS-060-Document-Translation-AI|OPS-061-Form-Automation-AI|OPS-062-Report-Generation-AI|OPS-063-Dashboard-Creation-AI|OPS-064-Analytics-Platform-AI|OPS-065-Data-Cleaning-AI|OPS-066-Workflow-Management-AI|OPS-001-VENTURE-STAFFING,Fractional Cto Agency|Supply Chain Optimizer|Event Planning Ai|Inventory Management Ai|Project Management Ai|Document Automation Ai|Meeting Assistant Ai|Recruitment Ai|Onboarding Ai|Training Platform Ai|Performance Review Ai|It Support Ai|Facilities Management Ai|Travel Booking Ai|Expense Management Ai|Contract Management Ai|Compliance Monitoring Ai|Quality Control Ai|Asset Management Ai|Time Tracking Ai|Document Security Ai|Knowledge Management Ai|Meeting Transcription Ai|Task Automation Ai|Resource Allocation Ai|Budget Planning Ai|Cost Optimization Ai|Procurement Ai|Vendor Management Ai|Contract Negotiation Ai|Legal Document Ai|Compliance Reporting Ai|Training Content Ai|Employee Engagement Ai|Succession Planning Ai|Workspace Design Ai|Energy Efficiency Ai|Security Monitoring Ai|Health Safety Ai|Disaster Recovery Ai|It Asset Management|Cloud Cost Management|Data Governance Ai|Network Monitoring Ai|Software Licensing Ai|It Procurement Ai|System Integration Ai|Data Backup Ai|Business Continuity Ai|Compliance Audit Ai|Document Collaboration Ai|Video Conferencing Ai|Email Management Ai|Calendar Optimization Ai|Project Budget Ai|Resource Forecasting Ai|Task Prioritization Ai|Time Management Ai|Meeting Minutes Ai|Document Translation Ai|Form Automation Ai|Report Generation Ai|Dashboard Creation Ai|Analytics Platform Ai|Data Cleaning Ai|Workflow Management Ai|Venture Staffing Operations,aligned
Worldwidebro/ops-005-project-management-ai,ops-005-project-management-ai,True,Civilization OS — OPS-005-Project-Management-AI,,0,67,OPS-001-Fractional-CTO-Agency|OPS-002-Supply-Chain-Optimizer|OPS-003-Event-Planning-AI|OPS-004-Inventory-Management-AI|OPS-005-Project-Management-AI|OPS-006-Document-Automation-AI|OPS-007-Meeting-Assistant-AI|OPS-008-Recruitment-AI|OPS-009-Onboarding-AI|OPS-010-Training-Platform-AI|OPS-011-Performance-Review-AI|OPS-012-IT-Support-AI|OPS-013-Facilities-Management-AI|OPS-014-Travel-Booking-AI|OPS-015-Expense-Management-AI|OPS-016-Contract-Management-AI|OPS-017-Compliance-Monitoring-AI|OPS-018-Quality-Control-AI|OPS-019-Asset-Management-AI|OPS-020-Time-Tracking-AI|OPS-021-Document-Security-AI|OPS-022-Knowledge-Management-AI|OPS-023-Meeting-Transcription-AI|OPS-024-Task-Automation-AI|OPS-025-Resource-Allocation-AI|OPS-026-Budget-Planning-AI|OPS-027-Cost-Optimization-AI|OPS-028-Procurement-AI|OPS-029-Vendor-Management-AI|OPS-030-Contract-Negotiation-AI|OPS-031-Legal-Document-AI|OPS-032-Compliance-Reporting-AI|OPS-033-Training-Content-AI|OPS-034-Employee-Engagement-AI|OPS-035-Succession-Planning-AI|OPS-036-Workspace-Design-AI|OPS-037-Energy-Efficiency-AI|OPS-038-Security-Monitoring-AI|OPS-039-Health-Safety-AI|OPS-040-Disaster-Recovery-AI|OPS-041-IT-Asset-Management|OPS-042-Cloud-Cost-Management|OPS-043-Data-Governance-AI|OPS-044-Network-Monitoring-AI|OPS-045-Software-Licensing-AI|OPS-046-IT-Procurement-AI|OPS-047-System-Integration-AI|OPS-048-Data-Backup-AI|OPS-049-Business-Continuity-AI|OPS-050-Compliance-Audit-AI|OPS-051-Document-Collaboration-AI|OPS-052-Video-Conferencing-AI|OPS-053-Email-Management-AI|OPS-054-Calendar-Optimization-AI|OPS-055-Project-Budget-AI|OPS-056-Resource-Forecasting-AI|OPS-057-Task-Prioritization-AI|OPS-058-Time-Management-AI|OPS-059-Meeting-Minutes-AI|OPS-060-Document-Translation-AI|OPS-061-Form-Automation-AI|OPS-062-Report-Generation-AI|OPS-063-Dashboard-Creation-AI|OPS-064-Analytics-Platform-AI|OPS-065-Data-Cleaning-AI|OPS-066-Workflow-Management-AI|OPS-001-VENTURE-STAFFING,Fractional Cto Agency|Supply Chain Optimizer|Event Planning Ai|Inventory Management Ai|Project Management Ai|Document Automation Ai|Meeting Assistant Ai|Recruitment Ai|Onboarding Ai|Training Platform Ai|Performance Review Ai|It Support Ai|Facilities Management Ai|Travel Booking Ai|Expense Management Ai|Contract Management Ai|Compliance Monitoring Ai|Quality Control Ai|Asset Management Ai|Time Tracking Ai|Document Security Ai|Knowledge Management Ai|Meeting Transcription Ai|Task Automation Ai|Resource Allocation Ai|Budget Planning Ai|Cost Optimization Ai|Procurement Ai|Vendor Management Ai|Contract Negotiation Ai|Legal Document Ai|Compliance Reporting Ai|Training Content Ai|Employee Engagement Ai|Succession Planning Ai|Workspace Design Ai|Energy Efficiency Ai|Security Monitoring Ai|Health Safety Ai|Disaster Recovery Ai|It Asset Management|Cloud Cost Management|Data Governance Ai|Network Monitoring Ai|Software Licensing Ai|It Procurement Ai|System Integration Ai|Data Backup Ai|Business Continuity Ai|Compliance Audit Ai|Document Collaboration Ai|Video Conferencing Ai|Email Management Ai|Calendar Optimization Ai|Project Budget Ai|Resource Forecasting Ai|Task Prioritization Ai|Time Management Ai|Meeting Minutes Ai|Document Translation Ai|Form Automation Ai|Report Generation Ai|Dashboard Creation Ai|Analytics Platform Ai|Data Cleaning Ai|Workflow Management Ai|Venture Staffing Operations,aligned
Worldwidebro/ops-006-document-automation-ai,ops-006-document-automation-ai,True,Civilization OS — OPS-006-Document-Automation-AI,,0,67,OPS-001-Fractional-CTO-Agency|OPS-002-Supply-Chain-Optimizer|OPS-003-Event-Planning-AI|OPS-004-Inventory-Management-AI|OPS-005-Project-Management-AI|OPS-006-Document-Automation-AI|OPS-007-Meeting-Assistant-AI|OPS-008-Recruitment-AI|OPS-009-Onboarding-AI|OPS-010-Training-Platform-AI|OPS-011-Performance-Review-AI|OPS-012-IT-Support-AI|OPS-013-Facilities-Management-AI|OPS-014-Travel-Booking-AI|OPS-015-Expense-Management-AI|OPS-016-Contract-Management-AI|OPS-017-Compliance-Monitoring-AI|OPS-018-Quality-Control-AI|OPS-019-Asset-Management-AI|OPS-020-Time-Tracking-AI|OPS-021-Document-Security-AI|OPS-022-Knowledge-Management-AI|OPS-023-Meeting-Transcription-AI|OPS-024-Task-Automation-AI|OPS-025-Resource-Allocation-AI|OPS-026-Budget-Planning-AI|OPS-027-Cost-Optimization-AI|OPS-028-Procurement-AI|OPS-029-Vendor-Management-AI|OPS-030-Contract-Negotiation-AI|OPS-031-Legal-Document-AI|OPS-032-Compliance-Reporting-AI|OPS-033-Training-Content-AI|OPS-034-Employee-Engagement-AI|OPS-035-Succession-Planning-AI|OPS-036-Workspace-Design-AI|OPS-037-Energy-Efficiency-AI|OPS-038-Security-Monitoring-AI|OPS-039-Health-Safety-AI|OPS-040-Disaster-Recovery-AI|OPS-041-IT-Asset-Management|OPS-042-Cloud-Cost-Management|OPS-043-Data-Governance-AI|OPS-044-Network-Monitoring-AI|OPS-045-Software-Licensing-AI|OPS-046-IT-Procurement-AI|OPS-047-System-Integration-AI|OPS-048-Data-Backup-AI|OPS-049-Business-Continuity-AI|OPS-050-Compliance-Audit-AI|OPS-051-Document-Collaboration-AI|OPS-052-Video-Conferencing-AI|OPS-053-Email-Management-AI|OPS-054-Calendar-Optimization-AI|OPS-055-Project-Budget-AI|OPS-056-Resource-Forecasting-AI|OPS-057-Task-Prioritization-AI|OPS-058-Time-Management-AI|OPS-059-Meeting-Minutes-AI|OPS-060-Document-Translation-AI|OPS-061-Form-Automation-AI|OPS-062-Report-Generation-AI|OPS-063-Dashboard-Creation-AI|OPS-064-Analytics-Platform-AI|OPS-065-Data-Cleaning-AI|OPS-066-Workflow-Management-AI|OPS-001-VENTURE-STAFFING,Fractional Cto Agency|Supply Chain Optimizer|Event Planning Ai|Inventory Management Ai|Project Management Ai|Document Automation Ai|Meeting Assistant Ai|Recruitment Ai|Onboarding Ai|Training Platform Ai|Performance Review Ai|It Support Ai|Facilities Management Ai|Travel Booking Ai|Expense Management Ai|Contract Management Ai|Compliance Monitoring Ai|Quality Control Ai|Asset Management Ai|Time Tracking Ai|Document Security Ai|Knowledge Management Ai|Meeting Transcription Ai|Task Automation Ai|Resource Allocation Ai|Budget Planning Ai|Cost Optimization Ai|Procurement Ai|Vendor Management Ai|Contract Negotiation Ai|Legal Document Ai|Compliance Reporting Ai|Training Content Ai|Employee Engagement Ai|Succession Planning Ai|Workspace Design Ai|Energy Efficiency Ai|Security Monitoring Ai|Health Safety Ai|Disaster Recovery Ai|It Asset Management|Cloud Cost Management|Data Governance Ai|Network Monitoring Ai|Software Licensing Ai|It Procurement Ai|System Integration Ai|Data Backup Ai|Business Continuity Ai|Compliance Audit Ai|Document Collaboration Ai|Video Conferencing Ai|Email Management Ai|Calendar Optimization Ai|Project Budget Ai|Resource Forecasting Ai|Task Prioritization Ai|Time Management Ai|Meeting Minutes Ai|Document Translation Ai|Form Automation Ai|Report Generation Ai|Dashboard Creation Ai|Analytics Platform Ai|Data Cleaning Ai|Workflow Management Ai|Venture Staffing Operations,aligned
Worldwidebro/ops-007-meeting-assistant-ai,ops-007-meeting-assistant-ai,True,Civilization OS — OPS-007-Meeting-Assistant-AI,,0,59,OPS-001-Fractional-CTO-Agency|OPS-002-Supply-Chain-Optimizer|OPS-003-Event-Planning-AI|OPS-004-Inventory-Management-AI|OPS-005-Project-Management-AI|OPS-006-Document-Automation-AI|OPS-007-Meeting-Assistant-AI|OPS-016-Contract-Management-AI|OPS-017-Compliance-Monitoring-AI|OPS-018-Quality-Control-AI|OPS-019-Asset-Management-AI|OPS-020-Time-Tracking-AI|OPS-021-Document-Security-AI|OPS-022-Knowledge-Management-AI|OPS-023-Meeting-Transcription-AI|OPS-024-Task-Automation-AI|OPS-025-Resource-Allocation-AI|OPS-026-Budget-Planning-AI|OPS-027-Cost-Optimization-AI|OPS-028-Procurement-AI|OPS-029-Vendor-Management-AI|OPS-030-Contract-Negotiation-AI|OPS-031-Legal-Document-AI|OPS-032-Compliance-Reporting-AI|OPS-033-Training-Content-AI|OPS-034-Employee-Engagement-AI|OPS-035-Succession-Planning-AI|OPS-036-Workspace-Design-AI|OPS-037-Energy-Efficiency-AI|OPS-038-Security-Monitoring-AI|OPS-039-Health-Safety-AI|OPS-040-Disaster-Recovery-AI|OPS-041-IT-Asset-Management|OPS-042-Cloud-Cost-Management|OPS-043-Data-Governance-AI|OPS-044-Network-Monitoring-AI|OPS-045-Software-Licensing-AI|OPS-046-IT-Procurement-AI|OPS-047-System-Integration-AI|OPS-048-Data-Backup-AI|OPS-049-Business-Continuity-AI|OPS-050-Compliance-Audit-AI|OPS-051-Document-Collaboration-AI|OPS-052-Video-Conferencing-AI|OPS-053-Email-Management-AI|OPS-054-Calendar-Optimization-AI|OPS-055-Project-Budget-AI|OPS-056-Resource-Forecasting-AI|OPS-057-Task-Prioritization-AI|OPS-058-Time-Management-AI|OPS-059-Meeting-Minutes-AI|OPS-060-Document-Translation-AI|OPS-061-Form-Automation-AI|OPS-062-Report-Generation-AI|OPS-063-Dashboard-Creation-AI|OPS-064-Analytics-Platform-AI|OPS-065-Data-Cleaning-AI|OPS-066-Workflow-Management-AI|OPS-001-VENTURE-STAFFING,Fractional Cto Agency|Supply Chain Optimizer|Event Planning Ai|Inventory Management Ai|Project Management Ai|Document Automation Ai|Meeting Assistant Ai|Contract Management Ai|Compliance Monitoring Ai|Quality Control Ai|Asset Management Ai|Time Tracking Ai|Document Security Ai|Knowledge Management Ai|Meeting Transcription Ai|Task Automation Ai|Resource Allocation Ai|Budget Planning Ai|Cost Optimization Ai|Procurement Ai|Vendor Management Ai|Contract Negotiation Ai|Legal Document Ai|Compliance Reporting Ai|Training Content Ai|Employee Engagement Ai|Succession Planning Ai|Workspace Design Ai|Energy Efficiency Ai|Security Monitoring Ai|Health Safety Ai|Disaster Recovery Ai|It Asset Management|Cloud Cost Management|Data Governance Ai|Network Monitoring Ai|Software Licensing Ai|It Procurement Ai|System Integration Ai|Data Backup Ai|Business Continuity Ai|Compliance Audit Ai|Document Collaboration Ai|Video Conferencing Ai|Email Management Ai|Calendar Optimization Ai|Project Budget Ai|Resource Forecasting Ai|Task Prioritization Ai|Time Management Ai|Meeting Minutes Ai|Document Translation Ai|Form Automation Ai|Report Generation Ai|Dashboard Creation Ai|Analytics Platform Ai|Data Cleaning Ai|Workflow Management Ai|Venture Staffing Operations,aligned
Worldwidebro/ops-008-recruitment-ai,ops-008-recruitment-ai,True,Civilization OS — OPS-008-Recruitment-AI,,0,4,OPS-002-Supply-Chain-Optimizer|OPS-008-Recruitment-AI|OPS-058-Time-Management-AI|OPS-001-VENTURE-STAFFING,Supply Chain Optimizer|Recruitment Ai|Time Management Ai|Venture Staffing Operations,aligned
Worldwidebro/ops-009-onboarding-ai,ops-009-onboarding-ai,True,Civilization OS — OPS-009-Onboarding-AI,,0,4,OPS-002-Supply-Chain-Optimizer|OPS-009-Onboarding-AI|OPS-058-Time-Management-AI|OPS-001-VENTURE-STAFFING,Supply Chain Optimizer|Onboarding Ai|Time Management Ai|Venture Staffing Operations,aligned
Worldwidebro/ops-010-training-platform-ai,ops-010-training-platform-ai,True,Civilization OS — OPS-010-Training-Platform-AI,,0,3,OPS-002-Supply-Chain-Optimizer|OPS-010-Training-Platform-AI|OPS-058-Time-Management-AI,Supply Chain Optimizer|Training Platform Ai|Time Management Ai,aligned
Worldwidebro/ops-011-performance-review-ai,ops-011-performance-review-ai,True,Civilization OS — OPS-011-Performance-Review-AI,,0,1,OPS-011-Performance-Review-AI,Performance Review Ai,aligned
Worldwidebro/ops-012-it-support-ai,ops-012-it-support-ai,True,Civilization OS — OPS-012-IT-Support-AI,,0,1,OPS-012-IT-Support-AI,It Support Ai,aligned
Worldwidebro/ops-013-facilities-management-ai,ops-013-facilities-management-ai,True,Civilization OS — OPS-013-Facilities-Management-AI,,0,1,OPS-013-Facilities-Management-AI,Facilities Management Ai,aligned
Worldwidebro/ops-014-travel-booking-ai,ops-014-travel-booking-ai,True,Civilization OS — OPS-014-Travel-Booking-AI,,0,1,OPS-014-Travel-Booking-AI,Travel Booking Ai,aligned
Worldwidebro/ops-015-expense-management-ai,ops-015-expense-management-ai,True,Civilization OS — OPS-015-Expense-Management-AI,,0,1,OPS-015-Expense-Management-AI,Expense Management Ai,aligned
Worldwidebro/ops-staff-001-staffing,ops-staff-001-staffing,True,"Civilization OS: Staffing + HR + AI agent deployment for 749 ventures (human + AI workers, payroll)",Python,0,1,OPS-001-VENTURE-STAFFING,Venture Staffing Operations,aligned
Worldwidebro/ps-001-business-consulting,ps-001-business-consulting,True,,,0,25,PS-001-Business-Consulting|PS-002-Legal-Services|PS-003-Accounting-Services|PS-004-HR-Consulting|PS-005-Marketing-Agency|PS-006-Web-Design-Agency|PS-007-IT-Support-Services|PS-008-Virtual-Assistant-Service|PS-009-Bookkeeping-Service|PS-010-Tax-Preparation-Service|PS-011-Real-Estate-Agency|PS-012-Insurance-Agency|PS-013-Financial-Planning|PS-014-Event-Planning|PS-015-Interior-Design|PS-016-Photography-Service|PS-017-Videography-Service|PS-018-Translation-Services|PS-019-Copywriting-Service|PS-020-Social-Media-Management|PS-021-SEO-Agency|PS-022-PPC-Management|PS-023-PR-Agency|PS-024-Recruiting-Agency|PS-025-Business-Brokerage,Business Consulting|Legal Services|Accounting Services|Hr Consulting|Marketing Agency|Web Design Agency|It Support Services|Virtual Assistant Service|Bookkeeping Service|Tax Preparation Service|Real Estate Agency|Insurance Agency|Financial Planning|Event Planning|Interior Design|Photography Service|Videography Service|Translation Services|Copywriting Service|Social Media Management|Seo Agency|Ppc Management|Pr Agency|Recruiting Agency|Business Brokerage,aligned
Worldwidebro/ps-002-legal-services,ps-002-legal-services,True,,,0,25,PS-001-Business-Consulting|PS-002-Legal-Services|PS-003-Accounting-Services|PS-004-HR-Consulting|PS-005-Marketing-Agency|PS-006-Web-Design-Agency|PS-007-IT-Support-Services|PS-008-Virtual-Assistant-Service|PS-009-Bookkeeping-Service|PS-010-Tax-Preparation-Service|PS-011-Real-Estate-Agency|PS-012-Insurance-Agency|PS-013-Financial-Planning|PS-014-Event-Planning|PS-015-Interior-Design|PS-016-Photography-Service|PS-017-Videography-Service|PS-018-Translation-Services|PS-019-Copywriting-Service|PS-020-Social-Media-Management|PS-021-SEO-Agency|PS-022-PPC-Management|PS-023-PR-Agency|PS-024-Recruiting-Agency|PS-025-Business-Brokerage,Business Consulting|Legal Services|Accounting Services|Hr Consulting|Marketing Agency|Web Design Agency|It Support Services|Virtual Assistant Service|Bookkeeping Service|Tax Preparation Service|Real Estate Agency|Insurance Agency|Financial Planning|Event Planning|Interior Design|Photography Service|Videography Service|Translation Services|Copywriting Service|Social Media Management|Seo Agency|Ppc Management|Pr Agency|Recruiting Agency|Business Brokerage,aligned
Worldwidebro/ps-003-accounting-services,ps-003-accounting-services,True,,,0,25,PS-001-Business-Consulting|PS-002-Legal-Services|PS-003-Accounting-Services|PS-004-HR-Consulting|PS-005-Marketing-Agency|PS-006-Web-Design-Agency|PS-007-IT-Support-Services|PS-008-Virtual-Assistant-Service|PS-009-Bookkeeping-Service|PS-010-Tax-Preparation-Service|PS-011-Real-Estate-Agency|PS-012-Insurance-Agency|PS-013-Financial-Planning|PS-014-Event-Planning|PS-015-Interior-Design|PS-016-Photography-Service|PS-017-Videography-Service|PS-018-Translation-Services|PS-019-Copywriting-Service|PS-020-Social-Media-Management|PS-021-SEO-Agency|PS-022-PPC-Management|PS-023-PR-Agency|PS-024-Recruiting-Agency|PS-025-Business-Brokerage,Business Consulting|Legal Services|Accounting Services|Hr Consulting|Marketing Agency|Web Design Agency|It Support Services|Virtual Assistant Service|Bookkeeping Service|Tax Preparation Service|Real Estate Agency|Insurance Agency|Financial Planning|Event Planning|Interior Design|Photography Service|Videography Service|Translation Services|Copywriting Service|Social Media Management|Seo Agency|Ppc Management|Pr Agency|Recruiting Agency|Business Brokerage,aligned
Worldwidebro/ps-004-hr-consulting,ps-004-hr-consulting,True,,,0,25,PS-001-Business-Consulting|PS-002-Legal-Services|PS-003-Accounting-Services|PS-004-HR-Consulting|PS-005-Marketing-Agency|PS-006-Web-Design-Agency|PS-007-IT-Support-Services|PS-008-Virtual-Assistant-Service|PS-009-Bookkeeping-Service|PS-010-Tax-Preparation-Service|PS-011-Real-Estate-Agency|PS-012-Insurance-Agency|PS-013-Financial-Planning|PS-014-Event-Planning|PS-015-Interior-Design|PS-016-Photography-Service|PS-017-Videography-Service|PS-018-Translation-Services|PS-019-Copywriting-Service|PS-020-Social-Media-Management|PS-021-SEO-Agency|PS-022-PPC-Management|PS-023-PR-Agency|PS-024-Recruiting-Agency|PS-025-Business-Brokerage,Business Consulting|Legal Services|Accounting Services|Hr Consulting|Marketing Agency|Web Design Agency|It Support Services|Virtual Assistant Service|Bookkeeping Service|Tax Preparation Service|Real Estate Agency|Insurance Agency|Financial Planning|Event Planning|Interior Design|Photography Service|Videography Service|Translation Services|Copywriting Service|Social Media Management|Seo Agency|Ppc Management|Pr Agency|Recruiting Agency|Business Brokerage,aligned
Worldwidebro/ps-005-marketing-agency,ps-005-marketing-agency,True,,,0,25,PS-001-Business-Consulting|PS-002-Legal-Services|PS-003-Accounting-Services|PS-004-HR-Consulting|PS-005-Marketing-Agency|PS-006-Web-Design-Agency|PS-007-IT-Support-Services|PS-008-Virtual-Assistant-Service|PS-009-Bookkeeping-Service|PS-010-Tax-Preparation-Service|PS-011-Real-Estate-Agency|PS-012-Insurance-Agency|PS-013-Financial-Planning|PS-014-Event-Planning|PS-015-Interior-Design|PS-016-Photography-Service|PS-017-Videography-Service|PS-018-Translation-Services|PS-019-Copywriting-Service|PS-020-Social-Media-Management|PS-021-SEO-Agency|PS-022-PPC-Management|PS-023-PR-Agency|PS-024-Recruiting-Agency|PS-025-Business-Brokerage,Business Consulting|Legal Services|Accounting Services|Hr Consulting|Marketing Agency|Web Design Agency|It Support Services|Virtual Assistant Service|Bookkeeping Service|Tax Preparation Service|Real Estate Agency|Insurance Agency|Financial Planning|Event Planning|Interior Design|Photography Service|Videography Service|Translation Services|Copywriting Service|Social Media Management|Seo Agency|Ppc Management|Pr Agency|Recruiting Agency|Business Brokerage,aligned
Worldwidebro/ps-006-web-design-agency,ps-006-web-design-agency,True,,,0,25,PS-001-Business-Consulting|PS-002-Legal-Services|PS-003-Accounting-Services|PS-004-HR-Consulting|PS-005-Marketing-Agency|PS-006-Web-Design-Agency|PS-007-IT-Support-Services|PS-008-Virtual-Assistant-Service|PS-009-Bookkeeping-Service|PS-010-Tax-Preparation-Service|PS-011-Real-Estate-Agency|PS-012-Insurance-Agency|PS-013-Financial-Planning|PS-014-Event-Planning|PS-015-Interior-Design|PS-016-Photography-Service|PS-017-Videography-Service|PS-018-Translation-Services|PS-019-Copywriting-Service|PS-020-Social-Media-Management|PS-021-SEO-Agency|PS-022-PPC-Management|PS-023-PR-Agency|PS-024-Recruiting-Agency|PS-025-Business-Brokerage,Business Consulting|Legal Services|Accounting Services|Hr Consulting|Marketing Agency|Web Design Agency|It Support Services|Virtual Assistant Service|Bookkeeping Service|Tax Preparation Service|Real Estate Agency|Insurance Agency|Financial Planning|Event Planning|Interior Design|Photography Service|Videography Service|Translation Services|Copywriting Service|Social Media Management|Seo Agency|Ppc Management|Pr Agency|Recruiting Agency|Business Brokerage,aligned
Worldwidebro/ps-007-it-support-services,ps-007-it-support-services,True,,,0,25,PS-001-Business-Consulting|PS-002-Legal-Services|PS-003-Accounting-Services|PS-004-HR-Consulting|PS-005-Marketing-Agency|PS-006-Web-Design-Agency|PS-007-IT-Support-Services|PS-008-Virtual-Assistant-Service|PS-009-Bookkeeping-Service|PS-010-Tax-Preparation-Service|PS-011-Real-Estate-Agency|PS-012-Insurance-Agency|PS-013-Financial-Planning|PS-014-Event-Planning|PS-015-Interior-Design|PS-016-Photography-Service|PS-017-Videography-Service|PS-018-Translation-Services|PS-019-Copywriting-Service|PS-020-Social-Media-Management|PS-021-SEO-Agency|PS-022-PPC-Management|PS-023-PR-Agency|PS-024-Recruiting-Agency|PS-025-Business-Brokerage,Business Consulting|Legal Services|Accounting Services|Hr Consulting|Marketing Agency|Web Design Agency|It Support Services|Virtual Assistant Service|Bookkeeping Service|Tax Preparation Service|Real Estate Agency|Insurance Agency|Financial Planning|Event Planning|Interior Design|Photography Service|Videography Service|Translation Services|Copywriting Service|Social Media Management|Seo Agency|Ppc Management|Pr Agency|Recruiting Agency|Business Brokerage,aligned
Worldwidebro/ps-008-virtual-assistant-service,ps-008-virtual-assistant-service,True,,,0,25,PS-001-Business-Consulting|PS-002-Legal-Services|PS-003-Accounting-Services|PS-004-HR-Consulting|PS-005-Marketing-Agency|PS-006-Web-Design-Agency|PS-007-IT-Support-Services|PS-008-Virtual-Assistant-Service|PS-009-Bookkeeping-Service|PS-010-Tax-Preparation-Service|PS-011-Real-Estate-Agency|PS-012-Insurance-Agency|PS-013-Financial-Planning|PS-014-Event-Planning|PS-015-Interior-Design|PS-016-Photography-Service|PS-017-Videography-Service|PS-018-Translation-Services|PS-019-Copywriting-Service|PS-020-Social-Media-Management|PS-021-SEO-Agency|PS-022-PPC-Management|PS-023-PR-Agency|PS-024-Recruiting-Agency|PS-025-Business-Brokerage,Business Consulting|Legal Services|Accounting Services|Hr Consulting|Marketing Agency|Web Design Agency|It Support Services|Virtual Assistant Service|Bookkeeping Service|Tax Preparation Service|Real Estate Agency|Insurance Agency|Financial Planning|Event Planning|Interior Design|Photography Service|Videography Service|Translation Services|Copywriting Service|Social Media Management|Seo Agency|Ppc Management|Pr Agency|Recruiting Agency|Business Brokerage,aligned
Worldwidebro/ps-009-bookkeeping-service,ps-009-bookkeeping-service,True,,,0,25,PS-001-Business-Consulting|PS-002-Legal-Services|PS-003-Accounting-Services|PS-004-HR-Consulting|PS-005-Marketing-Agency|PS-006-Web-Design-Agency|PS-007-IT-Support-Services|PS-008-Virtual-Assistant-Service|PS-009-Bookkeeping-Service|PS-010-Tax-Preparation-Service|PS-011-Real-Estate-Agency|PS-012-Insurance-Agency|PS-013-Financial-Planning|PS-014-Event-Planning|PS-015-Interior-Design|PS-016-Photography-Service|PS-017-Videography-Service|PS-018-Translation-Services|PS-019-Copywriting-Service|PS-020-Social-Media-Management|PS-021-SEO-Agency|PS-022-PPC-Management|PS-023-PR-Agency|PS-024-Recruiting-Agency|PS-025-Business-Brokerage,Business Consulting|Legal Services|Accounting Services|Hr Consulting|Marketing Agency|Web Design Agency|It Support Services|Virtual Assistant Service|Bookkeeping Service|Tax Preparation Service|Real Estate Agency|Insurance Agency|Financial Planning|Event Planning|Interior Design|Photography Service|Videography Service|Translation Services|Copywriting Service|Social Media Management|Seo Agency|Ppc Management|Pr Agency|Recruiting Agency|Business Brokerage,aligned
Worldwidebro/ps-010-tax-preparation-service,ps-010-tax-preparation-service,True,,,0,13,PS-001-Business-Consulting|PS-002-Legal-Services|PS-003-Accounting-Services|PS-004-HR-Consulting|PS-005-Marketing-Agency|PS-006-Web-Design-Agency|PS-007-IT-Support-Services|PS-008-Virtual-Assistant-Service|PS-009-Bookkeeping-Service|PS-010-Tax-Preparation-Service|PS-013-Financial-Planning|PS-014-Event-Planning|PS-015-Interior-Design,Business Consulting|Legal Services|Accounting Services|Hr Consulting|Marketing Agency|Web Design Agency|It Support Services|Virtual Assistant Service|Bookkeeping Service|Tax Preparation Service|Financial Planning|Event Planning|Interior Design,aligned
Worldwidebro/ps-011-real-estate-agency,ps-011-real-estate-agency,True,,,0,1,PS-011-Real-Estate-Agency,Real Estate Agency,aligned
Worldwidebro/ps-012-insurance-agency,ps-012-insurance-agency,True,Civilization OS Venture: Insurance agency services,HTML,0,1,PS-012-Insurance-Agency,Insurance Agency,aligned
Worldwidebro/ps-016-photography-service,ps-016-photography-service,True,"Professional photography service business with automated booking, ClickUp integration, and Instagram",,0,1,PS-016-Photography-Service,Photography Service,aligned
Worldwidebro/ps-017-videography-service,ps-017-videography-service,True,,,0,1,PS-017-Videography-Service,Videography Service,aligned
Worldwidebro/ps-018-translation-services,ps-018-translation-services,True,,,0,1,PS-018-Translation-Services,Translation Services,aligned
Worldwidebro/ps-019-copywriting-service,ps-019-copywriting-service,True,,,0,1,PS-019-Copywriting-Service,Copywriting Service,aligned
Worldwidebro/ps-020-social-media-management,ps-020-social-media-management,True,,,0,1,PS-020-Social-Media-Management,Social Media Management,aligned
Worldwidebro/ps-021-seo-agency,ps-021-seo-agency,True,,,0,1,PS-021-SEO-Agency,Seo Agency,aligned
Worldwidebro/ps-022-ppc-management,ps-022-ppc-management,True,,,0,1,PS-022-PPC-Management,Ppc Management,aligned
Worldwidebro/ps-023-pr-agency,ps-023-pr-agency,True,,,0,1,PS-023-PR-Agency,Pr Agency,aligned
Worldwidebro/ps-024-recruiting-agency,ps-024-recruiting-agency,True,,,0,1,PS-024-Recruiting-Agency,Recruiting Agency,aligned
Worldwidebro/ps-025-business-brokerage,ps-025-business-brokerage,True,,,0,1,PS-025-Business-Brokerage,Business Brokerage,aligned
Worldwidebro/re-001-property-holdings,re-001-property-holdings,True,"Civilization OS: Real estate + equipment leasing for 749 ventures (SBA 504 loans, property mgmt)",,0,1,RE-001-PROPERTY-HOLDINGS,Property Holdings,aligned
Worldwidebro/tech-001-quantum-algorithm-ai,tech-001-quantum-algorithm-ai,True,Tech 001 Quantum Algorithm Ai - Part of Civilization OS venture ecosystem,,0,61,TECH-001-Quantum-Algorithm-AI|TECH-002-AI-Compliance-Scanner|TECH-003-Cloud-Management-AI|TECH-004-Robotics-Training-AI|TECH-005-Customer-Insights-AI|TECH-006-Voice-Assistant-AI|TECH-007-Blockchain-Verifier-AI|TECH-008-Cybersecurity-Shield|TECH-009-Content-Studio-AI|TECH-010-Smart-Home-AI|TECH-011-Supply-Chain-Optimizer|TECH-012-Data-Visualization-AI|TECH-013-Workflow-Automation|TECH-014-Sentiment-Analyzer|TECH-015-Image-Recognition-AI|TECH-016-Video-Editor-AI|TECH-017-Speech-to-Text-AI|TECH-018-Text-to-Speech-AI|TECH-019-Fraud-Prevention-AI|TECH-020-Recommendation-Engine|TECH-021-Network-Security-AI|TECH-022-Database-Optimizer|TECH-023-AI-Testing-Platform|TECH-024-Virtual-Assistant-Builder|TECH-025-Machine-Learning-Builder|TECH-026-AI-Ethics-Auditor|TECH-027-Predictive-Analytics-AI|TECH-028-AI-Training-Platform|TECH-029-Digital-Twin-AI|TECH-030-AI-Monitoring-System|TECH-031-Edge-Computing-AI|TECH-032-AI-Integration-Hub|TECH-033-Quantum-Algorithm-AI|TECH-034-AI-Compliance-Scanner|TECH-035-Cloud-Management-AI|TECH-036-Robotics-Training-AI|TECH-037-Customer-Insights-AI|TECH-038-Voice-Assistant-AI|TECH-039-Blockchain-Verifier-AI|TECH-040-Cybersecurity-Shield|TECH-041-Content-Studio-AI|TECH-042-Smart-Home-AI|TECH-043-Supply-Chain-Optimizer|TECH-044-Data-Visualization-AI|TECH-045-Workflow-Automation|TECH-046-Sentiment-Analyzer|TECH-047-Image-Recognition-AI|TECH-048-Video-Editor-AI|TECH-049-Speech-to-Text-AI|TECH-050-Text-to-Speech-AI|TECH-051-Fraud-Prevention-AI|TECH-052-Recommendation-Engine|TECH-053-Network-Security-AI|TECH-054-Database-Optimizer|TECH-055-AI-Testing-Platform|TECH-056-Virtual-Assistant-Builder|TECH-057-Machine-Learning-Builder|TECH-058-AI-Ethics-Auditor|TECH-059-Predictive-Analytics-AI|TECH-060-AI-Training-Platform|TECH-061-TECH-VENTURES-PORTFOLIO,Quantum Algorithm Ai|Ai Compliance Scanner|Cloud Management Ai|Robotics Training Ai|Customer Insights Ai|Voice Assistant Ai|Blockchain Verifier Ai|Cybersecurity Shield|Content Studio Ai|Smart Home Ai|Supply Chain Optimizer|Data Visualization Ai|Workflow Automation|Sentiment Analyzer|Image Recognition Ai|Video Editor Ai|Speech To Text Ai|Text To Speech Ai|Fraud Prevention Ai|Recommendation Engine|Network Security Ai|Database Optimizer|Ai Testing Platform|Virtual Assistant Builder|Machine Learning Builder|Ai Ethics Auditor|Predictive Analytics Ai|Ai Training Platform|Digital Twin Ai|Ai Monitoring System|Edge Computing Ai|Ai Integration Hub|Quantum Algorithm Ai|Ai Compliance Scanner|Cloud Management Ai|Robotics Training Ai|Customer Insights Ai|Voice Assistant Ai|Blockchain Verifier Ai|Cybersecurity Shield|Content Studio Ai|Smart Home Ai|Supply Chain Optimizer|Data Visualization Ai|Workflow Automation|Sentiment Analyzer|Image Recognition Ai|Video Editor Ai|Speech To Text Ai|Text To Speech Ai|Fraud Prevention Ai|Recommendation Engine|Network Security Ai|Database Optimizer|Ai Testing Platform|Virtual Assistant Builder|Machine Learning Builder|Ai Ethics Auditor|Predictive Analytics Ai|Ai Training Platform|Tech Ventures Portfolio,aligned
Worldwidebro/tech-002-ai-compliance-scanner,tech-002-ai-compliance-scanner,True,Tech 002 Ai Compliance Scanner - Part of Civilization OS venture ecosystem,,0,61,TECH-001-Quantum-Algorithm-AI|TECH-002-AI-Compliance-Scanner|TECH-003-Cloud-Management-AI|TECH-004-Robotics-Training-AI|TECH-005-Customer-Insights-AI|TECH-006-Voice-Assistant-AI|TECH-007-Blockchain-Verifier-AI|TECH-008-Cybersecurity-Shield|TECH-009-Content-Studio-AI|TECH-010-Smart-Home-AI|TECH-011-Supply-Chain-Optimizer|TECH-012-Data-Visualization-AI|TECH-013-Workflow-Automation|TECH-014-Sentiment-Analyzer|TECH-015-Image-Recognition-AI|TECH-016-Video-Editor-AI|TECH-017-Speech-to-Text-AI|TECH-018-Text-to-Speech-AI|TECH-019-Fraud-Prevention-AI|TECH-020-Recommendation-Engine|TECH-021-Network-Security-AI|TECH-022-Database-Optimizer|TECH-023-AI-Testing-Platform|TECH-024-Virtual-Assistant-Builder|TECH-025-Machine-Learning-Builder|TECH-026-AI-Ethics-Auditor|TECH-027-Predictive-Analytics-AI|TECH-028-AI-Training-Platform|TECH-029-Digital-Twin-AI|TECH-030-AI-Monitoring-System|TECH-031-Edge-Computing-AI|TECH-032-AI-Integration-Hub|TECH-033-Quantum-Algorithm-AI|TECH-034-AI-Compliance-Scanner|TECH-035-Cloud-Management-AI|TECH-036-Robotics-Training-AI|TECH-037-Customer-Insights-AI|TECH-038-Voice-Assistant-AI|TECH-039-Blockchain-Verifier-AI|TECH-040-Cybersecurity-Shield|TECH-041-Content-Studio-AI|TECH-042-Smart-Home-AI|TECH-043-Supply-Chain-Optimizer|TECH-044-Data-Visualization-AI|TECH-045-Workflow-Automation|TECH-046-Sentiment-Analyzer|TECH-047-Image-Recognition-AI|TECH-048-Video-Editor-AI|TECH-049-Speech-to-Text-AI|TECH-050-Text-to-Speech-AI|TECH-051-Fraud-Prevention-AI|TECH-052-Recommendation-Engine|TECH-053-Network-Security-AI|TECH-054-Database-Optimizer|TECH-055-AI-Testing-Platform|TECH-056-Virtual-Assistant-Builder|TECH-057-Machine-Learning-Builder|TECH-058-AI-Ethics-Auditor|TECH-059-Predictive-Analytics-AI|TECH-060-AI-Training-Platform|TECH-061-TECH-VENTURES-PORTFOLIO,Quantum Algorithm Ai|Ai Compliance Scanner|Cloud Management Ai|Robotics Training Ai|Customer Insights Ai|Voice Assistant Ai|Blockchain Verifier Ai|Cybersecurity Shield|Content Studio Ai|Smart Home Ai|Supply Chain Optimizer|Data Visualization Ai|Workflow Automation|Sentiment Analyzer|Image Recognition Ai|Video Editor Ai|Speech To Text Ai|Text To Speech Ai|Fraud Prevention Ai|Recommendation Engine|Network Security Ai|Database Optimizer|Ai Testing Platform|Virtual Assistant Builder|Machine Learning Builder|Ai Ethics Auditor|Predictive Analytics Ai|Ai Training Platform|Digital Twin Ai|Ai Monitoring System|Edge Computing Ai|Ai Integration Hub|Quantum Algorithm Ai|Ai Compliance Scanner|Cloud Management Ai|Robotics Training Ai|Customer Insights Ai|Voice Assistant Ai|Blockchain Verifier Ai|Cybersecurity Shield|Content Studio Ai|Smart Home Ai|Supply Chain Optimizer|Data Visualization Ai|Workflow Automation|Sentiment Analyzer|Image Recognition Ai|Video Editor Ai|Speech To Text Ai|Text To Speech Ai|Fraud Prevention Ai|Recommendation Engine|Network Security Ai|Database Optimizer|Ai Testing Platform|Virtual Assistant Builder|Machine Learning Builder|Ai Ethics Auditor|Predictive Analytics Ai|Ai Training Platform|Tech Ventures Portfolio,aligned
Worldwidebro/tech-003-cloud-management-ai,tech-003-cloud-management-ai,True,Tech 003 Cloud Management Ai - Part of Civilization OS venture ecosystem,,0,61,TECH-001-Quantum-Algorithm-AI|TECH-002-AI-Compliance-Scanner|TECH-003-Cloud-Management-AI|TECH-004-Robotics-Training-AI|TECH-005-Customer-Insights-AI|TECH-006-Voice-Assistant-AI|TECH-007-Blockchain-Verifier-AI|TECH-008-Cybersecurity-Shield|TECH-009-Content-Studio-AI|TECH-010-Smart-Home-AI|TECH-011-Supply-Chain-Optimizer|TECH-012-Data-Visualization-AI|TECH-013-Workflow-Automation|TECH-014-Sentiment-Analyzer|TECH-015-Image-Recognition-AI|TECH-016-Video-Editor-AI|TECH-017-Speech-to-Text-AI|TECH-018-Text-to-Speech-AI|TECH-019-Fraud-Prevention-AI|TECH-020-Recommendation-Engine|TECH-021-Network-Security-AI|TECH-022-Database-Optimizer|TECH-023-AI-Testing-Platform|TECH-024-Virtual-Assistant-Builder|TECH-025-Machine-Learning-Builder|TECH-026-AI-Ethics-Auditor|TECH-027-Predictive-Analytics-AI|TECH-028-AI-Training-Platform|TECH-029-Digital-Twin-AI|TECH-030-AI-Monitoring-System|TECH-031-Edge-Computing-AI|TECH-032-AI-Integration-Hub|TECH-033-Quantum-Algorithm-AI|TECH-034-AI-Compliance-Scanner|TECH-035-Cloud-Management-AI|TECH-036-Robotics-Training-AI|TECH-037-Customer-Insights-AI|TECH-038-Voice-Assistant-AI|TECH-039-Blockchain-Verifier-AI|TECH-040-Cybersecurity-Shield|TECH-041-Content-Studio-AI|TECH-042-Smart-Home-AI|TECH-043-Supply-Chain-Optimizer|TECH-044-Data-Visualization-AI|TECH-045-Workflow-Automation|TECH-046-Sentiment-Analyzer|TECH-047-Image-Recognition-AI|TECH-048-Video-Editor-AI|TECH-049-Speech-to-Text-AI|TECH-050-Text-to-Speech-AI|TECH-051-Fraud-Prevention-AI|TECH-052-Recommendation-Engine|TECH-053-Network-Security-AI|TECH-054-Database-Optimizer|TECH-055-AI-Testing-Platform|TECH-056-Virtual-Assistant-Builder|TECH-057-Machine-Learning-Builder|TECH-058-AI-Ethics-Auditor|TECH-059-Predictive-Analytics-AI|TECH-060-AI-Training-Platform|TECH-061-TECH-VENTURES-PORTFOLIO,Quantum Algorithm Ai|Ai Compliance Scanner|Cloud Management Ai|Robotics Training Ai|Customer Insights Ai|Voice Assistant Ai|Blockchain Verifier Ai|Cybersecurity Shield|Content Studio Ai|Smart Home Ai|Supply Chain Optimizer|Data Visualization Ai|Workflow Automation|Sentiment Analyzer|Image Recognition Ai|Video Editor Ai|Speech To Text Ai|Text To Speech Ai|Fraud Prevention Ai|Recommendation Engine|Network Security Ai|Database Optimizer|Ai Testing Platform|Virtual Assistant Builder|Machine Learning Builder|Ai Ethics Auditor|Predictive Analytics Ai|Ai Training Platform|Digital Twin Ai|Ai Monitoring System|Edge Computing Ai|Ai Integration Hub|Quantum Algorithm Ai|Ai Compliance Scanner|Cloud Management Ai|Robotics Training Ai|Customer Insights Ai|Voice Assistant Ai|Blockchain Verifier Ai|Cybersecurity Shield|Content Studio Ai|Smart Home Ai|Supply Chain Optimizer|Data Visualization Ai|Workflow Automation|Sentiment Analyzer|Image Recognition Ai|Video Editor Ai|Speech To Text Ai|Text To Speech Ai|Fraud Prevention Ai|Recommendation Engine|Network Security Ai|Database Optimizer|Ai Testing Platform|Virtual Assistant Builder|Machine Learning Builder|Ai Ethics Auditor|Predictive Analytics Ai|Ai Training Platform|Tech Ventures Portfolio,aligned
Worldwidebro/tech-004-robotics-training-ai,tech-004-robotics-training-ai,True,Tech 004 Robotics Training Ai - Part of Civilization OS venture ecosystem,,0,61,TECH-001-Quantum-Algorithm-AI|TECH-002-AI-Compliance-Scanner|TECH-003-Cloud-Management-AI|TECH-004-Robotics-Training-AI|TECH-005-Customer-Insights-AI|TECH-006-Voice-Assistant-AI|TECH-007-Blockchain-Verifier-AI|TECH-008-Cybersecurity-Shield|TECH-009-Content-Studio-AI|TECH-010-Smart-Home-AI|TECH-011-Supply-Chain-Optimizer|TECH-012-Data-Visualization-AI|TECH-013-Workflow-Automation|TECH-014-Sentiment-Analyzer|TECH-015-Image-Recognition-AI|TECH-016-Video-Editor-AI|TECH-017-Speech-to-Text-AI|TECH-018-Text-to-Speech-AI|TECH-019-Fraud-Prevention-AI|TECH-020-Recommendation-Engine|TECH-021-Network-Security-AI|TECH-022-Database-Optimizer|TECH-023-AI-Testing-Platform|TECH-024-Virtual-Assistant-Builder|TECH-025-Machine-Learning-Builder|TECH-026-AI-Ethics-Auditor|TECH-027-Predictive-Analytics-AI|TECH-028-AI-Training-Platform|TECH-029-Digital-Twin-AI|TECH-030-AI-Monitoring-System|TECH-031-Edge-Computing-AI|TECH-032-AI-Integration-Hub|TECH-033-Quantum-Algorithm-AI|TECH-034-AI-Compliance-Scanner|TECH-035-Cloud-Management-AI|TECH-036-Robotics-Training-AI|TECH-037-Customer-Insights-AI|TECH-038-Voice-Assistant-AI|TECH-039-Blockchain-Verifier-AI|TECH-040-Cybersecurity-Shield|TECH-041-Content-Studio-AI|TECH-042-Smart-Home-AI|TECH-043-Supply-Chain-Optimizer|TECH-044-Data-Visualization-AI|TECH-045-Workflow-Automation|TECH-046-Sentiment-Analyzer|TECH-047-Image-Recognition-AI|TECH-048-Video-Editor-AI|TECH-049-Speech-to-Text-AI|TECH-050-Text-to-Speech-AI|TECH-051-Fraud-Prevention-AI|TECH-052-Recommendation-Engine|TECH-053-Network-Security-AI|TECH-054-Database-Optimizer|TECH-055-AI-Testing-Platform|TECH-056-Virtual-Assistant-Builder|TECH-057-Machine-Learning-Builder|TECH-058-AI-Ethics-Auditor|TECH-059-Predictive-Analytics-AI|TECH-060-AI-Training-Platform|TECH-061-TECH-VENTURES-PORTFOLIO,Quantum Algorithm Ai|Ai Compliance Scanner|Cloud Management Ai|Robotics Training Ai|Customer Insights Ai|Voice Assistant Ai|Blockchain Verifier Ai|Cybersecurity Shield|Content Studio Ai|Smart Home Ai|Supply Chain Optimizer|Data Visualization Ai|Workflow Automation|Sentiment Analyzer|Image Recognition Ai|Video Editor Ai|Speech To Text Ai|Text To Speech Ai|Fraud Prevention Ai|Recommendation Engine|Network Security Ai|Database Optimizer|Ai Testing Platform|Virtual Assistant Builder|Machine Learning Builder|Ai Ethics Auditor|Predictive Analytics Ai|Ai Training Platform|Digital Twin Ai|Ai Monitoring System|Edge Computing Ai|Ai Integration Hub|Quantum Algorithm Ai|Ai Compliance Scanner|Cloud Management Ai|Robotics Training Ai|Customer Insights Ai|Voice Assistant Ai|Blockchain Verifier Ai|Cybersecurity Shield|Content Studio Ai|Smart Home Ai|Supply Chain Optimizer|Data Visualization Ai|Workflow Automation|Sentiment Analyzer|Image Recognition Ai|Video Editor Ai|Speech To Text Ai|Text To Speech Ai|Fraud Prevention Ai|Recommendation Engine|Network Security Ai|Database Optimizer|Ai Testing Platform|Virtual Assistant Builder|Machine Learning Builder|Ai Ethics Auditor|Predictive Analytics Ai|Ai Training Platform|Tech Ventures Portfolio,aligned
Worldwidebro/tech-005-customer-insights-ai,tech-005-customer-insights-ai,True,Tech 005 Customer Insights Ai - Part of Civilization OS venture ecosystem,,0,61,TECH-001-Quantum-Algorithm-AI|TECH-002-AI-Compliance-Scanner|TECH-003-Cloud-Management-AI|TECH-004-Robotics-Training-AI|TECH-005-Customer-Insights-AI|TECH-006-Voice-Assistant-AI|TECH-007-Blockchain-Verifier-AI|TECH-008-Cybersecurity-Shield|TECH-009-Content-Studio-AI|TECH-010-Smart-Home-AI|TECH-011-Supply-Chain-Optimizer|TECH-012-Data-Visualization-AI|TECH-013-Workflow-Automation|TECH-014-Sentiment-Analyzer|TECH-015-Image-Recognition-AI|TECH-016-Video-Editor-AI|TECH-017-Speech-to-Text-AI|TECH-018-Text-to-Speech-AI|TECH-019-Fraud-Prevention-AI|TECH-020-Recommendation-Engine|TECH-021-Network-Security-AI|TECH-022-Database-Optimizer|TECH-023-AI-Testing-Platform|TECH-024-Virtual-Assistant-Builder|TECH-025-Machine-Learning-Builder|TECH-026-AI-Ethics-Auditor|TECH-027-Predictive-Analytics-AI|TECH-028-AI-Training-Platform|TECH-029-Digital-Twin-AI|TECH-030-AI-Monitoring-System|TECH-031-Edge-Computing-AI|TECH-032-AI-Integration-Hub|TECH-033-Quantum-Algorithm-AI|TECH-034-AI-Compliance-Scanner|TECH-035-Cloud-Management-AI|TECH-036-Robotics-Training-AI|TECH-037-Customer-Insights-AI|TECH-038-Voice-Assistant-AI|TECH-039-Blockchain-Verifier-AI|TECH-040-Cybersecurity-Shield|TECH-041-Content-Studio-AI|TECH-042-Smart-Home-AI|TECH-043-Supply-Chain-Optimizer|TECH-044-Data-Visualization-AI|TECH-045-Workflow-Automation|TECH-046-Sentiment-Analyzer|TECH-047-Image-Recognition-AI|TECH-048-Video-Editor-AI|TECH-049-Speech-to-Text-AI|TECH-050-Text-to-Speech-AI|TECH-051-Fraud-Prevention-AI|TECH-052-Recommendation-Engine|TECH-053-Network-Security-AI|TECH-054-Database-Optimizer|TECH-055-AI-Testing-Platform|TECH-056-Virtual-Assistant-Builder|TECH-057-Machine-Learning-Builder|TECH-058-AI-Ethics-Auditor|TECH-059-Predictive-Analytics-AI|TECH-060-AI-Training-Platform|TECH-061-TECH-VENTURES-PORTFOLIO,Quantum Algorithm Ai|Ai Compliance Scanner|Cloud Management Ai|Robotics Training Ai|Customer Insights Ai|Voice Assistant Ai|Blockchain Verifier Ai|Cybersecurity Shield|Content Studio Ai|Smart Home Ai|Supply Chain Optimizer|Data Visualization Ai|Workflow Automation|Sentiment Analyzer|Image Recognition Ai|Video Editor Ai|Speech To Text Ai|Text To Speech Ai|Fraud Prevention Ai|Recommendation Engine|Network Security Ai|Database Optimizer|Ai Testing Platform|Virtual Assistant Builder|Machine Learning Builder|Ai Ethics Auditor|Predictive Analytics Ai|Ai Training Platform|Digital Twin Ai|Ai Monitoring System|Edge Computing Ai|Ai Integration Hub|Quantum Algorithm Ai|Ai Compliance Scanner|Cloud Management Ai|Robotics Training Ai|Customer Insights Ai|Voice Assistant Ai|Blockchain Verifier Ai|Cybersecurity Shield|Content Studio Ai|Smart Home Ai|Supply Chain Optimizer|Data Visualization Ai|Workflow Automation|Sentiment Analyzer|Image Recognition Ai|Video Editor Ai|Speech To Text Ai|Text To Speech Ai|Fraud Prevention Ai|Recommendation Engine|Network Security Ai|Database Optimizer|Ai Testing Platform|Virtual Assistant Builder|Machine Learning Builder|Ai Ethics Auditor|Predictive Analytics Ai|Ai Training Platform|Tech Ventures Portfolio,aligned
Worldwidebro/tech-006-voice-assistant-ai,tech-006-voice-assistant-ai,True,Tech 006 Voice Assistant Ai - Part of Civilization OS venture ecosystem,,0,61,TECH-001-Quantum-Algorithm-AI|TECH-002-AI-Compliance-Scanner|TECH-003-Cloud-Management-AI|TECH-004-Robotics-Training-AI|TECH-005-Customer-Insights-AI|TECH-006-Voice-Assistant-AI|TECH-007-Blockchain-Verifier-AI|TECH-008-Cybersecurity-Shield|TECH-009-Content-Studio-AI|TECH-010-Smart-Home-AI|TECH-011-Supply-Chain-Optimizer|TECH-012-Data-Visualization-AI|TECH-013-Workflow-Automation|TECH-014-Sentiment-Analyzer|TECH-015-Image-Recognition-AI|TECH-016-Video-Editor-AI|TECH-017-Speech-to-Text-AI|TECH-018-Text-to-Speech-AI|TECH-019-Fraud-Prevention-AI|TECH-020-Recommendation-Engine|TECH-021-Network-Security-AI|TECH-022-Database-Optimizer|TECH-023-AI-Testing-Platform|TECH-024-Virtual-Assistant-Builder|TECH-025-Machine-Learning-Builder|TECH-026-AI-Ethics-Auditor|TECH-027-Predictive-Analytics-AI|TECH-028-AI-Training-Platform|TECH-029-Digital-Twin-AI|TECH-030-AI-Monitoring-System|TECH-031-Edge-Computing-AI|TECH-032-AI-Integration-Hub|TECH-033-Quantum-Algorithm-AI|TECH-034-AI-Compliance-Scanner|TECH-035-Cloud-Management-AI|TECH-036-Robotics-Training-AI|TECH-037-Customer-Insights-AI|TECH-038-Voice-Assistant-AI|TECH-039-Blockchain-Verifier-AI|TECH-040-Cybersecurity-Shield|TECH-041-Content-Studio-AI|TECH-042-Smart-Home-AI|TECH-043-Supply-Chain-Optimizer|TECH-044-Data-Visualization-AI|TECH-045-Workflow-Automation|TECH-046-Sentiment-Analyzer|TECH-047-Image-Recognition-AI|TECH-048-Video-Editor-AI|TECH-049-Speech-to-Text-AI|TECH-050-Text-to-Speech-AI|TECH-051-Fraud-Prevention-AI|TECH-052-Recommendation-Engine|TECH-053-Network-Security-AI|TECH-054-Database-Optimizer|TECH-055-AI-Testing-Platform|TECH-056-Virtual-Assistant-Builder|TECH-057-Machine-Learning-Builder|TECH-058-AI-Ethics-Auditor|TECH-059-Predictive-Analytics-AI|TECH-060-AI-Training-Platform|TECH-061-TECH-VENTURES-PORTFOLIO,Quantum Algorithm Ai|Ai Compliance Scanner|Cloud Management Ai|Robotics Training Ai|Customer Insights Ai|Voice Assistant Ai|Blockchain Verifier Ai|Cybersecurity Shield|Content Studio Ai|Smart Home Ai|Supply Chain Optimizer|Data Visualization Ai|Workflow Automation|Sentiment Analyzer|Image Recognition Ai|Video Editor Ai|Speech To Text Ai|Text To Speech Ai|Fraud Prevention Ai|Recommendation Engine|Network Security Ai|Database Optimizer|Ai Testing Platform|Virtual Assistant Builder|Machine Learning Builder|Ai Ethics Auditor|Predictive Analytics Ai|Ai Training Platform|Digital Twin Ai|Ai Monitoring System|Edge Computing Ai|Ai Integration Hub|Quantum Algorithm Ai|Ai Compliance Scanner|Cloud Management Ai|Robotics Training Ai|Customer Insights Ai|Voice Assistant Ai|Blockchain Verifier Ai|Cybersecurity Shield|Content Studio Ai|Smart Home Ai|Supply Chain Optimizer|Data Visualization Ai|Workflow Automation|Sentiment Analyzer|Image Recognition Ai|Video Editor Ai|Speech To Text Ai|Text To Speech Ai|Fraud Prevention Ai|Recommendation Engine|Network Security Ai|Database Optimizer|Ai Testing Platform|Virtual Assistant Builder|Machine Learning Builder|Ai Ethics Auditor|Predictive Analytics Ai|Ai Training Platform|Tech Ventures Portfolio,aligned
Worldwidebro/tech-007-blockchain-verifier-ai,tech-007-blockchain-verifier-ai,True,Tech 007 Blockchain Verifier Ai - Part of Civilization OS venture ecosystem,,0,59,TECH-001-Quantum-Algorithm-AI|TECH-002-AI-Compliance-Scanner|TECH-003-Cloud-Management-AI|TECH-004-Robotics-Training-AI|TECH-005-Customer-Insights-AI|TECH-006-Voice-Assistant-AI|TECH-007-Blockchain-Verifier-AI|TECH-008-Cybersecurity-Shield|TECH-009-Content-Studio-AI|TECH-010-Smart-Home-AI|TECH-011-Supply-Chain-Optimizer|TECH-012-Data-Visualization-AI|TECH-013-Workflow-Automation|TECH-014-Sentiment-Analyzer|TECH-015-Image-Recognition-AI|TECH-016-Video-Editor-AI|TECH-017-Speech-to-Text-AI|TECH-018-Text-to-Speech-AI|TECH-019-Fraud-Prevention-AI|TECH-021-Network-Security-AI|TECH-022-Database-Optimizer|TECH-023-AI-Testing-Platform|TECH-024-Virtual-Assistant-Builder|TECH-025-Machine-Learning-Builder|TECH-026-AI-Ethics-Auditor|TECH-027-Predictive-Analytics-AI|TECH-028-AI-Training-Platform|TECH-029-Digital-Twin-AI|TECH-030-AI-Monitoring-System|TECH-031-Edge-Computing-AI|TECH-032-AI-Integration-Hub|TECH-033-Quantum-Algorithm-AI|TECH-034-AI-Compliance-Scanner|TECH-035-Cloud-Management-AI|TECH-036-Robotics-Training-AI|TECH-037-Customer-Insights-AI|TECH-038-Voice-Assistant-AI|TECH-039-Blockchain-Verifier-AI|TECH-040-Cybersecurity-Shield|TECH-041-Content-Studio-AI|TECH-042-Smart-Home-AI|TECH-043-Supply-Chain-Optimizer|TECH-044-Data-Visualization-AI|TECH-045-Workflow-Automation|TECH-046-Sentiment-Analyzer|TECH-047-Image-Recognition-AI|TECH-048-Video-Editor-AI|TECH-049-Speech-to-Text-AI|TECH-050-Text-to-Speech-AI|TECH-051-Fraud-Prevention-AI|TECH-053-Network-Security-AI|TECH-054-Database-Optimizer|TECH-055-AI-Testing-Platform|TECH-056-Virtual-Assistant-Builder|TECH-057-Machine-Learning-Builder|TECH-058-AI-Ethics-Auditor|TECH-059-Predictive-Analytics-AI|TECH-060-AI-Training-Platform|TECH-061-TECH-VENTURES-PORTFOLIO,Quantum Algorithm Ai|Ai Compliance Scanner|Cloud Management Ai|Robotics Training Ai|Customer Insights Ai|Voice Assistant Ai|Blockchain Verifier Ai|Cybersecurity Shield|Content Studio Ai|Smart Home Ai|Supply Chain Optimizer|Data Visualization Ai|Workflow Automation|Sentiment Analyzer|Image Recognition Ai|Video Editor Ai|Speech To Text Ai|Text To Speech Ai|Fraud Prevention Ai|Network Security Ai|Database Optimizer|Ai Testing Platform|Virtual Assistant Builder|Machine Learning Builder|Ai Ethics Auditor|Predictive Analytics Ai|Ai Training Platform|Digital Twin Ai|Ai Monitoring System|Edge Computing Ai|Ai Integration Hub|Quantum Algorithm Ai|Ai Compliance Scanner|Cloud Management Ai|Robotics Training Ai|Customer Insights Ai|Voice Assistant Ai|Blockchain Verifier Ai|Cybersecurity Shield|Content Studio Ai|Smart Home Ai|Supply Chain Optimizer|Data Visualization Ai|Workflow Automation|Sentiment Analyzer|Image Recognition Ai|Video Editor Ai|Speech To Text Ai|Text To Speech Ai|Fraud Prevention Ai|Network Security Ai|Database Optimizer|Ai Testing Platform|Virtual Assistant Builder|Machine Learning Builder|Ai Ethics Auditor|Predictive Analytics Ai|Ai Training Platform|Tech Ventures Portfolio,aligned
Worldwidebro/tech-009-content-studio-ai,tech-009-content-studio-ai,True,Tech 009 Content Studio Ai - Part of Civilization OS venture ecosystem,,0,53,TECH-001-Quantum-Algorithm-AI|TECH-002-AI-Compliance-Scanner|TECH-003-Cloud-Management-AI|TECH-004-Robotics-Training-AI|TECH-005-Customer-Insights-AI|TECH-006-Voice-Assistant-AI|TECH-007-Blockchain-Verifier-AI|TECH-008-Cybersecurity-Shield|TECH-009-Content-Studio-AI|TECH-010-Smart-Home-AI|TECH-011-Supply-Chain-Optimizer|TECH-012-Data-Visualization-AI|TECH-013-Workflow-Automation|TECH-014-Sentiment-Analyzer|TECH-015-Image-Recognition-AI|TECH-016-Video-Editor-AI|TECH-017-Speech-to-Text-AI|TECH-018-Text-to-Speech-AI|TECH-019-Fraud-Prevention-AI|TECH-021-Network-Security-AI|TECH-022-Database-Optimizer|TECH-024-Virtual-Assistant-Builder|TECH-025-Machine-Learning-Builder|TECH-026-AI-Ethics-Auditor|TECH-027-Predictive-Analytics-AI|TECH-029-Digital-Twin-AI|TECH-030-AI-Monitoring-System|TECH-031-Edge-Computing-AI|TECH-033-Quantum-Algorithm-AI|TECH-034-AI-Compliance-Scanner|TECH-035-Cloud-Management-AI|TECH-036-Robotics-Training-AI|TECH-037-Customer-Insights-AI|TECH-038-Voice-Assistant-AI|TECH-039-Blockchain-Verifier-AI|TECH-040-Cybersecurity-Shield|TECH-042-Smart-Home-AI|TECH-043-Supply-Chain-Optimizer|TECH-044-Data-Visualization-AI|TECH-045-Workflow-Automation|TECH-046-Sentiment-Analyzer|TECH-047-Image-Recognition-AI|TECH-048-Video-Editor-AI|TECH-049-Speech-to-Text-AI|TECH-050-Text-to-Speech-AI|TECH-051-Fraud-Prevention-AI|TECH-053-Network-Security-AI|TECH-054-Database-Optimizer|TECH-056-Virtual-Assistant-Builder|TECH-057-Machine-Learning-Builder|TECH-058-AI-Ethics-Auditor|TECH-059-Predictive-Analytics-AI|TECH-061-TECH-VENTURES-PORTFOLIO,Quantum Algorithm Ai|Ai Compliance Scanner|Cloud Management Ai|Robotics Training Ai|Customer Insights Ai|Voice Assistant Ai|Blockchain Verifier Ai|Cybersecurity Shield|Content Studio Ai|Smart Home Ai|Supply Chain Optimizer|Data Visualization Ai|Workflow Automation|Sentiment Analyzer|Image Recognition Ai|Video Editor Ai|Speech To Text Ai|Text To Speech Ai|Fraud Prevention Ai|Network Security Ai|Database Optimizer|Virtual Assistant Builder|Machine Learning Builder|Ai Ethics Auditor|Predictive Analytics Ai|Digital Twin Ai|Ai Monitoring System|Edge Computing Ai|Quantum Algorithm Ai|Ai Compliance Scanner|Cloud Management Ai|Robotics Training Ai|Customer Insights Ai|Voice Assistant Ai|Blockchain Verifier Ai|Cybersecurity Shield|Smart Home Ai|Supply Chain Optimizer|Data Visualization Ai|Workflow Automation|Sentiment Analyzer|Image Recognition Ai|Video Editor Ai|Speech To Text Ai|Text To Speech Ai|Fraud Prevention Ai|Network Security Ai|Database Optimizer|Virtual Assistant Builder|Machine Learning Builder|Ai Ethics Auditor|Predictive Analytics Ai|Tech Ventures Portfolio,aligned
Worldwidebro/tech-010-smart-home-ai,tech-010-smart-home-ai,True,Tech 010 Smart Home Ai - Part of Civilization OS venture ecosystem,,0,52,TECH-001-Quantum-Algorithm-AI|TECH-002-AI-Compliance-Scanner|TECH-003-Cloud-Management-AI|TECH-004-Robotics-Training-AI|TECH-005-Customer-Insights-AI|TECH-006-Voice-Assistant-AI|TECH-007-Blockchain-Verifier-AI|TECH-008-Cybersecurity-Shield|TECH-010-Smart-Home-AI|TECH-011-Supply-Chain-Optimizer|TECH-012-Data-Visualization-AI|TECH-013-Workflow-Automation|TECH-014-Sentiment-Analyzer|TECH-015-Image-Recognition-AI|TECH-016-Video-Editor-AI|TECH-017-Speech-to-Text-AI|TECH-018-Text-to-Speech-AI|TECH-019-Fraud-Prevention-AI|TECH-021-Network-Security-AI|TECH-022-Database-Optimizer|TECH-024-Virtual-Assistant-Builder|TECH-025-Machine-Learning-Builder|TECH-026-AI-Ethics-Auditor|TECH-027-Predictive-Analytics-AI|TECH-029-Digital-Twin-AI|TECH-030-AI-Monitoring-System|TECH-031-Edge-Computing-AI|TECH-033-Quantum-Algorithm-AI|TECH-034-AI-Compliance-Scanner|TECH-035-Cloud-Management-AI|TECH-036-Robotics-Training-AI|TECH-037-Customer-Insights-AI|TECH-038-Voice-Assistant-AI|TECH-039-Blockchain-Verifier-AI|TECH-040-Cybersecurity-Shield|TECH-042-Smart-Home-AI|TECH-043-Supply-Chain-Optimizer|TECH-044-Data-Visualization-AI|TECH-045-Workflow-Automation|TECH-046-Sentiment-Analyzer|TECH-047-Image-Recognition-AI|TECH-048-Video-Editor-AI|TECH-049-Speech-to-Text-AI|TECH-050-Text-to-Speech-AI|TECH-051-Fraud-Prevention-AI|TECH-053-Network-Security-AI|TECH-054-Database-Optimizer|TECH-056-Virtual-Assistant-Builder|TECH-057-Machine-Learning-Builder|TECH-058-AI-Ethics-Auditor|TECH-059-Predictive-Analytics-AI|TECH-061-TECH-VENTURES-PORTFOLIO,Quantum Algorithm Ai|Ai Compliance Scanner|Cloud Management Ai|Robotics Training Ai|Customer Insights Ai|Voice Assistant Ai|Blockchain Verifier Ai|Cybersecurity Shield|Smart Home Ai|Supply Chain Optimizer|Data Visualization Ai|Workflow Automation|Sentiment Analyzer|Image Recognition Ai|Video Editor Ai|Speech To Text Ai|Text To Speech Ai|Fraud Prevention Ai|Network Security Ai|Database Optimizer|Virtual Assistant Builder|Machine Learning Builder|Ai Ethics Auditor|Predictive Analytics Ai|Digital Twin Ai|Ai Monitoring System|Edge Computing Ai|Quantum Algorithm Ai|Ai Compliance Scanner|Cloud Management Ai|Robotics Training Ai|Customer Insights Ai|Voice Assistant Ai|Blockchain Verifier Ai|Cybersecurity Shield|Smart Home Ai|Supply Chain Optimizer|Data Visualization Ai|Workflow Automation|Sentiment Analyzer|Image Recognition Ai|Video Editor Ai|Speech To Text Ai|Text To Speech Ai|Fraud Prevention Ai|Network Security Ai|Database Optimizer|Virtual Assistant Builder|Machine Learning Builder|Ai Ethics Auditor|Predictive Analytics Ai|Tech Ventures Portfolio,aligned
Worldwidebro/tech-011-supply-chain-optimizer,tech-011-supply-chain-optimizer,True,Tech 011 Supply Chain Optimizer - Part of Civilization OS venture ecosystem,,0,13,TECH-001-Quantum-Algorithm-AI|TECH-002-AI-Compliance-Scanner|TECH-003-Cloud-Management-AI|TECH-004-Robotics-Training-AI|TECH-005-Customer-Insights-AI|TECH-006-Voice-Assistant-AI|TECH-007-Blockchain-Verifier-AI|TECH-008-Cybersecurity-Shield|TECH-010-Smart-Home-AI|TECH-011-Supply-Chain-Optimizer|TECH-019-Fraud-Prevention-AI|TECH-036-Robotics-Training-AI|TECH-050-Text-to-Speech-AI,Quantum Algorithm Ai|Ai Compliance Scanner|Cloud Management Ai|Robotics Training Ai|Customer Insights Ai|Voice Assistant Ai|Blockchain Verifier Ai|Cybersecurity Shield|Smart Home Ai|Supply Chain Optimizer|Fraud Prevention Ai|Robotics Training Ai|Text To Speech Ai,aligned
Worldwidebro/tech-012-data-visualization-ai,tech-012-data-visualization-ai,True,Tech 012 Data Visualization Ai - Part of Civilization OS venture ecosystem,,0,1,TECH-012-Data-Visualization-AI,Data Visualization Ai,aligned
Worldwidebro/tech-013-workflow-automation,tech-013-workflow-automation,True,Tech 013 Workflow Automation - Part of Civilization OS venture ecosystem,,0,1,TECH-013-Workflow-Automation,Workflow Automation,aligned
Worldwidebro/tech-014-sentiment-analyzer,tech-014-sentiment-analyzer,True,Tech 014 Sentiment Analyzer - Part of Civilization OS venture ecosystem,,0,1,TECH-014-Sentiment-Analyzer,Sentiment Analyzer,aligned
Worldwidebro/tech-015-image-recognition-ai,tech-015-image-recognition-ai,True,Tech 015 Image Recognition Ai - Part of Civilization OS venture ecosystem,,0,1,TECH-015-Image-Recognition-AI,Image Recognition Ai,aligned
Worldwidebro/tech-016-video-editor-ai,tech-016-video-editor-ai,True,Tech 016 Video Editor Ai - Part of Civilization OS venture ecosystem,,0,1,TECH-016-Video-Editor-AI,Video Editor Ai,aligned
Worldwidebro/tech-017-speech-to-text-ai,tech-017-speech-to-text-ai,True,Tech 017 Speech To Text Ai - Part of Civilization OS venture ecosystem,,0,1,TECH-017-Speech-to-Text-AI,Speech To Text Ai,aligned
Worldwidebro/tech-018-text-to-speech-ai,tech-018-text-to-speech-ai,True,Tech 018 Text To Speech Ai - Part of Civilization OS venture ecosystem,,0,1,TECH-018-Text-to-Speech-AI,Text To Speech Ai,aligned
Worldwidebro/tech-020-recommendation-engine,tech-020-recommendation-engine,True,Tech 020 Recommendation Engine - Part of Civilization OS venture ecosystem,,0,1,TECH-020-Recommendation-Engine,Recommendation Engine,aligned
Worldwidebro/tech-021-network-security-ai,tech-021-network-security-ai,True,Tech 021 Network Security Ai - Part of Civilization OS venture ecosystem,,0,1,TECH-021-Network-Security-AI,Network Security Ai,aligned
Worldwidebro/tech-022-database-optimizer,tech-022-database-optimizer,True,Tech 022 Database Optimizer - Part of Civilization OS venture ecosystem,,0,10,FIN-003-AI-Boss-Hub-Lite|TECH-009-Content-Studio-AI|TECH-022-Database-Optimizer|TECH-023-AI-Testing-Platform|TECH-028-AI-Training-Platform|TECH-032-AI-Integration-Hub|TECH-041-Content-Studio-AI|TECH-055-AI-Testing-Platform|TECH-060-AI-Training-Platform|EDU-007-AI-Tutoring-Platform,Ai Boss Hub Lite|Content Studio Ai|Database Optimizer|Ai Testing Platform|Ai Training Platform|Ai Integration Hub|Content Studio Ai|Ai Testing Platform|Ai Training Platform|Ai Tutoring Platform,aligned
Worldwidebro/tech-023-ai-testing-platform,tech-023-ai-testing-platform,True,Tech 023 Ai Testing Platform - Part of Civilization OS venture ecosystem,,0,1,TECH-023-AI-Testing-Platform,Ai Testing Platform,aligned
Worldwidebro/tech-024-virtual-assistant-builder,tech-024-virtual-assistant-builder,True,Tech 024 Virtual Assistant Builder - Part of Civilization OS venture ecosystem,,0,1,TECH-024-Virtual-Assistant-Builder,Virtual Assistant Builder,aligned
Worldwidebro/tech-025-machine-learning-builder,tech-025-machine-learning-builder,True,Tech 025 Machine Learning Builder - Part of Civilization OS venture ecosystem,,0,1,TECH-025-Machine-Learning-Builder,Machine Learning Builder,aligned
Worldwidebro/tech-026-ai-ethics-auditor,tech-026-ai-ethics-auditor,True,Tech 026 Ai Ethics Auditor - Part of Civilization OS venture ecosystem,,0,1,TECH-026-AI-Ethics-Auditor,Ai Ethics Auditor,aligned
Worldwidebro/tech-027-predictive-analytics-ai,tech-027-predictive-analytics-ai,True,Tech 027 Predictive Analytics Ai - Part of Civilization OS venture ecosystem,,0,1,TECH-027-Predictive-Analytics-AI,Predictive Analytics Ai,aligned
Worldwidebro/tech-028-ai-training-platform,tech-028-ai-training-platform,True,Tech 028 Ai Training Platform - Part of Civilization OS venture ecosystem,,0,1,TECH-028-AI-Training-Platform,Ai Training Platform,aligned
Worldwidebro/tech-029-digital-twin-ai,tech-029-digital-twin-ai,True,Tech 029 Digital Twin Ai - Part of Civilization OS venture ecosystem,,0,1,TECH-029-Digital-Twin-AI,Digital Twin Ai,aligned
Worldwidebro/tech-030-ai-monitoring-system,tech-030-ai-monitoring-system,True,Tech 030 Ai Monitoring System - Part of Civilization OS venture ecosystem,,0,1,TECH-030-AI-Monitoring-System,Ai Monitoring System,aligned
Worldwidebro/tech-031-edge-computing-ai,tech-031-edge-computing-ai,True,Tech 031 Edge Computing Ai - Part of Civilization OS venture ecosystem,,0,1,TECH-031-Edge-Computing-AI,Edge Computing Ai,aligned
Worldwidebro/tech-032-ai-integration-hub,tech-032-ai-integration-hub,True,Tech 032 Ai Integration Hub - Part of Civilization OS venture ecosystem,,0,1,TECH-032-AI-Integration-Hub,Ai Integration Hub,aligned
Worldwidebro/tech-033-quantum-algorithm-ai,tech-033-quantum-algorithm-ai,True,Tech 033 Quantum Algorithm Ai - Part of Civilization OS venture ecosystem,,0,1,TECH-033-Quantum-Algorithm-AI,Quantum Algorithm Ai,aligned
Worldwidebro/tech-034-ai-compliance-scanner,tech-034-ai-compliance-scanner,True,Tech 034 Ai Compliance Scanner - Part of Civilization OS venture ecosystem,,0,1,TECH-034-AI-Compliance-Scanner,Ai Compliance Scanner,aligned
Worldwidebro/tech-035-cloud-management-ai,tech-035-cloud-management-ai,True,Tech 035 Cloud Management Ai - Part of Civilization OS venture ecosystem,,0,1,TECH-035-Cloud-Management-AI,Cloud Management Ai,aligned
Worldwidebro/tech-037-customer-insights-ai,tech-037-customer-insights-ai,True,Tech 037 Customer Insights Ai - Part of Civilization OS venture ecosystem,,0,1,TECH-037-Customer-Insights-AI,Customer Insights Ai,aligned
Worldwidebro/tech-038-voice-assistant-ai,tech-038-voice-assistant-ai,True,Tech 038 Voice Assistant Ai - Part of Civilization OS venture ecosystem,,0,1,TECH-038-Voice-Assistant-AI,Voice Assistant Ai,aligned
Worldwidebro/tech-039-blockchain-verifier-ai,tech-039-blockchain-verifier-ai,True,Tech 039 Blockchain Verifier Ai - Part of Civilization OS venture ecosystem,,0,1,TECH-039-Blockchain-Verifier-AI,Blockchain Verifier Ai,aligned
Worldwidebro/tech-040-cybersecurity-shield,tech-040-cybersecurity-shield,True,Tech 040 Cybersecurity Shield - Part of Civilization OS venture ecosystem,,0,1,TECH-040-Cybersecurity-Shield,Cybersecurity Shield,aligned
Worldwidebro/tech-041-content-studio-ai,tech-041-content-studio-ai,True,Tech 041 Content Studio Ai - Part of Civilization OS venture ecosystem,,0,1,TECH-041-Content-Studio-AI,Content Studio Ai,aligned
Worldwidebro/tech-042-smart-home-ai,tech-042-smart-home-ai,True,Tech 042 Smart Home Ai - Part of Civilization OS venture ecosystem,,0,1,TECH-042-Smart-Home-AI,Smart Home Ai,aligned
Worldwidebro/tech-043-supply-chain-optimizer,tech-043-supply-chain-optimizer,True,Tech 043 Supply Chain Optimizer - Part of Civilization OS venture ecosystem,,0,1,TECH-043-Supply-Chain-Optimizer,Supply Chain Optimizer,aligned
Worldwidebro/tech-044-data-visualization-ai,tech-044-data-visualization-ai,True,Tech 044 Data Visualization Ai - Part of Civilization OS venture ecosystem,,0,1,TECH-044-Data-Visualization-AI,Data Visualization Ai,aligned
Worldwidebro/tech-045-workflow-automation,tech-045-workflow-automation,True,Tech 045 Workflow Automation - Part of Civilization OS venture ecosystem,,0,1,TECH-045-Workflow-Automation,Workflow Automation,aligned
Worldwidebro/tech-046-sentiment-analyzer,tech-046-sentiment-analyzer,True,Tech 046 Sentiment Analyzer - Part of Civilization OS venture ecosystem,,0,1,TECH-046-Sentiment-Analyzer,Sentiment Analyzer,aligned
Worldwidebro/tech-047-image-recognition-ai,tech-047-image-recognition-ai,True,Tech 047 Image Recognition Ai - Part of Civilization OS venture ecosystem,,0,1,TECH-047-Image-Recognition-AI,Image Recognition Ai,aligned
Worldwidebro/tech-048-video-editor-ai,tech-048-video-editor-ai,True,Tech 048 Video Editor Ai - Part of Civilization OS venture ecosystem,,0,1,TECH-048-Video-Editor-AI,Video Editor Ai,aligned
Worldwidebro/tech-049-speech-to-text-ai,tech-049-speech-to-text-ai,True,Tech 049 Speech To Text Ai - Part of Civilization OS venture ecosystem,,0,1,TECH-049-Speech-to-Text-AI,Speech To Text Ai,aligned
Worldwidebro/tech-051-fraud-prevention-ai,tech-051-fraud-prevention-ai,True,Tech 051 Fraud Prevention Ai - Part of Civilization OS venture ecosystem,,0,1,TECH-051-Fraud-Prevention-AI,Fraud Prevention Ai,aligned
Worldwidebro/tech-052-recommendation-engine,tech-052-recommendation-engine,True,Tech 052 Recommendation Engine - Part of Civilization OS venture ecosystem,,0,1,TECH-052-Recommendation-Engine,Recommendation Engine,aligned
Worldwidebro/tech-053-network-security-ai,tech-053-network-security-ai,True,Tech 053 Network Security Ai - Part of Civilization OS venture ecosystem,,0,1,TECH-053-Network-Security-AI,Network Security Ai,aligned
Worldwidebro/tech-054-database-optimizer,tech-054-database-optimizer,True,Tech 054 Database Optimizer - Part of Civilization OS venture ecosystem,,0,2,TECH-054-Database-Optimizer|EDU-007-AI-Tutoring-Platform,Database Optimizer|Ai Tutoring Platform,aligned
Worldwidebro/tech-055-ai-testing-platform,tech-055-ai-testing-platform,True,Tech 055 Ai Testing Platform - Part of Civilization OS venture ecosystem,,0,1,TECH-055-AI-Testing-Platform,Ai Testing Platform,aligned
Worldwidebro/tech-056-virtual-assistant-builder,tech-056-virtual-assistant-builder,True,Tech 056 Virtual Assistant Builder - Part of Civilization OS venture ecosystem,,0,1,TECH-056-Virtual-Assistant-Builder,Virtual Assistant Builder,aligned
Worldwidebro/tech-057-machine-learning-builder,tech-057-machine-learning-builder,True,Tech 057 Machine Learning Builder - Part of Civilization OS venture ecosystem,,0,1,TECH-057-Machine-Learning-Builder,Machine Learning Builder,aligned
Worldwidebro/tech-058-ai-ethics-auditor,tech-058-ai-ethics-auditor,True,Tech 058 Ai Ethics Auditor - Part of Civilization OS venture ecosystem,,0,1,TECH-058-AI-Ethics-Auditor,Ai Ethics Auditor,aligned
Worldwidebro/tech-059-predictive-analytics-ai,tech-059-predictive-analytics-ai,True,Tech 059 Predictive Analytics Ai - Part of Civilization OS venture ecosystem,,0,1,TECH-059-Predictive-Analytics-AI,Predictive Analytics Ai,aligned
Worldwidebro/tech-060-ai-training-platform,tech-060-ai-training-platform,True,Tech 060 Ai Training Platform - Part of Civilization OS venture ecosystem,,0,1,TECH-060-AI-Training-Platform,Ai Training Platform,aligned
Worldwidebro/tech-ventures-portfolio,tech-ventures-portfolio,True,Technology venture portfolio management for billionaire consciousness empire,Python,0,1,TECH-061-TECH-VENTURES-PORTFOLIO,Tech Ventures Portfolio,aligned
