repo_name,repo_slug,is_private,category,admin_owner,write_access,read_access,ventures_served
ace-community-impact-templates,,yes,aligned-venture,COO,COO,sector-team,
ace-ecommerce-templates,,yes,aligned-venture,COO,COO,sector-team,
acquisition-vehicle-automation,,yes,aligned-venture,COO,COO,sector-team,
ai-001-ai-command-center,,yes,aligned-venture,COO,COO,sector-team,
ai-002-api,,yes,aligned-venture,COO,COO,sector-team,
billionaire-brain-assistant,,yes,aligned-venture,COO,COO,sector-team,
billionaire-consciousness-empire,,yes,aligned-venture,COO,COO,sector-team,
business-template-marketplace,,yes,aligned-venture,COO,COO,sector-team,
bw-001-contracts,,yes,aligned-venture,COO,COO,sector-team,
bw-001-lash-extension-studio,,yes,aligned-venture,COO,COO,sector-team,
bw-001-up-next,,yes,aligned-venture,COO,COO,sector-team,
bw-001-up-next-business,,yes,aligned-venture,COO,COO,sector-team,
bw-001-up-next-code,,yes,aligned-venture,COO,COO,sector-team,
bw-001-up-next-web,,yes,aligned-venture,COO,COO,sector-team,
bw-002-mobile-lash-service,,yes,aligned-venture,COO,COO,sector-team,
bw-003-luxury-lash-bar,,yes,aligned-venture,COO,COO,sector-team,
bw-004-lash-training-academy,,yes,aligned-venture,COO,COO,sector-team,
bw-005-lash-supply-company,,yes,aligned-venture,COO,COO,sector-team,
bw-006-lash-glue-brand,,yes,aligned-venture,COO,COO,sector-team,
bw-007-lash-kits---tools,,yes,aligned-venture,COO,COO,sector-team,
bw-008-private-label-lashes,,yes,aligned-venture,COO,COO,sector-team,
bw-009-franchise-lash-salons,,yes,aligned-venture,COO,COO,sector-team,
bw-010-online-lash-education,,yes,aligned-venture,COO,COO,sector-team,
bw-011-nail-salon,,yes,aligned-venture,COO,COO,sector-team,
bw-012-mobile-nail-tech,,yes,aligned-venture,COO,COO,sector-team,
bw-013-luxury-nail-spa,,yes,aligned-venture,COO,COO,sector-team,
bw-014-press-on-nail-brand,,yes,aligned-venture,COO,COO,sector-team,
bw-015-nail-art-studio,,yes,aligned-venture,COO,COO,sector-team,
bw-016-nail-polish-brand,,yes,aligned-venture,COO,COO,sector-team,
bw-017-nail-care-products,,yes,aligned-venture,COO,COO,sector-team,
bw-018-nail-booking-marketplace,,yes,aligned-venture,COO,COO,sector-team,
bw-019-salon-management-software,,yes,aligned-venture,COO,COO,sector-team,
bw-020-ai-nail-design-generator,,yes,aligned-venture,COO,COO,sector-team,
bw-021-hair-salon,,yes,aligned-venture,COO,COO,sector-team,
bw-022-barbershop,,yes,aligned-venture,COO,COO,sector-team,
bw-023-mobile-hairstyling,,yes,aligned-venture,COO,COO,sector-team,
bw-024-hair-braiding-studio,,yes,aligned-venture,COO,COO,sector-team,
bw-025-wig-installation-studio,,yes,aligned-venture,COO,COO,sector-team,
bw-026-hair-extension-salon,,yes,aligned-venture,COO,COO,sector-team,
bw-027-hair-care-line,,yes,aligned-venture,COO,COO,sector-team,
bw-028-wig-brand,,yes,aligned-venture,COO,COO,sector-team,
bw-029-hair-extensions-brand,,yes,aligned-venture,COO,COO,sector-team,
bw-030-scalp-treatment-products,,yes,aligned-venture,COO,COO,sector-team,
bw-031-hair-marketplace,,yes,aligned-venture,COO,COO,sector-team,
bw-032-stylist-booking-platform,,yes,aligned-venture,COO,COO,sector-team,
bw-033-ai-hairstyle-simulator,,yes,aligned-venture,COO,COO,sector-team,
bw-034-salon-franchise-chain,,yes,aligned-venture,COO,COO,sector-team,
bw-035-makeup-studio,,yes,aligned-venture,COO,COO,sector-team,
bw-036-bridal-makeup-service,,yes,aligned-venture,COO,COO,sector-team,
bw-037-mobile-makeup-artist,,yes,aligned-venture,COO,COO,sector-team,
bw-038-photoshoot-makeup-team,,yes,aligned-venture,COO,COO,sector-team,
bw-039-cosmetics-brand,,yes,aligned-venture,COO,COO,sector-team,
bw-040-beauty-tools-brand,,yes,aligned-venture,COO,COO,sector-team,
capital-orchestrator,,yes,aligned-venture,COO,COO,sector-team,
civilization-os-infra,,yes,aligned-venture,COO,COO,sector-team,
comm-001-luminary-worldwide-events,,yes,aligned-venture,COO,COO,sector-team,
comm-002-brotherhood-coaching-network,,yes,aligned-venture,COO,COO,sector-team,
comm-003-ace-senior-care-connect,,yes,aligned-venture,COO,COO,sector-team,
comm-004-community-outreach-nonprofit,,yes,aligned-venture,COO,COO,sector-team,
comm-005-ace-food-security-ai,,yes,aligned-venture,COO,COO,sector-team,
comm-006-community-technology-access-ai,,yes,aligned-venture,COO,COO,sector-team,
comm-007-youth-leadership-ai,,yes,aligned-venture,COO,COO,sector-team,
comm-008-community-fundraising-ai,,yes,aligned-venture,COO,COO,sector-team,
comm-009-volunteer-hub-ai,,yes,aligned-venture,COO,COO,sector-team,
comm-010-disaster-relief-ai,,yes,aligned-venture,COO,COO,sector-team,
comm-011-indigenous-creator-hub,,yes,aligned-venture,COO,COO,sector-team,
comm-012-black-art-museum-ai,,yes,aligned-venture,COO,COO,sector-team,
comm-013-women-s-empowerment-network,,yes,aligned-venture,COO,COO,sector-team,
comm-014-veterans-support-ai,,yes,aligned-venture,COO,COO,sector-team,
comm-015-youth-mentorship-program,,yes,aligned-venture,COO,COO,sector-team,
comm-016-community-health-ai,,yes,aligned-venture,COO,COO,sector-team,
comm-017-local-business-directory,,yes,aligned-venture,COO,COO,sector-team,
comm-018-neighborhood-watch-ai,,yes,aligned-venture,COO,COO,sector-team,
comm-019-community-garden-ai,,yes,aligned-venture,COO,COO,sector-team,
comm-020-public-transportation-ai,,yes,aligned-venture,COO,COO,sector-team,
comm-021-housing-assistance-ai,,yes,aligned-venture,COO,COO,sector-team,
comm-022-job-training-center,,yes,aligned-venture,COO,COO,sector-team,
comm-023-elder-companion-ai,,yes,aligned-venture,COO,COO,sector-team,
comm-024-youth-sports-ai,,yes,aligned-venture,COO,COO,sector-team,
comm-025-community-legal-aid,,yes,aligned-venture,COO,COO,sector-team,
comm-026-public-education-ai,,yes,aligned-venture,COO,COO,sector-team,
comm-027-local-government-ai,,yes,aligned-venture,COO,COO,sector-team,
comm-028-public-safety-ai,,yes,aligned-venture,COO,COO,sector-team,
comm-029-community-wellness-ai,,yes,aligned-venture,COO,COO,sector-team,
comm-030-cultural-exchange-ai,,yes,aligned-venture,COO,COO,sector-team,
comm-031-community-investment-ai,,yes,aligned-venture,COO,COO,sector-team,
comm-032-public-health-ai,,yes,aligned-venture,COO,COO,sector-team,
comm-033-youth-innovation-hub,,yes,aligned-venture,COO,COO,sector-team,
comm-034-senior-tech-support,,yes,aligned-venture,COO,COO,sector-team,
comm-035-community-arts-ai,,yes,aligned-venture,COO,COO,sector-team,
comm-036-public-infrastructure-ai,,yes,aligned-venture,COO,COO,sector-team,
comm-037-neighborhood-development-ai,,yes,aligned-venture,COO,COO,sector-team,
comm-038-community-policing-ai,,yes,aligned-venture,COO,COO,sector-team,
comm-039-public-space-ai,,yes,aligned-venture,COO,COO,sector-team,
comm-040-community-recycling-ai,,yes,aligned-venture,COO,COO,sector-team,
comm-041-public-wi-fi-ai,,yes,aligned-venture,COO,COO,sector-team,
comm-042-community-energy-ai,,yes,aligned-venture,COO,COO,sector-team,
comm-043-local-food-network-ai,,yes,aligned-venture,COO,COO,sector-team,
comm-044-community-volunteering-ai,,yes,aligned-venture,COO,COO,sector-team,
comm-045-public-childcare-ai,,yes,aligned-venture,COO,COO,sector-team,
comm-046-community-pet-care-ai,,yes,aligned-venture,COO,COO,sector-team,
comm-047-public-fitness-ai,,yes,aligned-venture,COO,COO,sector-team,
comm-048-community-transportation-ai,,yes,aligned-venture,COO,COO,sector-team,
comm-049-public-event-ai,,yes,aligned-venture,COO,COO,sector-team,
comm-050-community-cultural-ai,,yes,aligned-venture,COO,COO,sector-team,
con-001-ace-construction,,yes,aligned-venture,COO,COO,sector-team,
con-002-residential-construction,,yes,aligned-venture,COO,COO,sector-team,
con-003-commercial-construction,,yes,aligned-venture,COO,COO,sector-team,
con-004-industrial-construction,,yes,aligned-venture,COO,COO,sector-team,
con-005-construction-equipment-rental,,yes,aligned-venture,COO,COO,sector-team,
con-006-construction-project-management,,yes,aligned-venture,COO,COO,sector-team,
con-007-green-building-services,,yes,aligned-venture,COO,COO,sector-team,
con-008-home-renovation-services,,yes,aligned-venture,COO,COO,sector-team,
con-009-roofing-company,,yes,aligned-venture,COO,COO,sector-team,
con-010-plumbing-services,,yes,aligned-venture,COO,COO,sector-team,
con-011-electrical-services,,yes,aligned-venture,COO,COO,sector-team,
con-012-hvac-services,,yes,aligned-venture,COO,COO,sector-team,
con-013-painting-services,,yes,aligned-venture,COO,COO,sector-team,
con-014-flooring-services,,yes,aligned-venture,COO,COO,sector-team,
con-015-landscaping-services,,yes,aligned-venture,COO,COO,sector-team,
con-016-demolition-services,,yes,aligned-venture,COO,COO,sector-team,
con-017-concrete-services,,yes,aligned-venture,COO,COO,sector-team,
con-018-carpentry-services,,yes,aligned-venture,COO,COO,sector-team,
con-019-window-installation,,yes,aligned-venture,COO,COO,sector-team,
con-020-insulation-services,,yes,aligned-venture,COO,COO,sector-team,
divine-johns-portfolio,,yes,aligned-venture,COO,COO,sector-team,
ec-001-angels-in-daylight,,yes,aligned-venture,COO,COO,sector-team,
ec-002-new-world-apparel,,yes,aligned-venture,COO,COO,sector-team,
ec-003-hella-scars,,yes,aligned-venture,COO,COO,sector-team,
ec-003-shopify-autopilot,,yes,aligned-venture,COO,COO,sector-team,
ec-004-godbody-luxuries,,yes,aligned-venture,COO,COO,sector-team,
ec-004-shoe-customizer,,yes,aligned-venture,COO,COO,sector-team,
ec-005-nwa-products,,yes,aligned-venture,COO,COO,sector-team,
ec-005-sunglasses-ai,,yes,aligned-venture,COO,COO,sector-team,
ec-006-dropship-hub,,yes,aligned-venture,COO,COO,sector-team,
ec-007-personal-shopper-ai,,yes,aligned-venture,COO,COO,sector-team,
ec-008-custom-sneaker-ai,,yes,aligned-venture,COO,COO,sector-team,
ec-009-sustainable-fashion-ai,,yes,aligned-venture,COO,COO,sector-team,
ec-010-jewelry-designer-ai,,yes,aligned-venture,COO,COO,sector-team,
ec-011-virtual-try-on-ai,,yes,aligned-venture,COO,COO,sector-team,
ec-012-fashion-designer-ai,,yes,aligned-venture,COO,COO,sector-team,
ec-013-merch-licensing,,yes,aligned-venture,COO,COO,sector-team,
ec-014-subscription-box-ai,,yes,aligned-venture,COO,COO,sector-team,
ec-015-surf-gear-ai,,yes,aligned-venture,COO,COO,sector-team,
ec-016-ski-gear-ai,,yes,aligned-venture,COO,COO,sector-team,
ec-017-golf-gear-ai,,yes,aligned-venture,COO,COO,sector-team,
ec-018-fishing-gear-ai,,yes,aligned-venture,COO,COO,sector-team,
ec-019-yoga-gear-ai,,yes,aligned-venture,COO,COO,sector-team,
ec-020-costume-shop-ai,,yes,aligned-venture,COO,COO,sector-team,
ec-021-luggage-ai,,yes,aligned-venture,COO,COO,sector-team,
ec-022-home-appliance-ai,,yes,aligned-venture,COO,COO,sector-team,
ec-023-tool-shop-ai,,yes,aligned-venture,COO,COO,sector-team,
ec-024-garden-supply-ai,,yes,aligned-venture,COO,COO,sector-team,
ec-025-collectible-ai,,yes,aligned-venture,COO,COO,sector-team,
ec-026-hobby-shop-ai,,yes,aligned-venture,COO,COO,sector-team,
ec-027-kids-toy-line,,yes,aligned-venture,COO,COO,sector-team,
ec-028-nft-fashion-licensing,,yes,aligned-venture,COO,COO,sector-team,
ec-029-instant-brand-generator,,yes,aligned-venture,COO,COO,sector-team,
ec-030-ai-product-photographer,,yes,aligned-venture,COO,COO,sector-team,
ec-031-automated-inventory-forecaster,,yes,aligned-venture,COO,COO,sector-team,
ec-032-dynamic-pricing-engine,,yes,aligned-venture,COO,COO,sector-team,
ec-033-ad-optimizer-ai,,yes,aligned-venture,COO,COO,sector-team,
ec-034-recommendation-engine,,yes,aligned-venture,COO,COO,sector-team,
ec-035-review-aggregator-ai,,yes,aligned-venture,COO,COO,sector-team,
ec-036-fulfillment-network-ai,,yes,aligned-venture,COO,COO,sector-team,
ec-037-return-optimization-ai,,yes,aligned-venture,COO,COO,sector-team,
ec-038-chatbot-customer-service,,yes,aligned-venture,COO,COO,sector-team,
ec-039-visual-search-ai,,yes,aligned-venture,COO,COO,sector-team,
ec-040-abandoned-cart-recovery,,yes,aligned-venture,COO,COO,sector-team,
ec-041-seasonal-trend-predictor,,yes,aligned-venture,COO,COO,sector-team,
ec-042-influencer-matchmaker,,yes,aligned-venture,COO,COO,sector-team,
ec-043-ugc-content-aggregator,,yes,aligned-venture,COO,COO,sector-team,
ec-044-live-commerce-platform,,yes,aligned-venture,COO,COO,sector-team,
ec-045-ar-virtual-fitting-room,,yes,aligned-venture,COO,COO,sector-team,
ec-046-3d-product-viewer,,yes,aligned-venture,COO,COO,sector-team,
ec-047-carbon-footprint-tracker,,yes,aligned-venture,COO,COO,sector-team,
ec-048-wholesale-marketplace-ai,,yes,aligned-venture,COO,COO,sector-team,
ec-049-rental-marketplace,,yes,aligned-venture,COO,COO,sector-team,
ec-050-ai-product-descriptions,,yes,aligned-venture,COO,COO,sector-team,
ec-051-ai-email-marketing,,yes,aligned-venture,COO,COO,sector-team,
ec-052-ai-product-bundler,,yes,aligned-venture,COO,COO,sector-team,
ec-053-ai-visual-merchandiser,,yes,aligned-venture,COO,COO,sector-team,
ec-054-ai-demand-forecasting,,yes,aligned-venture,COO,COO,sector-team,
ec-055-ai-warehouse-management,,yes,aligned-venture,COO,COO,sector-team,
ec-056-ai-supplier-matching,,yes,aligned-venture,COO,COO,sector-team,
ec-057-ai-quality-control,,yes,aligned-venture,COO,COO,sector-team,
ec-058-ai-packaging-designer,,yes,aligned-venture,COO,COO,sector-team,
ec-059-ai-logistics-planner,,yes,aligned-venture,COO,COO,sector-team,
ec-060-ai-customer-loyalty,,yes,aligned-venture,COO,COO,sector-team,
ec-061-ai-gift-finder,,yes,aligned-venture,COO,COO,sector-team,
ec-062-ai-trend-hunter,,yes,aligned-venture,COO,COO,sector-team,
ec-063-ai-market-research,,yes,aligned-venture,COO,COO,sector-team,
ec-064-ai-competitor-watcher,,yes,aligned-venture,COO,COO,sector-team,
ec-065-ai-product-development,,yes,aligned-venture,COO,COO,sector-team,
ec-066-ai-customer-journey,,yes,aligned-venture,COO,COO,sector-team,
ec-067-ai-payment-optimization,,yes,aligned-venture,COO,COO,sector-team,
ec-068-ai-returns-management,,yes,aligned-venture,COO,COO,sector-team,
ec-069-ai-shipping-labeler,,yes,aligned-venture,COO,COO,sector-team,
ec-070-ai-product-launch-coach,,yes,aligned-venture,COO,COO,sector-team,
ec-071-ai-vendor-negotiator,,yes,aligned-venture,COO,COO,sector-team,
ec-072-ai-product-cataloger,,yes,aligned-venture,COO,COO,sector-team,
ec-073-ai-order-prioritizer,,yes,aligned-venture,COO,COO,sector-team,
ec-074-ai-customer-segmentation,,yes,aligned-venture,COO,COO,sector-team,
ec-075-ai-pricing-analyst,,yes,aligned-venture,COO,COO,sector-team,
ec-076-ai-sales-forecasting,,yes,aligned-venture,COO,COO,sector-team,
ec-077-ai-inventory-reordering,,yes,aligned-venture,COO,COO,sector-team,
ec-078-ai-product-comparison,,yes,aligned-venture,COO,COO,sector-team,
ec-079-ai-customer-feedback,,yes,aligned-venture,COO,COO,sector-team,
ec-080-ai-product-updates,,yes,aligned-venture,COO,COO,sector-team,
ec-081-ai-cross-selling,,yes,aligned-venture,COO,COO,sector-team,
ec-082-ai-up-selling,,yes,aligned-venture,COO,COO,sector-team,
ec-083-ai-product-education,,yes,aligned-venture,COO,COO,sector-team,
ec-084-ai-purchase-timing,,yes,aligned-venture,COO,COO,sector-team,
ec-085-ai-customer-support,,yes,aligned-venture,COO,COO,sector-team,
ec-086-ai-order-tracking,,yes,aligned-venture,COO,COO,sector-team,
ec-087-ai-product-reviews,,yes,aligned-venture,COO,COO,sector-team,
ec-088-ai-customer-community,,yes,aligned-venture,COO,COO,sector-team,
ec-089-ai-product-customization,,yes,aligned-venture,COO,COO,sector-team,
ec-090-ai-gift-registry,,yes,aligned-venture,COO,COO,sector-team,
ec-091-ai-wedding-registry,,yes,aligned-venture,COO,COO,sector-team,
ec-092-ai-baby-registry,,yes,aligned-venture,COO,COO,sector-team,
ec-093-ai-holiday-planner,,yes,aligned-venture,COO,COO,sector-team,
ec-094-ai-personal-shopper,,yes,aligned-venture,COO,COO,sector-team,
ec-095-ai-color-match,,yes,aligned-venture,COO,COO,sector-team,
ec-096-ai-fabric-advisor,,yes,aligned-venture,COO,COO,sector-team,
ec-097-ai-fit-recommendation,,yes,aligned-venture,COO,COO,sector-team,
ec-098-ai-outfit-builder,,yes,aligned-venture,COO,COO,sector-team,
ec-099-ai-seasonal-forecast,,yes,aligned-venture,COO,COO,sector-team,
ec-100-ai-wardrobe-planner,,yes,aligned-venture,COO,COO,sector-team,
ec-101-ai-accessory-match,,yes,aligned-venture,COO,COO,sector-team,
ec-102-ai-shoe-match,,yes,aligned-venture,COO,COO,sector-team,
ec-103-ai-jewelry-match,,yes,aligned-venture,COO,COO,sector-team,
ec-104-ai-bag-match,,yes,aligned-venture,COO,COO,sector-team,
ec-105-ai-color-palette,,yes,aligned-venture,COO,COO,sector-team,
ec-106-ai-outfit-recycling,,yes,aligned-venture,COO,COO,sector-team,
ec-107-ai-style-evolution,,yes,aligned-venture,COO,COO,sector-team,
ec-108-ai-budget-stylist,,yes,aligned-venture,COO,COO,sector-team,
ec-109-ai-trend-archive,,yes,aligned-venture,COO,COO,sector-team,
ec-110-ai-vintage-advisor,,yes,aligned-venture,COO,COO,sector-team,
edu-001-youth-entrepreneurship-curriculum,,yes,aligned-venture,COO,COO,sector-team,
edu-002-ai-literacy-program,,yes,aligned-venture,COO,COO,sector-team,
edu-003-coding-mentor-certification,,yes,aligned-venture,COO,COO,sector-team,
edu-004-real-estate-licensing-prep,,yes,aligned-venture,COO,COO,sector-team,
edu-005-coding-bootcamp,,yes,aligned-venture,COO,COO,sector-team,
edu-006-homeschooling-content-ai,,yes,aligned-venture,COO,COO,sector-team,
edu-007-ai-tutoring-platform,,yes,aligned-venture,COO,COO,sector-team,
edu-008-branding-templates-marketplace,,yes,aligned-venture,COO,COO,sector-team,
edu-009-voiceover-script-library,,yes,aligned-venture,COO,COO,sector-team,
edu-010-trade-skills-bootcamp,,yes,aligned-venture,COO,COO,sector-team,
edu-011-franchise-blueprint-system,,yes,aligned-venture,COO,COO,sector-team,
edu-012-low-income-housing-blueprint,,yes,aligned-venture,COO,COO,sector-team,
edu-013-automated-empire-book,,yes,aligned-venture,COO,COO,sector-team,
edu-014-bipoc-creator-incubator,,yes,aligned-venture,COO,COO,sector-team,
edu-015-ai-legal-doc-generator,,yes,aligned-venture,COO,COO,sector-team,
edu-016-virtual-black-art-museum,,yes,aligned-venture,COO,COO,sector-team,
edu-017-ai-coding-tutor,,yes,aligned-venture,COO,COO,sector-team,
edu-018-online-course-creator,,yes,aligned-venture,COO,COO,sector-team,
edu-019-executive-education-program,,yes,aligned-venture,COO,COO,sector-team,
edu-020-youth-stem-program,,yes,aligned-venture,COO,COO,sector-team,
edu-021-remote-work-certification,,yes,aligned-venture,COO,COO,sector-team,
edu-022-ai-research-assistant,,yes,aligned-venture,COO,COO,sector-team,
edu-023-personal-finance-coach,,yes,aligned-venture,COO,COO,sector-team,
edu-024-language-learning-ai,,yes,aligned-venture,COO,COO,sector-team,
edu-025-test-preparation-ai,,yes,aligned-venture,COO,COO,sector-team,
edu-026-corporate-training-ai,,yes,aligned-venture,COO,COO,sector-team,
edu-027-medical-education-ai,,yes,aligned-venture,COO,COO,sector-team,
edu-028-legal-education-ai,,yes,aligned-venture,COO,COO,sector-team,
edu-029-music-education-ai,,yes,aligned-venture,COO,COO,sector-team,
edu-030-art-education-ai,,yes,aligned-venture,COO,COO,sector-team,
edu-031-physical-education-ai,,yes,aligned-venture,COO,COO,sector-team,
edu-032-environmental-education-ai,,yes,aligned-venture,COO,COO,sector-team,
edu-033-social-studies-ai,,yes,aligned-venture,COO,COO,sector-team,
edu-034-math-education-ai,,yes,aligned-venture,COO,COO,sector-team,
edu-035-science-education-ai,,yes,aligned-venture,COO,COO,sector-team,
edu-036-reading-comprehension-ai,,yes,aligned-venture,COO,COO,sector-team,
edu-037-writing-instruction-ai,,yes,aligned-venture,COO,COO,sector-team,
edu-038-critical-thinking-ai,,yes,aligned-venture,COO,COO,sector-team,
edu-039-emotional-intelligence-ai,,yes,aligned-venture,COO,COO,sector-team,
edu-040-time-management-ai,,yes,aligned-venture,COO,COO,sector-team,
em-001-space-habitat-ai,,yes,aligned-venture,COO,COO,sector-team,
em-002-fusion-energy-ai,,yes,aligned-venture,COO,COO,sector-team,
em-003-teleportation-research-ai,,yes,aligned-venture,COO,COO,sector-team,
em-004-climate-solutions-ai,,yes,aligned-venture,COO,COO,sector-team,
em-005-holographic-events-ai,,yes,aligned-venture,COO,COO,sector-team,
em-006-neurofeedback-ai,,yes,aligned-venture,COO,COO,sector-team,
em-007-autonomous-delivery-ai,,yes,aligned-venture,COO,COO,sector-team,
em-008-gene-editing-ai,,yes,aligned-venture,COO,COO,sector-team,
em-009-space-tourism-ai,,yes,aligned-venture,COO,COO,sector-team,
em-010-wearables-ai,,yes,aligned-venture,COO,COO,sector-team,
em-011-metaverse-hub-ai,,yes,aligned-venture,COO,COO,sector-team,
em-012-energy-grid-ai,,yes,aligned-venture,COO,COO,sector-team,
em-013-brain-computer-interface,,yes,aligned-venture,COO,COO,sector-team,
em-014-ocean-cleanup-ai,,yes,aligned-venture,COO,COO,sector-team,
em-015-crypto-trading-ai,,yes,aligned-venture,COO,COO,sector-team,
em-016-synthetic-media-ai,,yes,aligned-venture,COO,COO,sector-team,
em-017-space-mining-ai,,yes,aligned-venture,COO,COO,sector-team,
em-018-vr-therapy-ai,,yes,aligned-venture,COO,COO,sector-team,
em-019-weather-prediction-ai,,yes,aligned-venture,COO,COO,sector-team,
em-020-autonomous-farming-ai,,yes,aligned-venture,COO,COO,sector-team,
em-021-traffic-optimizer-ai,,yes,aligned-venture,COO,COO,sector-team,
em-022-smart-grid-ai,,yes,aligned-venture,COO,COO,sector-team,
em-023-disaster-prediction-ai,,yes,aligned-venture,COO,COO,sector-team,
em-024-nanotech-ai,,yes,aligned-venture,COO,COO,sector-team,
em-025-personalized-medicine-ai,,yes,aligned-venture,COO,COO,sector-team,
em-026-ai-diagnostic-lab,,yes,aligned-venture,COO,COO,sector-team,
em-027-sustainable-cities-ai,,yes,aligned-venture,COO,COO,sector-team,
em-028-renewable-energy-ai,,yes,aligned-venture,COO,COO,sector-team,
em-029-climate-modeling-ai,,yes,aligned-venture,COO,COO,sector-team,
em-030-policy-advisor-ai,,yes,aligned-venture,COO,COO,sector-team,
em-031-governance-hub-ai,,yes,aligned-venture,COO,COO,sector-team,
em-032-global-challenges-ai,,yes,aligned-venture,COO,COO,sector-team,
em-033-space-exploration-ai,,yes,aligned-venture,COO,COO,sector-team,
em-034-education-equity-ai,,yes,aligned-venture,COO,COO,sector-team,
em-035-health-equity-ai,,yes,aligned-venture,COO,COO,sector-team,
em-036-economic-equity-ai,,yes,aligned-venture,COO,COO,sector-team,
em-037-environmental-justice-ai,,yes,aligned-venture,COO,COO,sector-team,
em-038-human-rights-ai,,yes,aligned-venture,COO,COO,sector-team,
em-039-peacebuilding-ai,,yes,aligned-venture,COO,COO,sector-team,
em-040-telemedicine-ai,,yes,aligned-venture,COO,COO,sector-team,
em-041-ai-climate-adaptation,,yes,aligned-venture,COO,COO,sector-team,
em-042-space-agriculture-ai,,yes,aligned-venture,COO,COO,sector-team,
em-043-quantum-communication-ai,,yes,aligned-venture,COO,COO,sector-team,
em-044-robotics-surgery-ai,,yes,aligned-venture,COO,COO,sector-team,
em-045-ai-disaster-response,,yes,aligned-venture,COO,COO,sector-team,
em-046-smart-city-governance,,yes,aligned-venture,COO,COO,sector-team,
em-047-ai-environmental-monitoring,,yes,aligned-venture,COO,COO,sector-team,
em-048-space-manufacturing-ai,,yes,aligned-venture,COO,COO,sector-team,
em-049-ai-ocean-exploration,,yes,aligned-venture,COO,COO,sector-team,
em-050-ai-archaeology,,yes,aligned-venture,COO,COO,sector-team,
et-001-online-tutoring-platform,,yes,aligned-venture,COO,COO,sector-team,
et-002-language-learning-app,,yes,aligned-venture,COO,COO,sector-team,
et-003-content,,yes,aligned-venture,COO,COO,sector-team,
et-003-platform,,yes,aligned-venture,COO,COO,sector-team,
et-003-test-prep-service,,yes,aligned-venture,COO,COO,sector-team,
et-004-coding-bootcamp,,yes,aligned-venture,COO,COO,sector-team,
et-005-professional-certification,,yes,aligned-venture,COO,COO,sector-team,
et-006-corporate-training,,yes,aligned-venture,COO,COO,sector-team,
et-007-skills-assessment-platform,,yes,aligned-venture,COO,COO,sector-team,
et-008-career-coaching,,yes,aligned-venture,COO,COO,sector-team,
et-009-resume-writing-service,,yes,aligned-venture,COO,COO,sector-team,
et-010-interview-prep-platform,,yes,aligned-venture,COO,COO,sector-team,
et-011-mentorship-platform,,yes,aligned-venture,COO,COO,sector-team,
et-012-educational-content-library,,yes,aligned-venture,COO,COO,sector-team,
et-013-vr-training-simulations,,yes,aligned-venture,COO,COO,sector-team,
et-014-gamified-learning-app,,yes,aligned-venture,COO,COO,sector-team,
et-015-homeschool-curriculum,,yes,aligned-venture,COO,COO,sector-team,
fh-001-personal-chef-service,,yes,aligned-venture,COO,COO,sector-team,
fh-002-meal-prep-delivery,,yes,aligned-venture,COO,COO,sector-team,
fh-003-private-dinner-experiences,,yes,aligned-venture,COO,COO,sector-team,
fh-004-catering-company,,yes,aligned-venture,COO,COO,sector-team,
fh-005-corporate-lunch-service,,yes,aligned-venture,COO,COO,sector-team,
fh-006-healthy-meal-prep-for-gyms,,yes,aligned-venture,COO,COO,sector-team,
fh-007-elderly-meal-service,,yes,aligned-venture,COO,COO,sector-team,
fh-008-athlete-nutrition-service,,yes,aligned-venture,COO,COO,sector-team,
fh-009-packaged-food-brand,,yes,aligned-venture,COO,COO,sector-team,
fh-010-frozen-meals-company,,yes,aligned-venture,COO,COO,sector-team,
fh-011-sauce-or-seasoning-brand,,yes,aligned-venture,COO,COO,sector-team,
fh-012-protein-snacks-brand,,yes,aligned-venture,COO,COO,sector-team,
fh-013-meal-kit-company,,yes,aligned-venture,COO,COO,sector-team,
fh-014-cloud-kitchen,,yes,aligned-venture,COO,COO,sector-team,
fh-014-cloud-kitchen-,,yes,aligned-venture,COO,COO,sector-team,
fh-015-ai-nutrition-planner,,yes,aligned-venture,COO,COO,sector-team,
fh-016-recipe-app,,yes,aligned-venture,COO,COO,sector-team,
fh-017-cooking-content-brand,,yes,aligned-venture,COO,COO,sector-team,
fh-018-food-influencer-brand,,yes,aligned-venture,COO,COO,sector-team,
fh-019-cooking-course-platform,,yes,aligned-venture,COO,COO,sector-team,
fh-020-restaurant-pos-system,,yes,aligned-venture,COO,COO,sector-team,
fh-021-food-truck-business,,yes,aligned-venture,COO,COO,sector-team,
fh-022-specialty-coffee-shop,,yes,aligned-venture,COO,COO,sector-team,
fh-023-bakery---pastry-shop,,yes,aligned-venture,COO,COO,sector-team,
fh-024-juice-bar,,yes,aligned-venture,COO,COO,sector-team,
fh-025-ice-cream-shop,,yes,aligned-venture,COO,COO,sector-team,
fh-026-gourmet-food-market,,yes,aligned-venture,COO,COO,sector-team,
fh-027-food-delivery-platform,,yes,aligned-venture,COO,COO,sector-team,
fh-028-restaurant-management-saas,,yes,aligned-venture,COO,COO,sector-team,
fh-029-food-quality-testing-lab,,yes,aligned-venture,COO,COO,sector-team,
fh-030-organic-food-brand,,yes,aligned-venture,COO,COO,sector-team,
fh-031-vegan-food-company,,yes,aligned-venture,COO,COO,sector-team,
fh-032-keto-meal-service,,yes,aligned-venture,COO,COO,sector-team,
fh-033-food-photography-service,,yes,aligned-venture,COO,COO,sector-team,
fh-034-restaurant-consulting,,yes,aligned-venture,COO,COO,sector-team,
fh-035-food-safety-training,,yes,aligned-venture,COO,COO,sector-team,
fin-001-genixbank-lite,,yes,aligned-venture,COO,COO,sector-team,
fin-002-credit-repair-automation,,yes,aligned-venture,COO,COO,sector-team,
fin-003-ai-boss-hub-lite,,yes,aligned-venture,COO,COO,sector-team,
fin-004-genixbanks-ai-treasurer,,yes,aligned-venture,COO,COO,sector-team,
fin-005-u-haul-rental-affiliate,,yes,aligned-venture,COO,COO,sector-team,
fin-006-tax-prep-filing-services,,yes,aligned-venture,COO,COO,sector-team,
fin-007-business-credit-building,,yes,aligned-venture,COO,COO,sector-team,
fin-008-business-formation-services,,yes,aligned-venture,COO,COO,sector-team,
fin-009-crypto-tax-optimizer,,yes,aligned-venture,COO,COO,sector-team,
fin-010-ai-powered-garbage-collection,,yes,aligned-venture,COO,COO,sector-team,
fin-011-automated-bookkeeping,,yes,aligned-venture,COO,COO,sector-team,
fin-012-invoice-factoring-ai,,yes,aligned-venture,COO,COO,sector-team,
fin-013-charity-donation-ai,,yes,aligned-venture,COO,COO,sector-team,
fin-014-expense-tracker-ai,,yes,aligned-venture,COO,COO,sector-team,
fin-015-financial-wellness-coach,,yes,aligned-venture,COO,COO,sector-team,
fin-016-trade-finance-ai,,yes,aligned-venture,COO,COO,sector-team,
fin-017-remittance-ai,,yes,aligned-venture,COO,COO,sector-team,
fin-018-wealth-transfer-ai,,yes,aligned-venture,COO,COO,sector-team,
fin-019-payment-gateway-ai,,yes,aligned-venture,COO,COO,sector-team,
fin-020-debt-consolidation-ai,,yes,aligned-venture,COO,COO,sector-team,
fin-021-tax-deduction-finder,,yes,aligned-venture,COO,COO,sector-team,
fin-022-budget-forecasting-ai,,yes,aligned-venture,COO,COO,sector-team,
fin-023-investment-portfolio-ai,,yes,aligned-venture,COO,COO,sector-team,
fin-024-crowdfunding-ai,,yes,aligned-venture,COO,COO,sector-team,
fin-025-escrow-automation,,yes,aligned-venture,COO,COO,sector-team,
fin-026-financial-compliance-scanner,,yes,aligned-venture,COO,COO,sector-team,
fin-027-patent-writer-ai,,yes,aligned-venture,COO,COO,sector-team,
fin-028-legal-analyzer-ai,,yes,aligned-venture,COO,COO,sector-team,
fin-029-compliance-wallet-saas,,yes,aligned-venture,COO,COO,sector-team,
fin-030-local-seo-ranker-ai,,yes,aligned-venture,COO,COO,sector-team,
fin-031-investor-dashboard-builder,,yes,aligned-venture,COO,COO,sector-team,
fin-032-legal-toolkit-ai,,yes,aligned-venture,COO,COO,sector-team,
fin-033-ai-tax-preparation-service,,yes,aligned-venture,COO,COO,sector-team,
fin-033-legal-toolkit-ai,,yes,aligned-venture,COO,COO,sector-team,
fin-034-payroll-automation,,yes,aligned-venture,COO,COO,sector-team,
fin-035-insurance-underwriting-ai,,yes,aligned-venture,COO,COO,sector-team,
fin-036-arbitrage-nexus-platform,,yes,aligned-venture,COO,COO,sector-team,
fs-001-gym,,yes,aligned-venture,COO,COO,sector-team,
fs-002-boutique-fitness-studio,,yes,aligned-venture,COO,COO,sector-team,
fs-003-personal-training-studio,,yes,aligned-venture,COO,COO,sector-team,
fs-004-women-only-gym,,yes,aligned-venture,COO,COO,sector-team,
fs-005-boxing-gym,,yes,aligned-venture,COO,COO,sector-team,
fs-006-crossfit-gym,,yes,aligned-venture,COO,COO,sector-team,
fs-007-luxury-fitness-club,,yes,aligned-venture,COO,COO,sector-team,
fs-008-online-coaching,,yes,aligned-venture,COO,COO,sector-team,
fs-009-personal-trainer-business,,yes,aligned-venture,COO,COO,sector-team,
fs-010-transformation-program,,yes,aligned-venture,COO,COO,sector-team,
fs-011-athlete-training-company,,yes,aligned-venture,COO,COO,sector-team,
fs-012-supplement-brand,,yes,aligned-venture,COO,COO,sector-team,
fs-013-fitness-apparel,,yes,aligned-venture,COO,COO,sector-team,
fs-014-workout-equipment-brand,,yes,aligned-venture,COO,COO,sector-team,
fs-015-recovery-products,,yes,aligned-venture,COO,COO,sector-team,
fs-016-fitness-app,,yes,aligned-venture,COO,COO,sector-team,
fs-017-ai-personal-trainer,,yes,aligned-venture,COO,COO,sector-team,
fs-018-gym-management-software,,yes,aligned-venture,COO,COO,sector-team,
fs-019-wearable-analytics-platform,,yes,aligned-venture,COO,COO,sector-team,
fs-020-yoga-studio,,yes,aligned-venture,COO,COO,sector-team,
fs-021-pilates-studio,,yes,aligned-venture,COO,COO,sector-team,
fs-022-dance-studio,,yes,aligned-venture,COO,COO,sector-team,
fs-023-martial-arts-dojo,,yes,aligned-venture,COO,COO,sector-team,
fs-024-sports-performance-center,,yes,aligned-venture,COO,COO,sector-team,
fs-025-corporate-wellness-program,,yes,aligned-venture,COO,COO,sector-team,
iza-os-infra,,yes,aligned-venture,COO,COO,sector-team,
iza-os-marketing-automation-security-bot,,yes,aligned-venture,COO,COO,sector-team,
iza-os-operations-security-bot,,yes,aligned-venture,COO,COO,sector-team,
iza-os-third-party-apis,,yes,aligned-venture,COO,COO,sector-team,
iza-os-vector-database,,yes,aligned-venture,COO,COO,sector-team,
lt-001-truck-dispatch-company,,yes,aligned-venture,COO,COO,sector-team,
lt-002-freight-brokerage,,yes,aligned-venture,COO,COO,sector-team,
lt-003-logistics-dispatch-service,,yes,aligned-venture,COO,COO,sector-team,
lt-004-last-mile-delivery-dispatch,,yes,aligned-venture,COO,COO,sector-team,
lt-005-medical-courier-dispatch,,yes,aligned-venture,COO,COO,sector-team,
lt-006-amazon,,yes,aligned-venture,COO,COO,sector-team,
lt-007-construction-dispatch,,yes,aligned-venture,COO,COO,sector-team,
lt-008-towing-dispatch,,yes,aligned-venture,COO,COO,sector-team,
lt-009-hvac-technician-dispatch,,yes,aligned-venture,COO,COO,sector-team,
lt-010-field-service-dispatch,,yes,aligned-venture,COO,COO,sector-team,
lt-011-dispatch-software,,yes,aligned-venture,COO,COO,sector-team,
lt-012-fleet-tracking-platform,,yes,aligned-venture,COO,COO,sector-team,
lt-013-logistics-automation-system,,yes,aligned-venture,COO,COO,sector-team,
lt-014-ai-route-optimization,,yes,aligned-venture,COO,COO,sector-team,
lt-015-driver-management-platform,,yes,aligned-venture,COO,COO,sector-team,
lt-016-trucking-company,,yes,aligned-venture,COO,COO,sector-team,
lt-017-courier-service,,yes,aligned-venture,COO,COO,sector-team,
lt-018-local-delivery-company,,yes,aligned-venture,COO,COO,sector-team,
lt-019-moving-company,,yes,aligned-venture,COO,COO,sector-team,
lt-020-freight-company,,yes,aligned-venture,COO,COO,sector-team,
lt-021-warehouse-company,,yes,aligned-venture,COO,COO,sector-team,
lt-022-fulfillment-center,,yes,aligned-venture,COO,COO,sector-team,
lt-023-storage-business,,yes,aligned-venture,COO,COO,sector-team,
lt-024-distribution-company,,yes,aligned-venture,COO,COO,sector-team,
lt-025-logistics-marketplace,,yes,aligned-venture,COO,COO,sector-team,
lt-026-shipping-platform,,yes,aligned-venture,COO,COO,sector-team,
lt-027-fleet-management-saas,,yes,aligned-venture,COO,COO,sector-team,
lt-028-freight-ai-optimization,,yes,aligned-venture,COO,COO,sector-team,
lt-029-supply-chain-analytics,,yes,aligned-venture,COO,COO,sector-team,
lt-030-cold-chain-logistics,,yes,aligned-venture,COO,COO,sector-team,
mc-001-youtube-channel-network,,yes,aligned-venture,COO,COO,sector-team,
mc-002-podcast-network,,yes,aligned-venture,COO,COO,sector-team,
mc-003-blog-network,,yes,aligned-venture,COO,COO,sector-team,
mc-004-influencer-agency,,yes,aligned-venture,COO,COO,sector-team,
mc-005-content-creation-studio,,yes,aligned-venture,COO,COO,sector-team,
mc-006-video-production-company,,yes,aligned-venture,COO,COO,sector-team,
mc-007-animation-studio,,yes,aligned-venture,COO,COO,sector-team,
mc-008-music-production,,yes,aligned-venture,COO,COO,sector-team,
mc-009-stock-photography,,yes,aligned-venture,COO,COO,sector-team,
mc-010-stock-video,,yes,aligned-venture,COO,COO,sector-team,
mc-011-online-magazine,,yes,aligned-venture,COO,COO,sector-team,
mc-012-news-website,,yes,aligned-venture,COO,COO,sector-team,
mc-013-streaming-platform,,yes,aligned-venture,COO,COO,sector-team,
mc-014-gaming-channel,,yes,aligned-venture,COO,COO,sector-team,
mc-015-esports-team,,yes,aligned-venture,COO,COO,sector-team,
mc-016-virtual-events-platform,,yes,aligned-venture,COO,COO,sector-team,
mc-017-online-course-platform,,yes,aligned-venture,COO,COO,sector-team,
mc-018-membership-site,,yes,aligned-venture,COO,COO,sector-team,
mc-019-digital-download-store,,yes,aligned-venture,COO,COO,sector-team,
mc-020-nft-marketplace,,yes,aligned-venture,COO,COO,sector-team,
ops-001-fractional-cto-agency,,yes,aligned-venture,COO,COO,sector-team,
ops-002-supply-chain-optimizer,,yes,aligned-venture,COO,COO,sector-team,
ops-003-event-planning-ai,,yes,aligned-venture,COO,COO,sector-team,
ops-004-inventory-management-ai,,yes,aligned-venture,COO,COO,sector-team,
ops-005-project-management-ai,,yes,aligned-venture,COO,COO,sector-team,
ops-006-document-automation-ai,,yes,aligned-venture,COO,COO,sector-team,
ops-007-meeting-assistant-ai,,yes,aligned-venture,COO,COO,sector-team,
ops-008-recruitment-ai,,yes,aligned-venture,COO,COO,sector-team,
ops-009-onboarding-ai,,yes,aligned-venture,COO,COO,sector-team,
ops-010-training-platform-ai,,yes,aligned-venture,COO,COO,sector-team,
ops-011-performance-review-ai,,yes,aligned-venture,COO,COO,sector-team,
ops-012-it-support-ai,,yes,aligned-venture,COO,COO,sector-team,
ops-013-facilities-management-ai,,yes,aligned-venture,COO,COO,sector-team,
ops-014-travel-booking-ai,,yes,aligned-venture,COO,COO,sector-team,
ops-015-expense-management-ai,,yes,aligned-venture,COO,COO,sector-team,
ops-staff-001-staffing,,yes,aligned-venture,COO,COO,sector-team,
ps-001-business-consulting,,yes,aligned-venture,COO,COO,sector-team,
ps-002-legal-services,,yes,aligned-venture,COO,COO,sector-team,
ps-003-accounting-services,,yes,aligned-venture,COO,COO,sector-team,
ps-004-hr-consulting,,yes,aligned-venture,COO,COO,sector-team,
ps-005-marketing-agency,,yes,aligned-venture,COO,COO,sector-team,
ps-006-web-design-agency,,yes,aligned-venture,COO,COO,sector-team,
ps-007-it-support-services,,yes,aligned-venture,COO,COO,sector-team,
ps-008-virtual-assistant-service,,yes,aligned-venture,COO,COO,sector-team,
ps-009-bookkeeping-service,,yes,aligned-venture,COO,COO,sector-team,
ps-010-tax-preparation-service,,yes,aligned-venture,COO,COO,sector-team,
ps-011-real-estate-agency,,yes,aligned-venture,COO,COO,sector-team,
ps-012-insurance-agency,,yes,aligned-venture,COO,COO,sector-team,
ps-016-photography-service,,yes,aligned-venture,COO,COO,sector-team,
ps-017-videography-service,,yes,aligned-venture,COO,COO,sector-team,
ps-018-translation-services,,yes,aligned-venture,COO,COO,sector-team,
ps-019-copywriting-service,,yes,aligned-venture,COO,COO,sector-team,
ps-020-social-media-management,,yes,aligned-venture,COO,COO,sector-team,
ps-021-seo-agency,,yes,aligned-venture,COO,COO,sector-team,
ps-022-ppc-management,,yes,aligned-venture,COO,COO,sector-team,
ps-023-pr-agency,,yes,aligned-venture,COO,COO,sector-team,
ps-024-recruiting-agency,,yes,aligned-venture,COO,COO,sector-team,
ps-025-business-brokerage,,yes,aligned-venture,COO,COO,sector-team,
re-001-property-holdings,,yes,aligned-venture,COO,COO,sector-team,
tech-001-quantum-algorithm-ai,,yes,aligned-venture,COO,COO,sector-team,
tech-002-ai-compliance-scanner,,yes,aligned-venture,COO,COO,sector-team,
tech-003-cloud-management-ai,,yes,aligned-venture,COO,COO,sector-team,
tech-004-robotics-training-ai,,yes,aligned-venture,COO,COO,sector-team,
tech-005-customer-insights-ai,,yes,aligned-venture,COO,COO,sector-team,
tech-006-voice-assistant-ai,,yes,aligned-venture,COO,COO,sector-team,
tech-007-blockchain-verifier-ai,,yes,aligned-venture,COO,COO,sector-team,
tech-009-content-studio-ai,,yes,aligned-venture,COO,COO,sector-team,
tech-010-smart-home-ai,,yes,aligned-venture,COO,COO,sector-team,
tech-011-supply-chain-optimizer,,yes,aligned-venture,COO,COO,sector-team,
tech-012-data-visualization-ai,,yes,aligned-venture,COO,COO,sector-team,
tech-013-workflow-automation,,yes,aligned-venture,COO,COO,sector-team,
tech-014-sentiment-analyzer,,yes,aligned-venture,COO,COO,sector-team,
tech-015-image-recognition-ai,,yes,aligned-venture,COO,COO,sector-team,
tech-016-video-editor-ai,,yes,aligned-venture,COO,COO,sector-team,
tech-017-speech-to-text-ai,,yes,aligned-venture,COO,COO,sector-team,
tech-018-text-to-speech-ai,,yes,aligned-venture,COO,COO,sector-team,
tech-020-recommendation-engine,,yes,aligned-venture,COO,COO,sector-team,
tech-021-network-security-ai,,yes,aligned-venture,COO,COO,sector-team,
tech-022-database-optimizer,,yes,aligned-venture,COO,COO,sector-team,
tech-023-ai-testing-platform,,yes,aligned-venture,COO,COO,sector-team,
tech-024-virtual-assistant-builder,,yes,aligned-venture,COO,COO,sector-team,
tech-025-machine-learning-builder,,yes,aligned-venture,COO,COO,sector-team,
tech-026-ai-ethics-auditor,,yes,aligned-venture,COO,COO,sector-team,
tech-027-predictive-analytics-ai,,yes,aligned-venture,COO,COO,sector-team,
tech-028-ai-training-platform,,yes,aligned-venture,COO,COO,sector-team,
tech-029-digital-twin-ai,,yes,aligned-venture,COO,COO,sector-team,
tech-030-ai-monitoring-system,,yes,aligned-venture,COO,COO,sector-team,
tech-031-edge-computing-ai,,yes,aligned-venture,COO,COO,sector-team,
tech-032-ai-integration-hub,,yes,aligned-venture,COO,COO,sector-team,
tech-033-quantum-algorithm-ai,,yes,aligned-venture,COO,COO,sector-team,
tech-034-ai-compliance-scanner,,yes,aligned-venture,COO,COO,sector-team,
tech-035-cloud-management-ai,,yes,aligned-venture,COO,COO,sector-team,
tech-037-customer-insights-ai,,yes,aligned-venture,COO,COO,sector-team,
tech-038-voice-assistant-ai,,yes,aligned-venture,COO,COO,sector-team,
tech-039-blockchain-verifier-ai,,yes,aligned-venture,COO,COO,sector-team,
tech-040-cybersecurity-shield,,yes,aligned-venture,COO,COO,sector-team,
tech-041-content-studio-ai,,yes,aligned-venture,COO,COO,sector-team,
tech-042-smart-home-ai,,yes,aligned-venture,COO,COO,sector-team,
tech-043-supply-chain-optimizer,,yes,aligned-venture,COO,COO,sector-team,
tech-044-data-visualization-ai,,yes,aligned-venture,COO,COO,sector-team,
tech-045-workflow-automation,,yes,aligned-venture,COO,COO,sector-team,
tech-046-sentiment-analyzer,,yes,aligned-venture,COO,COO,sector-team,
tech-047-image-recognition-ai,,yes,aligned-venture,COO,COO,sector-team,
tech-048-video-editor-ai,,yes,aligned-venture,COO,COO,sector-team,
tech-049-speech-to-text-ai,,yes,aligned-venture,COO,COO,sector-team,
tech-051-fraud-prevention-ai,,yes,aligned-venture,COO,COO,sector-team,
tech-052-recommendation-engine,,yes,aligned-venture,COO,COO,sector-team,
tech-053-network-security-ai,,yes,aligned-venture,COO,COO,sector-team,
tech-054-database-optimizer,,yes,aligned-venture,COO,COO,sector-team,
tech-055-ai-testing-platform,,yes,aligned-venture,COO,COO,sector-team,
tech-056-virtual-assistant-builder,,yes,aligned-venture,COO,COO,sector-team,
tech-057-machine-learning-builder,,yes,aligned-venture,COO,COO,sector-team,
tech-058-ai-ethics-auditor,,yes,aligned-venture,COO,COO,sector-team,
tech-059-predictive-analytics-ai,,yes,aligned-venture,COO,COO,sector-team,
tech-060-ai-training-platform,,yes,aligned-venture,COO,COO,sector-team,
tech-ventures-portfolio,,yes,aligned-venture,COO,COO,sector-team,
ai-002-ml-engine,,yes,other,COO,COO,tech-team,
ai-002-web-app,,yes,other,COO,COO,tech-team,
ai-boss-holdings-v4,,yes,other,COO,COO,tech-team,
ai-business-commander,,yes,other,COO,COO,tech-team,
ai-venture-studio-template,,yes,templates,POS-TECH-MANAGER,POS-TECH-MANAGER,tech-team,
aibossoslandingpage,,yes,other,COO,COO,tech-team,
arbitrage-nexus,,yes,experimental,POS-TECH-MANAGER,POS-TECH-MANAGER,tech-team,
autonomous-venture-studio,,yes,other,COO,COO,tech-team,
avs-omni,,yes,other,COO,COO,tech-team,
Avs-Omni-,,yes,other,COO,COO,tech-team,
babystepsmatrix1,,yes,other,COO,COO,tech-team,
billionaire-workflow-automation,,yes,other,COO,COO,tech-team,
civilization-os,,yes,other,COO,COO,tech-team,
civilization-website,,yes,other,COO,COO,tech-team,
claude-workflow-demo,,yes,other,COO,COO,tech-team,
clients,,yes,other,COO,COO,tech-team,
consciousness-deployment-system,,yes,infrastructure,POS-TECH-MANAGER,POS-TECH-MANAGER,tech-team,
consult-001-venture-consulting,,yes,other,COO,COO,tech-team,
consulting-services-automation,,yes,other,COO,COO,tech-team,
data-management,,yes,other,COO,COO,tech-team,
deployment-orchestrator,,yes,infrastructure,POS-TECH-MANAGER,POS-TECH-MANAGER,tech-team,FIN-001-GenixBank-Lite|FIN-002-Credit-Repair-Automation|FIN-003-AI-Boss-Hub-Lite|FIN-004-GenixBanks-AI-Treasurer|FIN-005-U-Haul-Rental-Affiliate|FIN-006-Tax-Prep-Filing-Services|FIN-007-Business-Credit-Building|FIN-008-Business-Formation-Services|FIN-009-Crypto-Tax-Optimizer|FIN-010-AI-Powered-Garbage-Collection|FIN-011-Automated-Bookkeeping|FIN-012-Invoice-Factoring-AI|FIN-013-Charity-Donation-AI|FIN-014-Expense-Tracker-AI|FIN-015-Financial-Wellness-Coach|FIN-016-Trade-Finance-AI|FIN-017-Remittance-AI|FIN-018-Wealth-Transfer-AI|FIN-019-Payment-Gateway-AI|FIN-020-Debt-Consolidation-AI|FIN-021-Tax-Deduction-Finder|FIN-022-Budget-Forecasting-AI|FIN-023-Investment-Portfolio-AI|FIN-024-Crowdfunding-AI|FIN-025-Escrow-Automation|FIN-026-Financial-Compliance-Scanner|FIN-027-Patent-Writer-AI|FIN-028-Legal-Analyzer-AI|FIN-029-Compliance-Wallet-SaaS|FIN-030-Local-SEO-Ranker-AI|FIN-031-Investor-Dashboard-Builder|FIN-032-Legal-Toolkit-AI|FIN-033-AI-Tax-Preparation-Service|FIN-034-Payroll-Automation|FIN-035-Insurance-Underwriting-AI|FIN-036-Arbitrage-Nexus-Platform|BW-001-Lash-Extension-Studio|BW-002-Mobile-Lash-Service|BW-003-Luxury-Lash-Bar|BW-004-Lash-Training-Academy|BW-005-Lash-Supply-Company|BW-006-Lash-Glue-Brand|BW-007-Lash-Kits-&-Tools|BW-008-Private-Label-Lashes|BW-009-Franchise-Lash-Salons|BW-010-Online-Lash-Education|BW-011-Nail-Salon|BW-012-Mobile-Nail-Tech|BW-013-Luxury-Nail-Spa|BW-014-Press-On-Nail-Brand|BW-015-Nail-Art-Studio|BW-016-Nail-Polish-Brand|BW-017-Nail-Care-Products|BW-018-Nail-Booking-Marketplace|BW-019-Salon-Management-Software|BW-020-AI-Nail-Design-Generator|BW-021-Hair-Salon|BW-022-Barbershop|BW-023-Mobile-Hairstyling|BW-024-Hair-Braiding-Studio|BW-025-Wig-Installation-Studio|BW-026-Hair-Extension-Salon|BW-027-Hair-Care-Line|BW-028-Wig-Brand|BW-029-Hair-Extensions-Brand|BW-030-Scalp-Treatment-Products|BW-031-Hair-Marketplace|BW-032-Stylist-Booking-Platform|BW-033-AI-Hairstyle-Simulator|BW-034-Salon-Franchise-Chain|BW-035-Makeup-Studio|BW-036-Bridal-Makeup-Service|BW-037-Mobile-Makeup-Artist|BW-038-Photoshoot-Makeup-Team|BW-039-Cosmetics-Brand|BW-040-Beauty-Tools-Brand|FH-001-Personal-Chef-Service|FH-002-Meal-Prep-Delivery|FH-003-Private-Dinner-Experiences|FH-004-Catering-Company|FH-005-Corporate-Lunch-Service|FH-006-Healthy-Meal-Prep-for-Gyms|FH-007-Elderly-Meal-Service|FH-008-Athlete-Nutrition-Service|FH-009-Packaged-Food-Brand|FH-010-Frozen-Meals-Company|FH-011-Sauce-or-Seasoning-Brand|FH-012-Protein-Snacks-Brand|FH-013-Meal-Kit-Company|FH-014-Cloud-Kitchen-|FH-015-AI-Nutrition-Planner|FH-016-Recipe-App|FH-017-Cooking-Content-Brand|FH-018-Food-Influencer-Brand|FH-019-Cooking-Course-Platform|FH-020-Restaurant-POS-System|FH-021-Food-Truck-Business|FH-022-Specialty-Coffee-Shop|FH-023-Bakery-&-Pastry-Shop|FH-024-Juice-Bar|FH-025-Ice-Cream-Shop|FH-026-Gourmet-Food-Market|FH-027-Food-Delivery-Platform|FH-028-Restaurant-Management-SaaS|FH-029-Food-Quality-Testing-Lab|FH-030-Organic-Food-Brand|FH-031-Vegan-Food-Company|FH-032-Keto-Meal-Service|FH-033-Food-Photography-Service|FH-034-Restaurant-Consulting|FH-035-Food-Safety-Training|FS-001-Gym|FS-002-Boutique-Fitness-Studio|FS-003-Personal-Training-Studio|FS-004-Women-Only-Gym|FS-005-Boxing-Gym|FS-006-CrossFit-Gym|FS-007-Luxury-Fitness-Club|FS-008-Online-Coaching|FS-009-Personal-Trainer-Business|FS-010-Transformation-Program|FS-011-Athlete-Training-Company|FS-012-Supplement-Brand|FS-013-Fitness-Apparel|FS-014-Workout-Equipment-Brand|FS-015-Recovery-Products|FS-016-Fitness-App|FS-017-AI-Personal-Trainer|FS-018-Gym-Management-Software|FS-019-Wearable-Analytics-Platform|FS-020-Yoga-Studio|FS-021-Pilates-Studio|FS-022-Dance-Studio|FS-023-Martial-Arts-Dojo|FS-024-Sports-Performance-Center|FS-025-Corporate-Wellness-Program|LT-001-Truck-Dispatch-Company|LT-002-Freight-Brokerage|LT-003-Logistics-Dispatch-Service|LT-004-Last-Mile-Delivery-Dispatch|LT-005-Medical-Courier-Dispatch|LT-006-Amazon|LT-007-Construction-Dispatch|LT-008-Towing-Dispatch|LT-009-HVAC-Technician-Dispatch|LT-010-Field-Service-Dispatch|LT-011-Dispatch-Software|LT-012-Fleet-Tracking-Platform|LT-013-Logistics-Automation-System|LT-014-AI-Route-Optimization|LT-015-Driver-Management-Platform|LT-016-Trucking-Company|LT-017-Courier-Service|LT-018-Local-Delivery-Company|LT-019-Moving-Company|LT-020-Freight-Company|LT-021-Warehouse-Company|LT-022-Fulfillment-Center|LT-023-Storage-Business|LT-024-Distribution-Company|LT-025-Logistics-Marketplace|LT-026-Shipping-Platform|LT-027-Fleet-Management-SaaS|LT-028-Freight-AI-Optimization|LT-029-Supply-Chain-Analytics|LT-030-Cold-Chain-Logistics|PS-001-Business-Consulting|PS-002-Legal-Services|PS-003-Accounting-Services|PS-004-HR-Consulting|PS-005-Marketing-Agency|PS-006-Web-Design-Agency|PS-007-IT-Support-Services|PS-008-Virtual-Assistant-Service|PS-009-Bookkeeping-Service|PS-010-Tax-Preparation-Service|PS-011-Real-Estate-Agency|PS-012-Insurance-Agency|PS-013-Financial-Planning|PS-014-Event-Planning|PS-015-Interior-Design|PS-016-Photography-Service|PS-017-Videography-Service|PS-018-Translation-Services|PS-019-Copywriting-Service|PS-020-Social-Media-Management|PS-021-SEO-Agency|PS-022-PPC-Management|PS-023-PR-Agency|PS-024-Recruiting-Agency|PS-025-Business-Brokerage|MC-001-YouTube-Channel-Network|MC-002-Podcast-Network|MC-003-Blog-Network|MC-004-Influencer-Agency|MC-005-Content-Creation-Studio|MC-006-Video-Production-Company|MC-007-Animation-Studio|MC-008-Music-Production|MC-009-Stock-Photography|MC-010-Stock-Video|MC-011-Online-Magazine|MC-012-News-Website|MC-013-Streaming-Platform|MC-014-Gaming-Channel|MC-015-Esports-Team|MC-016-Virtual-Events-Platform|MC-017-Online-Course-Platform|MC-018-Membership-Site|MC-019-Digital-Download-Store|MC-020-NFT-Marketplace|ET-001-Online-Tutoring-Platform|ET-002-Language-Learning-App|ET-003-Test-Prep-Service|ET-004-Coding-Bootcamp|ET-005-Professional-Certification|ET-006-Corporate-Training|ET-007-Skills-Assessment-Platform|ET-008-Career-Coaching|ET-009-Resume-Writing-Service|ET-010-Interview-Prep-Platform|ET-011-Mentorship-Platform|ET-012-Educational-Content-Library|ET-013-VR-Training-Simulations|ET-014-Gamified-Learning-App|ET-015-Homeschool-Curriculum|ST-001-SaaS-Platform|ST-002-Mobile-App-Development|ST-003-Web-Development-Agency|ST-004-Custom-Software-Development|ST-005-API-Development|ST-006-Cloud-Infrastructure|ST-007-DevOps-Consulting|ST-008-Cybersecurity-Service|ST-009-Data-Analytics-Platform|ST-010-Business-Intelligence-Tool|ST-011-CRM-Platform|ST-012-Project-Management-Tool|ST-013-Communication-Platform|ST-014-Collaboration-Software|ST-015-Automation-Platform|ST-016-AI|ST-017-Chatbot-Builder|ST-018-E-commerce-Platform|ST-019-Payment-Processing|ST-020-Blockchain-Platform|ST-021-IoT-Platform|ST-022-AR|ST-023-Game-Development|ST-024-Marketing-Automation|ST-025-Sales-Automation|ST-026-HR-Tech-Platform|ST-027-Legal-Tech-Platform|ST-028-Health-Tech-Platform|ST-029-EdTech-Platform|ST-030-PropTech-Platform|EC-001-Angels-in-Daylight|EC-002-New-World-Apparel|EC-003-Shopify-Autopilot|EC-004-Shoe-Customizer|EC-005-Sunglasses-AI|EC-006-Dropship-Hub|EC-007-Personal-Shopper-AI|EC-008-Custom-Sneaker-AI|EC-009-Sustainable-Fashion-AI|EC-010-Jewelry-Designer-AI|EC-011-Virtual-Try-On-AI|EC-012-Fashion-Designer-AI|EC-013-Merch-Licensing|EC-014-Subscription-Box-AI|EC-015-Surf-Gear-AI|EC-016-Ski-Gear-AI|EC-017-Golf-Gear-AI|EC-018-Fishing-Gear-AI|EC-019-Yoga-Gear-AI|EC-020-Costume-Shop-AI|EC-021-Luggage-AI|EC-022-Home-Appliance-AI|EC-023-Tool-Shop-AI|EC-024-Garden-Supply-AI|EC-025-Collectible-AI|EC-026-Hobby-Shop-AI|EC-027-Kids-Toy-Line|EC-028-NFT-Fashion-Licensing|EC-029-Instant-Brand-Generator|EC-030-AI-Product-Photographer|EC-031-Automated-Inventory-Forecaster|EC-032-Dynamic-Pricing-Engine|EC-033-Ad-Optimizer-AI|EC-034-Recommendation-Engine|EC-035-Review-Aggregator-AI|EC-036-Fulfillment-Network-AI|EC-037-Return-Optimization-AI|EC-038-Chatbot-Customer-Service|EC-039-Visual-Search-AI|EC-040-Abandoned-Cart-Recovery|EC-041-Seasonal-Trend-Predictor|EC-042-Influencer-Matchmaker|EC-043-UGC-Content-Aggregator|EC-044-Live-Commerce-Platform|EC-045-AR-Virtual-Fitting-Room|EC-046-3D-Product-Viewer|EC-047-Carbon-Footprint-Tracker|EC-048-Wholesale-Marketplace-AI|EC-049-Rental-Marketplace|EC-050-AI-Product-Descriptions|EC-051-AI-Email-Marketing|EC-052-AI-Product-Bundler|EC-053-AI-Visual-Merchandiser|EC-054-AI-Demand-Forecasting|EC-055-AI-Warehouse-Management|EC-056-AI-Supplier-Matching|EC-057-AI-Quality-Control|EC-058-AI-Packaging-Designer|EC-059-AI-Logistics-Planner|EC-060-AI-Customer-Loyalty|EC-061-AI-Gift-Finder|EC-062-AI-Trend-Hunter|EC-063-AI-Market-Research|EC-064-AI-Competitor-Watcher|EC-065-AI-Product-Development|EC-066-AI-Customer-Journey|EC-067-AI-Payment-Optimization|EC-068-AI-Returns-Management|EC-069-AI-Shipping-Labeler|EC-070-AI-Product-Launch-Coach|EC-071-AI-Vendor-Negotiator|EC-072-AI-Product-Cataloger|EC-073-AI-Order-Prioritizer|EC-074-AI-Customer-Segmentation|EC-075-AI-Pricing-Analyst|EC-076-AI-Sales-Forecasting|EC-077-AI-Inventory-Reordering|EC-078-AI-Product-Comparison|EC-079-AI-Customer-Feedback|EC-080-AI-Product-Updates|EC-081-AI-Cross-Selling|EC-082-AI-Up-Selling|EC-083-AI-Product-Education|EC-084-AI-Purchase-Timing|EC-085-AI-Customer-Support|EC-086-AI-Order-Tracking|EC-087-AI-Product-Reviews|EC-088-AI-Customer-Community|EC-089-AI-Product-Customization|EC-090-AI-Gift-Registry|EC-091-AI-Wedding-Registry|EC-092-AI-Baby-Registry|EC-093-AI-Holiday-Planner|EC-094-AI-Personal-Shopper|EC-095-AI-Color-Match|EC-096-AI-Fabric-Advisor|EC-097-AI-Fit-Recommendation|EC-098-AI-Outfit-Builder|EC-099-AI-Seasonal-Forecast|EC-100-AI-Wardrobe-Planner|EC-101-AI-Accessory-Match|EC-102-AI-Shoe-Match|EC-103-AI-Jewelry-Match|EC-104-AI-Bag-Match|EC-105-AI-Color-Palette|EC-106-AI-Outfit-Recycling|EC-107-AI-Style-Evolution|EC-108-AI-Budget-Stylist|EC-109-AI-Trend-Archive|EC-110-AI-Vintage-Advisor|TECH-001-Quantum-Algorithm-AI|TECH-002-AI-Compliance-Scanner|TECH-003-Cloud-Management-AI|TECH-004-Robotics-Training-AI|TECH-005-Customer-Insights-AI|TECH-006-Voice-Assistant-AI|TECH-007-Blockchain-Verifier-AI|TECH-008-Cybersecurity-Shield|TECH-009-Content-Studio-AI|TECH-010-Smart-Home-AI|TECH-011-Supply-Chain-Optimizer|TECH-012-Data-Visualization-AI|TECH-013-Workflow-Automation|TECH-014-Sentiment-Analyzer|TECH-015-Image-Recognition-AI|TECH-016-Video-Editor-AI|TECH-017-Speech-to-Text-AI|TECH-018-Text-to-Speech-AI|TECH-019-Fraud-Prevention-AI|TECH-020-Recommendation-Engine|TECH-021-Network-Security-AI|TECH-022-Database-Optimizer|TECH-023-AI-Testing-Platform|TECH-024-Virtual-Assistant-Builder|TECH-025-Machine-Learning-Builder|TECH-026-AI-Ethics-Auditor|TECH-027-Predictive-Analytics-AI|TECH-028-AI-Training-Platform|TECH-029-Digital-Twin-AI|TECH-030-AI-Monitoring-System|TECH-031-Edge-Computing-AI|TECH-032-AI-Integration-Hub|TECH-033-Quantum-Algorithm-AI|TECH-034-AI-Compliance-Scanner|TECH-035-Cloud-Management-AI|TECH-036-Robotics-Training-AI|TECH-037-Customer-Insights-AI|TECH-038-Voice-Assistant-AI|TECH-039-Blockchain-Verifier-AI|TECH-040-Cybersecurity-Shield|TECH-041-Content-Studio-AI|TECH-042-Smart-Home-AI|TECH-043-Supply-Chain-Optimizer|TECH-044-Data-Visualization-AI|TECH-045-Workflow-Automation|TECH-046-Sentiment-Analyzer|TECH-047-Image-Recognition-AI|TECH-048-Video-Editor-AI|TECH-049-Speech-to-Text-AI|TECH-050-Text-to-Speech-AI|TECH-051-Fraud-Prevention-AI|TECH-052-Recommendation-Engine|TECH-053-Network-Security-AI|TECH-054-Database-Optimizer|TECH-055-AI-Testing-Platform|TECH-056-Virtual-Assistant-Builder|TECH-057-Machine-Learning-Builder|TECH-058-AI-Ethics-Auditor|TECH-059-Predictive-Analytics-AI|TECH-060-AI-Training-Platform|OPS-001-Fractional-CTO-Agency|OPS-002-Supply-Chain-Optimizer|OPS-003-Event-Planning-AI|OPS-004-Inventory-Management-AI|OPS-005-Project-Management-AI|OPS-006-Document-Automation-AI|OPS-007-Meeting-Assistant-AI|OPS-008-Recruitment-AI|OPS-009-Onboarding-AI|OPS-010-Training-Platform-AI|OPS-011-Performance-Review-AI|OPS-012-IT-Support-AI|OPS-013-Facilities-Management-AI|OPS-014-Travel-Booking-AI|OPS-015-Expense-Management-AI|OPS-016-Contract-Management-AI|OPS-017-Compliance-Monitoring-AI|OPS-018-Quality-Control-AI|OPS-019-Asset-Management-AI|OPS-020-Time-Tracking-AI|OPS-021-Document-Security-AI|OPS-022-Knowledge-Management-AI|OPS-023-Meeting-Transcription-AI|OPS-024-Task-Automation-AI|OPS-025-Resource-Allocation-AI|OPS-026-Budget-Planning-AI|OPS-027-Cost-Optimization-AI|OPS-028-Procurement-AI|OPS-029-Vendor-Management-AI|OPS-030-Contract-Negotiation-AI|OPS-031-Legal-Document-AI|OPS-032-Compliance-Reporting-AI|OPS-033-Training-Content-AI|OPS-034-Employee-Engagement-AI|OPS-035-Succession-Planning-AI|OPS-036-Workspace-Design-AI|OPS-037-Energy-Efficiency-AI|OPS-038-Security-Monitoring-AI|OPS-039-Health-Safety-AI|OPS-040-Disaster-Recovery-AI|OPS-041-IT-Asset-Management|OPS-042-Cloud-Cost-Management|OPS-043-Data-Governance-AI|OPS-044-Network-Monitoring-AI|OPS-045-Software-Licensing-AI|OPS-046-IT-Procurement-AI|OPS-047-System-Integration-AI|OPS-048-Data-Backup-AI|OPS-049-Business-Continuity-AI|OPS-050-Compliance-Audit-AI|OPS-051-Document-Collaboration-AI|OPS-052-Video-Conferencing-AI|OPS-053-Email-Management-AI|OPS-054-Calendar-Optimization-AI|OPS-055-Project-Budget-AI|OPS-056-Resource-Forecasting-AI|OPS-057-Task-Prioritization-AI|OPS-058-Time-Management-AI|OPS-059-Meeting-Minutes-AI|OPS-060-Document-Translation-AI|OPS-061-Form-Automation-AI|OPS-062-Report-Generation-AI|OPS-063-Dashboard-Creation-AI|OPS-064-Analytics-Platform-AI|OPS-065-Data-Cleaning-AI|OPS-066-Workflow-Management-AI|EDU-001-Youth-Entrepreneurship-Curriculum|EDU-002-AI-Literacy-Program|EDU-003-Coding-Mentor-Certification|EDU-004-Real-Estate-Licensing-Prep|EDU-005-Coding-Bootcamp|EDU-006-Homeschooling-Content-AI|EDU-007-AI-Tutoring-Platform|EDU-008-Branding-Templates-Marketplace|EDU-009-Voiceover-Script-Library|EDU-010-Trade-Skills-Bootcamp|EDU-011-Franchise-Blueprint-System|EDU-012-Low-Income-Housing-Blueprint|EDU-013-Automated-Empire-Book|EDU-014-BIPOC-Creator-Incubator|EDU-015-AI-Legal-Doc-Generator|EDU-016-Virtual-Black-Art-Museum|EDU-017-AI-Coding-Tutor|EDU-018-Online-Course-Creator|EDU-019-Executive-Education-Program|EDU-020-Youth-STEM-Program|EDU-021-Remote-Work-Certification|EDU-022-AI-Research-Assistant|EDU-023-Personal-Finance-Coach|EDU-024-Language-Learning-AI|EDU-025-Test-Preparation-AI|EDU-026-Corporate-Training-AI|EDU-027-Medical-Education-AI|EDU-028-Legal-Education-AI|EDU-029-Music-Education-AI|EDU-030-Art-Education-AI|EDU-031-Physical-Education-AI|EDU-032-Environmental-Education-AI|EDU-033-Social-Studies-AI|EDU-034-Math-Education-AI|EDU-035-Science-Education-AI|EDU-036-Reading-Comprehension-AI|EDU-037-Writing-Instruction-AI|EDU-038-Critical-Thinking-AI|EDU-039-Emotional-Intelligence-AI|EDU-040-Time-Management-AI|COMM-001-Luminary-Worldwide-Events|COMM-002-Brotherhood-Coaching-Network|COMM-003-Ace-Senior-Care-Connect|COMM-004-Community-Outreach-Nonprofit|COMM-005-Ace-Food-Security-AI|COMM-006-Community-Technology-Access-AI|COMM-007-Youth-Leadership-AI|COMM-008-Community-Fundraising-AI|COMM-009-Volunteer-Hub-AI|COMM-010-Disaster-Relief-AI|COMM-011-Indigenous-Creator-Hub|COMM-012-Black-Art-Museum-AI|COMM-013-Women-s-Empowerment-Network|COMM-014-Veterans-Support-AI|COMM-015-Youth-Mentorship-Program|COMM-016-Community-Health-AI|COMM-017-Local-Business-Directory|COMM-018-Neighborhood-Watch-AI|COMM-019-Community-Garden-AI|COMM-020-Public-Transportation-AI|COMM-021-Housing-Assistance-AI|COMM-022-Job-Training-Center|COMM-023-Elder-Companion-AI|COMM-024-Youth-Sports-AI|COMM-025-Community-Legal-Aid|COMM-026-Public-Education-AI|COMM-027-Local-Government-AI|COMM-028-Public-Safety-AI|COMM-029-Community-Wellness-AI|COMM-030-Cultural-Exchange-AI|COMM-031-Community-Investment-AI|COMM-032-Public-Health-AI|COMM-033-Youth-Innovation-Hub|COMM-034-Senior-Tech-Support|COMM-035-Community-Arts-AI|COMM-036-Public-Infrastructure-AI|COMM-037-Neighborhood-Development-AI|COMM-038-Community-Policing-AI|COMM-039-Public-Space-AI|COMM-040-Community-Recycling-AI|COMM-041-Public-Wi-Fi-AI|COMM-042-Community-Energy-AI|COMM-043-Local-Food-Network-AI|COMM-044-Community-Volunteering-AI|COMM-045-Public-Childcare-AI|COMM-046-Community-Pet-Care-AI|COMM-047-Public-Fitness-AI|COMM-048-Community-Transportation-AI|COMM-049-Public-Event-AI|COMM-050-Community-Cultural-AI|EM-001-Space-Habitat-AI|EM-002-Fusion-Energy-AI|EM-003-Teleportation-Research-AI|EM-004-Climate-Solutions-AI|EM-005-Holographic-Events-AI|EM-006-Neurofeedback-AI|EM-007-Autonomous-Delivery-AI|EM-008-Gene-Editing-AI|EM-009-Space-Tourism-AI|EM-010-Wearables-AI|EM-011-Metaverse-Hub-AI|EM-012-Energy-Grid-AI|EM-013-Brain-Computer-Interface|EM-014-Ocean-Cleanup-AI|EM-015-Crypto-Trading-AI|EM-016-Synthetic-Media-AI|EM-017-Space-Mining-AI|EM-018-VR-Therapy-AI|EM-019-Weather-Prediction-AI|EM-020-Autonomous-Farming-AI|EM-021-Traffic-Optimizer-AI|EM-022-Smart-Grid-AI|EM-023-Disaster-Prediction-AI|EM-024-Nanotech-AI|EM-025-Personalized-Medicine-AI|EM-026-AI-Diagnostic-Lab|EM-027-Sustainable-Cities-AI|EM-028-Renewable-Energy-AI|EM-029-Climate-Modeling-AI|EM-030-Policy-Advisor-AI|EM-031-Governance-Hub-AI|EM-032-Global-Challenges-AI|EM-033-Space-Exploration-AI|EM-034-Education-Equity-AI|EM-035-Health-Equity-AI|EM-036-Economic-Equity-AI|EM-037-Environmental-Justice-AI|EM-038-Human-Rights-AI|EM-039-Peacebuilding-AI|EM-040-Telemedicine-AI|EM-041-AI-Climate-Adaptation|EM-042-Space-Agriculture-AI|EM-043-Quantum-Communication-AI|EM-044-Robotics-Surgery-AI|EM-045-AI-Disaster-Response|EM-046-Smart-City-Governance|EM-047-AI-Environmental-Monitoring|EM-048-Space-Manufacturing-AI|EM-049-AI-Ocean-Exploration|EM-050-AI-Archaeology|SPEC-001-AI-Auction-House|SPEC-002-Smart-Marina-Management|SPEC-003-AI-Surf-Report|SPEC-004-Private-Chef-AI|SPEC-005-Virtual-Concierge-AI|SPEC-006-Smart-Parking-AI|SPEC-007-AI-Interior-Design|SPEC-008-Personal-Stylist-AI|SPEC-009-Smart-Locker-System|SPEC-010-AI-Fitness-Coach|SPEC-011-Smart-Golf-Caddie|SPEC-012-AI-Nutritionist|SPEC-013-Smart-Hotel-Butler|SPEC-014-AI-Language-Tutor|SPEC-015-Smart-Transportation-AI|SPEC-016-AI-Travel-Planner|SPEC-017-Smart-Agriculture-AI|SPEC-018-AI-Personal-Shopper|SPEC-019-Smart-Home-Security|SPEC-020-AI-Music-Producer|SPEC-021-Smart-Restaurant-AI|SPEC-022-AI-Movie-Critic|SPEC-023-Smart-Museum-Guide|SPEC-024-AI-Sports-Analyst|SPEC-025-Smart-Library-AI|SPEC-026-AI-Art-Curator|SPEC-027-Smart-Fitness-AI|SPEC-028-AI-Poetry-Generator|SPEC-029-Smart-Dating-AI|SPEC-030-AI-Journalism-Tool|SPEC-031-Smart-Legal-AI|SPEC-032-AI-Game-Designer|SPEC-033-Smart-Real-Estate-AI|SPEC-034-AI-Cooking-Assistant|SPEC-035-Smart-Health-AI|SPEC-036-AI-Photography-Tool|SPEC-037-Smart-Writing-AI|SPEC-038-AI-Comedy-Writer|SPEC-039-Smart-Meditation-AI|SPEC-040-AI-Debate-Coach|SPEC-041-Smart-Parenting-AI|SPEC-042-AI-Financial-Advisor|SPEC-043-Smart-Automotive-AI|SPEC-044-AI-Aviation-Planner|SPEC-045-Smart-Maritime-AI|SPEC-046-AI-Weather-Forecast|SPEC-047-Smart-Energy-AI|SPEC-048-AI-Sports-Coach|SPEC-049-Smart-Education-AI|SPEC-050-AI-Language-Translator|FI-dist|FI-node_modules|FI-public|FI-src|FI-supabase|CON-001-ACE-CONSTRUCTION|CON-002-RESIDENTIAL-CONSTRUCTION|CON-003-COMMERCIAL-CONSTRUCTION|CON-004-INDUSTRIAL-CONSTRUCTION|CON-005-CONSTRUCTION-EQUIPMENT-RENTAL|CON-006-CONSTRUCTION-PROJECT-MANAGEMENT|CON-007-GREEN-BUILDING-SERVICES|CON-008-HOME-RENOVATION-SERVICES|CON-009-ROOFING-COMPANY|CON-010-PLUMBING-SERVICES|CON-011-ELECTRICAL-SERVICES|CON-012-HVAC-SERVICES|CON-013-PAINTING-SERVICES|CON-014-FLOORING-SERVICES|CON-015-LANDSCAPING-SERVICES|CON-016-DEMOLITION-SERVICES|CON-017-CONCRETE-SERVICES|CON-018-CARPENTRY-SERVICES|CON-019-WINDOW-INSTALLATION|CON-020-INSULATION-SERVICES|RE-001-PROPERTY-HOLDINGS|OPS-001-VENTURE-STAFFING|PROFILE-001-DIVINE-JOHNS-PORTFOLIO|ET-010-PERSONAL-RESUME|TECH-061-TECH-VENTURES-PORTFOLIO
design-system,,yes,other,COO,COO,tech-team,
design-team,,yes,other,COO,COO,tech-team,
ec-111-tve-fragrance,,yes,other,COO,COO,tech-team,
education-platform-system,,yes,other,COO,COO,tech-team,
enhanced-cursor-rules,,yes,templates,POS-TECH-MANAGER,POS-TECH-MANAGER,tech-team,
ft-001-api-gateway,,yes,infrastructure,POS-TECH-MANAGER,POS-TECH-MANAGER,tech-team,
ft-001-core-ledger,,yes,other,COO,COO,tech-team,
ft-001-docs,,yes,other,COO,COO,tech-team,
fund-001-civilization-credit-fund,,yes,other,COO,COO,tech-team,
genixbank-financial-system,,yes,shared_services,CFO+COO,CFO+COO,all-sectors,FIN-001-GenixBank-Lite|FIN-002-Credit-Repair-Automation|FIN-003-AI-Boss-Hub-Lite|FIN-004-GenixBanks-AI-Treasurer|FIN-005-U-Haul-Rental-Affiliate|FIN-006-Tax-Prep-Filing-Services|FIN-007-Business-Credit-Building|FIN-008-Business-Formation-Services|FIN-009-Crypto-Tax-Optimizer|FIN-010-AI-Powered-Garbage-Collection|FIN-011-Automated-Bookkeeping|FIN-012-Invoice-Factoring-AI|FIN-013-Charity-Donation-AI|FIN-014-Expense-Tracker-AI|FIN-015-Financial-Wellness-Coach|FIN-016-Trade-Finance-AI|FIN-017-Remittance-AI|FIN-018-Wealth-Transfer-AI|FIN-019-Payment-Gateway-AI|FIN-020-Debt-Consolidation-AI|FIN-021-Tax-Deduction-Finder|FIN-022-Budget-Forecasting-AI|FIN-023-Investment-Portfolio-AI|FIN-024-Crowdfunding-AI|FIN-025-Escrow-Automation|FIN-026-Financial-Compliance-Scanner|FIN-027-Patent-Writer-AI|FIN-028-Legal-Analyzer-AI|FIN-029-Compliance-Wallet-SaaS|FIN-030-Local-SEO-Ranker-AI|FIN-031-Investor-Dashboard-Builder|FIN-032-Legal-Toolkit-AI|FIN-033-AI-Tax-Preparation-Service|FIN-034-Payroll-Automation|FIN-035-Insurance-Underwriting-AI|FIN-036-Arbitrage-Nexus-Platform|BW-001-Lash-Extension-Studio|BW-002-Mobile-Lash-Service|BW-003-Luxury-Lash-Bar|BW-004-Lash-Training-Academy|BW-005-Lash-Supply-Company|BW-006-Lash-Glue-Brand|BW-007-Lash-Kits-&-Tools|BW-008-Private-Label-Lashes|BW-009-Franchise-Lash-Salons|BW-010-Online-Lash-Education|BW-011-Nail-Salon|BW-012-Mobile-Nail-Tech|BW-013-Luxury-Nail-Spa|BW-014-Press-On-Nail-Brand|BW-015-Nail-Art-Studio|BW-016-Nail-Polish-Brand|BW-017-Nail-Care-Products|BW-018-Nail-Booking-Marketplace|BW-019-Salon-Management-Software|BW-020-AI-Nail-Design-Generator|BW-021-Hair-Salon|BW-022-Barbershop|BW-023-Mobile-Hairstyling|BW-024-Hair-Braiding-Studio|BW-025-Wig-Installation-Studio|BW-026-Hair-Extension-Salon|BW-027-Hair-Care-Line|BW-028-Wig-Brand|BW-029-Hair-Extensions-Brand|BW-030-Scalp-Treatment-Products|BW-031-Hair-Marketplace|BW-032-Stylist-Booking-Platform|BW-033-AI-Hairstyle-Simulator|BW-034-Salon-Franchise-Chain|BW-035-Makeup-Studio|BW-036-Bridal-Makeup-Service|BW-037-Mobile-Makeup-Artist|BW-038-Photoshoot-Makeup-Team|BW-039-Cosmetics-Brand|BW-040-Beauty-Tools-Brand|FH-001-Personal-Chef-Service|FH-002-Meal-Prep-Delivery|FH-003-Private-Dinner-Experiences|FH-004-Catering-Company|FH-005-Corporate-Lunch-Service|FH-006-Healthy-Meal-Prep-for-Gyms|FH-007-Elderly-Meal-Service|FH-008-Athlete-Nutrition-Service|FH-009-Packaged-Food-Brand|FH-010-Frozen-Meals-Company|FH-011-Sauce-or-Seasoning-Brand|FH-012-Protein-Snacks-Brand|FH-013-Meal-Kit-Company|FH-014-Cloud-Kitchen-|FH-015-AI-Nutrition-Planner|FH-016-Recipe-App|FH-017-Cooking-Content-Brand|FH-018-Food-Influencer-Brand|FH-019-Cooking-Course-Platform|FH-020-Restaurant-POS-System|FH-021-Food-Truck-Business|FH-022-Specialty-Coffee-Shop|FH-023-Bakery-&-Pastry-Shop|FH-024-Juice-Bar|FH-025-Ice-Cream-Shop|FH-026-Gourmet-Food-Market|FH-027-Food-Delivery-Platform|FH-028-Restaurant-Management-SaaS|FH-029-Food-Quality-Testing-Lab|FH-030-Organic-Food-Brand|FH-031-Vegan-Food-Company|FH-032-Keto-Meal-Service|FH-033-Food-Photography-Service|FH-034-Restaurant-Consulting|FH-035-Food-Safety-Training|FS-001-Gym|FS-002-Boutique-Fitness-Studio|FS-003-Personal-Training-Studio|FS-004-Women-Only-Gym|FS-005-Boxing-Gym|FS-006-CrossFit-Gym|FS-007-Luxury-Fitness-Club|FS-008-Online-Coaching|FS-009-Personal-Trainer-Business|FS-010-Transformation-Program|FS-011-Athlete-Training-Company|FS-012-Supplement-Brand|FS-013-Fitness-Apparel|FS-014-Workout-Equipment-Brand|FS-015-Recovery-Products|FS-016-Fitness-App|FS-017-AI-Personal-Trainer|FS-018-Gym-Management-Software|FS-019-Wearable-Analytics-Platform|FS-020-Yoga-Studio|FS-021-Pilates-Studio|FS-022-Dance-Studio|FS-023-Martial-Arts-Dojo|FS-024-Sports-Performance-Center|FS-025-Corporate-Wellness-Program|LT-001-Truck-Dispatch-Company|LT-002-Freight-Brokerage|LT-003-Logistics-Dispatch-Service|LT-004-Last-Mile-Delivery-Dispatch|LT-005-Medical-Courier-Dispatch|LT-006-Amazon|LT-007-Construction-Dispatch|LT-008-Towing-Dispatch|LT-009-HVAC-Technician-Dispatch|LT-010-Field-Service-Dispatch|LT-011-Dispatch-Software|LT-012-Fleet-Tracking-Platform|LT-013-Logistics-Automation-System|LT-014-AI-Route-Optimization|LT-015-Driver-Management-Platform|LT-016-Trucking-Company|LT-017-Courier-Service|LT-018-Local-Delivery-Company|LT-019-Moving-Company|LT-020-Freight-Company|LT-021-Warehouse-Company|LT-022-Fulfillment-Center|LT-023-Storage-Business|LT-024-Distribution-Company|LT-025-Logistics-Marketplace|LT-026-Shipping-Platform|LT-027-Fleet-Management-SaaS|LT-028-Freight-AI-Optimization|LT-029-Supply-Chain-Analytics|LT-030-Cold-Chain-Logistics|PS-001-Business-Consulting|PS-002-Legal-Services|PS-003-Accounting-Services|PS-004-HR-Consulting|PS-005-Marketing-Agency|PS-006-Web-Design-Agency|PS-007-IT-Support-Services|PS-008-Virtual-Assistant-Service|PS-009-Bookkeeping-Service|PS-010-Tax-Preparation-Service|PS-011-Real-Estate-Agency|PS-012-Insurance-Agency|PS-013-Financial-Planning|PS-014-Event-Planning|PS-015-Interior-Design|PS-016-Photography-Service|PS-017-Videography-Service|PS-018-Translation-Services|PS-019-Copywriting-Service|PS-020-Social-Media-Management|PS-021-SEO-Agency|PS-022-PPC-Management|PS-023-PR-Agency|PS-024-Recruiting-Agency|PS-025-Business-Brokerage|MC-001-YouTube-Channel-Network|MC-002-Podcast-Network|MC-003-Blog-Network|MC-004-Influencer-Agency|MC-005-Content-Creation-Studio|MC-006-Video-Production-Company|MC-007-Animation-Studio|MC-008-Music-Production|MC-009-Stock-Photography|MC-010-Stock-Video|MC-011-Online-Magazine|MC-012-News-Website|MC-013-Streaming-Platform|MC-014-Gaming-Channel|MC-015-Esports-Team|MC-016-Virtual-Events-Platform|MC-017-Online-Course-Platform|MC-018-Membership-Site|MC-019-Digital-Download-Store|MC-020-NFT-Marketplace|ET-001-Online-Tutoring-Platform|ET-002-Language-Learning-App|ET-003-Test-Prep-Service|ET-004-Coding-Bootcamp|ET-005-Professional-Certification|ET-006-Corporate-Training|ET-007-Skills-Assessment-Platform|ET-008-Career-Coaching|ET-009-Resume-Writing-Service|ET-010-Interview-Prep-Platform|ET-011-Mentorship-Platform|ET-012-Educational-Content-Library|ET-013-VR-Training-Simulations|ET-014-Gamified-Learning-App|ET-015-Homeschool-Curriculum|ST-001-SaaS-Platform|ST-002-Mobile-App-Development|ST-003-Web-Development-Agency|ST-004-Custom-Software-Development|ST-005-API-Development|ST-006-Cloud-Infrastructure|ST-007-DevOps-Consulting|ST-008-Cybersecurity-Service|ST-009-Data-Analytics-Platform|ST-010-Business-Intelligence-Tool|ST-011-CRM-Platform|ST-012-Project-Management-Tool|ST-013-Communication-Platform|ST-014-Collaboration-Software|ST-015-Automation-Platform|ST-016-AI|ST-017-Chatbot-Builder|ST-018-E-commerce-Platform|ST-019-Payment-Processing|ST-020-Blockchain-Platform|ST-021-IoT-Platform|ST-022-AR|ST-023-Game-Development|ST-024-Marketing-Automation|ST-025-Sales-Automation|ST-026-HR-Tech-Platform|ST-027-Legal-Tech-Platform|ST-028-Health-Tech-Platform|ST-029-EdTech-Platform|ST-030-PropTech-Platform|EC-001-Angels-in-Daylight|EC-002-New-World-Apparel|EC-003-Shopify-Autopilot|EC-004-Shoe-Customizer|EC-005-Sunglasses-AI|EC-006-Dropship-Hub|EC-007-Personal-Shopper-AI|EC-008-Custom-Sneaker-AI|EC-009-Sustainable-Fashion-AI|EC-010-Jewelry-Designer-AI|EC-011-Virtual-Try-On-AI|EC-012-Fashion-Designer-AI|EC-013-Merch-Licensing|EC-014-Subscription-Box-AI|EC-015-Surf-Gear-AI|EC-016-Ski-Gear-AI|EC-017-Golf-Gear-AI|EC-018-Fishing-Gear-AI|EC-019-Yoga-Gear-AI|EC-020-Costume-Shop-AI|EC-021-Luggage-AI|EC-022-Home-Appliance-AI|EC-023-Tool-Shop-AI|EC-024-Garden-Supply-AI|EC-025-Collectible-AI|EC-026-Hobby-Shop-AI|EC-027-Kids-Toy-Line|EC-028-NFT-Fashion-Licensing|EC-029-Instant-Brand-Generator|EC-030-AI-Product-Photographer|EC-031-Automated-Inventory-Forecaster|EC-032-Dynamic-Pricing-Engine|EC-033-Ad-Optimizer-AI|EC-034-Recommendation-Engine|EC-035-Review-Aggregator-AI|EC-036-Fulfillment-Network-AI|EC-037-Return-Optimization-AI|EC-038-Chatbot-Customer-Service|EC-039-Visual-Search-AI|EC-040-Abandoned-Cart-Recovery|EC-041-Seasonal-Trend-Predictor|EC-042-Influencer-Matchmaker|EC-043-UGC-Content-Aggregator|EC-044-Live-Commerce-Platform|EC-045-AR-Virtual-Fitting-Room|EC-046-3D-Product-Viewer|EC-047-Carbon-Footprint-Tracker|EC-048-Wholesale-Marketplace-AI|EC-049-Rental-Marketplace|EC-050-AI-Product-Descriptions|EC-051-AI-Email-Marketing|EC-052-AI-Product-Bundler|EC-053-AI-Visual-Merchandiser|EC-054-AI-Demand-Forecasting|EC-055-AI-Warehouse-Management|EC-056-AI-Supplier-Matching|EC-057-AI-Quality-Control|EC-058-AI-Packaging-Designer|EC-059-AI-Logistics-Planner|EC-060-AI-Customer-Loyalty|EC-061-AI-Gift-Finder|EC-062-AI-Trend-Hunter|EC-063-AI-Market-Research|EC-064-AI-Competitor-Watcher|EC-065-AI-Product-Development|EC-066-AI-Customer-Journey|EC-067-AI-Payment-Optimization|EC-068-AI-Returns-Management|EC-069-AI-Shipping-Labeler|EC-070-AI-Product-Launch-Coach|EC-071-AI-Vendor-Negotiator|EC-072-AI-Product-Cataloger|EC-073-AI-Order-Prioritizer|EC-074-AI-Customer-Segmentation|EC-075-AI-Pricing-Analyst|EC-076-AI-Sales-Forecasting|EC-077-AI-Inventory-Reordering|EC-078-AI-Product-Comparison|EC-079-AI-Customer-Feedback|EC-080-AI-Product-Updates|EC-081-AI-Cross-Selling|EC-082-AI-Up-Selling|EC-083-AI-Product-Education|EC-084-AI-Purchase-Timing|EC-085-AI-Customer-Support|EC-086-AI-Order-Tracking|EC-087-AI-Product-Reviews|EC-088-AI-Customer-Community|EC-089-AI-Product-Customization|EC-090-AI-Gift-Registry|EC-091-AI-Wedding-Registry|EC-092-AI-Baby-Registry|EC-093-AI-Holiday-Planner|EC-094-AI-Personal-Shopper|EC-095-AI-Color-Match|EC-096-AI-Fabric-Advisor|EC-097-AI-Fit-Recommendation|EC-098-AI-Outfit-Builder|EC-099-AI-Seasonal-Forecast|EC-100-AI-Wardrobe-Planner|EC-101-AI-Accessory-Match|EC-102-AI-Shoe-Match|EC-103-AI-Jewelry-Match|EC-104-AI-Bag-Match|EC-105-AI-Color-Palette|EC-106-AI-Outfit-Recycling|EC-107-AI-Style-Evolution|EC-108-AI-Budget-Stylist|EC-109-AI-Trend-Archive|EC-110-AI-Vintage-Advisor|TECH-001-Quantum-Algorithm-AI|TECH-002-AI-Compliance-Scanner|TECH-003-Cloud-Management-AI|TECH-004-Robotics-Training-AI|TECH-005-Customer-Insights-AI|TECH-006-Voice-Assistant-AI|TECH-007-Blockchain-Verifier-AI|TECH-008-Cybersecurity-Shield|TECH-009-Content-Studio-AI|TECH-010-Smart-Home-AI|TECH-011-Supply-Chain-Optimizer|TECH-012-Data-Visualization-AI|TECH-013-Workflow-Automation|TECH-014-Sentiment-Analyzer|TECH-015-Image-Recognition-AI|TECH-016-Video-Editor-AI|TECH-017-Speech-to-Text-AI|TECH-018-Text-to-Speech-AI|TECH-019-Fraud-Prevention-AI|TECH-020-Recommendation-Engine|TECH-021-Network-Security-AI|TECH-022-Database-Optimizer|TECH-023-AI-Testing-Platform|TECH-024-Virtual-Assistant-Builder|TECH-025-Machine-Learning-Builder|TECH-026-AI-Ethics-Auditor|TECH-027-Predictive-Analytics-AI|TECH-028-AI-Training-Platform|TECH-029-Digital-Twin-AI|TECH-030-AI-Monitoring-System|TECH-031-Edge-Computing-AI|TECH-032-AI-Integration-Hub|TECH-033-Quantum-Algorithm-AI|TECH-034-AI-Compliance-Scanner|TECH-035-Cloud-Management-AI|TECH-036-Robotics-Training-AI|TECH-037-Customer-Insights-AI|TECH-038-Voice-Assistant-AI|TECH-039-Blockchain-Verifier-AI|TECH-040-Cybersecurity-Shield|TECH-041-Content-Studio-AI|TECH-042-Smart-Home-AI|TECH-043-Supply-Chain-Optimizer|TECH-044-Data-Visualization-AI|TECH-045-Workflow-Automation|TECH-046-Sentiment-Analyzer|TECH-047-Image-Recognition-AI|TECH-048-Video-Editor-AI|TECH-049-Speech-to-Text-AI|TECH-050-Text-to-Speech-AI|TECH-051-Fraud-Prevention-AI|TECH-052-Recommendation-Engine|TECH-053-Network-Security-AI|TECH-054-Database-Optimizer|TECH-055-AI-Testing-Platform|TECH-056-Virtual-Assistant-Builder|TECH-057-Machine-Learning-Builder|TECH-058-AI-Ethics-Auditor|TECH-059-Predictive-Analytics-AI|TECH-060-AI-Training-Platform|OPS-001-Fractional-CTO-Agency|OPS-002-Supply-Chain-Optimizer|OPS-003-Event-Planning-AI|OPS-004-Inventory-Management-AI|OPS-005-Project-Management-AI|OPS-006-Document-Automation-AI|OPS-007-Meeting-Assistant-AI|OPS-008-Recruitment-AI|OPS-009-Onboarding-AI|OPS-010-Training-Platform-AI|OPS-011-Performance-Review-AI|OPS-012-IT-Support-AI|OPS-013-Facilities-Management-AI|OPS-014-Travel-Booking-AI|OPS-015-Expense-Management-AI|OPS-016-Contract-Management-AI|OPS-017-Compliance-Monitoring-AI|OPS-018-Quality-Control-AI|OPS-019-Asset-Management-AI|OPS-020-Time-Tracking-AI|OPS-021-Document-Security-AI|OPS-022-Knowledge-Management-AI|OPS-023-Meeting-Transcription-AI|OPS-024-Task-Automation-AI|OPS-025-Resource-Allocation-AI|OPS-026-Budget-Planning-AI|OPS-027-Cost-Optimization-AI|OPS-028-Procurement-AI|OPS-029-Vendor-Management-AI|OPS-030-Contract-Negotiation-AI|OPS-031-Legal-Document-AI|OPS-032-Compliance-Reporting-AI|OPS-033-Training-Content-AI|OPS-034-Employee-Engagement-AI|OPS-035-Succession-Planning-AI|OPS-036-Workspace-Design-AI|OPS-037-Energy-Efficiency-AI|OPS-038-Security-Monitoring-AI|OPS-039-Health-Safety-AI|OPS-040-Disaster-Recovery-AI|OPS-041-IT-Asset-Management|OPS-042-Cloud-Cost-Management|OPS-043-Data-Governance-AI|OPS-044-Network-Monitoring-AI|OPS-045-Software-Licensing-AI|OPS-046-IT-Procurement-AI|OPS-047-System-Integration-AI|OPS-048-Data-Backup-AI|OPS-049-Business-Continuity-AI|OPS-050-Compliance-Audit-AI|OPS-051-Document-Collaboration-AI|OPS-052-Video-Conferencing-AI|OPS-053-Email-Management-AI|OPS-054-Calendar-Optimization-AI|OPS-055-Project-Budget-AI|OPS-056-Resource-Forecasting-AI|OPS-057-Task-Prioritization-AI|OPS-058-Time-Management-AI|OPS-059-Meeting-Minutes-AI|OPS-060-Document-Translation-AI|OPS-061-Form-Automation-AI|OPS-062-Report-Generation-AI|OPS-063-Dashboard-Creation-AI|OPS-064-Analytics-Platform-AI|OPS-065-Data-Cleaning-AI|OPS-066-Workflow-Management-AI|EDU-001-Youth-Entrepreneurship-Curriculum|EDU-002-AI-Literacy-Program|EDU-003-Coding-Mentor-Certification|EDU-004-Real-Estate-Licensing-Prep|EDU-005-Coding-Bootcamp|EDU-006-Homeschooling-Content-AI|EDU-007-AI-Tutoring-Platform|EDU-008-Branding-Templates-Marketplace|EDU-009-Voiceover-Script-Library|EDU-010-Trade-Skills-Bootcamp|EDU-011-Franchise-Blueprint-System|EDU-012-Low-Income-Housing-Blueprint|EDU-013-Automated-Empire-Book|EDU-014-BIPOC-Creator-Incubator|EDU-015-AI-Legal-Doc-Generator|EDU-016-Virtual-Black-Art-Museum|EDU-017-AI-Coding-Tutor|EDU-018-Online-Course-Creator|EDU-019-Executive-Education-Program|EDU-020-Youth-STEM-Program|EDU-021-Remote-Work-Certification|EDU-022-AI-Research-Assistant|EDU-023-Personal-Finance-Coach|EDU-024-Language-Learning-AI|EDU-025-Test-Preparation-AI|EDU-026-Corporate-Training-AI|EDU-027-Medical-Education-AI|EDU-028-Legal-Education-AI|EDU-029-Music-Education-AI|EDU-030-Art-Education-AI|EDU-031-Physical-Education-AI|EDU-032-Environmental-Education-AI|EDU-033-Social-Studies-AI|EDU-034-Math-Education-AI|EDU-035-Science-Education-AI|EDU-036-Reading-Comprehension-AI|EDU-037-Writing-Instruction-AI|EDU-038-Critical-Thinking-AI|EDU-039-Emotional-Intelligence-AI|EDU-040-Time-Management-AI|COMM-001-Luminary-Worldwide-Events|COMM-002-Brotherhood-Coaching-Network|COMM-003-Ace-Senior-Care-Connect|COMM-004-Community-Outreach-Nonprofit|COMM-005-Ace-Food-Security-AI|COMM-006-Community-Technology-Access-AI|COMM-007-Youth-Leadership-AI|COMM-008-Community-Fundraising-AI|COMM-009-Volunteer-Hub-AI|COMM-010-Disaster-Relief-AI|COMM-011-Indigenous-Creator-Hub|COMM-012-Black-Art-Museum-AI|COMM-013-Women-s-Empowerment-Network|COMM-014-Veterans-Support-AI|COMM-015-Youth-Mentorship-Program|COMM-016-Community-Health-AI|COMM-017-Local-Business-Directory|COMM-018-Neighborhood-Watch-AI|COMM-019-Community-Garden-AI|COMM-020-Public-Transportation-AI|COMM-021-Housing-Assistance-AI|COMM-022-Job-Training-Center|COMM-023-Elder-Companion-AI|COMM-024-Youth-Sports-AI|COMM-025-Community-Legal-Aid|COMM-026-Public-Education-AI|COMM-027-Local-Government-AI|COMM-028-Public-Safety-AI|COMM-029-Community-Wellness-AI|COMM-030-Cultural-Exchange-AI|COMM-031-Community-Investment-AI|COMM-032-Public-Health-AI|COMM-033-Youth-Innovation-Hub|COMM-034-Senior-Tech-Support|COMM-035-Community-Arts-AI|COMM-036-Public-Infrastructure-AI|COMM-037-Neighborhood-Development-AI|COMM-038-Community-Policing-AI|COMM-039-Public-Space-AI|COMM-040-Community-Recycling-AI|COMM-041-Public-Wi-Fi-AI|COMM-042-Community-Energy-AI|COMM-043-Local-Food-Network-AI|COMM-044-Community-Volunteering-AI|COMM-045-Public-Childcare-AI|COMM-046-Community-Pet-Care-AI|COMM-047-Public-Fitness-AI|COMM-048-Community-Transportation-AI|COMM-049-Public-Event-AI|COMM-050-Community-Cultural-AI|EM-001-Space-Habitat-AI|EM-002-Fusion-Energy-AI|EM-003-Teleportation-Research-AI|EM-004-Climate-Solutions-AI|EM-005-Holographic-Events-AI|EM-006-Neurofeedback-AI|EM-007-Autonomous-Delivery-AI|EM-008-Gene-Editing-AI|EM-009-Space-Tourism-AI|EM-010-Wearables-AI|EM-011-Metaverse-Hub-AI|EM-012-Energy-Grid-AI|EM-013-Brain-Computer-Interface|EM-014-Ocean-Cleanup-AI|EM-015-Crypto-Trading-AI|EM-016-Synthetic-Media-AI|EM-017-Space-Mining-AI|EM-018-VR-Therapy-AI|EM-019-Weather-Prediction-AI|EM-020-Autonomous-Farming-AI|EM-021-Traffic-Optimizer-AI|EM-022-Smart-Grid-AI|EM-023-Disaster-Prediction-AI|EM-024-Nanotech-AI|EM-025-Personalized-Medicine-AI|EM-026-AI-Diagnostic-Lab|EM-027-Sustainable-Cities-AI|EM-028-Renewable-Energy-AI|EM-029-Climate-Modeling-AI|EM-030-Policy-Advisor-AI|EM-031-Governance-Hub-AI|EM-032-Global-Challenges-AI|EM-033-Space-Exploration-AI|EM-034-Education-Equity-AI|EM-035-Health-Equity-AI|EM-036-Economic-Equity-AI|EM-037-Environmental-Justice-AI|EM-038-Human-Rights-AI|EM-039-Peacebuilding-AI|EM-040-Telemedicine-AI|EM-041-AI-Climate-Adaptation|EM-042-Space-Agriculture-AI|EM-043-Quantum-Communication-AI|EM-044-Robotics-Surgery-AI|EM-045-AI-Disaster-Response|EM-046-Smart-City-Governance|EM-047-AI-Environmental-Monitoring|EM-048-Space-Manufacturing-AI|EM-049-AI-Ocean-Exploration|EM-050-AI-Archaeology|SPEC-001-AI-Auction-House|SPEC-002-Smart-Marina-Management|SPEC-003-AI-Surf-Report|SPEC-004-Private-Chef-AI|SPEC-005-Virtual-Concierge-AI|SPEC-006-Smart-Parking-AI|SPEC-007-AI-Interior-Design|SPEC-008-Personal-Stylist-AI|SPEC-009-Smart-Locker-System|SPEC-010-AI-Fitness-Coach|SPEC-011-Smart-Golf-Caddie|SPEC-012-AI-Nutritionist|SPEC-013-Smart-Hotel-Butler|SPEC-014-AI-Language-Tutor|SPEC-015-Smart-Transportation-AI|SPEC-016-AI-Travel-Planner|SPEC-017-Smart-Agriculture-AI|SPEC-018-AI-Personal-Shopper|SPEC-019-Smart-Home-Security|SPEC-020-AI-Music-Producer|SPEC-021-Smart-Restaurant-AI|SPEC-022-AI-Movie-Critic|SPEC-023-Smart-Museum-Guide|SPEC-024-AI-Sports-Analyst|SPEC-025-Smart-Library-AI|SPEC-026-AI-Art-Curator|SPEC-027-Smart-Fitness-AI|SPEC-028-AI-Poetry-Generator|SPEC-029-Smart-Dating-AI|SPEC-030-AI-Journalism-Tool|SPEC-031-Smart-Legal-AI|SPEC-032-AI-Game-Designer|SPEC-033-Smart-Real-Estate-AI|SPEC-034-AI-Cooking-Assistant|SPEC-035-Smart-Health-AI|SPEC-036-AI-Photography-Tool|SPEC-037-Smart-Writing-AI|SPEC-038-AI-Comedy-Writer|SPEC-039-Smart-Meditation-AI|SPEC-040-AI-Debate-Coach|SPEC-041-Smart-Parenting-AI|SPEC-042-AI-Financial-Advisor|SPEC-043-Smart-Automotive-AI|SPEC-044-AI-Aviation-Planner|SPEC-045-Smart-Maritime-AI|SPEC-046-AI-Weather-Forecast|SPEC-047-Smart-Energy-AI|SPEC-048-AI-Sports-Coach|SPEC-049-Smart-Education-AI|SPEC-050-AI-Language-Translator|FI-dist|FI-node_modules|FI-public|FI-src|FI-supabase|CON-001-ACE-CONSTRUCTION|CON-002-RESIDENTIAL-CONSTRUCTION|CON-003-COMMERCIAL-CONSTRUCTION|CON-004-INDUSTRIAL-CONSTRUCTION|CON-005-CONSTRUCTION-EQUIPMENT-RENTAL|CON-006-CONSTRUCTION-PROJECT-MANAGEMENT|CON-007-GREEN-BUILDING-SERVICES|CON-008-HOME-RENOVATION-SERVICES|CON-009-ROOFING-COMPANY|CON-010-PLUMBING-SERVICES|CON-011-ELECTRICAL-SERVICES|CON-012-HVAC-SERVICES|CON-013-PAINTING-SERVICES|CON-014-FLOORING-SERVICES|CON-015-LANDSCAPING-SERVICES|CON-016-DEMOLITION-SERVICES|CON-017-CONCRETE-SERVICES|CON-018-CARPENTRY-SERVICES|CON-019-WINDOW-INSTALLATION|CON-020-INSULATION-SERVICES|RE-001-PROPERTY-HOLDINGS|OPS-001-VENTURE-STAFFING|PROFILE-001-DIVINE-JOHNS-PORTFOLIO|ET-010-PERSONAL-RESUME|TECH-061-TECH-VENTURES-PORTFOLIO
genixbank-insight-compass,,yes,shared_services,CFO+COO,CFO+COO,all-sectors,
global-operations-automation,,yes,other,COO,COO,tech-team,
ht-004-data-api,,yes,other,COO,COO,tech-team,
ht-004-firmware,,yes,other,COO,COO,tech-team,
ht-004-mobile-app,,yes,other,COO,COO,tech-team,
innovation-hub-platform,,yes,other,COO,COO,tech-team,
ins-001-venture-insurance,,yes,other,COO,COO,tech-team,
intellectual-property-management,,yes,other,COO,COO,tech-team,
investment-fund-management,,yes,other,COO,COO,tech-team,
iza-os-agents,,yes,other,COO,COO,tech-team,
iza-os-ai-consciousness-platform,,yes,other,COO,COO,tech-team,
iza-os-ai-core-platform,,yes,other,COO,COO,tech-team,
iza-os-ai-nlp-platform,,yes,experimental,POS-TECH-MANAGER,POS-TECH-MANAGER,tech-team,
iza-os-ai-optimization-platform,,yes,other,COO,COO,tech-team,
iza-os-ai-orchestration,,yes,other,COO,COO,tech-team,
iza-os-ai-prediction-platform,,yes,other,COO,COO,tech-team,
iza-os-ai-vision-platform,,yes,other,COO,COO,tech-team,
iza-os-analytics,,yes,shared_services,CFO+COO,CFO+COO,all-sectors,FIN-001-GenixBank-Lite|FIN-002-Credit-Repair-Automation|FIN-003-AI-Boss-Hub-Lite|FIN-004-GenixBanks-AI-Treasurer|FIN-005-U-Haul-Rental-Affiliate|FIN-006-Tax-Prep-Filing-Services|FIN-007-Business-Credit-Building|FIN-008-Business-Formation-Services|FIN-009-Crypto-Tax-Optimizer|FIN-010-AI-Powered-Garbage-Collection|FIN-011-Automated-Bookkeeping|FIN-012-Invoice-Factoring-AI|FIN-013-Charity-Donation-AI|FIN-014-Expense-Tracker-AI|FIN-015-Financial-Wellness-Coach|FIN-016-Trade-Finance-AI|FIN-017-Remittance-AI|FIN-018-Wealth-Transfer-AI|FIN-019-Payment-Gateway-AI|FIN-020-Debt-Consolidation-AI|FIN-021-Tax-Deduction-Finder|FIN-022-Budget-Forecasting-AI|FIN-023-Investment-Portfolio-AI|FIN-024-Crowdfunding-AI|FIN-025-Escrow-Automation|FIN-026-Financial-Compliance-Scanner|FIN-027-Patent-Writer-AI|FIN-028-Legal-Analyzer-AI|FIN-029-Compliance-Wallet-SaaS|FIN-030-Local-SEO-Ranker-AI|FIN-031-Investor-Dashboard-Builder|FIN-032-Legal-Toolkit-AI|FIN-033-AI-Tax-Preparation-Service|FIN-034-Payroll-Automation|FIN-035-Insurance-Underwriting-AI|FIN-036-Arbitrage-Nexus-Platform|BW-001-Lash-Extension-Studio|BW-002-Mobile-Lash-Service|BW-003-Luxury-Lash-Bar|BW-004-Lash-Training-Academy|BW-005-Lash-Supply-Company|BW-006-Lash-Glue-Brand|BW-007-Lash-Kits-&-Tools|BW-008-Private-Label-Lashes|BW-009-Franchise-Lash-Salons|BW-010-Online-Lash-Education|BW-011-Nail-Salon|BW-012-Mobile-Nail-Tech|BW-013-Luxury-Nail-Spa|BW-014-Press-On-Nail-Brand|BW-015-Nail-Art-Studio|BW-016-Nail-Polish-Brand|BW-017-Nail-Care-Products|BW-018-Nail-Booking-Marketplace|BW-019-Salon-Management-Software|BW-020-AI-Nail-Design-Generator|BW-021-Hair-Salon|BW-022-Barbershop|BW-023-Mobile-Hairstyling|BW-024-Hair-Braiding-Studio|BW-025-Wig-Installation-Studio|BW-026-Hair-Extension-Salon|BW-027-Hair-Care-Line|BW-028-Wig-Brand|BW-029-Hair-Extensions-Brand|BW-030-Scalp-Treatment-Products|BW-031-Hair-Marketplace|BW-032-Stylist-Booking-Platform|BW-033-AI-Hairstyle-Simulator|BW-034-Salon-Franchise-Chain|BW-035-Makeup-Studio|BW-036-Bridal-Makeup-Service|BW-037-Mobile-Makeup-Artist|BW-038-Photoshoot-Makeup-Team|BW-039-Cosmetics-Brand|BW-040-Beauty-Tools-Brand|FH-001-Personal-Chef-Service|FH-002-Meal-Prep-Delivery|FH-003-Private-Dinner-Experiences|FH-004-Catering-Company|FH-005-Corporate-Lunch-Service|FH-006-Healthy-Meal-Prep-for-Gyms|FH-007-Elderly-Meal-Service|FH-008-Athlete-Nutrition-Service|FH-009-Packaged-Food-Brand|FH-010-Frozen-Meals-Company|FH-011-Sauce-or-Seasoning-Brand|FH-012-Protein-Snacks-Brand|FH-013-Meal-Kit-Company|FH-014-Cloud-Kitchen-|FH-015-AI-Nutrition-Planner|FH-016-Recipe-App|FH-017-Cooking-Content-Brand|FH-018-Food-Influencer-Brand|FH-019-Cooking-Course-Platform|FH-020-Restaurant-POS-System|FH-021-Food-Truck-Business|FH-022-Specialty-Coffee-Shop|FH-023-Bakery-&-Pastry-Shop|FH-024-Juice-Bar|FH-025-Ice-Cream-Shop|FH-026-Gourmet-Food-Market|FH-027-Food-Delivery-Platform|FH-028-Restaurant-Management-SaaS|FH-029-Food-Quality-Testing-Lab|FH-030-Organic-Food-Brand|FH-031-Vegan-Food-Company|FH-032-Keto-Meal-Service|FH-033-Food-Photography-Service|FH-034-Restaurant-Consulting|FH-035-Food-Safety-Training|FS-001-Gym|FS-002-Boutique-Fitness-Studio|FS-003-Personal-Training-Studio|FS-004-Women-Only-Gym|FS-005-Boxing-Gym|FS-006-CrossFit-Gym|FS-007-Luxury-Fitness-Club|FS-008-Online-Coaching|FS-009-Personal-Trainer-Business|FS-010-Transformation-Program|FS-011-Athlete-Training-Company|FS-012-Supplement-Brand|FS-013-Fitness-Apparel|FS-014-Workout-Equipment-Brand|FS-015-Recovery-Products|FS-016-Fitness-App|FS-017-AI-Personal-Trainer|FS-018-Gym-Management-Software|FS-019-Wearable-Analytics-Platform|FS-020-Yoga-Studio|FS-021-Pilates-Studio|FS-022-Dance-Studio|FS-023-Martial-Arts-Dojo|FS-024-Sports-Performance-Center|FS-025-Corporate-Wellness-Program|LT-001-Truck-Dispatch-Company|LT-002-Freight-Brokerage|LT-003-Logistics-Dispatch-Service|LT-004-Last-Mile-Delivery-Dispatch|LT-005-Medical-Courier-Dispatch|LT-006-Amazon|LT-007-Construction-Dispatch|LT-008-Towing-Dispatch|LT-009-HVAC-Technician-Dispatch|LT-010-Field-Service-Dispatch|LT-011-Dispatch-Software|LT-012-Fleet-Tracking-Platform|LT-013-Logistics-Automation-System|LT-014-AI-Route-Optimization|LT-015-Driver-Management-Platform|LT-016-Trucking-Company|LT-017-Courier-Service|LT-018-Local-Delivery-Company|LT-019-Moving-Company|LT-020-Freight-Company|LT-021-Warehouse-Company|LT-022-Fulfillment-Center|LT-023-Storage-Business|LT-024-Distribution-Company|LT-025-Logistics-Marketplace|LT-026-Shipping-Platform|LT-027-Fleet-Management-SaaS|LT-028-Freight-AI-Optimization|LT-029-Supply-Chain-Analytics|LT-030-Cold-Chain-Logistics|PS-001-Business-Consulting|PS-002-Legal-Services|PS-003-Accounting-Services|PS-004-HR-Consulting|PS-005-Marketing-Agency|PS-006-Web-Design-Agency|PS-007-IT-Support-Services|PS-008-Virtual-Assistant-Service|PS-009-Bookkeeping-Service|PS-010-Tax-Preparation-Service|PS-011-Real-Estate-Agency|PS-012-Insurance-Agency|PS-013-Financial-Planning|PS-014-Event-Planning|PS-015-Interior-Design|PS-016-Photography-Service|PS-017-Videography-Service|PS-018-Translation-Services|PS-019-Copywriting-Service|PS-020-Social-Media-Management|PS-021-SEO-Agency|PS-022-PPC-Management|PS-023-PR-Agency|PS-024-Recruiting-Agency|PS-025-Business-Brokerage|MC-001-YouTube-Channel-Network|MC-002-Podcast-Network|MC-003-Blog-Network|MC-004-Influencer-Agency|MC-005-Content-Creation-Studio|MC-006-Video-Production-Company|MC-007-Animation-Studio|MC-008-Music-Production|MC-009-Stock-Photography|MC-010-Stock-Video|MC-011-Online-Magazine|MC-012-News-Website|MC-013-Streaming-Platform|MC-014-Gaming-Channel|MC-015-Esports-Team|MC-016-Virtual-Events-Platform|MC-017-Online-Course-Platform|MC-018-Membership-Site|MC-019-Digital-Download-Store|MC-020-NFT-Marketplace|ET-001-Online-Tutoring-Platform|ET-002-Language-Learning-App|ET-003-Test-Prep-Service|ET-004-Coding-Bootcamp|ET-005-Professional-Certification|ET-006-Corporate-Training|ET-007-Skills-Assessment-Platform|ET-008-Career-Coaching|ET-009-Resume-Writing-Service|ET-010-Interview-Prep-Platform|ET-011-Mentorship-Platform|ET-012-Educational-Content-Library|ET-013-VR-Training-Simulations|ET-014-Gamified-Learning-App|ET-015-Homeschool-Curriculum|ST-001-SaaS-Platform|ST-002-Mobile-App-Development|ST-003-Web-Development-Agency|ST-004-Custom-Software-Development|ST-005-API-Development|ST-006-Cloud-Infrastructure|ST-007-DevOps-Consulting|ST-008-Cybersecurity-Service|ST-009-Data-Analytics-Platform|ST-010-Business-Intelligence-Tool|ST-011-CRM-Platform|ST-012-Project-Management-Tool|ST-013-Communication-Platform|ST-014-Collaboration-Software|ST-015-Automation-Platform|ST-016-AI|ST-017-Chatbot-Builder|ST-018-E-commerce-Platform|ST-019-Payment-Processing|ST-020-Blockchain-Platform|ST-021-IoT-Platform|ST-022-AR|ST-023-Game-Development|ST-024-Marketing-Automation|ST-025-Sales-Automation|ST-026-HR-Tech-Platform|ST-027-Legal-Tech-Platform|ST-028-Health-Tech-Platform|ST-029-EdTech-Platform|ST-030-PropTech-Platform|EC-001-Angels-in-Daylight|EC-002-New-World-Apparel|EC-003-Shopify-Autopilot|EC-004-Shoe-Customizer|EC-005-Sunglasses-AI|EC-006-Dropship-Hub|EC-007-Personal-Shopper-AI|EC-008-Custom-Sneaker-AI|EC-009-Sustainable-Fashion-AI|EC-010-Jewelry-Designer-AI|EC-011-Virtual-Try-On-AI|EC-012-Fashion-Designer-AI|EC-013-Merch-Licensing|EC-014-Subscription-Box-AI|EC-015-Surf-Gear-AI|EC-016-Ski-Gear-AI|EC-017-Golf-Gear-AI|EC-018-Fishing-Gear-AI|EC-019-Yoga-Gear-AI|EC-020-Costume-Shop-AI|EC-021-Luggage-AI|EC-022-Home-Appliance-AI|EC-023-Tool-Shop-AI|EC-024-Garden-Supply-AI|EC-025-Collectible-AI|EC-026-Hobby-Shop-AI|EC-027-Kids-Toy-Line|EC-028-NFT-Fashion-Licensing|EC-029-Instant-Brand-Generator|EC-030-AI-Product-Photographer|EC-031-Automated-Inventory-Forecaster|EC-032-Dynamic-Pricing-Engine|EC-033-Ad-Optimizer-AI|EC-034-Recommendation-Engine|EC-035-Review-Aggregator-AI|EC-036-Fulfillment-Network-AI|EC-037-Return-Optimization-AI|EC-038-Chatbot-Customer-Service|EC-039-Visual-Search-AI|EC-040-Abandoned-Cart-Recovery|EC-041-Seasonal-Trend-Predictor|EC-042-Influencer-Matchmaker|EC-043-UGC-Content-Aggregator|EC-044-Live-Commerce-Platform|EC-045-AR-Virtual-Fitting-Room|EC-046-3D-Product-Viewer|EC-047-Carbon-Footprint-Tracker|EC-048-Wholesale-Marketplace-AI|EC-049-Rental-Marketplace|EC-050-AI-Product-Descriptions|EC-051-AI-Email-Marketing|EC-052-AI-Product-Bundler|EC-053-AI-Visual-Merchandiser|EC-054-AI-Demand-Forecasting|EC-055-AI-Warehouse-Management|EC-056-AI-Supplier-Matching|EC-057-AI-Quality-Control|EC-058-AI-Packaging-Designer|EC-059-AI-Logistics-Planner|EC-060-AI-Customer-Loyalty|EC-061-AI-Gift-Finder|EC-062-AI-Trend-Hunter|EC-063-AI-Market-Research|EC-064-AI-Competitor-Watcher|EC-065-AI-Product-Development|EC-066-AI-Customer-Journey|EC-067-AI-Payment-Optimization|EC-068-AI-Returns-Management|EC-069-AI-Shipping-Labeler|EC-070-AI-Product-Launch-Coach|EC-071-AI-Vendor-Negotiator|EC-072-AI-Product-Cataloger|EC-073-AI-Order-Prioritizer|EC-074-AI-Customer-Segmentation|EC-075-AI-Pricing-Analyst|EC-076-AI-Sales-Forecasting|EC-077-AI-Inventory-Reordering|EC-078-AI-Product-Comparison|EC-079-AI-Customer-Feedback|EC-080-AI-Product-Updates|EC-081-AI-Cross-Selling|EC-082-AI-Up-Selling|EC-083-AI-Product-Education|EC-084-AI-Purchase-Timing|EC-085-AI-Customer-Support|EC-086-AI-Order-Tracking|EC-087-AI-Product-Reviews|EC-088-AI-Customer-Community|EC-089-AI-Product-Customization|EC-090-AI-Gift-Registry|EC-091-AI-Wedding-Registry|EC-092-AI-Baby-Registry|EC-093-AI-Holiday-Planner|EC-094-AI-Personal-Shopper|EC-095-AI-Color-Match|EC-096-AI-Fabric-Advisor|EC-097-AI-Fit-Recommendation|EC-098-AI-Outfit-Builder|EC-099-AI-Seasonal-Forecast|EC-100-AI-Wardrobe-Planner|EC-101-AI-Accessory-Match|EC-102-AI-Shoe-Match|EC-103-AI-Jewelry-Match|EC-104-AI-Bag-Match|EC-105-AI-Color-Palette|EC-106-AI-Outfit-Recycling|EC-107-AI-Style-Evolution|EC-108-AI-Budget-Stylist|EC-109-AI-Trend-Archive|EC-110-AI-Vintage-Advisor|TECH-001-Quantum-Algorithm-AI|TECH-002-AI-Compliance-Scanner|TECH-003-Cloud-Management-AI|TECH-004-Robotics-Training-AI|TECH-005-Customer-Insights-AI|TECH-006-Voice-Assistant-AI|TECH-007-Blockchain-Verifier-AI|TECH-008-Cybersecurity-Shield|TECH-009-Content-Studio-AI|TECH-010-Smart-Home-AI|TECH-011-Supply-Chain-Optimizer|TECH-012-Data-Visualization-AI|TECH-013-Workflow-Automation|TECH-014-Sentiment-Analyzer|TECH-015-Image-Recognition-AI|TECH-016-Video-Editor-AI|TECH-017-Speech-to-Text-AI|TECH-018-Text-to-Speech-AI|TECH-019-Fraud-Prevention-AI|TECH-020-Recommendation-Engine|TECH-021-Network-Security-AI|TECH-022-Database-Optimizer|TECH-023-AI-Testing-Platform|TECH-024-Virtual-Assistant-Builder|TECH-025-Machine-Learning-Builder|TECH-026-AI-Ethics-Auditor|TECH-027-Predictive-Analytics-AI|TECH-028-AI-Training-Platform|TECH-029-Digital-Twin-AI|TECH-030-AI-Monitoring-System|TECH-031-Edge-Computing-AI|TECH-032-AI-Integration-Hub|TECH-033-Quantum-Algorithm-AI|TECH-034-AI-Compliance-Scanner|TECH-035-Cloud-Management-AI|TECH-036-Robotics-Training-AI|TECH-037-Customer-Insights-AI|TECH-038-Voice-Assistant-AI|TECH-039-Blockchain-Verifier-AI|TECH-040-Cybersecurity-Shield|TECH-041-Content-Studio-AI|TECH-042-Smart-Home-AI|TECH-043-Supply-Chain-Optimizer|TECH-044-Data-Visualization-AI|TECH-045-Workflow-Automation|TECH-046-Sentiment-Analyzer|TECH-047-Image-Recognition-AI|TECH-048-Video-Editor-AI|TECH-049-Speech-to-Text-AI|TECH-050-Text-to-Speech-AI|TECH-051-Fraud-Prevention-AI|TECH-052-Recommendation-Engine|TECH-053-Network-Security-AI|TECH-054-Database-Optimizer|TECH-055-AI-Testing-Platform|TECH-056-Virtual-Assistant-Builder|TECH-057-Machine-Learning-Builder|TECH-058-AI-Ethics-Auditor|TECH-059-Predictive-Analytics-AI|TECH-060-AI-Training-Platform|OPS-001-Fractional-CTO-Agency|OPS-002-Supply-Chain-Optimizer|OPS-003-Event-Planning-AI|OPS-004-Inventory-Management-AI|OPS-005-Project-Management-AI|OPS-006-Document-Automation-AI|OPS-007-Meeting-Assistant-AI|OPS-008-Recruitment-AI|OPS-009-Onboarding-AI|OPS-010-Training-Platform-AI|OPS-011-Performance-Review-AI|OPS-012-IT-Support-AI|OPS-013-Facilities-Management-AI|OPS-014-Travel-Booking-AI|OPS-015-Expense-Management-AI|OPS-016-Contract-Management-AI|OPS-017-Compliance-Monitoring-AI|OPS-018-Quality-Control-AI|OPS-019-Asset-Management-AI|OPS-020-Time-Tracking-AI|OPS-021-Document-Security-AI|OPS-022-Knowledge-Management-AI|OPS-023-Meeting-Transcription-AI|OPS-024-Task-Automation-AI|OPS-025-Resource-Allocation-AI|OPS-026-Budget-Planning-AI|OPS-027-Cost-Optimization-AI|OPS-028-Procurement-AI|OPS-029-Vendor-Management-AI|OPS-030-Contract-Negotiation-AI|OPS-031-Legal-Document-AI|OPS-032-Compliance-Reporting-AI|OPS-033-Training-Content-AI|OPS-034-Employee-Engagement-AI|OPS-035-Succession-Planning-AI|OPS-036-Workspace-Design-AI|OPS-037-Energy-Efficiency-AI|OPS-038-Security-Monitoring-AI|OPS-039-Health-Safety-AI|OPS-040-Disaster-Recovery-AI|OPS-041-IT-Asset-Management|OPS-042-Cloud-Cost-Management|OPS-043-Data-Governance-AI|OPS-044-Network-Monitoring-AI|OPS-045-Software-Licensing-AI|OPS-046-IT-Procurement-AI|OPS-047-System-Integration-AI|OPS-048-Data-Backup-AI|OPS-049-Business-Continuity-AI|OPS-050-Compliance-Audit-AI|OPS-051-Document-Collaboration-AI|OPS-052-Video-Conferencing-AI|OPS-053-Email-Management-AI|OPS-054-Calendar-Optimization-AI|OPS-055-Project-Budget-AI|OPS-056-Resource-Forecasting-AI|OPS-057-Task-Prioritization-AI|OPS-058-Time-Management-AI|OPS-059-Meeting-Minutes-AI|OPS-060-Document-Translation-AI|OPS-061-Form-Automation-AI|OPS-062-Report-Generation-AI|OPS-063-Dashboard-Creation-AI|OPS-064-Analytics-Platform-AI|OPS-065-Data-Cleaning-AI|OPS-066-Workflow-Management-AI|EDU-001-Youth-Entrepreneurship-Curriculum|EDU-002-AI-Literacy-Program|EDU-003-Coding-Mentor-Certification|EDU-004-Real-Estate-Licensing-Prep|EDU-005-Coding-Bootcamp|EDU-006-Homeschooling-Content-AI|EDU-007-AI-Tutoring-Platform|EDU-008-Branding-Templates-Marketplace|EDU-009-Voiceover-Script-Library|EDU-010-Trade-Skills-Bootcamp|EDU-011-Franchise-Blueprint-System|EDU-012-Low-Income-Housing-Blueprint|EDU-013-Automated-Empire-Book|EDU-014-BIPOC-Creator-Incubator|EDU-015-AI-Legal-Doc-Generator|EDU-016-Virtual-Black-Art-Museum|EDU-017-AI-Coding-Tutor|EDU-018-Online-Course-Creator|EDU-019-Executive-Education-Program|EDU-020-Youth-STEM-Program|EDU-021-Remote-Work-Certification|EDU-022-AI-Research-Assistant|EDU-023-Personal-Finance-Coach|EDU-024-Language-Learning-AI|EDU-025-Test-Preparation-AI|EDU-026-Corporate-Training-AI|EDU-027-Medical-Education-AI|EDU-028-Legal-Education-AI|EDU-029-Music-Education-AI|EDU-030-Art-Education-AI|EDU-031-Physical-Education-AI|EDU-032-Environmental-Education-AI|EDU-033-Social-Studies-AI|EDU-034-Math-Education-AI|EDU-035-Science-Education-AI|EDU-036-Reading-Comprehension-AI|EDU-037-Writing-Instruction-AI|EDU-038-Critical-Thinking-AI|EDU-039-Emotional-Intelligence-AI|EDU-040-Time-Management-AI|COMM-001-Luminary-Worldwide-Events|COMM-002-Brotherhood-Coaching-Network|COMM-003-Ace-Senior-Care-Connect|COMM-004-Community-Outreach-Nonprofit|COMM-005-Ace-Food-Security-AI|COMM-006-Community-Technology-Access-AI|COMM-007-Youth-Leadership-AI|COMM-008-Community-Fundraising-AI|COMM-009-Volunteer-Hub-AI|COMM-010-Disaster-Relief-AI|COMM-011-Indigenous-Creator-Hub|COMM-012-Black-Art-Museum-AI|COMM-013-Women-s-Empowerment-Network|COMM-014-Veterans-Support-AI|COMM-015-Youth-Mentorship-Program|COMM-016-Community-Health-AI|COMM-017-Local-Business-Directory|COMM-018-Neighborhood-Watch-AI|COMM-019-Community-Garden-AI|COMM-020-Public-Transportation-AI|COMM-021-Housing-Assistance-AI|COMM-022-Job-Training-Center|COMM-023-Elder-Companion-AI|COMM-024-Youth-Sports-AI|COMM-025-Community-Legal-Aid|COMM-026-Public-Education-AI|COMM-027-Local-Government-AI|COMM-028-Public-Safety-AI|COMM-029-Community-Wellness-AI|COMM-030-Cultural-Exchange-AI|COMM-031-Community-Investment-AI|COMM-032-Public-Health-AI|COMM-033-Youth-Innovation-Hub|COMM-034-Senior-Tech-Support|COMM-035-Community-Arts-AI|COMM-036-Public-Infrastructure-AI|COMM-037-Neighborhood-Development-AI|COMM-038-Community-Policing-AI|COMM-039-Public-Space-AI|COMM-040-Community-Recycling-AI|COMM-041-Public-Wi-Fi-AI|COMM-042-Community-Energy-AI|COMM-043-Local-Food-Network-AI|COMM-044-Community-Volunteering-AI|COMM-045-Public-Childcare-AI|COMM-046-Community-Pet-Care-AI|COMM-047-Public-Fitness-AI|COMM-048-Community-Transportation-AI|COMM-049-Public-Event-AI|COMM-050-Community-Cultural-AI|EM-001-Space-Habitat-AI|EM-002-Fusion-Energy-AI|EM-003-Teleportation-Research-AI|EM-004-Climate-Solutions-AI|EM-005-Holographic-Events-AI|EM-006-Neurofeedback-AI|EM-007-Autonomous-Delivery-AI|EM-008-Gene-Editing-AI|EM-009-Space-Tourism-AI|EM-010-Wearables-AI|EM-011-Metaverse-Hub-AI|EM-012-Energy-Grid-AI|EM-013-Brain-Computer-Interface|EM-014-Ocean-Cleanup-AI|EM-015-Crypto-Trading-AI|EM-016-Synthetic-Media-AI|EM-017-Space-Mining-AI|EM-018-VR-Therapy-AI|EM-019-Weather-Prediction-AI|EM-020-Autonomous-Farming-AI|EM-021-Traffic-Optimizer-AI|EM-022-Smart-Grid-AI|EM-023-Disaster-Prediction-AI|EM-024-Nanotech-AI|EM-025-Personalized-Medicine-AI|EM-026-AI-Diagnostic-Lab|EM-027-Sustainable-Cities-AI|EM-028-Renewable-Energy-AI|EM-029-Climate-Modeling-AI|EM-030-Policy-Advisor-AI|EM-031-Governance-Hub-AI|EM-032-Global-Challenges-AI|EM-033-Space-Exploration-AI|EM-034-Education-Equity-AI|EM-035-Health-Equity-AI|EM-036-Economic-Equity-AI|EM-037-Environmental-Justice-AI|EM-038-Human-Rights-AI|EM-039-Peacebuilding-AI|EM-040-Telemedicine-AI|EM-041-AI-Climate-Adaptation|EM-042-Space-Agriculture-AI|EM-043-Quantum-Communication-AI|EM-044-Robotics-Surgery-AI|EM-045-AI-Disaster-Response|EM-046-Smart-City-Governance|EM-047-AI-Environmental-Monitoring|EM-048-Space-Manufacturing-AI|EM-049-AI-Ocean-Exploration|EM-050-AI-Archaeology|SPEC-001-AI-Auction-House|SPEC-002-Smart-Marina-Management|SPEC-003-AI-Surf-Report|SPEC-004-Private-Chef-AI|SPEC-005-Virtual-Concierge-AI|SPEC-006-Smart-Parking-AI|SPEC-007-AI-Interior-Design|SPEC-008-Personal-Stylist-AI|SPEC-009-Smart-Locker-System|SPEC-010-AI-Fitness-Coach|SPEC-011-Smart-Golf-Caddie|SPEC-012-AI-Nutritionist|SPEC-013-Smart-Hotel-Butler|SPEC-014-AI-Language-Tutor|SPEC-015-Smart-Transportation-AI|SPEC-016-AI-Travel-Planner|SPEC-017-Smart-Agriculture-AI|SPEC-018-AI-Personal-Shopper|SPEC-019-Smart-Home-Security|SPEC-020-AI-Music-Producer|SPEC-021-Smart-Restaurant-AI|SPEC-022-AI-Movie-Critic|SPEC-023-Smart-Museum-Guide|SPEC-024-AI-Sports-Analyst|SPEC-025-Smart-Library-AI|SPEC-026-AI-Art-Curator|SPEC-027-Smart-Fitness-AI|SPEC-028-AI-Poetry-Generator|SPEC-029-Smart-Dating-AI|SPEC-030-AI-Journalism-Tool|SPEC-031-Smart-Legal-AI|SPEC-032-AI-Game-Designer|SPEC-033-Smart-Real-Estate-AI|SPEC-034-AI-Cooking-Assistant|SPEC-035-Smart-Health-AI|SPEC-036-AI-Photography-Tool|SPEC-037-Smart-Writing-AI|SPEC-038-AI-Comedy-Writer|SPEC-039-Smart-Meditation-AI|SPEC-040-AI-Debate-Coach|SPEC-041-Smart-Parenting-AI|SPEC-042-AI-Financial-Advisor|SPEC-043-Smart-Automotive-AI|SPEC-044-AI-Aviation-Planner|SPEC-045-Smart-Maritime-AI|SPEC-046-AI-Weather-Forecast|SPEC-047-Smart-Energy-AI|SPEC-048-AI-Sports-Coach|SPEC-049-Smart-Education-AI|SPEC-050-AI-Language-Translator|FI-dist|FI-node_modules|FI-public|FI-src|FI-supabase|CON-001-ACE-CONSTRUCTION|CON-002-RESIDENTIAL-CONSTRUCTION|CON-003-COMMERCIAL-CONSTRUCTION|CON-004-INDUSTRIAL-CONSTRUCTION|CON-005-CONSTRUCTION-EQUIPMENT-RENTAL|CON-006-CONSTRUCTION-PROJECT-MANAGEMENT|CON-007-GREEN-BUILDING-SERVICES|CON-008-HOME-RENOVATION-SERVICES|CON-009-ROOFING-COMPANY|CON-010-PLUMBING-SERVICES|CON-011-ELECTRICAL-SERVICES|CON-012-HVAC-SERVICES|CON-013-PAINTING-SERVICES|CON-014-FLOORING-SERVICES|CON-015-LANDSCAPING-SERVICES|CON-016-DEMOLITION-SERVICES|CON-017-CONCRETE-SERVICES|CON-018-CARPENTRY-SERVICES|CON-019-WINDOW-INSTALLATION|CON-020-INSULATION-SERVICES|RE-001-PROPERTY-HOLDINGS|OPS-001-VENTURE-STAFFING|PROFILE-001-DIVINE-JOHNS-PORTFOLIO|ET-010-PERSONAL-RESUME|TECH-061-TECH-VENTURES-PORTFOLIO
iza-os-api-gateway-bot,,yes,infrastructure,POS-TECH-MANAGER,POS-TECH-MANAGER,tech-team,TECH-001-Quantum-Algorithm-AI|TECH-002-AI-Compliance-Scanner|TECH-003-Cloud-Management-AI|TECH-004-Robotics-Training-AI|TECH-005-Customer-Insights-AI|TECH-006-Voice-Assistant-AI|TECH-007-Blockchain-Verifier-AI|TECH-008-Cybersecurity-Shield|TECH-009-Content-Studio-AI|TECH-010-Smart-Home-AI|TECH-011-Supply-Chain-Optimizer|TECH-012-Data-Visualization-AI|TECH-013-Workflow-Automation|TECH-014-Sentiment-Analyzer|TECH-015-Image-Recognition-AI|TECH-016-Video-Editor-AI|TECH-017-Speech-to-Text-AI|TECH-018-Text-to-Speech-AI|TECH-019-Fraud-Prevention-AI|TECH-020-Recommendation-Engine|TECH-021-Network-Security-AI|TECH-022-Database-Optimizer|TECH-023-AI-Testing-Platform|TECH-024-Virtual-Assistant-Builder|TECH-025-Machine-Learning-Builder|TECH-026-AI-Ethics-Auditor|TECH-027-Predictive-Analytics-AI|TECH-028-AI-Training-Platform|TECH-029-Digital-Twin-AI|TECH-030-AI-Monitoring-System|TECH-031-Edge-Computing-AI|TECH-032-AI-Integration-Hub|TECH-033-Quantum-Algorithm-AI|TECH-034-AI-Compliance-Scanner|TECH-035-Cloud-Management-AI|TECH-036-Robotics-Training-AI|TECH-037-Customer-Insights-AI|TECH-038-Voice-Assistant-AI|TECH-039-Blockchain-Verifier-AI|TECH-040-Cybersecurity-Shield|TECH-041-Content-Studio-AI|TECH-042-Smart-Home-AI|TECH-043-Supply-Chain-Optimizer|TECH-044-Data-Visualization-AI|TECH-045-Workflow-Automation|TECH-046-Sentiment-Analyzer|TECH-047-Image-Recognition-AI|TECH-048-Video-Editor-AI|TECH-049-Speech-to-Text-AI|TECH-050-Text-to-Speech-AI|TECH-051-Fraud-Prevention-AI|TECH-052-Recommendation-Engine|TECH-053-Network-Security-AI|TECH-054-Database-Optimizer|TECH-055-AI-Testing-Platform|TECH-056-Virtual-Assistant-Builder|TECH-057-Machine-Learning-Builder|TECH-058-AI-Ethics-Auditor|TECH-059-Predictive-Analytics-AI|TECH-060-AI-Training-Platform|OPS-001-Fractional-CTO-Agency|OPS-002-Supply-Chain-Optimizer|OPS-003-Event-Planning-AI|OPS-004-Inventory-Management-AI|OPS-005-Project-Management-AI|OPS-006-Document-Automation-AI|OPS-007-Meeting-Assistant-AI|OPS-008-Recruitment-AI|OPS-009-Onboarding-AI|OPS-010-Training-Platform-AI|OPS-011-Performance-Review-AI|OPS-012-IT-Support-AI|OPS-013-Facilities-Management-AI|OPS-014-Travel-Booking-AI|OPS-015-Expense-Management-AI|OPS-016-Contract-Management-AI|OPS-017-Compliance-Monitoring-AI|OPS-018-Quality-Control-AI|OPS-019-Asset-Management-AI|OPS-020-Time-Tracking-AI|OPS-021-Document-Security-AI|OPS-022-Knowledge-Management-AI|OPS-023-Meeting-Transcription-AI|OPS-024-Task-Automation-AI|OPS-025-Resource-Allocation-AI|OPS-026-Budget-Planning-AI|OPS-027-Cost-Optimization-AI|OPS-028-Procurement-AI|OPS-029-Vendor-Management-AI|OPS-030-Contract-Negotiation-AI|OPS-031-Legal-Document-AI|OPS-032-Compliance-Reporting-AI|OPS-033-Training-Content-AI|OPS-034-Employee-Engagement-AI|OPS-035-Succession-Planning-AI|OPS-036-Workspace-Design-AI|OPS-037-Energy-Efficiency-AI|OPS-038-Security-Monitoring-AI|OPS-039-Health-Safety-AI|OPS-040-Disaster-Recovery-AI|OPS-041-IT-Asset-Management|OPS-042-Cloud-Cost-Management|OPS-043-Data-Governance-AI|OPS-044-Network-Monitoring-AI|OPS-045-Software-Licensing-AI|OPS-046-IT-Procurement-AI|OPS-047-System-Integration-AI|OPS-048-Data-Backup-AI|OPS-049-Business-Continuity-AI|OPS-050-Compliance-Audit-AI|OPS-051-Document-Collaboration-AI|OPS-052-Video-Conferencing-AI|OPS-053-Email-Management-AI|OPS-054-Calendar-Optimization-AI|OPS-055-Project-Budget-AI|OPS-056-Resource-Forecasting-AI|OPS-057-Task-Prioritization-AI|OPS-058-Time-Management-AI|OPS-059-Meeting-Minutes-AI|OPS-060-Document-Translation-AI|OPS-061-Form-Automation-AI|OPS-062-Report-Generation-AI|OPS-063-Dashboard-Creation-AI|OPS-064-Analytics-Platform-AI|OPS-065-Data-Cleaning-AI|OPS-066-Workflow-Management-AI|EDU-001-Youth-Entrepreneurship-Curriculum|EDU-002-AI-Literacy-Program|EDU-003-Coding-Mentor-Certification|EDU-004-Real-Estate-Licensing-Prep|EDU-005-Coding-Bootcamp|EDU-006-Homeschooling-Content-AI|EDU-007-AI-Tutoring-Platform|EDU-008-Branding-Templates-Marketplace|EDU-009-Voiceover-Script-Library|EDU-010-Trade-Skills-Bootcamp|EDU-011-Franchise-Blueprint-System|EDU-012-Low-Income-Housing-Blueprint|EDU-013-Automated-Empire-Book|EDU-014-BIPOC-Creator-Incubator|EDU-015-AI-Legal-Doc-Generator|EDU-016-Virtual-Black-Art-Museum|EDU-017-AI-Coding-Tutor|EDU-018-Online-Course-Creator|EDU-019-Executive-Education-Program|EDU-020-Youth-STEM-Program|EDU-021-Remote-Work-Certification|EDU-022-AI-Research-Assistant|EDU-023-Personal-Finance-Coach|EDU-024-Language-Learning-AI|EDU-025-Test-Preparation-AI|EDU-026-Corporate-Training-AI|EDU-027-Medical-Education-AI|EDU-028-Legal-Education-AI|EDU-029-Music-Education-AI|EDU-030-Art-Education-AI|EDU-031-Physical-Education-AI|EDU-032-Environmental-Education-AI|EDU-033-Social-Studies-AI|EDU-034-Math-Education-AI|EDU-035-Science-Education-AI|EDU-036-Reading-Comprehension-AI|EDU-037-Writing-Instruction-AI|EDU-038-Critical-Thinking-AI|EDU-039-Emotional-Intelligence-AI|EDU-040-Time-Management-AI|COMM-001-Luminary-Worldwide-Events|COMM-002-Brotherhood-Coaching-Network|COMM-003-Ace-Senior-Care-Connect|COMM-004-Community-Outreach-Nonprofit|COMM-005-Ace-Food-Security-AI|COMM-006-Community-Technology-Access-AI|COMM-007-Youth-Leadership-AI|COMM-008-Community-Fundraising-AI|COMM-009-Volunteer-Hub-AI|COMM-010-Disaster-Relief-AI|COMM-011-Indigenous-Creator-Hub|COMM-012-Black-Art-Museum-AI|COMM-013-Women-s-Empowerment-Network|COMM-014-Veterans-Support-AI|COMM-015-Youth-Mentorship-Program|COMM-016-Community-Health-AI|COMM-017-Local-Business-Directory|COMM-018-Neighborhood-Watch-AI|COMM-019-Community-Garden-AI|COMM-020-Public-Transportation-AI|COMM-021-Housing-Assistance-AI|COMM-022-Job-Training-Center|COMM-023-Elder-Companion-AI|COMM-024-Youth-Sports-AI|COMM-025-Community-Legal-Aid|COMM-026-Public-Education-AI|COMM-027-Local-Government-AI|COMM-028-Public-Safety-AI|COMM-029-Community-Wellness-AI|COMM-030-Cultural-Exchange-AI|COMM-031-Community-Investment-AI|COMM-032-Public-Health-AI|COMM-033-Youth-Innovation-Hub|COMM-034-Senior-Tech-Support|COMM-035-Community-Arts-AI|COMM-036-Public-Infrastructure-AI|COMM-037-Neighborhood-Development-AI|COMM-038-Community-Policing-AI|COMM-039-Public-Space-AI|COMM-040-Community-Recycling-AI|COMM-041-Public-Wi-Fi-AI|COMM-042-Community-Energy-AI|COMM-043-Local-Food-Network-AI|COMM-044-Community-Volunteering-AI|COMM-045-Public-Childcare-AI|COMM-046-Community-Pet-Care-AI|COMM-047-Public-Fitness-AI|COMM-048-Community-Transportation-AI|COMM-049-Public-Event-AI|COMM-050-Community-Cultural-AI|EM-001-Space-Habitat-AI|EM-002-Fusion-Energy-AI|EM-003-Teleportation-Research-AI|EM-004-Climate-Solutions-AI|EM-005-Holographic-Events-AI|EM-006-Neurofeedback-AI|EM-007-Autonomous-Delivery-AI|EM-008-Gene-Editing-AI|EM-009-Space-Tourism-AI|EM-010-Wearables-AI|EM-011-Metaverse-Hub-AI|EM-012-Energy-Grid-AI|EM-013-Brain-Computer-Interface|EM-014-Ocean-Cleanup-AI|EM-015-Crypto-Trading-AI|EM-016-Synthetic-Media-AI|EM-017-Space-Mining-AI|EM-018-VR-Therapy-AI|EM-019-Weather-Prediction-AI|EM-020-Autonomous-Farming-AI|EM-021-Traffic-Optimizer-AI|EM-022-Smart-Grid-AI|EM-023-Disaster-Prediction-AI|EM-024-Nanotech-AI|EM-025-Personalized-Medicine-AI|EM-026-AI-Diagnostic-Lab|EM-027-Sustainable-Cities-AI|EM-028-Renewable-Energy-AI|EM-029-Climate-Modeling-AI|EM-030-Policy-Advisor-AI|EM-031-Governance-Hub-AI|EM-032-Global-Challenges-AI|EM-033-Space-Exploration-AI|EM-034-Education-Equity-AI|EM-035-Health-Equity-AI|EM-036-Economic-Equity-AI|EM-037-Environmental-Justice-AI|EM-038-Human-Rights-AI|EM-039-Peacebuilding-AI|EM-040-Telemedicine-AI|EM-041-AI-Climate-Adaptation|EM-042-Space-Agriculture-AI|EM-043-Quantum-Communication-AI|EM-044-Robotics-Surgery-AI|EM-045-AI-Disaster-Response|EM-046-Smart-City-Governance|EM-047-AI-Environmental-Monitoring|EM-048-Space-Manufacturing-AI|EM-049-AI-Ocean-Exploration|EM-050-AI-Archaeology|SPEC-001-AI-Auction-House|SPEC-002-Smart-Marina-Management|SPEC-003-AI-Surf-Report|SPEC-004-Private-Chef-AI|SPEC-005-Virtual-Concierge-AI|SPEC-006-Smart-Parking-AI|SPEC-007-AI-Interior-Design|SPEC-008-Personal-Stylist-AI|SPEC-009-Smart-Locker-System|SPEC-010-AI-Fitness-Coach|SPEC-011-Smart-Golf-Caddie|SPEC-012-AI-Nutritionist|SPEC-013-Smart-Hotel-Butler|SPEC-014-AI-Language-Tutor|SPEC-015-Smart-Transportation-AI|SPEC-016-AI-Travel-Planner|SPEC-017-Smart-Agriculture-AI|SPEC-018-AI-Personal-Shopper|SPEC-019-Smart-Home-Security|SPEC-020-AI-Music-Producer|SPEC-021-Smart-Restaurant-AI|SPEC-022-AI-Movie-Critic|SPEC-023-Smart-Museum-Guide|SPEC-024-AI-Sports-Analyst|SPEC-025-Smart-Library-AI|SPEC-026-AI-Art-Curator|SPEC-027-Smart-Fitness-AI|SPEC-028-AI-Poetry-Generator|SPEC-029-Smart-Dating-AI|SPEC-030-AI-Journalism-Tool|SPEC-031-Smart-Legal-AI|SPEC-032-AI-Game-Designer|SPEC-033-Smart-Real-Estate-AI|SPEC-034-AI-Cooking-Assistant|SPEC-035-Smart-Health-AI|SPEC-036-AI-Photography-Tool|SPEC-037-Smart-Writing-AI|SPEC-038-AI-Comedy-Writer|SPEC-039-Smart-Meditation-AI|SPEC-040-AI-Debate-Coach|SPEC-041-Smart-Parenting-AI|SPEC-042-AI-Financial-Advisor|SPEC-043-Smart-Automotive-AI|SPEC-044-AI-Aviation-Planner|SPEC-045-Smart-Maritime-AI|SPEC-046-AI-Weather-Forecast|SPEC-047-Smart-Energy-AI|SPEC-048-AI-Sports-Coach|SPEC-049-Smart-Education-AI|SPEC-050-AI-Language-Translator|FI-dist|FI-node_modules|FI-public|FI-src|FI-supabase|CON-001-ACE-CONSTRUCTION|CON-002-RESIDENTIAL-CONSTRUCTION|CON-003-COMMERCIAL-CONSTRUCTION|CON-004-INDUSTRIAL-CONSTRUCTION|CON-005-CONSTRUCTION-EQUIPMENT-RENTAL|CON-006-CONSTRUCTION-PROJECT-MANAGEMENT|CON-007-GREEN-BUILDING-SERVICES|CON-008-HOME-RENOVATION-SERVICES|CON-009-ROOFING-COMPANY|CON-010-PLUMBING-SERVICES|CON-011-ELECTRICAL-SERVICES|CON-012-HVAC-SERVICES|CON-013-PAINTING-SERVICES|CON-014-FLOORING-SERVICES|CON-015-LANDSCAPING-SERVICES|CON-016-DEMOLITION-SERVICES|CON-017-CONCRETE-SERVICES|CON-018-CARPENTRY-SERVICES|CON-019-WINDOW-INSTALLATION|CON-020-INSULATION-SERVICES|RE-001-PROPERTY-HOLDINGS|OPS-001-VENTURE-STAFFING|PROFILE-001-DIVINE-JOHNS-PORTFOLIO|ET-010-PERSONAL-RESUME|TECH-061-TECH-VENTURES-PORTFOLIO
iza-os-automation,,yes,other,COO,COO,tech-team,
iza-os-automation-integration,,yes,other,COO,COO,tech-team,
iza-os-blockchain-core,,yes,experimental,POS-TECH-MANAGER,POS-TECH-MANAGER,tech-team,
iza-os-business,,yes,other,COO,COO,tech-team,
iza-os-cli,,yes,other,COO,COO,tech-team,
iza-os-computer-vision,,yes,experimental,POS-TECH-MANAGER,POS-TECH-MANAGER,tech-team,
iza-os-core,,yes,other,COO,COO,tech-team,
iza-os-cryptocurrency-management,,yes,other,COO,COO,tech-team,
iza-os-customer-core,,yes,other,COO,COO,tech-team,
iza-os-customer-service-automation-bot,,yes,shared_services,CFO+COO,CFO+COO,all-sectors,
iza-os-customer-service-chatbot-bot,,yes,shared_services,CFO+COO,CFO+COO,all-sectors,EC-001-Angels-in-Daylight|EC-002-New-World-Apparel|EC-003-Shopify-Autopilot|EC-004-Shoe-Customizer|EC-005-Sunglasses-AI|EC-006-Dropship-Hub|EC-007-Personal-Shopper-AI|EC-008-Custom-Sneaker-AI|EC-009-Sustainable-Fashion-AI|EC-010-Jewelry-Designer-AI|EC-011-Virtual-Try-On-AI|EC-012-Fashion-Designer-AI|EC-013-Merch-Licensing|EC-014-Subscription-Box-AI|EC-015-Surf-Gear-AI|EC-016-Ski-Gear-AI|EC-017-Golf-Gear-AI|EC-018-Fishing-Gear-AI|EC-019-Yoga-Gear-AI|EC-020-Costume-Shop-AI|EC-021-Luggage-AI|EC-022-Home-Appliance-AI|EC-023-Tool-Shop-AI|EC-024-Garden-Supply-AI|EC-025-Collectible-AI|EC-026-Hobby-Shop-AI|EC-027-Kids-Toy-Line|EC-028-NFT-Fashion-Licensing|EC-029-Instant-Brand-Generator|EC-030-AI-Product-Photographer|EC-031-Automated-Inventory-Forecaster|EC-032-Dynamic-Pricing-Engine|EC-033-Ad-Optimizer-AI|EC-034-Recommendation-Engine|EC-035-Review-Aggregator-AI|EC-036-Fulfillment-Network-AI|EC-037-Return-Optimization-AI|EC-038-Chatbot-Customer-Service|EC-039-Visual-Search-AI|EC-040-Abandoned-Cart-Recovery|EC-041-Seasonal-Trend-Predictor|EC-042-Influencer-Matchmaker|EC-043-UGC-Content-Aggregator|EC-044-Live-Commerce-Platform|EC-045-AR-Virtual-Fitting-Room|EC-046-3D-Product-Viewer|EC-047-Carbon-Footprint-Tracker|EC-048-Wholesale-Marketplace-AI|EC-049-Rental-Marketplace|EC-050-AI-Product-Descriptions|EC-051-AI-Email-Marketing|EC-052-AI-Product-Bundler|EC-053-AI-Visual-Merchandiser|EC-054-AI-Demand-Forecasting|EC-055-AI-Warehouse-Management|EC-056-AI-Supplier-Matching|EC-057-AI-Quality-Control|EC-058-AI-Packaging-Designer|EC-059-AI-Logistics-Planner|EC-060-AI-Customer-Loyalty|EC-061-AI-Gift-Finder|EC-062-AI-Trend-Hunter|EC-063-AI-Market-Research|EC-064-AI-Competitor-Watcher|EC-065-AI-Product-Development|EC-066-AI-Customer-Journey|EC-067-AI-Payment-Optimization|EC-068-AI-Returns-Management|EC-069-AI-Shipping-Labeler|EC-070-AI-Product-Launch-Coach|EC-071-AI-Vendor-Negotiator|EC-072-AI-Product-Cataloger|EC-073-AI-Order-Prioritizer|EC-074-AI-Customer-Segmentation|EC-075-AI-Pricing-Analyst|EC-076-AI-Sales-Forecasting|EC-077-AI-Inventory-Reordering|EC-078-AI-Product-Comparison|EC-079-AI-Customer-Feedback|EC-080-AI-Product-Updates|EC-081-AI-Cross-Selling|EC-082-AI-Up-Selling|EC-083-AI-Product-Education|EC-084-AI-Purchase-Timing|EC-085-AI-Customer-Support|EC-086-AI-Order-Tracking|EC-087-AI-Product-Reviews|EC-088-AI-Customer-Community|EC-089-AI-Product-Customization|EC-090-AI-Gift-Registry|EC-091-AI-Wedding-Registry|EC-092-AI-Baby-Registry|EC-093-AI-Holiday-Planner|EC-094-AI-Personal-Shopper|EC-095-AI-Color-Match|EC-096-AI-Fabric-Advisor|EC-097-AI-Fit-Recommendation|EC-098-AI-Outfit-Builder|EC-099-AI-Seasonal-Forecast|EC-100-AI-Wardrobe-Planner|EC-101-AI-Accessory-Match|EC-102-AI-Shoe-Match|EC-103-AI-Jewelry-Match|EC-104-AI-Bag-Match|EC-105-AI-Color-Palette|EC-106-AI-Outfit-Recycling|EC-107-AI-Style-Evolution|EC-108-AI-Budget-Stylist|EC-109-AI-Trend-Archive|EC-110-AI-Vintage-Advisor|TECH-001-Quantum-Algorithm-AI|TECH-002-AI-Compliance-Scanner|TECH-003-Cloud-Management-AI|TECH-004-Robotics-Training-AI|TECH-005-Customer-Insights-AI|TECH-006-Voice-Assistant-AI|TECH-007-Blockchain-Verifier-AI|TECH-008-Cybersecurity-Shield|TECH-009-Content-Studio-AI|TECH-010-Smart-Home-AI|TECH-011-Supply-Chain-Optimizer|TECH-012-Data-Visualization-AI|TECH-013-Workflow-Automation|TECH-014-Sentiment-Analyzer|TECH-015-Image-Recognition-AI|TECH-016-Video-Editor-AI|TECH-017-Speech-to-Text-AI|TECH-018-Text-to-Speech-AI|TECH-019-Fraud-Prevention-AI|TECH-020-Recommendation-Engine|TECH-021-Network-Security-AI|TECH-022-Database-Optimizer|TECH-023-AI-Testing-Platform|TECH-024-Virtual-Assistant-Builder|TECH-025-Machine-Learning-Builder|TECH-026-AI-Ethics-Auditor|TECH-027-Predictive-Analytics-AI|TECH-028-AI-Training-Platform|TECH-029-Digital-Twin-AI|TECH-030-AI-Monitoring-System|TECH-031-Edge-Computing-AI|TECH-032-AI-Integration-Hub|TECH-033-Quantum-Algorithm-AI|TECH-034-AI-Compliance-Scanner|TECH-035-Cloud-Management-AI|TECH-036-Robotics-Training-AI|TECH-037-Customer-Insights-AI|TECH-038-Voice-Assistant-AI|TECH-039-Blockchain-Verifier-AI|TECH-040-Cybersecurity-Shield|TECH-041-Content-Studio-AI|TECH-042-Smart-Home-AI|TECH-043-Supply-Chain-Optimizer|TECH-044-Data-Visualization-AI|TECH-045-Workflow-Automation|TECH-046-Sentiment-Analyzer|TECH-047-Image-Recognition-AI|TECH-048-Video-Editor-AI|TECH-049-Speech-to-Text-AI|TECH-050-Text-to-Speech-AI|TECH-051-Fraud-Prevention-AI|TECH-052-Recommendation-Engine|TECH-053-Network-Security-AI|TECH-054-Database-Optimizer|TECH-055-AI-Testing-Platform|TECH-056-Virtual-Assistant-Builder|TECH-057-Machine-Learning-Builder|TECH-058-AI-Ethics-Auditor|TECH-059-Predictive-Analytics-AI|TECH-060-AI-Training-Platform|OPS-001-Fractional-CTO-Agency|OPS-002-Supply-Chain-Optimizer|OPS-003-Event-Planning-AI|OPS-004-Inventory-Management-AI|OPS-005-Project-Management-AI|OPS-006-Document-Automation-AI|OPS-007-Meeting-Assistant-AI|OPS-008-Recruitment-AI|OPS-009-Onboarding-AI|OPS-010-Training-Platform-AI|OPS-011-Performance-Review-AI|OPS-012-IT-Support-AI|OPS-013-Facilities-Management-AI|OPS-014-Travel-Booking-AI|OPS-015-Expense-Management-AI|OPS-016-Contract-Management-AI|OPS-017-Compliance-Monitoring-AI|OPS-018-Quality-Control-AI|OPS-019-Asset-Management-AI|OPS-020-Time-Tracking-AI|OPS-021-Document-Security-AI|OPS-022-Knowledge-Management-AI|OPS-023-Meeting-Transcription-AI|OPS-024-Task-Automation-AI|OPS-025-Resource-Allocation-AI|OPS-026-Budget-Planning-AI|OPS-027-Cost-Optimization-AI|OPS-028-Procurement-AI|OPS-029-Vendor-Management-AI|OPS-030-Contract-Negotiation-AI|OPS-031-Legal-Document-AI|OPS-032-Compliance-Reporting-AI|OPS-033-Training-Content-AI|OPS-034-Employee-Engagement-AI|OPS-035-Succession-Planning-AI|OPS-036-Workspace-Design-AI|OPS-037-Energy-Efficiency-AI|OPS-038-Security-Monitoring-AI|OPS-039-Health-Safety-AI|OPS-040-Disaster-Recovery-AI|OPS-041-IT-Asset-Management|OPS-042-Cloud-Cost-Management|OPS-043-Data-Governance-AI|OPS-044-Network-Monitoring-AI|OPS-045-Software-Licensing-AI|OPS-046-IT-Procurement-AI|OPS-047-System-Integration-AI|OPS-048-Data-Backup-AI|OPS-049-Business-Continuity-AI|OPS-050-Compliance-Audit-AI|OPS-051-Document-Collaboration-AI|OPS-052-Video-Conferencing-AI|OPS-053-Email-Management-AI|OPS-054-Calendar-Optimization-AI|OPS-055-Project-Budget-AI|OPS-056-Resource-Forecasting-AI|OPS-057-Task-Prioritization-AI|OPS-058-Time-Management-AI|OPS-059-Meeting-Minutes-AI|OPS-060-Document-Translation-AI|OPS-061-Form-Automation-AI|OPS-062-Report-Generation-AI|OPS-063-Dashboard-Creation-AI|OPS-064-Analytics-Platform-AI|OPS-065-Data-Cleaning-AI|OPS-066-Workflow-Management-AI|EDU-001-Youth-Entrepreneurship-Curriculum|EDU-002-AI-Literacy-Program|EDU-003-Coding-Mentor-Certification|EDU-004-Real-Estate-Licensing-Prep|EDU-005-Coding-Bootcamp|EDU-006-Homeschooling-Content-AI|EDU-007-AI-Tutoring-Platform|EDU-008-Branding-Templates-Marketplace|EDU-009-Voiceover-Script-Library|EDU-010-Trade-Skills-Bootcamp|EDU-011-Franchise-Blueprint-System|EDU-012-Low-Income-Housing-Blueprint|EDU-013-Automated-Empire-Book|EDU-014-BIPOC-Creator-Incubator|EDU-015-AI-Legal-Doc-Generator|EDU-016-Virtual-Black-Art-Museum|EDU-017-AI-Coding-Tutor|EDU-018-Online-Course-Creator|EDU-019-Executive-Education-Program|EDU-020-Youth-STEM-Program|EDU-021-Remote-Work-Certification|EDU-022-AI-Research-Assistant|EDU-023-Personal-Finance-Coach|EDU-024-Language-Learning-AI|EDU-025-Test-Preparation-AI|EDU-026-Corporate-Training-AI|EDU-027-Medical-Education-AI|EDU-028-Legal-Education-AI|EDU-029-Music-Education-AI|EDU-030-Art-Education-AI|EDU-031-Physical-Education-AI|EDU-032-Environmental-Education-AI|EDU-033-Social-Studies-AI|EDU-034-Math-Education-AI|EDU-035-Science-Education-AI|EDU-036-Reading-Comprehension-AI|EDU-037-Writing-Instruction-AI|EDU-038-Critical-Thinking-AI|EDU-039-Emotional-Intelligence-AI|EDU-040-Time-Management-AI|COMM-001-Luminary-Worldwide-Events|COMM-002-Brotherhood-Coaching-Network|COMM-003-Ace-Senior-Care-Connect|COMM-004-Community-Outreach-Nonprofit|COMM-005-Ace-Food-Security-AI|COMM-006-Community-Technology-Access-AI|COMM-007-Youth-Leadership-AI|COMM-008-Community-Fundraising-AI|COMM-009-Volunteer-Hub-AI|COMM-010-Disaster-Relief-AI|COMM-011-Indigenous-Creator-Hub|COMM-012-Black-Art-Museum-AI|COMM-013-Women-s-Empowerment-Network|COMM-014-Veterans-Support-AI|COMM-015-Youth-Mentorship-Program|COMM-016-Community-Health-AI|COMM-017-Local-Business-Directory|COMM-018-Neighborhood-Watch-AI|COMM-019-Community-Garden-AI|COMM-020-Public-Transportation-AI|COMM-021-Housing-Assistance-AI|COMM-022-Job-Training-Center|COMM-023-Elder-Companion-AI|COMM-024-Youth-Sports-AI|COMM-025-Community-Legal-Aid|COMM-026-Public-Education-AI|COMM-027-Local-Government-AI|COMM-028-Public-Safety-AI|COMM-029-Community-Wellness-AI|COMM-030-Cultural-Exchange-AI|COMM-031-Community-Investment-AI|COMM-032-Public-Health-AI|COMM-033-Youth-Innovation-Hub|COMM-034-Senior-Tech-Support|COMM-035-Community-Arts-AI|COMM-036-Public-Infrastructure-AI|COMM-037-Neighborhood-Development-AI|COMM-038-Community-Policing-AI|COMM-039-Public-Space-AI|COMM-040-Community-Recycling-AI|COMM-041-Public-Wi-Fi-AI|COMM-042-Community-Energy-AI|COMM-043-Local-Food-Network-AI|COMM-044-Community-Volunteering-AI|COMM-045-Public-Childcare-AI|COMM-046-Community-Pet-Care-AI|COMM-047-Public-Fitness-AI|COMM-048-Community-Transportation-AI|COMM-049-Public-Event-AI|COMM-050-Community-Cultural-AI|EM-001-Space-Habitat-AI|EM-002-Fusion-Energy-AI|EM-003-Teleportation-Research-AI|EM-004-Climate-Solutions-AI|EM-005-Holographic-Events-AI|EM-006-Neurofeedback-AI|EM-007-Autonomous-Delivery-AI|EM-008-Gene-Editing-AI|EM-009-Space-Tourism-AI|EM-010-Wearables-AI|EM-011-Metaverse-Hub-AI|EM-012-Energy-Grid-AI|EM-013-Brain-Computer-Interface|EM-014-Ocean-Cleanup-AI|EM-015-Crypto-Trading-AI|EM-016-Synthetic-Media-AI|EM-017-Space-Mining-AI|EM-018-VR-Therapy-AI|EM-019-Weather-Prediction-AI|EM-020-Autonomous-Farming-AI|EM-021-Traffic-Optimizer-AI|EM-022-Smart-Grid-AI|EM-023-Disaster-Prediction-AI|EM-024-Nanotech-AI|EM-025-Personalized-Medicine-AI|EM-026-AI-Diagnostic-Lab|EM-027-Sustainable-Cities-AI|EM-028-Renewable-Energy-AI|EM-029-Climate-Modeling-AI|EM-030-Policy-Advisor-AI|EM-031-Governance-Hub-AI|EM-032-Global-Challenges-AI|EM-033-Space-Exploration-AI|EM-034-Education-Equity-AI|EM-035-Health-Equity-AI|EM-036-Economic-Equity-AI|EM-037-Environmental-Justice-AI|EM-038-Human-Rights-AI|EM-039-Peacebuilding-AI|EM-040-Telemedicine-AI|EM-041-AI-Climate-Adaptation|EM-042-Space-Agriculture-AI|EM-043-Quantum-Communication-AI|EM-044-Robotics-Surgery-AI|EM-045-AI-Disaster-Response|EM-046-Smart-City-Governance|EM-047-AI-Environmental-Monitoring|EM-048-Space-Manufacturing-AI|EM-049-AI-Ocean-Exploration|EM-050-AI-Archaeology|SPEC-001-AI-Auction-House|SPEC-002-Smart-Marina-Management|SPEC-003-AI-Surf-Report|SPEC-004-Private-Chef-AI|SPEC-005-Virtual-Concierge-AI|SPEC-006-Smart-Parking-AI|SPEC-007-AI-Interior-Design|SPEC-008-Personal-Stylist-AI|SPEC-009-Smart-Locker-System|SPEC-010-AI-Fitness-Coach|SPEC-011-Smart-Golf-Caddie|SPEC-012-AI-Nutritionist|SPEC-013-Smart-Hotel-Butler|SPEC-014-AI-Language-Tutor|SPEC-015-Smart-Transportation-AI|SPEC-016-AI-Travel-Planner|SPEC-017-Smart-Agriculture-AI|SPEC-018-AI-Personal-Shopper|SPEC-019-Smart-Home-Security|SPEC-020-AI-Music-Producer|SPEC-021-Smart-Restaurant-AI|SPEC-022-AI-Movie-Critic|SPEC-023-Smart-Museum-Guide|SPEC-024-AI-Sports-Analyst|SPEC-025-Smart-Library-AI|SPEC-026-AI-Art-Curator|SPEC-027-Smart-Fitness-AI|SPEC-028-AI-Poetry-Generator|SPEC-029-Smart-Dating-AI|SPEC-030-AI-Journalism-Tool|SPEC-031-Smart-Legal-AI|SPEC-032-AI-Game-Designer|SPEC-033-Smart-Real-Estate-AI|SPEC-034-AI-Cooking-Assistant|SPEC-035-Smart-Health-AI|SPEC-036-AI-Photography-Tool|SPEC-037-Smart-Writing-AI|SPEC-038-AI-Comedy-Writer|SPEC-039-Smart-Meditation-AI|SPEC-040-AI-Debate-Coach|SPEC-041-Smart-Parenting-AI|SPEC-042-AI-Financial-Advisor|SPEC-043-Smart-Automotive-AI|SPEC-044-AI-Aviation-Planner|SPEC-045-Smart-Maritime-AI|SPEC-046-AI-Weather-Forecast|SPEC-047-Smart-Energy-AI|SPEC-048-AI-Sports-Coach|SPEC-049-Smart-Education-AI|SPEC-050-AI-Language-Translator|FI-dist|FI-node_modules|FI-public|FI-src|FI-supabase|CON-001-ACE-CONSTRUCTION|CON-002-RESIDENTIAL-CONSTRUCTION|CON-003-COMMERCIAL-CONSTRUCTION|CON-004-INDUSTRIAL-CONSTRUCTION|CON-005-CONSTRUCTION-EQUIPMENT-RENTAL|CON-006-CONSTRUCTION-PROJECT-MANAGEMENT|CON-007-GREEN-BUILDING-SERVICES|CON-008-HOME-RENOVATION-SERVICES|CON-009-ROOFING-COMPANY|CON-010-PLUMBING-SERVICES|CON-011-ELECTRICAL-SERVICES|CON-012-HVAC-SERVICES|CON-013-PAINTING-SERVICES|CON-014-FLOORING-SERVICES|CON-015-LANDSCAPING-SERVICES|CON-016-DEMOLITION-SERVICES|CON-017-CONCRETE-SERVICES|CON-018-CARPENTRY-SERVICES|CON-019-WINDOW-INSTALLATION|CON-020-INSULATION-SERVICES|RE-001-PROPERTY-HOLDINGS|OPS-001-VENTURE-STAFFING|PROFILE-001-DIVINE-JOHNS-PORTFOLIO|ET-010-PERSONAL-RESUME|TECH-061-TECH-VENTURES-PORTFOLIO
iza-os-customer-service-email-bot,,yes,shared_services,CFO+COO,CFO+COO,all-sectors,
iza-os-customer-service-escalation-bot,,yes,shared_services,CFO+COO,CFO+COO,all-sectors,
iza-os-customer-service-faq-bot,,yes,shared_services,CFO+COO,CFO+COO,all-sectors,
iza-os-customer-service-knowledge-bot,,yes,shared_services,CFO+COO,CFO+COO,all-sectors,
iza-os-customer-service-phone-bot,,yes,shared_services,CFO+COO,CFO+COO,all-sectors,
iza-os-customer-service-social-bot,,yes,shared_services,CFO+COO,CFO+COO,all-sectors,
iza-os-customer-service-ticket-bot,,yes,shared_services,CFO+COO,CFO+COO,all-sectors,
iza-os-cybersecurity-monitoring-bot,,yes,infrastructure,POS-TECH-MANAGER,POS-TECH-MANAGER,tech-team,FIN-001-GenixBank-Lite|FIN-002-Credit-Repair-Automation|FIN-003-AI-Boss-Hub-Lite|FIN-004-GenixBanks-AI-Treasurer|FIN-005-U-Haul-Rental-Affiliate|FIN-006-Tax-Prep-Filing-Services|FIN-007-Business-Credit-Building|FIN-008-Business-Formation-Services|FIN-009-Crypto-Tax-Optimizer|FIN-010-AI-Powered-Garbage-Collection|FIN-011-Automated-Bookkeeping|FIN-012-Invoice-Factoring-AI|FIN-013-Charity-Donation-AI|FIN-014-Expense-Tracker-AI|FIN-015-Financial-Wellness-Coach|FIN-016-Trade-Finance-AI|FIN-017-Remittance-AI|FIN-018-Wealth-Transfer-AI|FIN-019-Payment-Gateway-AI|FIN-020-Debt-Consolidation-AI|FIN-021-Tax-Deduction-Finder|FIN-022-Budget-Forecasting-AI|FIN-023-Investment-Portfolio-AI|FIN-024-Crowdfunding-AI|FIN-025-Escrow-Automation|FIN-026-Financial-Compliance-Scanner|FIN-027-Patent-Writer-AI|FIN-028-Legal-Analyzer-AI|FIN-029-Compliance-Wallet-SaaS|FIN-030-Local-SEO-Ranker-AI|FIN-031-Investor-Dashboard-Builder|FIN-032-Legal-Toolkit-AI|FIN-033-AI-Tax-Preparation-Service|FIN-034-Payroll-Automation|FIN-035-Insurance-Underwriting-AI|FIN-036-Arbitrage-Nexus-Platform|BW-001-Lash-Extension-Studio|BW-002-Mobile-Lash-Service|BW-003-Luxury-Lash-Bar|BW-004-Lash-Training-Academy|BW-005-Lash-Supply-Company|BW-006-Lash-Glue-Brand|BW-007-Lash-Kits-&-Tools|BW-008-Private-Label-Lashes|BW-009-Franchise-Lash-Salons|BW-010-Online-Lash-Education|BW-011-Nail-Salon|BW-012-Mobile-Nail-Tech|BW-013-Luxury-Nail-Spa|BW-014-Press-On-Nail-Brand|BW-015-Nail-Art-Studio|BW-016-Nail-Polish-Brand|BW-017-Nail-Care-Products|BW-018-Nail-Booking-Marketplace|BW-019-Salon-Management-Software|BW-020-AI-Nail-Design-Generator|BW-021-Hair-Salon|BW-022-Barbershop|BW-023-Mobile-Hairstyling|BW-024-Hair-Braiding-Studio|BW-025-Wig-Installation-Studio|BW-026-Hair-Extension-Salon|BW-027-Hair-Care-Line|BW-028-Wig-Brand|BW-029-Hair-Extensions-Brand|BW-030-Scalp-Treatment-Products|BW-031-Hair-Marketplace|BW-032-Stylist-Booking-Platform|BW-033-AI-Hairstyle-Simulator|BW-034-Salon-Franchise-Chain|BW-035-Makeup-Studio|BW-036-Bridal-Makeup-Service|BW-037-Mobile-Makeup-Artist|BW-038-Photoshoot-Makeup-Team|BW-039-Cosmetics-Brand|BW-040-Beauty-Tools-Brand|FH-001-Personal-Chef-Service|FH-002-Meal-Prep-Delivery|FH-003-Private-Dinner-Experiences|FH-004-Catering-Company|FH-005-Corporate-Lunch-Service|FH-006-Healthy-Meal-Prep-for-Gyms|FH-007-Elderly-Meal-Service|FH-008-Athlete-Nutrition-Service|FH-009-Packaged-Food-Brand|FH-010-Frozen-Meals-Company|FH-011-Sauce-or-Seasoning-Brand|FH-012-Protein-Snacks-Brand|FH-013-Meal-Kit-Company|FH-014-Cloud-Kitchen-|FH-015-AI-Nutrition-Planner|FH-016-Recipe-App|FH-017-Cooking-Content-Brand|FH-018-Food-Influencer-Brand|FH-019-Cooking-Course-Platform|FH-020-Restaurant-POS-System|FH-021-Food-Truck-Business|FH-022-Specialty-Coffee-Shop|FH-023-Bakery-&-Pastry-Shop|FH-024-Juice-Bar|FH-025-Ice-Cream-Shop|FH-026-Gourmet-Food-Market|FH-027-Food-Delivery-Platform|FH-028-Restaurant-Management-SaaS|FH-029-Food-Quality-Testing-Lab|FH-030-Organic-Food-Brand|FH-031-Vegan-Food-Company|FH-032-Keto-Meal-Service|FH-033-Food-Photography-Service|FH-034-Restaurant-Consulting|FH-035-Food-Safety-Training|FS-001-Gym|FS-002-Boutique-Fitness-Studio|FS-003-Personal-Training-Studio|FS-004-Women-Only-Gym|FS-005-Boxing-Gym|FS-006-CrossFit-Gym|FS-007-Luxury-Fitness-Club|FS-008-Online-Coaching|FS-009-Personal-Trainer-Business|FS-010-Transformation-Program|FS-011-Athlete-Training-Company|FS-012-Supplement-Brand|FS-013-Fitness-Apparel|FS-014-Workout-Equipment-Brand|FS-015-Recovery-Products|FS-016-Fitness-App|FS-017-AI-Personal-Trainer|FS-018-Gym-Management-Software|FS-019-Wearable-Analytics-Platform|FS-020-Yoga-Studio|FS-021-Pilates-Studio|FS-022-Dance-Studio|FS-023-Martial-Arts-Dojo|FS-024-Sports-Performance-Center|FS-025-Corporate-Wellness-Program|LT-001-Truck-Dispatch-Company|LT-002-Freight-Brokerage|LT-003-Logistics-Dispatch-Service|LT-004-Last-Mile-Delivery-Dispatch|LT-005-Medical-Courier-Dispatch|LT-006-Amazon|LT-007-Construction-Dispatch|LT-008-Towing-Dispatch|LT-009-HVAC-Technician-Dispatch|LT-010-Field-Service-Dispatch|LT-011-Dispatch-Software|LT-012-Fleet-Tracking-Platform|LT-013-Logistics-Automation-System|LT-014-AI-Route-Optimization|LT-015-Driver-Management-Platform|LT-016-Trucking-Company|LT-017-Courier-Service|LT-018-Local-Delivery-Company|LT-019-Moving-Company|LT-020-Freight-Company|LT-021-Warehouse-Company|LT-022-Fulfillment-Center|LT-023-Storage-Business|LT-024-Distribution-Company|LT-025-Logistics-Marketplace|LT-026-Shipping-Platform|LT-027-Fleet-Management-SaaS|LT-028-Freight-AI-Optimization|LT-029-Supply-Chain-Analytics|LT-030-Cold-Chain-Logistics|PS-001-Business-Consulting|PS-002-Legal-Services|PS-003-Accounting-Services|PS-004-HR-Consulting|PS-005-Marketing-Agency|PS-006-Web-Design-Agency|PS-007-IT-Support-Services|PS-008-Virtual-Assistant-Service|PS-009-Bookkeeping-Service|PS-010-Tax-Preparation-Service|PS-011-Real-Estate-Agency|PS-012-Insurance-Agency|PS-013-Financial-Planning|PS-014-Event-Planning|PS-015-Interior-Design|PS-016-Photography-Service|PS-017-Videography-Service|PS-018-Translation-Services|PS-019-Copywriting-Service|PS-020-Social-Media-Management|PS-021-SEO-Agency|PS-022-PPC-Management|PS-023-PR-Agency|PS-024-Recruiting-Agency|PS-025-Business-Brokerage|MC-001-YouTube-Channel-Network|MC-002-Podcast-Network|MC-003-Blog-Network|MC-004-Influencer-Agency|MC-005-Content-Creation-Studio|MC-006-Video-Production-Company|MC-007-Animation-Studio|MC-008-Music-Production|MC-009-Stock-Photography|MC-010-Stock-Video|MC-011-Online-Magazine|MC-012-News-Website|MC-013-Streaming-Platform|MC-014-Gaming-Channel|MC-015-Esports-Team|MC-016-Virtual-Events-Platform|MC-017-Online-Course-Platform|MC-018-Membership-Site|MC-019-Digital-Download-Store|MC-020-NFT-Marketplace|ET-001-Online-Tutoring-Platform|ET-002-Language-Learning-App|ET-003-Test-Prep-Service|ET-004-Coding-Bootcamp|ET-005-Professional-Certification|ET-006-Corporate-Training|ET-007-Skills-Assessment-Platform|ET-008-Career-Coaching|ET-009-Resume-Writing-Service|ET-010-Interview-Prep-Platform|ET-011-Mentorship-Platform|ET-012-Educational-Content-Library|ET-013-VR-Training-Simulations|ET-014-Gamified-Learning-App|ET-015-Homeschool-Curriculum|ST-001-SaaS-Platform|ST-002-Mobile-App-Development|ST-003-Web-Development-Agency|ST-004-Custom-Software-Development|ST-005-API-Development|ST-006-Cloud-Infrastructure|ST-007-DevOps-Consulting|ST-008-Cybersecurity-Service|ST-009-Data-Analytics-Platform|ST-010-Business-Intelligence-Tool|ST-011-CRM-Platform|ST-012-Project-Management-Tool|ST-013-Communication-Platform|ST-014-Collaboration-Software|ST-015-Automation-Platform|ST-016-AI|ST-017-Chatbot-Builder|ST-018-E-commerce-Platform|ST-019-Payment-Processing|ST-020-Blockchain-Platform|ST-021-IoT-Platform|ST-022-AR|ST-023-Game-Development|ST-024-Marketing-Automation|ST-025-Sales-Automation|ST-026-HR-Tech-Platform|ST-027-Legal-Tech-Platform|ST-028-Health-Tech-Platform|ST-029-EdTech-Platform|ST-030-PropTech-Platform|EC-001-Angels-in-Daylight|EC-002-New-World-Apparel|EC-003-Shopify-Autopilot|EC-004-Shoe-Customizer|EC-005-Sunglasses-AI|EC-006-Dropship-Hub|EC-007-Personal-Shopper-AI|EC-008-Custom-Sneaker-AI|EC-009-Sustainable-Fashion-AI|EC-010-Jewelry-Designer-AI|EC-011-Virtual-Try-On-AI|EC-012-Fashion-Designer-AI|EC-013-Merch-Licensing|EC-014-Subscription-Box-AI|EC-015-Surf-Gear-AI|EC-016-Ski-Gear-AI|EC-017-Golf-Gear-AI|EC-018-Fishing-Gear-AI|EC-019-Yoga-Gear-AI|EC-020-Costume-Shop-AI|EC-021-Luggage-AI|EC-022-Home-Appliance-AI|EC-023-Tool-Shop-AI|EC-024-Garden-Supply-AI|EC-025-Collectible-AI|EC-026-Hobby-Shop-AI|EC-027-Kids-Toy-Line|EC-028-NFT-Fashion-Licensing|EC-029-Instant-Brand-Generator|EC-030-AI-Product-Photographer|EC-031-Automated-Inventory-Forecaster|EC-032-Dynamic-Pricing-Engine|EC-033-Ad-Optimizer-AI|EC-034-Recommendation-Engine|EC-035-Review-Aggregator-AI|EC-036-Fulfillment-Network-AI|EC-037-Return-Optimization-AI|EC-038-Chatbot-Customer-Service|EC-039-Visual-Search-AI|EC-040-Abandoned-Cart-Recovery|EC-041-Seasonal-Trend-Predictor|EC-042-Influencer-Matchmaker|EC-043-UGC-Content-Aggregator|EC-044-Live-Commerce-Platform|EC-045-AR-Virtual-Fitting-Room|EC-046-3D-Product-Viewer|EC-047-Carbon-Footprint-Tracker|EC-048-Wholesale-Marketplace-AI|EC-049-Rental-Marketplace|EC-050-AI-Product-Descriptions|EC-051-AI-Email-Marketing|EC-052-AI-Product-Bundler|EC-053-AI-Visual-Merchandiser|EC-054-AI-Demand-Forecasting|EC-055-AI-Warehouse-Management|EC-056-AI-Supplier-Matching|EC-057-AI-Quality-Control|EC-058-AI-Packaging-Designer|EC-059-AI-Logistics-Planner|EC-060-AI-Customer-Loyalty|EC-061-AI-Gift-Finder|EC-062-AI-Trend-Hunter|EC-063-AI-Market-Research|EC-064-AI-Competitor-Watcher|EC-065-AI-Product-Development|EC-066-AI-Customer-Journey|EC-067-AI-Payment-Optimization|EC-068-AI-Returns-Management|EC-069-AI-Shipping-Labeler|EC-070-AI-Product-Launch-Coach|EC-071-AI-Vendor-Negotiator|EC-072-AI-Product-Cataloger|EC-073-AI-Order-Prioritizer|EC-074-AI-Customer-Segmentation|EC-075-AI-Pricing-Analyst|EC-076-AI-Sales-Forecasting|EC-077-AI-Inventory-Reordering|EC-078-AI-Product-Comparison|EC-079-AI-Customer-Feedback|EC-080-AI-Product-Updates|EC-081-AI-Cross-Selling|EC-082-AI-Up-Selling|EC-083-AI-Product-Education|EC-084-AI-Purchase-Timing|EC-085-AI-Customer-Support|EC-086-AI-Order-Tracking|EC-087-AI-Product-Reviews|EC-088-AI-Customer-Community|EC-089-AI-Product-Customization|EC-090-AI-Gift-Registry|EC-091-AI-Wedding-Registry|EC-092-AI-Baby-Registry|EC-093-AI-Holiday-Planner|EC-094-AI-Personal-Shopper|EC-095-AI-Color-Match|EC-096-AI-Fabric-Advisor|EC-097-AI-Fit-Recommendation|EC-098-AI-Outfit-Builder|EC-099-AI-Seasonal-Forecast|EC-100-AI-Wardrobe-Planner|EC-101-AI-Accessory-Match|EC-102-AI-Shoe-Match|EC-103-AI-Jewelry-Match|EC-104-AI-Bag-Match|EC-105-AI-Color-Palette|EC-106-AI-Outfit-Recycling|EC-107-AI-Style-Evolution|EC-108-AI-Budget-Stylist|EC-109-AI-Trend-Archive|EC-110-AI-Vintage-Advisor|TECH-001-Quantum-Algorithm-AI|TECH-002-AI-Compliance-Scanner|TECH-003-Cloud-Management-AI|TECH-004-Robotics-Training-AI|TECH-005-Customer-Insights-AI|TECH-006-Voice-Assistant-AI|TECH-007-Blockchain-Verifier-AI|TECH-008-Cybersecurity-Shield|TECH-009-Content-Studio-AI|TECH-010-Smart-Home-AI|TECH-011-Supply-Chain-Optimizer|TECH-012-Data-Visualization-AI|TECH-013-Workflow-Automation|TECH-014-Sentiment-Analyzer|TECH-015-Image-Recognition-AI|TECH-016-Video-Editor-AI|TECH-017-Speech-to-Text-AI|TECH-018-Text-to-Speech-AI|TECH-019-Fraud-Prevention-AI|TECH-020-Recommendation-Engine|TECH-021-Network-Security-AI|TECH-022-Database-Optimizer|TECH-023-AI-Testing-Platform|TECH-024-Virtual-Assistant-Builder|TECH-025-Machine-Learning-Builder|TECH-026-AI-Ethics-Auditor|TECH-027-Predictive-Analytics-AI|TECH-028-AI-Training-Platform|TECH-029-Digital-Twin-AI|TECH-030-AI-Monitoring-System|TECH-031-Edge-Computing-AI|TECH-032-AI-Integration-Hub|TECH-033-Quantum-Algorithm-AI|TECH-034-AI-Compliance-Scanner|TECH-035-Cloud-Management-AI|TECH-036-Robotics-Training-AI|TECH-037-Customer-Insights-AI|TECH-038-Voice-Assistant-AI|TECH-039-Blockchain-Verifier-AI|TECH-040-Cybersecurity-Shield|TECH-041-Content-Studio-AI|TECH-042-Smart-Home-AI|TECH-043-Supply-Chain-Optimizer|TECH-044-Data-Visualization-AI|TECH-045-Workflow-Automation|TECH-046-Sentiment-Analyzer|TECH-047-Image-Recognition-AI|TECH-048-Video-Editor-AI|TECH-049-Speech-to-Text-AI|TECH-050-Text-to-Speech-AI|TECH-051-Fraud-Prevention-AI|TECH-052-Recommendation-Engine|TECH-053-Network-Security-AI|TECH-054-Database-Optimizer|TECH-055-AI-Testing-Platform|TECH-056-Virtual-Assistant-Builder|TECH-057-Machine-Learning-Builder|TECH-058-AI-Ethics-Auditor|TECH-059-Predictive-Analytics-AI|TECH-060-AI-Training-Platform|OPS-001-Fractional-CTO-Agency|OPS-002-Supply-Chain-Optimizer|OPS-003-Event-Planning-AI|OPS-004-Inventory-Management-AI|OPS-005-Project-Management-AI|OPS-006-Document-Automation-AI|OPS-007-Meeting-Assistant-AI|OPS-008-Recruitment-AI|OPS-009-Onboarding-AI|OPS-010-Training-Platform-AI|OPS-011-Performance-Review-AI|OPS-012-IT-Support-AI|OPS-013-Facilities-Management-AI|OPS-014-Travel-Booking-AI|OPS-015-Expense-Management-AI|OPS-016-Contract-Management-AI|OPS-017-Compliance-Monitoring-AI|OPS-018-Quality-Control-AI|OPS-019-Asset-Management-AI|OPS-020-Time-Tracking-AI|OPS-021-Document-Security-AI|OPS-022-Knowledge-Management-AI|OPS-023-Meeting-Transcription-AI|OPS-024-Task-Automation-AI|OPS-025-Resource-Allocation-AI|OPS-026-Budget-Planning-AI|OPS-027-Cost-Optimization-AI|OPS-028-Procurement-AI|OPS-029-Vendor-Management-AI|OPS-030-Contract-Negotiation-AI|OPS-031-Legal-Document-AI|OPS-032-Compliance-Reporting-AI|OPS-033-Training-Content-AI|OPS-034-Employee-Engagement-AI|OPS-035-Succession-Planning-AI|OPS-036-Workspace-Design-AI|OPS-037-Energy-Efficiency-AI|OPS-038-Security-Monitoring-AI|OPS-039-Health-Safety-AI|OPS-040-Disaster-Recovery-AI|OPS-041-IT-Asset-Management|OPS-042-Cloud-Cost-Management|OPS-043-Data-Governance-AI|OPS-044-Network-Monitoring-AI|OPS-045-Software-Licensing-AI|OPS-046-IT-Procurement-AI|OPS-047-System-Integration-AI|OPS-048-Data-Backup-AI|OPS-049-Business-Continuity-AI|OPS-050-Compliance-Audit-AI|OPS-051-Document-Collaboration-AI|OPS-052-Video-Conferencing-AI|OPS-053-Email-Management-AI|OPS-054-Calendar-Optimization-AI|OPS-055-Project-Budget-AI|OPS-056-Resource-Forecasting-AI|OPS-057-Task-Prioritization-AI|OPS-058-Time-Management-AI|OPS-059-Meeting-Minutes-AI|OPS-060-Document-Translation-AI|OPS-061-Form-Automation-AI|OPS-062-Report-Generation-AI|OPS-063-Dashboard-Creation-AI|OPS-064-Analytics-Platform-AI|OPS-065-Data-Cleaning-AI|OPS-066-Workflow-Management-AI|EDU-001-Youth-Entrepreneurship-Curriculum|EDU-002-AI-Literacy-Program|EDU-003-Coding-Mentor-Certification|EDU-004-Real-Estate-Licensing-Prep|EDU-005-Coding-Bootcamp|EDU-006-Homeschooling-Content-AI|EDU-007-AI-Tutoring-Platform|EDU-008-Branding-Templates-Marketplace|EDU-009-Voiceover-Script-Library|EDU-010-Trade-Skills-Bootcamp|EDU-011-Franchise-Blueprint-System|EDU-012-Low-Income-Housing-Blueprint|EDU-013-Automated-Empire-Book|EDU-014-BIPOC-Creator-Incubator|EDU-015-AI-Legal-Doc-Generator|EDU-016-Virtual-Black-Art-Museum|EDU-017-AI-Coding-Tutor|EDU-018-Online-Course-Creator|EDU-019-Executive-Education-Program|EDU-020-Youth-STEM-Program|EDU-021-Remote-Work-Certification|EDU-022-AI-Research-Assistant|EDU-023-Personal-Finance-Coach|EDU-024-Language-Learning-AI|EDU-025-Test-Preparation-AI|EDU-026-Corporate-Training-AI|EDU-027-Medical-Education-AI|EDU-028-Legal-Education-AI|EDU-029-Music-Education-AI|EDU-030-Art-Education-AI|EDU-031-Physical-Education-AI|EDU-032-Environmental-Education-AI|EDU-033-Social-Studies-AI|EDU-034-Math-Education-AI|EDU-035-Science-Education-AI|EDU-036-Reading-Comprehension-AI|EDU-037-Writing-Instruction-AI|EDU-038-Critical-Thinking-AI|EDU-039-Emotional-Intelligence-AI|EDU-040-Time-Management-AI|COMM-001-Luminary-Worldwide-Events|COMM-002-Brotherhood-Coaching-Network|COMM-003-Ace-Senior-Care-Connect|COMM-004-Community-Outreach-Nonprofit|COMM-005-Ace-Food-Security-AI|COMM-006-Community-Technology-Access-AI|COMM-007-Youth-Leadership-AI|COMM-008-Community-Fundraising-AI|COMM-009-Volunteer-Hub-AI|COMM-010-Disaster-Relief-AI|COMM-011-Indigenous-Creator-Hub|COMM-012-Black-Art-Museum-AI|COMM-013-Women-s-Empowerment-Network|COMM-014-Veterans-Support-AI|COMM-015-Youth-Mentorship-Program|COMM-016-Community-Health-AI|COMM-017-Local-Business-Directory|COMM-018-Neighborhood-Watch-AI|COMM-019-Community-Garden-AI|COMM-020-Public-Transportation-AI|COMM-021-Housing-Assistance-AI|COMM-022-Job-Training-Center|COMM-023-Elder-Companion-AI|COMM-024-Youth-Sports-AI|COMM-025-Community-Legal-Aid|COMM-026-Public-Education-AI|COMM-027-Local-Government-AI|COMM-028-Public-Safety-AI|COMM-029-Community-Wellness-AI|COMM-030-Cultural-Exchange-AI|COMM-031-Community-Investment-AI|COMM-032-Public-Health-AI|COMM-033-Youth-Innovation-Hub|COMM-034-Senior-Tech-Support|COMM-035-Community-Arts-AI|COMM-036-Public-Infrastructure-AI|COMM-037-Neighborhood-Development-AI|COMM-038-Community-Policing-AI|COMM-039-Public-Space-AI|COMM-040-Community-Recycling-AI|COMM-041-Public-Wi-Fi-AI|COMM-042-Community-Energy-AI|COMM-043-Local-Food-Network-AI|COMM-044-Community-Volunteering-AI|COMM-045-Public-Childcare-AI|COMM-046-Community-Pet-Care-AI|COMM-047-Public-Fitness-AI|COMM-048-Community-Transportation-AI|COMM-049-Public-Event-AI|COMM-050-Community-Cultural-AI|EM-001-Space-Habitat-AI|EM-002-Fusion-Energy-AI|EM-003-Teleportation-Research-AI|EM-004-Climate-Solutions-AI|EM-005-Holographic-Events-AI|EM-006-Neurofeedback-AI|EM-007-Autonomous-Delivery-AI|EM-008-Gene-Editing-AI|EM-009-Space-Tourism-AI|EM-010-Wearables-AI|EM-011-Metaverse-Hub-AI|EM-012-Energy-Grid-AI|EM-013-Brain-Computer-Interface|EM-014-Ocean-Cleanup-AI|EM-015-Crypto-Trading-AI|EM-016-Synthetic-Media-AI|EM-017-Space-Mining-AI|EM-018-VR-Therapy-AI|EM-019-Weather-Prediction-AI|EM-020-Autonomous-Farming-AI|EM-021-Traffic-Optimizer-AI|EM-022-Smart-Grid-AI|EM-023-Disaster-Prediction-AI|EM-024-Nanotech-AI|EM-025-Personalized-Medicine-AI|EM-026-AI-Diagnostic-Lab|EM-027-Sustainable-Cities-AI|EM-028-Renewable-Energy-AI|EM-029-Climate-Modeling-AI|EM-030-Policy-Advisor-AI|EM-031-Governance-Hub-AI|EM-032-Global-Challenges-AI|EM-033-Space-Exploration-AI|EM-034-Education-Equity-AI|EM-035-Health-Equity-AI|EM-036-Economic-Equity-AI|EM-037-Environmental-Justice-AI|EM-038-Human-Rights-AI|EM-039-Peacebuilding-AI|EM-040-Telemedicine-AI|EM-041-AI-Climate-Adaptation|EM-042-Space-Agriculture-AI|EM-043-Quantum-Communication-AI|EM-044-Robotics-Surgery-AI|EM-045-AI-Disaster-Response|EM-046-Smart-City-Governance|EM-047-AI-Environmental-Monitoring|EM-048-Space-Manufacturing-AI|EM-049-AI-Ocean-Exploration|EM-050-AI-Archaeology|SPEC-001-AI-Auction-House|SPEC-002-Smart-Marina-Management|SPEC-003-AI-Surf-Report|SPEC-004-Private-Chef-AI|SPEC-005-Virtual-Concierge-AI|SPEC-006-Smart-Parking-AI|SPEC-007-AI-Interior-Design|SPEC-008-Personal-Stylist-AI|SPEC-009-Smart-Locker-System|SPEC-010-AI-Fitness-Coach|SPEC-011-Smart-Golf-Caddie|SPEC-012-AI-Nutritionist|SPEC-013-Smart-Hotel-Butler|SPEC-014-AI-Language-Tutor|SPEC-015-Smart-Transportation-AI|SPEC-016-AI-Travel-Planner|SPEC-017-Smart-Agriculture-AI|SPEC-018-AI-Personal-Shopper|SPEC-019-Smart-Home-Security|SPEC-020-AI-Music-Producer|SPEC-021-Smart-Restaurant-AI|SPEC-022-AI-Movie-Critic|SPEC-023-Smart-Museum-Guide|SPEC-024-AI-Sports-Analyst|SPEC-025-Smart-Library-AI|SPEC-026-AI-Art-Curator|SPEC-027-Smart-Fitness-AI|SPEC-028-AI-Poetry-Generator|SPEC-029-Smart-Dating-AI|SPEC-030-AI-Journalism-Tool|SPEC-031-Smart-Legal-AI|SPEC-032-AI-Game-Designer|SPEC-033-Smart-Real-Estate-AI|SPEC-034-AI-Cooking-Assistant|SPEC-035-Smart-Health-AI|SPEC-036-AI-Photography-Tool|SPEC-037-Smart-Writing-AI|SPEC-038-AI-Comedy-Writer|SPEC-039-Smart-Meditation-AI|SPEC-040-AI-Debate-Coach|SPEC-041-Smart-Parenting-AI|SPEC-042-AI-Financial-Advisor|SPEC-043-Smart-Automotive-AI|SPEC-044-AI-Aviation-Planner|SPEC-045-Smart-Maritime-AI|SPEC-046-AI-Weather-Forecast|SPEC-047-Smart-Energy-AI|SPEC-048-AI-Sports-Coach|SPEC-049-Smart-Education-AI|SPEC-050-AI-Language-Translator|FI-dist|FI-node_modules|FI-public|FI-src|FI-supabase|CON-001-ACE-CONSTRUCTION|CON-002-RESIDENTIAL-CONSTRUCTION|CON-003-COMMERCIAL-CONSTRUCTION|CON-004-INDUSTRIAL-CONSTRUCTION|CON-005-CONSTRUCTION-EQUIPMENT-RENTAL|CON-006-CONSTRUCTION-PROJECT-MANAGEMENT|CON-007-GREEN-BUILDING-SERVICES|CON-008-HOME-RENOVATION-SERVICES|CON-009-ROOFING-COMPANY|CON-010-PLUMBING-SERVICES|CON-011-ELECTRICAL-SERVICES|CON-012-HVAC-SERVICES|CON-013-PAINTING-SERVICES|CON-014-FLOORING-SERVICES|CON-015-LANDSCAPING-SERVICES|CON-016-DEMOLITION-SERVICES|CON-017-CONCRETE-SERVICES|CON-018-CARPENTRY-SERVICES|CON-019-WINDOW-INSTALLATION|CON-020-INSULATION-SERVICES|RE-001-PROPERTY-HOLDINGS|OPS-001-VENTURE-STAFFING|PROFILE-001-DIVINE-JOHNS-PORTFOLIO|ET-010-PERSONAL-RESUME|TECH-061-TECH-VENTURES-PORTFOLIO
iza-os-data,,yes,other,COO,COO,tech-team,
iza-os-data-integration-hub,,yes,other,COO,COO,tech-team,
iza-os-defi-platform,,yes,experimental,POS-TECH-MANAGER,POS-TECH-MANAGER,tech-team,
iza-os-deployment-automation-bot,,yes,infrastructure,POS-TECH-MANAGER,POS-TECH-MANAGER,tech-team,
iza-os-docs,,yes,other,COO,COO,tech-team,
iza-os-ecosystem,,yes,infrastructure,POS-TECH-MANAGER,POS-TECH-MANAGER,tech-team,
iza-os-embedding-service,,yes,experimental,POS-TECH-MANAGER,POS-TECH-MANAGER,tech-team,
iza-os-enterprise,,yes,other,COO,COO,tech-team,
iza-os-enterprise-integrations,,yes,infrastructure,POS-TECH-MANAGER,POS-TECH-MANAGER,tech-team,
iza-os-finance-advisor-alerting-bot,,yes,shared_services,CFO+COO,CFO+COO,all-sectors,
iza-os-finance-advisor-analytics-bot,,yes,shared_services,CFO+COO,CFO+COO,all-sectors,
iza-os-finance-advisor-automation-bot,,yes,shared_services,CFO+COO,CFO+COO,all-sectors,
iza-os-finance-advisor-compliance-bot,,yes,shared_services,CFO+COO,CFO+COO,all-sectors,
iza-os-finance-advisor-discovery-bot,,yes,shared_services,CFO+COO,CFO+COO,all-sectors,
iza-os-finance-advisor-forecasting-bot,,yes,shared_services,CFO+COO,CFO+COO,all-sectors,
iza-os-finance-advisor-integration-bot,,yes,shared_services,CFO+COO,CFO+COO,all-sectors,
iza-os-finance-advisor-intelligence-bot,,yes,shared_services,CFO+COO,CFO+COO,all-sectors,
iza-os-finance-advisor-management-bot,,yes,shared_services,CFO+COO,CFO+COO,all-sectors,
iza-os-finance-advisor-monitoring-bot,,yes,infrastructure,POS-TECH-MANAGER,POS-TECH-MANAGER,tech-team,
iza-os-finance-advisor-optimization-bot,,yes,shared_services,CFO+COO,CFO+COO,all-sectors,
iza-os-finance-advisor-orchestration-bot,,yes,shared_services,CFO+COO,CFO+COO,all-sectors,
iza-os-finance-advisor-processing-bot,,yes,shared_services,CFO+COO,CFO+COO,all-sectors,
iza-os-finance-advisor-reporting-bot,,yes,shared_services,CFO+COO,CFO+COO,all-sectors,
iza-os-finance-advisor-security-bot,,yes,shared_services,CFO+COO,CFO+COO,all-sectors,
iza-os-finance-advisor-synthesis-bot,,yes,shared_services,CFO+COO,CFO+COO,all-sectors,
iza-os-financial-core,,yes,other,COO,COO,tech-team,FIN-001-GenixBank-Lite|FIN-002-Credit-Repair-Automation|FIN-003-AI-Boss-Hub-Lite|FIN-004-GenixBanks-AI-Treasurer|FIN-005-U-Haul-Rental-Affiliate|FIN-006-Tax-Prep-Filing-Services|FIN-007-Business-Credit-Building|FIN-008-Business-Formation-Services|FIN-009-Crypto-Tax-Optimizer|FIN-010-AI-Powered-Garbage-Collection|FIN-011-Automated-Bookkeeping|FIN-012-Invoice-Factoring-AI|FIN-013-Charity-Donation-AI|FIN-014-Expense-Tracker-AI|FIN-015-Financial-Wellness-Coach|FIN-016-Trade-Finance-AI|FIN-017-Remittance-AI|FIN-018-Wealth-Transfer-AI|FIN-019-Payment-Gateway-AI|FIN-020-Debt-Consolidation-AI|FIN-021-Tax-Deduction-Finder|FIN-022-Budget-Forecasting-AI|FIN-023-Investment-Portfolio-AI|FIN-024-Crowdfunding-AI|FIN-025-Escrow-Automation|FIN-026-Financial-Compliance-Scanner|FIN-027-Patent-Writer-AI|FIN-028-Legal-Analyzer-AI|FIN-029-Compliance-Wallet-SaaS|FIN-030-Local-SEO-Ranker-AI|FIN-031-Investor-Dashboard-Builder|FIN-032-Legal-Toolkit-AI|FIN-033-AI-Tax-Preparation-Service|FIN-034-Payroll-Automation|FIN-035-Insurance-Underwriting-AI|FIN-036-Arbitrage-Nexus-Platform|BW-001-Lash-Extension-Studio|BW-002-Mobile-Lash-Service|BW-003-Luxury-Lash-Bar|BW-004-Lash-Training-Academy|BW-005-Lash-Supply-Company|BW-006-Lash-Glue-Brand|BW-007-Lash-Kits-&-Tools|BW-008-Private-Label-Lashes|BW-009-Franchise-Lash-Salons|BW-010-Online-Lash-Education|BW-011-Nail-Salon|BW-012-Mobile-Nail-Tech|BW-013-Luxury-Nail-Spa|BW-014-Press-On-Nail-Brand|BW-015-Nail-Art-Studio|BW-016-Nail-Polish-Brand|BW-017-Nail-Care-Products|BW-018-Nail-Booking-Marketplace|BW-019-Salon-Management-Software|BW-020-AI-Nail-Design-Generator|BW-021-Hair-Salon|BW-022-Barbershop|BW-023-Mobile-Hairstyling|BW-024-Hair-Braiding-Studio|BW-025-Wig-Installation-Studio|BW-026-Hair-Extension-Salon|BW-027-Hair-Care-Line|BW-028-Wig-Brand|BW-029-Hair-Extensions-Brand|BW-030-Scalp-Treatment-Products|BW-031-Hair-Marketplace|BW-032-Stylist-Booking-Platform|BW-033-AI-Hairstyle-Simulator|BW-034-Salon-Franchise-Chain|BW-035-Makeup-Studio|BW-036-Bridal-Makeup-Service|BW-037-Mobile-Makeup-Artist|BW-038-Photoshoot-Makeup-Team|BW-039-Cosmetics-Brand|BW-040-Beauty-Tools-Brand|FH-001-Personal-Chef-Service|FH-002-Meal-Prep-Delivery|FH-003-Private-Dinner-Experiences|FH-004-Catering-Company|FH-005-Corporate-Lunch-Service|FH-006-Healthy-Meal-Prep-for-Gyms|FH-007-Elderly-Meal-Service|FH-008-Athlete-Nutrition-Service|FH-009-Packaged-Food-Brand|FH-010-Frozen-Meals-Company|FH-011-Sauce-or-Seasoning-Brand|FH-012-Protein-Snacks-Brand|FH-013-Meal-Kit-Company|FH-014-Cloud-Kitchen-|FH-015-AI-Nutrition-Planner|FH-016-Recipe-App|FH-017-Cooking-Content-Brand|FH-018-Food-Influencer-Brand|FH-019-Cooking-Course-Platform|FH-020-Restaurant-POS-System|FH-021-Food-Truck-Business|FH-022-Specialty-Coffee-Shop|FH-023-Bakery-&-Pastry-Shop|FH-024-Juice-Bar|FH-025-Ice-Cream-Shop|FH-026-Gourmet-Food-Market|FH-027-Food-Delivery-Platform|FH-028-Restaurant-Management-SaaS|FH-029-Food-Quality-Testing-Lab|FH-030-Organic-Food-Brand|FH-031-Vegan-Food-Company|FH-032-Keto-Meal-Service|FH-033-Food-Photography-Service|FH-034-Restaurant-Consulting|FH-035-Food-Safety-Training|FS-001-Gym|FS-002-Boutique-Fitness-Studio|FS-003-Personal-Training-Studio|FS-004-Women-Only-Gym|FS-005-Boxing-Gym|FS-006-CrossFit-Gym|FS-007-Luxury-Fitness-Club|FS-008-Online-Coaching|FS-009-Personal-Trainer-Business|FS-010-Transformation-Program|FS-011-Athlete-Training-Company|FS-012-Supplement-Brand|FS-013-Fitness-Apparel|FS-014-Workout-Equipment-Brand|FS-015-Recovery-Products|FS-016-Fitness-App|FS-017-AI-Personal-Trainer|FS-018-Gym-Management-Software|FS-019-Wearable-Analytics-Platform|FS-020-Yoga-Studio|FS-021-Pilates-Studio|FS-022-Dance-Studio|FS-023-Martial-Arts-Dojo|FS-024-Sports-Performance-Center|FS-025-Corporate-Wellness-Program|LT-001-Truck-Dispatch-Company|LT-002-Freight-Brokerage|LT-003-Logistics-Dispatch-Service|LT-004-Last-Mile-Delivery-Dispatch|LT-005-Medical-Courier-Dispatch|LT-006-Amazon|LT-007-Construction-Dispatch|LT-008-Towing-Dispatch|LT-009-HVAC-Technician-Dispatch|LT-010-Field-Service-Dispatch|LT-011-Dispatch-Software|LT-012-Fleet-Tracking-Platform|LT-013-Logistics-Automation-System|LT-014-AI-Route-Optimization|LT-015-Driver-Management-Platform|LT-016-Trucking-Company|LT-017-Courier-Service|LT-018-Local-Delivery-Company|LT-019-Moving-Company|LT-020-Freight-Company|LT-021-Warehouse-Company|LT-022-Fulfillment-Center|LT-023-Storage-Business|LT-024-Distribution-Company|LT-025-Logistics-Marketplace|LT-026-Shipping-Platform|LT-027-Fleet-Management-SaaS|LT-028-Freight-AI-Optimization|LT-029-Supply-Chain-Analytics|LT-030-Cold-Chain-Logistics|PS-001-Business-Consulting|PS-002-Legal-Services|PS-003-Accounting-Services|PS-004-HR-Consulting|PS-005-Marketing-Agency|PS-006-Web-Design-Agency|PS-007-IT-Support-Services|PS-008-Virtual-Assistant-Service|PS-009-Bookkeeping-Service|PS-010-Tax-Preparation-Service|PS-011-Real-Estate-Agency|PS-012-Insurance-Agency|PS-013-Financial-Planning|PS-014-Event-Planning|PS-015-Interior-Design|PS-016-Photography-Service|PS-017-Videography-Service|PS-018-Translation-Services|PS-019-Copywriting-Service|PS-020-Social-Media-Management|PS-021-SEO-Agency|PS-022-PPC-Management|PS-023-PR-Agency|PS-024-Recruiting-Agency|PS-025-Business-Brokerage|MC-001-YouTube-Channel-Network|MC-002-Podcast-Network|MC-003-Blog-Network|MC-004-Influencer-Agency|MC-005-Content-Creation-Studio|MC-006-Video-Production-Company|MC-007-Animation-Studio|MC-008-Music-Production|MC-009-Stock-Photography|MC-010-Stock-Video|MC-011-Online-Magazine|MC-012-News-Website|MC-013-Streaming-Platform|MC-014-Gaming-Channel|MC-015-Esports-Team|MC-016-Virtual-Events-Platform|MC-017-Online-Course-Platform|MC-018-Membership-Site|MC-019-Digital-Download-Store|MC-020-NFT-Marketplace|ET-001-Online-Tutoring-Platform|ET-002-Language-Learning-App|ET-003-Test-Prep-Service|ET-004-Coding-Bootcamp|ET-005-Professional-Certification|ET-006-Corporate-Training|ET-007-Skills-Assessment-Platform|ET-008-Career-Coaching|ET-009-Resume-Writing-Service|ET-010-Interview-Prep-Platform|ET-011-Mentorship-Platform|ET-012-Educational-Content-Library|ET-013-VR-Training-Simulations|ET-014-Gamified-Learning-App|ET-015-Homeschool-Curriculum|ST-001-SaaS-Platform|ST-002-Mobile-App-Development|ST-003-Web-Development-Agency|ST-004-Custom-Software-Development|ST-005-API-Development|ST-006-Cloud-Infrastructure|ST-007-DevOps-Consulting|ST-008-Cybersecurity-Service|ST-009-Data-Analytics-Platform|ST-010-Business-Intelligence-Tool|ST-011-CRM-Platform|ST-012-Project-Management-Tool|ST-013-Communication-Platform|ST-014-Collaboration-Software|ST-015-Automation-Platform|ST-016-AI|ST-017-Chatbot-Builder|ST-018-E-commerce-Platform|ST-019-Payment-Processing|ST-020-Blockchain-Platform|ST-021-IoT-Platform|ST-022-AR|ST-023-Game-Development|ST-024-Marketing-Automation|ST-025-Sales-Automation|ST-026-HR-Tech-Platform|ST-027-Legal-Tech-Platform|ST-028-Health-Tech-Platform|ST-029-EdTech-Platform|ST-030-PropTech-Platform|EC-001-Angels-in-Daylight|EC-002-New-World-Apparel|EC-003-Shopify-Autopilot|EC-004-Shoe-Customizer|EC-005-Sunglasses-AI|EC-006-Dropship-Hub|EC-007-Personal-Shopper-AI|EC-008-Custom-Sneaker-AI|EC-009-Sustainable-Fashion-AI|EC-010-Jewelry-Designer-AI|EC-011-Virtual-Try-On-AI|EC-012-Fashion-Designer-AI|EC-013-Merch-Licensing|EC-014-Subscription-Box-AI|EC-015-Surf-Gear-AI|EC-016-Ski-Gear-AI|EC-017-Golf-Gear-AI|EC-018-Fishing-Gear-AI|EC-019-Yoga-Gear-AI|EC-020-Costume-Shop-AI|EC-021-Luggage-AI|EC-022-Home-Appliance-AI|EC-023-Tool-Shop-AI|EC-024-Garden-Supply-AI|EC-025-Collectible-AI|EC-026-Hobby-Shop-AI|EC-027-Kids-Toy-Line|EC-028-NFT-Fashion-Licensing|EC-029-Instant-Brand-Generator|EC-030-AI-Product-Photographer|EC-031-Automated-Inventory-Forecaster|EC-032-Dynamic-Pricing-Engine|EC-033-Ad-Optimizer-AI|EC-034-Recommendation-Engine|EC-035-Review-Aggregator-AI|EC-036-Fulfillment-Network-AI|EC-037-Return-Optimization-AI|EC-038-Chatbot-Customer-Service|EC-039-Visual-Search-AI|EC-040-Abandoned-Cart-Recovery|EC-041-Seasonal-Trend-Predictor|EC-042-Influencer-Matchmaker|EC-043-UGC-Content-Aggregator|EC-044-Live-Commerce-Platform|EC-045-AR-Virtual-Fitting-Room|EC-046-3D-Product-Viewer|EC-047-Carbon-Footprint-Tracker|EC-048-Wholesale-Marketplace-AI|EC-049-Rental-Marketplace|EC-050-AI-Product-Descriptions|EC-051-AI-Email-Marketing|EC-052-AI-Product-Bundler|EC-053-AI-Visual-Merchandiser|EC-054-AI-Demand-Forecasting|EC-055-AI-Warehouse-Management|EC-056-AI-Supplier-Matching|EC-057-AI-Quality-Control|EC-058-AI-Packaging-Designer|EC-059-AI-Logistics-Planner|EC-060-AI-Customer-Loyalty|EC-061-AI-Gift-Finder|EC-062-AI-Trend-Hunter|EC-063-AI-Market-Research|EC-064-AI-Competitor-Watcher|EC-065-AI-Product-Development|EC-066-AI-Customer-Journey|EC-067-AI-Payment-Optimization|EC-068-AI-Returns-Management|EC-069-AI-Shipping-Labeler|EC-070-AI-Product-Launch-Coach|EC-071-AI-Vendor-Negotiator|EC-072-AI-Product-Cataloger|EC-073-AI-Order-Prioritizer|EC-074-AI-Customer-Segmentation|EC-075-AI-Pricing-Analyst|EC-076-AI-Sales-Forecasting|EC-077-AI-Inventory-Reordering|EC-078-AI-Product-Comparison|EC-079-AI-Customer-Feedback|EC-080-AI-Product-Updates|EC-081-AI-Cross-Selling|EC-082-AI-Up-Selling|EC-083-AI-Product-Education|EC-084-AI-Purchase-Timing|EC-085-AI-Customer-Support|EC-086-AI-Order-Tracking|EC-087-AI-Product-Reviews|EC-088-AI-Customer-Community|EC-089-AI-Product-Customization|EC-090-AI-Gift-Registry|EC-091-AI-Wedding-Registry|EC-092-AI-Baby-Registry|EC-093-AI-Holiday-Planner|EC-094-AI-Personal-Shopper|EC-095-AI-Color-Match|EC-096-AI-Fabric-Advisor|EC-097-AI-Fit-Recommendation|EC-098-AI-Outfit-Builder|EC-099-AI-Seasonal-Forecast|EC-100-AI-Wardrobe-Planner|EC-101-AI-Accessory-Match|EC-102-AI-Shoe-Match|EC-103-AI-Jewelry-Match|EC-104-AI-Bag-Match|EC-105-AI-Color-Palette|EC-106-AI-Outfit-Recycling|EC-107-AI-Style-Evolution|EC-108-AI-Budget-Stylist|EC-109-AI-Trend-Archive|EC-110-AI-Vintage-Advisor|TECH-001-Quantum-Algorithm-AI|TECH-002-AI-Compliance-Scanner|TECH-003-Cloud-Management-AI|TECH-004-Robotics-Training-AI|TECH-005-Customer-Insights-AI|TECH-006-Voice-Assistant-AI|TECH-007-Blockchain-Verifier-AI|TECH-008-Cybersecurity-Shield|TECH-009-Content-Studio-AI|TECH-010-Smart-Home-AI|TECH-011-Supply-Chain-Optimizer|TECH-012-Data-Visualization-AI|TECH-013-Workflow-Automation|TECH-014-Sentiment-Analyzer|TECH-015-Image-Recognition-AI|TECH-016-Video-Editor-AI|TECH-017-Speech-to-Text-AI|TECH-018-Text-to-Speech-AI|TECH-019-Fraud-Prevention-AI|TECH-020-Recommendation-Engine|TECH-021-Network-Security-AI|TECH-022-Database-Optimizer|TECH-023-AI-Testing-Platform|TECH-024-Virtual-Assistant-Builder|TECH-025-Machine-Learning-Builder|TECH-026-AI-Ethics-Auditor|TECH-027-Predictive-Analytics-AI|TECH-028-AI-Training-Platform|TECH-029-Digital-Twin-AI|TECH-030-AI-Monitoring-System|TECH-031-Edge-Computing-AI|TECH-032-AI-Integration-Hub|TECH-033-Quantum-Algorithm-AI|TECH-034-AI-Compliance-Scanner|TECH-035-Cloud-Management-AI|TECH-036-Robotics-Training-AI|TECH-037-Customer-Insights-AI|TECH-038-Voice-Assistant-AI|TECH-039-Blockchain-Verifier-AI|TECH-040-Cybersecurity-Shield|TECH-041-Content-Studio-AI|TECH-042-Smart-Home-AI|TECH-043-Supply-Chain-Optimizer|TECH-044-Data-Visualization-AI|TECH-045-Workflow-Automation|TECH-046-Sentiment-Analyzer|TECH-047-Image-Recognition-AI|TECH-048-Video-Editor-AI|TECH-049-Speech-to-Text-AI|TECH-050-Text-to-Speech-AI|TECH-051-Fraud-Prevention-AI|TECH-052-Recommendation-Engine|TECH-053-Network-Security-AI|TECH-054-Database-Optimizer|TECH-055-AI-Testing-Platform|TECH-056-Virtual-Assistant-Builder|TECH-057-Machine-Learning-Builder|TECH-058-AI-Ethics-Auditor|TECH-059-Predictive-Analytics-AI|TECH-060-AI-Training-Platform|OPS-001-Fractional-CTO-Agency|OPS-002-Supply-Chain-Optimizer|OPS-003-Event-Planning-AI|OPS-004-Inventory-Management-AI|OPS-005-Project-Management-AI|OPS-006-Document-Automation-AI|OPS-007-Meeting-Assistant-AI|OPS-008-Recruitment-AI|OPS-009-Onboarding-AI|OPS-010-Training-Platform-AI|OPS-011-Performance-Review-AI|OPS-012-IT-Support-AI|OPS-013-Facilities-Management-AI|OPS-014-Travel-Booking-AI|OPS-015-Expense-Management-AI|OPS-016-Contract-Management-AI|OPS-017-Compliance-Monitoring-AI|OPS-018-Quality-Control-AI|OPS-019-Asset-Management-AI|OPS-020-Time-Tracking-AI|OPS-021-Document-Security-AI|OPS-022-Knowledge-Management-AI|OPS-023-Meeting-Transcription-AI|OPS-024-Task-Automation-AI|OPS-025-Resource-Allocation-AI|OPS-026-Budget-Planning-AI|OPS-027-Cost-Optimization-AI|OPS-028-Procurement-AI|OPS-029-Vendor-Management-AI|OPS-030-Contract-Negotiation-AI|OPS-031-Legal-Document-AI|OPS-032-Compliance-Reporting-AI|OPS-033-Training-Content-AI|OPS-034-Employee-Engagement-AI|OPS-035-Succession-Planning-AI|OPS-036-Workspace-Design-AI|OPS-037-Energy-Efficiency-AI|OPS-038-Security-Monitoring-AI|OPS-039-Health-Safety-AI|OPS-040-Disaster-Recovery-AI|OPS-041-IT-Asset-Management|OPS-042-Cloud-Cost-Management|OPS-043-Data-Governance-AI|OPS-044-Network-Monitoring-AI|OPS-045-Software-Licensing-AI|OPS-046-IT-Procurement-AI|OPS-047-System-Integration-AI|OPS-048-Data-Backup-AI|OPS-049-Business-Continuity-AI|OPS-050-Compliance-Audit-AI|OPS-051-Document-Collaboration-AI|OPS-052-Video-Conferencing-AI|OPS-053-Email-Management-AI|OPS-054-Calendar-Optimization-AI|OPS-055-Project-Budget-AI|OPS-056-Resource-Forecasting-AI|OPS-057-Task-Prioritization-AI|OPS-058-Time-Management-AI|OPS-059-Meeting-Minutes-AI|OPS-060-Document-Translation-AI|OPS-061-Form-Automation-AI|OPS-062-Report-Generation-AI|OPS-063-Dashboard-Creation-AI|OPS-064-Analytics-Platform-AI|OPS-065-Data-Cleaning-AI|OPS-066-Workflow-Management-AI|EDU-001-Youth-Entrepreneurship-Curriculum|EDU-002-AI-Literacy-Program|EDU-003-Coding-Mentor-Certification|EDU-004-Real-Estate-Licensing-Prep|EDU-005-Coding-Bootcamp|EDU-006-Homeschooling-Content-AI|EDU-007-AI-Tutoring-Platform|EDU-008-Branding-Templates-Marketplace|EDU-009-Voiceover-Script-Library|EDU-010-Trade-Skills-Bootcamp|EDU-011-Franchise-Blueprint-System|EDU-012-Low-Income-Housing-Blueprint|EDU-013-Automated-Empire-Book|EDU-014-BIPOC-Creator-Incubator|EDU-015-AI-Legal-Doc-Generator|EDU-016-Virtual-Black-Art-Museum|EDU-017-AI-Coding-Tutor|EDU-018-Online-Course-Creator|EDU-019-Executive-Education-Program|EDU-020-Youth-STEM-Program|EDU-021-Remote-Work-Certification|EDU-022-AI-Research-Assistant|EDU-023-Personal-Finance-Coach|EDU-024-Language-Learning-AI|EDU-025-Test-Preparation-AI|EDU-026-Corporate-Training-AI|EDU-027-Medical-Education-AI|EDU-028-Legal-Education-AI|EDU-029-Music-Education-AI|EDU-030-Art-Education-AI|EDU-031-Physical-Education-AI|EDU-032-Environmental-Education-AI|EDU-033-Social-Studies-AI|EDU-034-Math-Education-AI|EDU-035-Science-Education-AI|EDU-036-Reading-Comprehension-AI|EDU-037-Writing-Instruction-AI|EDU-038-Critical-Thinking-AI|EDU-039-Emotional-Intelligence-AI|EDU-040-Time-Management-AI|COMM-001-Luminary-Worldwide-Events|COMM-002-Brotherhood-Coaching-Network|COMM-003-Ace-Senior-Care-Connect|COMM-004-Community-Outreach-Nonprofit|COMM-005-Ace-Food-Security-AI|COMM-006-Community-Technology-Access-AI|COMM-007-Youth-Leadership-AI|COMM-008-Community-Fundraising-AI|COMM-009-Volunteer-Hub-AI|COMM-010-Disaster-Relief-AI|COMM-011-Indigenous-Creator-Hub|COMM-012-Black-Art-Museum-AI|COMM-013-Women-s-Empowerment-Network|COMM-014-Veterans-Support-AI|COMM-015-Youth-Mentorship-Program|COMM-016-Community-Health-AI|COMM-017-Local-Business-Directory|COMM-018-Neighborhood-Watch-AI|COMM-019-Community-Garden-AI|COMM-020-Public-Transportation-AI|COMM-021-Housing-Assistance-AI|COMM-022-Job-Training-Center|COMM-023-Elder-Companion-AI|COMM-024-Youth-Sports-AI|COMM-025-Community-Legal-Aid|COMM-026-Public-Education-AI|COMM-027-Local-Government-AI|COMM-028-Public-Safety-AI|COMM-029-Community-Wellness-AI|COMM-030-Cultural-Exchange-AI|COMM-031-Community-Investment-AI|COMM-032-Public-Health-AI|COMM-033-Youth-Innovation-Hub|COMM-034-Senior-Tech-Support|COMM-035-Community-Arts-AI|COMM-036-Public-Infrastructure-AI|COMM-037-Neighborhood-Development-AI|COMM-038-Community-Policing-AI|COMM-039-Public-Space-AI|COMM-040-Community-Recycling-AI|COMM-041-Public-Wi-Fi-AI|COMM-042-Community-Energy-AI|COMM-043-Local-Food-Network-AI|COMM-044-Community-Volunteering-AI|COMM-045-Public-Childcare-AI|COMM-046-Community-Pet-Care-AI|COMM-047-Public-Fitness-AI|COMM-048-Community-Transportation-AI|COMM-049-Public-Event-AI|COMM-050-Community-Cultural-AI|EM-001-Space-Habitat-AI|EM-002-Fusion-Energy-AI|EM-003-Teleportation-Research-AI|EM-004-Climate-Solutions-AI|EM-005-Holographic-Events-AI|EM-006-Neurofeedback-AI|EM-007-Autonomous-Delivery-AI|EM-008-Gene-Editing-AI|EM-009-Space-Tourism-AI|EM-010-Wearables-AI|EM-011-Metaverse-Hub-AI|EM-012-Energy-Grid-AI|EM-013-Brain-Computer-Interface|EM-014-Ocean-Cleanup-AI|EM-015-Crypto-Trading-AI|EM-016-Synthetic-Media-AI|EM-017-Space-Mining-AI|EM-018-VR-Therapy-AI|EM-019-Weather-Prediction-AI|EM-020-Autonomous-Farming-AI|EM-021-Traffic-Optimizer-AI|EM-022-Smart-Grid-AI|EM-023-Disaster-Prediction-AI|EM-024-Nanotech-AI|EM-025-Personalized-Medicine-AI|EM-026-AI-Diagnostic-Lab|EM-027-Sustainable-Cities-AI|EM-028-Renewable-Energy-AI|EM-029-Climate-Modeling-AI|EM-030-Policy-Advisor-AI|EM-031-Governance-Hub-AI|EM-032-Global-Challenges-AI|EM-033-Space-Exploration-AI|EM-034-Education-Equity-AI|EM-035-Health-Equity-AI|EM-036-Economic-Equity-AI|EM-037-Environmental-Justice-AI|EM-038-Human-Rights-AI|EM-039-Peacebuilding-AI|EM-040-Telemedicine-AI|EM-041-AI-Climate-Adaptation|EM-042-Space-Agriculture-AI|EM-043-Quantum-Communication-AI|EM-044-Robotics-Surgery-AI|EM-045-AI-Disaster-Response|EM-046-Smart-City-Governance|EM-047-AI-Environmental-Monitoring|EM-048-Space-Manufacturing-AI|EM-049-AI-Ocean-Exploration|EM-050-AI-Archaeology|SPEC-001-AI-Auction-House|SPEC-002-Smart-Marina-Management|SPEC-003-AI-Surf-Report|SPEC-004-Private-Chef-AI|SPEC-005-Virtual-Concierge-AI|SPEC-006-Smart-Parking-AI|SPEC-007-AI-Interior-Design|SPEC-008-Personal-Stylist-AI|SPEC-009-Smart-Locker-System|SPEC-010-AI-Fitness-Coach|SPEC-011-Smart-Golf-Caddie|SPEC-012-AI-Nutritionist|SPEC-013-Smart-Hotel-Butler|SPEC-014-AI-Language-Tutor|SPEC-015-Smart-Transportation-AI|SPEC-016-AI-Travel-Planner|SPEC-017-Smart-Agriculture-AI|SPEC-018-AI-Personal-Shopper|SPEC-019-Smart-Home-Security|SPEC-020-AI-Music-Producer|SPEC-021-Smart-Restaurant-AI|SPEC-022-AI-Movie-Critic|SPEC-023-Smart-Museum-Guide|SPEC-024-AI-Sports-Analyst|SPEC-025-Smart-Library-AI|SPEC-026-AI-Art-Curator|SPEC-027-Smart-Fitness-AI|SPEC-028-AI-Poetry-Generator|SPEC-029-Smart-Dating-AI|SPEC-030-AI-Journalism-Tool|SPEC-031-Smart-Legal-AI|SPEC-032-AI-Game-Designer|SPEC-033-Smart-Real-Estate-AI|SPEC-034-AI-Cooking-Assistant|SPEC-035-Smart-Health-AI|SPEC-036-AI-Photography-Tool|SPEC-037-Smart-Writing-AI|SPEC-038-AI-Comedy-Writer|SPEC-039-Smart-Meditation-AI|SPEC-040-AI-Debate-Coach|SPEC-041-Smart-Parenting-AI|SPEC-042-AI-Financial-Advisor|SPEC-043-Smart-Automotive-AI|SPEC-044-AI-Aviation-Planner|SPEC-045-Smart-Maritime-AI|SPEC-046-AI-Weather-Forecast|SPEC-047-Smart-Energy-AI|SPEC-048-AI-Sports-Coach|SPEC-049-Smart-Education-AI|SPEC-050-AI-Language-Translator|FI-dist|FI-node_modules|FI-public|FI-src|FI-supabase|CON-001-ACE-CONSTRUCTION|CON-002-RESIDENTIAL-CONSTRUCTION|CON-003-COMMERCIAL-CONSTRUCTION|CON-004-INDUSTRIAL-CONSTRUCTION|CON-005-CONSTRUCTION-EQUIPMENT-RENTAL|CON-006-CONSTRUCTION-PROJECT-MANAGEMENT|CON-007-GREEN-BUILDING-SERVICES|CON-008-HOME-RENOVATION-SERVICES|CON-009-ROOFING-COMPANY|CON-010-PLUMBING-SERVICES|CON-011-ELECTRICAL-SERVICES|CON-012-HVAC-SERVICES|CON-013-PAINTING-SERVICES|CON-014-FLOORING-SERVICES|CON-015-LANDSCAPING-SERVICES|CON-016-DEMOLITION-SERVICES|CON-017-CONCRETE-SERVICES|CON-018-CARPENTRY-SERVICES|CON-019-WINDOW-INSTALLATION|CON-020-INSULATION-SERVICES|RE-001-PROPERTY-HOLDINGS|OPS-001-VENTURE-STAFFING|PROFILE-001-DIVINE-JOHNS-PORTFOLIO|ET-010-PERSONAL-RESUME|TECH-061-TECH-VENTURES-PORTFOLIO
iza-os-funding,,yes,other,COO,COO,tech-team,
iza-os-hr-analytics-bot,,yes,shared_services,CFO+COO,CFO+COO,all-sectors,
iza-os-hr-benefits-bot,,yes,shared_services,CFO+COO,CFO+COO,all-sectors,
iza-os-hr-compliance-bot,,yes,shared_services,CFO+COO,CFO+COO,all-sectors,
iza-os-hr-core,,yes,shared_services,CFO+COO,CFO+COO,all-sectors,BW-001-Lash-Extension-Studio|BW-002-Mobile-Lash-Service|BW-003-Luxury-Lash-Bar|BW-004-Lash-Training-Academy|BW-005-Lash-Supply-Company|BW-006-Lash-Glue-Brand|BW-007-Lash-Kits-&-Tools|BW-008-Private-Label-Lashes|BW-009-Franchise-Lash-Salons|BW-010-Online-Lash-Education|BW-011-Nail-Salon|BW-012-Mobile-Nail-Tech|BW-013-Luxury-Nail-Spa|BW-014-Press-On-Nail-Brand|BW-015-Nail-Art-Studio|BW-016-Nail-Polish-Brand|BW-017-Nail-Care-Products|BW-018-Nail-Booking-Marketplace|BW-019-Salon-Management-Software|BW-020-AI-Nail-Design-Generator|BW-021-Hair-Salon|BW-022-Barbershop|BW-023-Mobile-Hairstyling|BW-024-Hair-Braiding-Studio|BW-025-Wig-Installation-Studio|BW-026-Hair-Extension-Salon|BW-027-Hair-Care-Line|BW-028-Wig-Brand|BW-029-Hair-Extensions-Brand|BW-030-Scalp-Treatment-Products|BW-031-Hair-Marketplace|BW-032-Stylist-Booking-Platform|BW-033-AI-Hairstyle-Simulator|BW-034-Salon-Franchise-Chain|BW-035-Makeup-Studio|BW-036-Bridal-Makeup-Service|BW-037-Mobile-Makeup-Artist|BW-038-Photoshoot-Makeup-Team|BW-039-Cosmetics-Brand|BW-040-Beauty-Tools-Brand|FH-001-Personal-Chef-Service|FH-002-Meal-Prep-Delivery|FH-003-Private-Dinner-Experiences|FH-004-Catering-Company|FH-005-Corporate-Lunch-Service|FH-006-Healthy-Meal-Prep-for-Gyms|FH-007-Elderly-Meal-Service|FH-008-Athlete-Nutrition-Service|FH-009-Packaged-Food-Brand|FH-010-Frozen-Meals-Company|FH-011-Sauce-or-Seasoning-Brand|FH-012-Protein-Snacks-Brand|FH-013-Meal-Kit-Company|FH-014-Cloud-Kitchen-|FH-015-AI-Nutrition-Planner|FH-016-Recipe-App|FH-017-Cooking-Content-Brand|FH-018-Food-Influencer-Brand|FH-019-Cooking-Course-Platform|FH-020-Restaurant-POS-System|FH-021-Food-Truck-Business|FH-022-Specialty-Coffee-Shop|FH-023-Bakery-&-Pastry-Shop|FH-024-Juice-Bar|FH-025-Ice-Cream-Shop|FH-026-Gourmet-Food-Market|FH-027-Food-Delivery-Platform|FH-028-Restaurant-Management-SaaS|FH-029-Food-Quality-Testing-Lab|FH-030-Organic-Food-Brand|FH-031-Vegan-Food-Company|FH-032-Keto-Meal-Service|FH-033-Food-Photography-Service|FH-034-Restaurant-Consulting|FH-035-Food-Safety-Training|FS-001-Gym|FS-002-Boutique-Fitness-Studio|FS-003-Personal-Training-Studio|FS-004-Women-Only-Gym|FS-005-Boxing-Gym|FS-006-CrossFit-Gym|FS-007-Luxury-Fitness-Club|FS-008-Online-Coaching|FS-009-Personal-Trainer-Business|FS-010-Transformation-Program|FS-011-Athlete-Training-Company|FS-012-Supplement-Brand|FS-013-Fitness-Apparel|FS-014-Workout-Equipment-Brand|FS-015-Recovery-Products|FS-016-Fitness-App|FS-017-AI-Personal-Trainer|FS-018-Gym-Management-Software|FS-019-Wearable-Analytics-Platform|FS-020-Yoga-Studio|FS-021-Pilates-Studio|FS-022-Dance-Studio|FS-023-Martial-Arts-Dojo|FS-024-Sports-Performance-Center|FS-025-Corporate-Wellness-Program|LT-001-Truck-Dispatch-Company|LT-002-Freight-Brokerage|LT-003-Logistics-Dispatch-Service|LT-004-Last-Mile-Delivery-Dispatch|LT-005-Medical-Courier-Dispatch|LT-006-Amazon|LT-007-Construction-Dispatch|LT-008-Towing-Dispatch|LT-009-HVAC-Technician-Dispatch|LT-010-Field-Service-Dispatch|LT-011-Dispatch-Software|LT-012-Fleet-Tracking-Platform|LT-013-Logistics-Automation-System|LT-014-AI-Route-Optimization|LT-015-Driver-Management-Platform|LT-016-Trucking-Company|LT-017-Courier-Service|LT-018-Local-Delivery-Company|LT-019-Moving-Company|LT-020-Freight-Company|LT-021-Warehouse-Company|LT-022-Fulfillment-Center|LT-023-Storage-Business|LT-024-Distribution-Company|LT-025-Logistics-Marketplace|LT-026-Shipping-Platform|LT-027-Fleet-Management-SaaS|LT-028-Freight-AI-Optimization|LT-029-Supply-Chain-Analytics|LT-030-Cold-Chain-Logistics|PS-001-Business-Consulting|PS-002-Legal-Services|PS-003-Accounting-Services|PS-004-HR-Consulting|PS-005-Marketing-Agency|PS-006-Web-Design-Agency|PS-007-IT-Support-Services|PS-008-Virtual-Assistant-Service|PS-009-Bookkeeping-Service|PS-010-Tax-Preparation-Service|PS-011-Real-Estate-Agency|PS-012-Insurance-Agency|PS-013-Financial-Planning|PS-014-Event-Planning|PS-015-Interior-Design|PS-016-Photography-Service|PS-017-Videography-Service|PS-018-Translation-Services|PS-019-Copywriting-Service|PS-020-Social-Media-Management|PS-021-SEO-Agency|PS-022-PPC-Management|PS-023-PR-Agency|PS-024-Recruiting-Agency|PS-025-Business-Brokerage|MC-001-YouTube-Channel-Network|MC-002-Podcast-Network|MC-003-Blog-Network|MC-004-Influencer-Agency|MC-005-Content-Creation-Studio|MC-006-Video-Production-Company|MC-007-Animation-Studio|MC-008-Music-Production|MC-009-Stock-Photography|MC-010-Stock-Video|MC-011-Online-Magazine|MC-012-News-Website|MC-013-Streaming-Platform|MC-014-Gaming-Channel|MC-015-Esports-Team|MC-016-Virtual-Events-Platform|MC-017-Online-Course-Platform|MC-018-Membership-Site|MC-019-Digital-Download-Store|MC-020-NFT-Marketplace|ET-001-Online-Tutoring-Platform|ET-002-Language-Learning-App|ET-003-Test-Prep-Service|ET-004-Coding-Bootcamp|ET-005-Professional-Certification|ET-006-Corporate-Training|ET-007-Skills-Assessment-Platform|ET-008-Career-Coaching|ET-009-Resume-Writing-Service|ET-010-Interview-Prep-Platform|ET-011-Mentorship-Platform|ET-012-Educational-Content-Library|ET-013-VR-Training-Simulations|ET-014-Gamified-Learning-App|ET-015-Homeschool-Curriculum|ST-001-SaaS-Platform|ST-002-Mobile-App-Development|ST-003-Web-Development-Agency|ST-004-Custom-Software-Development|ST-005-API-Development|ST-006-Cloud-Infrastructure|ST-007-DevOps-Consulting|ST-008-Cybersecurity-Service|ST-009-Data-Analytics-Platform|ST-010-Business-Intelligence-Tool|ST-011-CRM-Platform|ST-012-Project-Management-Tool|ST-013-Communication-Platform|ST-014-Collaboration-Software|ST-015-Automation-Platform|ST-016-AI|ST-017-Chatbot-Builder|ST-018-E-commerce-Platform|ST-019-Payment-Processing|ST-020-Blockchain-Platform|ST-021-IoT-Platform|ST-022-AR|ST-023-Game-Development|ST-024-Marketing-Automation|ST-025-Sales-Automation|ST-026-HR-Tech-Platform|ST-027-Legal-Tech-Platform|ST-028-Health-Tech-Platform|ST-029-EdTech-Platform|ST-030-PropTech-Platform|EC-001-Angels-in-Daylight|EC-002-New-World-Apparel|EC-003-Shopify-Autopilot|EC-004-Shoe-Customizer|EC-005-Sunglasses-AI|EC-006-Dropship-Hub|EC-007-Personal-Shopper-AI|EC-008-Custom-Sneaker-AI|EC-009-Sustainable-Fashion-AI|EC-010-Jewelry-Designer-AI|EC-011-Virtual-Try-On-AI|EC-012-Fashion-Designer-AI|EC-013-Merch-Licensing|EC-014-Subscription-Box-AI|EC-015-Surf-Gear-AI|EC-016-Ski-Gear-AI|EC-017-Golf-Gear-AI|EC-018-Fishing-Gear-AI|EC-019-Yoga-Gear-AI|EC-020-Costume-Shop-AI|EC-021-Luggage-AI|EC-022-Home-Appliance-AI|EC-023-Tool-Shop-AI|EC-024-Garden-Supply-AI|EC-025-Collectible-AI|EC-026-Hobby-Shop-AI|EC-027-Kids-Toy-Line|EC-028-NFT-Fashion-Licensing|EC-029-Instant-Brand-Generator|EC-030-AI-Product-Photographer|EC-031-Automated-Inventory-Forecaster|EC-032-Dynamic-Pricing-Engine|EC-033-Ad-Optimizer-AI|EC-034-Recommendation-Engine|EC-035-Review-Aggregator-AI|EC-036-Fulfillment-Network-AI|EC-037-Return-Optimization-AI|EC-038-Chatbot-Customer-Service|EC-039-Visual-Search-AI|EC-040-Abandoned-Cart-Recovery|EC-041-Seasonal-Trend-Predictor|EC-042-Influencer-Matchmaker|EC-043-UGC-Content-Aggregator|EC-044-Live-Commerce-Platform|EC-045-AR-Virtual-Fitting-Room|EC-046-3D-Product-Viewer|EC-047-Carbon-Footprint-Tracker|EC-048-Wholesale-Marketplace-AI|EC-049-Rental-Marketplace|EC-050-AI-Product-Descriptions|EC-051-AI-Email-Marketing|EC-052-AI-Product-Bundler|EC-053-AI-Visual-Merchandiser|EC-054-AI-Demand-Forecasting|EC-055-AI-Warehouse-Management|EC-056-AI-Supplier-Matching|EC-057-AI-Quality-Control|EC-058-AI-Packaging-Designer|EC-059-AI-Logistics-Planner|EC-060-AI-Customer-Loyalty|EC-061-AI-Gift-Finder|EC-062-AI-Trend-Hunter|EC-063-AI-Market-Research|EC-064-AI-Competitor-Watcher|EC-065-AI-Product-Development|EC-066-AI-Customer-Journey|EC-067-AI-Payment-Optimization|EC-068-AI-Returns-Management|EC-069-AI-Shipping-Labeler|EC-070-AI-Product-Launch-Coach|EC-071-AI-Vendor-Negotiator|EC-072-AI-Product-Cataloger|EC-073-AI-Order-Prioritizer|EC-074-AI-Customer-Segmentation|EC-075-AI-Pricing-Analyst|EC-076-AI-Sales-Forecasting|EC-077-AI-Inventory-Reordering|EC-078-AI-Product-Comparison|EC-079-AI-Customer-Feedback|EC-080-AI-Product-Updates|EC-081-AI-Cross-Selling|EC-082-AI-Up-Selling|EC-083-AI-Product-Education|EC-084-AI-Purchase-Timing|EC-085-AI-Customer-Support|EC-086-AI-Order-Tracking|EC-087-AI-Product-Reviews|EC-088-AI-Customer-Community|EC-089-AI-Product-Customization|EC-090-AI-Gift-Registry|EC-091-AI-Wedding-Registry|EC-092-AI-Baby-Registry|EC-093-AI-Holiday-Planner|EC-094-AI-Personal-Shopper|EC-095-AI-Color-Match|EC-096-AI-Fabric-Advisor|EC-097-AI-Fit-Recommendation|EC-098-AI-Outfit-Builder|EC-099-AI-Seasonal-Forecast|EC-100-AI-Wardrobe-Planner|EC-101-AI-Accessory-Match|EC-102-AI-Shoe-Match|EC-103-AI-Jewelry-Match|EC-104-AI-Bag-Match|EC-105-AI-Color-Palette|EC-106-AI-Outfit-Recycling|EC-107-AI-Style-Evolution|EC-108-AI-Budget-Stylist|EC-109-AI-Trend-Archive|EC-110-AI-Vintage-Advisor|TECH-001-Quantum-Algorithm-AI|TECH-002-AI-Compliance-Scanner|TECH-003-Cloud-Management-AI|TECH-004-Robotics-Training-AI|TECH-005-Customer-Insights-AI|TECH-006-Voice-Assistant-AI|TECH-007-Blockchain-Verifier-AI|TECH-008-Cybersecurity-Shield|TECH-009-Content-Studio-AI|TECH-010-Smart-Home-AI|TECH-011-Supply-Chain-Optimizer|TECH-012-Data-Visualization-AI|TECH-013-Workflow-Automation|TECH-014-Sentiment-Analyzer|TECH-015-Image-Recognition-AI|TECH-016-Video-Editor-AI|TECH-017-Speech-to-Text-AI|TECH-018-Text-to-Speech-AI|TECH-019-Fraud-Prevention-AI|TECH-020-Recommendation-Engine|TECH-021-Network-Security-AI|TECH-022-Database-Optimizer|TECH-023-AI-Testing-Platform|TECH-024-Virtual-Assistant-Builder|TECH-025-Machine-Learning-Builder|TECH-026-AI-Ethics-Auditor|TECH-027-Predictive-Analytics-AI|TECH-028-AI-Training-Platform|TECH-029-Digital-Twin-AI|TECH-030-AI-Monitoring-System|TECH-031-Edge-Computing-AI|TECH-032-AI-Integration-Hub|TECH-033-Quantum-Algorithm-AI|TECH-034-AI-Compliance-Scanner|TECH-035-Cloud-Management-AI|TECH-036-Robotics-Training-AI|TECH-037-Customer-Insights-AI|TECH-038-Voice-Assistant-AI|TECH-039-Blockchain-Verifier-AI|TECH-040-Cybersecurity-Shield|TECH-041-Content-Studio-AI|TECH-042-Smart-Home-AI|TECH-043-Supply-Chain-Optimizer|TECH-044-Data-Visualization-AI|TECH-045-Workflow-Automation|TECH-046-Sentiment-Analyzer|TECH-047-Image-Recognition-AI|TECH-048-Video-Editor-AI|TECH-049-Speech-to-Text-AI|TECH-050-Text-to-Speech-AI|TECH-051-Fraud-Prevention-AI|TECH-052-Recommendation-Engine|TECH-053-Network-Security-AI|TECH-054-Database-Optimizer|TECH-055-AI-Testing-Platform|TECH-056-Virtual-Assistant-Builder|TECH-057-Machine-Learning-Builder|TECH-058-AI-Ethics-Auditor|TECH-059-Predictive-Analytics-AI|TECH-060-AI-Training-Platform|OPS-001-Fractional-CTO-Agency|OPS-002-Supply-Chain-Optimizer|OPS-003-Event-Planning-AI|OPS-004-Inventory-Management-AI|OPS-005-Project-Management-AI|OPS-006-Document-Automation-AI|OPS-007-Meeting-Assistant-AI|OPS-008-Recruitment-AI|OPS-009-Onboarding-AI|OPS-010-Training-Platform-AI|OPS-011-Performance-Review-AI|OPS-012-IT-Support-AI|OPS-013-Facilities-Management-AI|OPS-014-Travel-Booking-AI|OPS-015-Expense-Management-AI|OPS-016-Contract-Management-AI|OPS-017-Compliance-Monitoring-AI|OPS-018-Quality-Control-AI|OPS-019-Asset-Management-AI|OPS-020-Time-Tracking-AI|OPS-021-Document-Security-AI|OPS-022-Knowledge-Management-AI|OPS-023-Meeting-Transcription-AI|OPS-024-Task-Automation-AI|OPS-025-Resource-Allocation-AI|OPS-026-Budget-Planning-AI|OPS-027-Cost-Optimization-AI|OPS-028-Procurement-AI|OPS-029-Vendor-Management-AI|OPS-030-Contract-Negotiation-AI|OPS-031-Legal-Document-AI|OPS-032-Compliance-Reporting-AI|OPS-033-Training-Content-AI|OPS-034-Employee-Engagement-AI|OPS-035-Succession-Planning-AI|OPS-036-Workspace-Design-AI|OPS-037-Energy-Efficiency-AI|OPS-038-Security-Monitoring-AI|OPS-039-Health-Safety-AI|OPS-040-Disaster-Recovery-AI|OPS-041-IT-Asset-Management|OPS-042-Cloud-Cost-Management|OPS-043-Data-Governance-AI|OPS-044-Network-Monitoring-AI|OPS-045-Software-Licensing-AI|OPS-046-IT-Procurement-AI|OPS-047-System-Integration-AI|OPS-048-Data-Backup-AI|OPS-049-Business-Continuity-AI|OPS-050-Compliance-Audit-AI|OPS-051-Document-Collaboration-AI|OPS-052-Video-Conferencing-AI|OPS-053-Email-Management-AI|OPS-054-Calendar-Optimization-AI|OPS-055-Project-Budget-AI|OPS-056-Resource-Forecasting-AI|OPS-057-Task-Prioritization-AI|OPS-058-Time-Management-AI|OPS-059-Meeting-Minutes-AI|OPS-060-Document-Translation-AI|OPS-061-Form-Automation-AI|OPS-062-Report-Generation-AI|OPS-063-Dashboard-Creation-AI|OPS-064-Analytics-Platform-AI|OPS-065-Data-Cleaning-AI|OPS-066-Workflow-Management-AI|EDU-001-Youth-Entrepreneurship-Curriculum|EDU-002-AI-Literacy-Program|EDU-003-Coding-Mentor-Certification|EDU-004-Real-Estate-Licensing-Prep|EDU-005-Coding-Bootcamp|EDU-006-Homeschooling-Content-AI|EDU-007-AI-Tutoring-Platform|EDU-008-Branding-Templates-Marketplace|EDU-009-Voiceover-Script-Library|EDU-010-Trade-Skills-Bootcamp|EDU-011-Franchise-Blueprint-System|EDU-012-Low-Income-Housing-Blueprint|EDU-013-Automated-Empire-Book|EDU-014-BIPOC-Creator-Incubator|EDU-015-AI-Legal-Doc-Generator|EDU-016-Virtual-Black-Art-Museum|EDU-017-AI-Coding-Tutor|EDU-018-Online-Course-Creator|EDU-019-Executive-Education-Program|EDU-020-Youth-STEM-Program|EDU-021-Remote-Work-Certification|EDU-022-AI-Research-Assistant|EDU-023-Personal-Finance-Coach|EDU-024-Language-Learning-AI|EDU-025-Test-Preparation-AI|EDU-026-Corporate-Training-AI|EDU-027-Medical-Education-AI|EDU-028-Legal-Education-AI|EDU-029-Music-Education-AI|EDU-030-Art-Education-AI|EDU-031-Physical-Education-AI|EDU-032-Environmental-Education-AI|EDU-033-Social-Studies-AI|EDU-034-Math-Education-AI|EDU-035-Science-Education-AI|EDU-036-Reading-Comprehension-AI|EDU-037-Writing-Instruction-AI|EDU-038-Critical-Thinking-AI|EDU-039-Emotional-Intelligence-AI|EDU-040-Time-Management-AI|COMM-001-Luminary-Worldwide-Events|COMM-002-Brotherhood-Coaching-Network|COMM-003-Ace-Senior-Care-Connect|COMM-004-Community-Outreach-Nonprofit|COMM-005-Ace-Food-Security-AI|COMM-006-Community-Technology-Access-AI|COMM-007-Youth-Leadership-AI|COMM-008-Community-Fundraising-AI|COMM-009-Volunteer-Hub-AI|COMM-010-Disaster-Relief-AI|COMM-011-Indigenous-Creator-Hub|COMM-012-Black-Art-Museum-AI|COMM-013-Women-s-Empowerment-Network|COMM-014-Veterans-Support-AI|COMM-015-Youth-Mentorship-Program|COMM-016-Community-Health-AI|COMM-017-Local-Business-Directory|COMM-018-Neighborhood-Watch-AI|COMM-019-Community-Garden-AI|COMM-020-Public-Transportation-AI|COMM-021-Housing-Assistance-AI|COMM-022-Job-Training-Center|COMM-023-Elder-Companion-AI|COMM-024-Youth-Sports-AI|COMM-025-Community-Legal-Aid|COMM-026-Public-Education-AI|COMM-027-Local-Government-AI|COMM-028-Public-Safety-AI|COMM-029-Community-Wellness-AI|COMM-030-Cultural-Exchange-AI|COMM-031-Community-Investment-AI|COMM-032-Public-Health-AI|COMM-033-Youth-Innovation-Hub|COMM-034-Senior-Tech-Support|COMM-035-Community-Arts-AI|COMM-036-Public-Infrastructure-AI|COMM-037-Neighborhood-Development-AI|COMM-038-Community-Policing-AI|COMM-039-Public-Space-AI|COMM-040-Community-Recycling-AI|COMM-041-Public-Wi-Fi-AI|COMM-042-Community-Energy-AI|COMM-043-Local-Food-Network-AI|COMM-044-Community-Volunteering-AI|COMM-045-Public-Childcare-AI|COMM-046-Community-Pet-Care-AI|COMM-047-Public-Fitness-AI|COMM-048-Community-Transportation-AI|COMM-049-Public-Event-AI|COMM-050-Community-Cultural-AI|EM-001-Space-Habitat-AI|EM-002-Fusion-Energy-AI|EM-003-Teleportation-Research-AI|EM-004-Climate-Solutions-AI|EM-005-Holographic-Events-AI|EM-006-Neurofeedback-AI|EM-007-Autonomous-Delivery-AI|EM-008-Gene-Editing-AI|EM-009-Space-Tourism-AI|EM-010-Wearables-AI|EM-011-Metaverse-Hub-AI|EM-012-Energy-Grid-AI|EM-013-Brain-Computer-Interface|EM-014-Ocean-Cleanup-AI|EM-015-Crypto-Trading-AI|EM-016-Synthetic-Media-AI|EM-017-Space-Mining-AI|EM-018-VR-Therapy-AI|EM-019-Weather-Prediction-AI|EM-020-Autonomous-Farming-AI|EM-021-Traffic-Optimizer-AI|EM-022-Smart-Grid-AI|EM-023-Disaster-Prediction-AI|EM-024-Nanotech-AI|EM-025-Personalized-Medicine-AI|EM-026-AI-Diagnostic-Lab|EM-027-Sustainable-Cities-AI|EM-028-Renewable-Energy-AI|EM-029-Climate-Modeling-AI|EM-030-Policy-Advisor-AI|EM-031-Governance-Hub-AI|EM-032-Global-Challenges-AI|EM-033-Space-Exploration-AI|EM-034-Education-Equity-AI|EM-035-Health-Equity-AI|EM-036-Economic-Equity-AI|EM-037-Environmental-Justice-AI|EM-038-Human-Rights-AI|EM-039-Peacebuilding-AI|EM-040-Telemedicine-AI|EM-041-AI-Climate-Adaptation|EM-042-Space-Agriculture-AI|EM-043-Quantum-Communication-AI|EM-044-Robotics-Surgery-AI|EM-045-AI-Disaster-Response|EM-046-Smart-City-Governance|EM-047-AI-Environmental-Monitoring|EM-048-Space-Manufacturing-AI|EM-049-AI-Ocean-Exploration|EM-050-AI-Archaeology|SPEC-001-AI-Auction-House|SPEC-002-Smart-Marina-Management|SPEC-003-AI-Surf-Report|SPEC-004-Private-Chef-AI|SPEC-005-Virtual-Concierge-AI|SPEC-006-Smart-Parking-AI|SPEC-007-AI-Interior-Design|SPEC-008-Personal-Stylist-AI|SPEC-009-Smart-Locker-System|SPEC-010-AI-Fitness-Coach|SPEC-011-Smart-Golf-Caddie|SPEC-012-AI-Nutritionist|SPEC-013-Smart-Hotel-Butler|SPEC-014-AI-Language-Tutor|SPEC-015-Smart-Transportation-AI|SPEC-016-AI-Travel-Planner|SPEC-017-Smart-Agriculture-AI|SPEC-018-AI-Personal-Shopper|SPEC-019-Smart-Home-Security|SPEC-020-AI-Music-Producer|SPEC-021-Smart-Restaurant-AI|SPEC-022-AI-Movie-Critic|SPEC-023-Smart-Museum-Guide|SPEC-024-AI-Sports-Analyst|SPEC-025-Smart-Library-AI|SPEC-026-AI-Art-Curator|SPEC-027-Smart-Fitness-AI|SPEC-028-AI-Poetry-Generator|SPEC-029-Smart-Dating-AI|SPEC-030-AI-Journalism-Tool|SPEC-031-Smart-Legal-AI|SPEC-032-AI-Game-Designer|SPEC-033-Smart-Real-Estate-AI|SPEC-034-AI-Cooking-Assistant|SPEC-035-Smart-Health-AI|SPEC-036-AI-Photography-Tool|SPEC-037-Smart-Writing-AI|SPEC-038-AI-Comedy-Writer|SPEC-039-Smart-Meditation-AI|SPEC-040-AI-Debate-Coach|SPEC-041-Smart-Parenting-AI|SPEC-042-AI-Financial-Advisor|SPEC-043-Smart-Automotive-AI|SPEC-044-AI-Aviation-Planner|SPEC-045-Smart-Maritime-AI|SPEC-046-AI-Weather-Forecast|SPEC-047-Smart-Energy-AI|SPEC-048-AI-Sports-Coach|SPEC-049-Smart-Education-AI|SPEC-050-AI-Language-Translator|FI-dist|FI-node_modules|FI-public|FI-src|FI-supabase|CON-001-ACE-CONSTRUCTION|CON-002-RESIDENTIAL-CONSTRUCTION|CON-003-COMMERCIAL-CONSTRUCTION|CON-004-INDUSTRIAL-CONSTRUCTION|CON-005-CONSTRUCTION-EQUIPMENT-RENTAL|CON-006-CONSTRUCTION-PROJECT-MANAGEMENT|CON-007-GREEN-BUILDING-SERVICES|CON-008-HOME-RENOVATION-SERVICES|CON-009-ROOFING-COMPANY|CON-010-PLUMBING-SERVICES|CON-011-ELECTRICAL-SERVICES|CON-012-HVAC-SERVICES|CON-013-PAINTING-SERVICES|CON-014-FLOORING-SERVICES|CON-015-LANDSCAPING-SERVICES|CON-016-DEMOLITION-SERVICES|CON-017-CONCRETE-SERVICES|CON-018-CARPENTRY-SERVICES|CON-019-WINDOW-INSTALLATION|CON-020-INSULATION-SERVICES|RE-001-PROPERTY-HOLDINGS|OPS-001-VENTURE-STAFFING|PROFILE-001-DIVINE-JOHNS-PORTFOLIO|ET-010-PERSONAL-RESUME|TECH-061-TECH-VENTURES-PORTFOLIO
iza-os-hr-onboarding-bot,,yes,shared_services,CFO+COO,CFO+COO,all-sectors,
iza-os-hr-payroll-bot,,yes,shared_services,CFO+COO,CFO+COO,all-sectors,
iza-os-hr-performance-bot,,yes,shared_services,CFO+COO,CFO+COO,all-sectors,
iza-os-hr-recruitment-bot,,yes,shared_services,CFO+COO,CFO+COO,all-sectors,
iza-os-hr-training-bot,,yes,shared_services,CFO+COO,CFO+COO,all-sectors,
iza-os-inference-engine,,yes,experimental,POS-TECH-MANAGER,POS-TECH-MANAGER,tech-team,
iza-os-infrastructure,,yes,other,COO,COO,tech-team,
iza-os-infrastructure-monitoring-bot,,yes,infrastructure,POS-TECH-MANAGER,POS-TECH-MANAGER,tech-team,
iza-os-integrations,,yes,infrastructure,POS-TECH-MANAGER,POS-TECH-MANAGER,tech-team,
iza-os-intelligence-core,,yes,shared_services,CFO+COO,CFO+COO,all-sectors,
iza-os-inventory-management-analytics-bot,,yes,shared_services,CFO+COO,CFO+COO,all-sectors,
iza-os-inventory-management-automation-bot,,yes,shared_services,CFO+COO,CFO+COO,all-sectors,
iza-os-inventory-management-compliance-bot,,yes,shared_services,CFO+COO,CFO+COO,all-sectors,
iza-os-inventory-management-integration-bot,,yes,shared_services,CFO+COO,CFO+COO,all-sectors,
iza-os-inventory-management-monitoring-bot,,yes,infrastructure,POS-TECH-MANAGER,POS-TECH-MANAGER,tech-team,
iza-os-inventory-management-optimization-bot,,yes,shared_services,CFO+COO,CFO+COO,all-sectors,
iza-os-inventory-management-reporting-bot,,yes,shared_services,CFO+COO,CFO+COO,all-sectors,
iza-os-inventory-management-security-bot,,yes,shared_services,CFO+COO,CFO+COO,all-sectors,
iza-os-knowledge-graph,,yes,other,COO,COO,tech-team,
iza-os-legal-core,,yes,shared_services,CFO+COO,CFO+COO,all-sectors,
iza-os-legal-research-alerting-bot,,yes,shared_services,CFO+COO,CFO+COO,all-sectors,
iza-os-legal-research-compliance-bot,,yes,shared_services,CFO+COO,CFO+COO,all-sectors,
iza-os-legal-research-discovery-bot,,yes,shared_services,CFO+COO,CFO+COO,all-sectors,
iza-os-legal-research-integration-bot,,yes,shared_services,CFO+COO,CFO+COO,all-sectors,
iza-os-legal-research-intelligence-bot,,yes,shared_services,CFO+COO,CFO+COO,all-sectors,
iza-os-legal-research-management-bot,,yes,shared_services,CFO+COO,CFO+COO,all-sectors,
iza-os-legal-research-optimization-bot,,yes,shared_services,CFO+COO,CFO+COO,all-sectors,
iza-os-legal-research-orchestration-bot,,yes,shared_services,CFO+COO,CFO+COO,all-sectors,
iza-os-legal-research-processing-bot,,yes,shared_services,CFO+COO,CFO+COO,all-sectors,
iza-os-legal-research-reporting-bot,,yes,shared_services,CFO+COO,CFO+COO,all-sectors,
iza-os-legal-research-security-bot,,yes,shared_services,CFO+COO,CFO+COO,all-sectors,
iza-os-legal-research-synthesis-bot,,yes,shared_services,CFO+COO,CFO+COO,all-sectors,
iza-os-llm-adapter,,yes,experimental,POS-TECH-MANAGER,POS-TECH-MANAGER,tech-team,
iza-os-market,,yes,other,COO,COO,tech-team,
iza-os-marketing-automation-alerting-bot,,yes,shared_services,CFO+COO,CFO+COO,all-sectors,
iza-os-marketing-automation-analytics-bot,,yes,shared_services,CFO+COO,CFO+COO,all-sectors,
iza-os-marketing-automation-automation-bot,,yes,shared_services,CFO+COO,CFO+COO,all-sectors,
iza-os-marketing-automation-campaign-bot,,yes,shared_services,CFO+COO,CFO+COO,all-sectors,
iza-os-marketing-automation-compliance-bot,,yes,shared_services,CFO+COO,CFO+COO,all-sectors,
iza-os-marketing-automation-discovery-bot,,yes,shared_services,CFO+COO,CFO+COO,all-sectors,
iza-os-marketing-automation-integration-bot,,yes,shared_services,CFO+COO,CFO+COO,all-sectors,
iza-os-marketing-automation-intelligence-bot,,yes,shared_services,CFO+COO,CFO+COO,all-sectors,
iza-os-marketing-automation-management-bot,,yes,shared_services,CFO+COO,CFO+COO,all-sectors,
iza-os-marketing-automation-monitoring-bot,,yes,infrastructure,POS-TECH-MANAGER,POS-TECH-MANAGER,tech-team,
iza-os-marketing-automation-optimization-bot,,yes,shared_services,CFO+COO,CFO+COO,all-sectors,
iza-os-marketing-automation-orchestration-bot,,yes,shared_services,CFO+COO,CFO+COO,all-sectors,
iza-os-marketing-automation-processing-bot,,yes,shared_services,CFO+COO,CFO+COO,all-sectors,
iza-os-marketing-automation-reporting-bot,,yes,shared_services,CFO+COO,CFO+COO,all-sectors,
iza-os-marketing-automation-synthesis-bot,,yes,shared_services,CFO+COO,CFO+COO,all-sectors,
iza-os-marketing-core,,yes,other,COO,COO,tech-team,
iza-os-mcp,,yes,infrastructure,POS-TECH-MANAGER,POS-TECH-MANAGER,tech-team,
iza-os-ml,,yes,experimental,POS-TECH-MANAGER,POS-TECH-MANAGER,tech-team,
iza-os-mobile,,yes,other,COO,COO,tech-team,
iza-os-model-training,,yes,experimental,POS-TECH-MANAGER,POS-TECH-MANAGER,tech-team,
iza-os-monitoring,,yes,infrastructure,POS-TECH-MANAGER,POS-TECH-MANAGER,tech-team,
iza-os-monitoring-integration,,yes,infrastructure,POS-TECH-MANAGER,POS-TECH-MANAGER,tech-team,
iza-os-nft-platform,,yes,experimental,POS-TECH-MANAGER,POS-TECH-MANAGER,tech-team,
iza-os-nlp-pipeline,,yes,experimental,POS-TECH-MANAGER,POS-TECH-MANAGER,tech-team,
iza-os-notification-bot,,yes,shared_services,CFO+COO,CFO+COO,all-sectors,
iza-os-operations-analytics-bot,,yes,shared_services,CFO+COO,CFO+COO,all-sectors,
iza-os-operations-automation-bot,,yes,shared_services,CFO+COO,CFO+COO,all-sectors,
iza-os-operations-compliance-bot,,yes,shared_services,CFO+COO,CFO+COO,all-sectors,
iza-os-operations-core,,yes,other,COO,COO,tech-team,
iza-os-operations-integration-bot,,yes,shared_services,CFO+COO,CFO+COO,all-sectors,
iza-os-operations-intelligence-bot,,yes,shared_services,CFO+COO,CFO+COO,all-sectors,
iza-os-operations-monitoring-bot,,yes,infrastructure,POS-TECH-MANAGER,POS-TECH-MANAGER,tech-team,
iza-os-operations-optimization-bot,,yes,shared_services,CFO+COO,CFO+COO,all-sectors,
iza-os-operations-reporting-bot,,yes,shared_services,CFO+COO,CFO+COO,all-sectors,
iza-os-ops,,yes,infrastructure,POS-TECH-MANAGER,POS-TECH-MANAGER,tech-team,
iza-os-orchestrator,,yes,other,COO,COO,tech-team,
iza-os-platform-core,,yes,infrastructure,POS-TECH-MANAGER,POS-TECH-MANAGER,tech-team,
iza-os-playgrounds,,yes,experimental,POS-TECH-MANAGER,POS-TECH-MANAGER,tech-team,
iza-os-predictive-analytics-bot,,yes,shared_services,CFO+COO,CFO+COO,all-sectors,
iza-os-predictive-modeling,,yes,experimental,POS-TECH-MANAGER,POS-TECH-MANAGER,tech-team,
iza-os-project-management-alerting-bot,,yes,shared_services,CFO+COO,CFO+COO,all-sectors,
iza-os-project-management-analytics-bot,,yes,shared_services,CFO+COO,CFO+COO,all-sectors,
iza-os-project-management-automation-bot,,yes,shared_services,CFO+COO,CFO+COO,all-sectors,
iza-os-project-management-compliance-bot,,yes,shared_services,CFO+COO,CFO+COO,all-sectors,
iza-os-project-management-discovery-bot,,yes,shared_services,CFO+COO,CFO+COO,all-sectors,
iza-os-project-management-integration-bot,,yes,shared_services,CFO+COO,CFO+COO,all-sectors,
iza-os-project-management-intelligence-bot,,yes,shared_services,CFO+COO,CFO+COO,all-sectors,
iza-os-project-management-management-bot,,yes,shared_services,CFO+COO,CFO+COO,all-sectors,
iza-os-project-management-monitoring-bot,,yes,infrastructure,POS-TECH-MANAGER,POS-TECH-MANAGER,tech-team,
iza-os-project-management-optimization-bot,,yes,shared_services,CFO+COO,CFO+COO,all-sectors,
iza-os-project-management-orchestration-bot,,yes,shared_services,CFO+COO,CFO+COO,all-sectors,
iza-os-project-management-processing-bot,,yes,shared_services,CFO+COO,CFO+COO,all-sectors,
iza-os-project-management-reporting-bot,,yes,shared_services,CFO+COO,CFO+COO,all-sectors,
iza-os-project-management-security-bot,,yes,shared_services,CFO+COO,CFO+COO,all-sectors,
iza-os-project-management-synthesis-bot,,yes,shared_services,CFO+COO,CFO+COO,all-sectors,
iza-os-prompt-engineering,,yes,other,COO,COO,tech-team,
iza-os-quality-assurance-bot,,yes,shared_services,CFO+COO,CFO+COO,all-sectors,
iza-os-rag-system,,yes,experimental,POS-TECH-MANAGER,POS-TECH-MANAGER,tech-team,
iza-os-recommendation-engine,,yes,experimental,POS-TECH-MANAGER,POS-TECH-MANAGER,tech-team,
iza-os-revenue,,yes,other,COO,COO,tech-team,
iza-os-sales-automation-alerting-bot,,yes,shared_services,CFO+COO,CFO+COO,all-sectors,
iza-os-sales-automation-analytics-bot,,yes,shared_services,CFO+COO,CFO+COO,all-sectors,
iza-os-sales-automation-automation-bot,,yes,shared_services,CFO+COO,CFO+COO,all-sectors,
iza-os-sales-automation-compliance-bot,,yes,shared_services,CFO+COO,CFO+COO,all-sectors,
iza-os-sales-automation-discovery-bot,,yes,shared_services,CFO+COO,CFO+COO,all-sectors,
iza-os-sales-automation-integration-bot,,yes,shared_services,CFO+COO,CFO+COO,all-sectors,
iza-os-sales-automation-intelligence-bot,,yes,shared_services,CFO+COO,CFO+COO,all-sectors,
iza-os-sales-automation-management-bot,,yes,shared_services,CFO+COO,CFO+COO,all-sectors,
iza-os-sales-automation-monitoring-bot,,yes,infrastructure,POS-TECH-MANAGER,POS-TECH-MANAGER,tech-team,
iza-os-sales-automation-optimization-bot,,yes,shared_services,CFO+COO,CFO+COO,all-sectors,
iza-os-sales-automation-orchestration-bot,,yes,shared_services,CFO+COO,CFO+COO,all-sectors,
iza-os-sales-automation-processing-bot,,yes,shared_services,CFO+COO,CFO+COO,all-sectors,
iza-os-sales-automation-reporting-bot,,yes,shared_services,CFO+COO,CFO+COO,all-sectors,
iza-os-sales-automation-security-bot,,yes,shared_services,CFO+COO,CFO+COO,all-sectors,
iza-os-sales-automation-synthesis-bot,,yes,shared_services,CFO+COO,CFO+COO,all-sectors,
iza-os-sales-core,,yes,shared_services,CFO+COO,CFO+COO,all-sectors,EC-001-Angels-in-Daylight|EC-002-New-World-Apparel|EC-003-Shopify-Autopilot|EC-004-Shoe-Customizer|EC-005-Sunglasses-AI|EC-006-Dropship-Hub|EC-007-Personal-Shopper-AI|EC-008-Custom-Sneaker-AI|EC-009-Sustainable-Fashion-AI|EC-010-Jewelry-Designer-AI|EC-011-Virtual-Try-On-AI|EC-012-Fashion-Designer-AI|EC-013-Merch-Licensing|EC-014-Subscription-Box-AI|EC-015-Surf-Gear-AI|EC-016-Ski-Gear-AI|EC-017-Golf-Gear-AI|EC-018-Fishing-Gear-AI|EC-019-Yoga-Gear-AI|EC-020-Costume-Shop-AI|EC-021-Luggage-AI|EC-022-Home-Appliance-AI|EC-023-Tool-Shop-AI|EC-024-Garden-Supply-AI|EC-025-Collectible-AI|EC-026-Hobby-Shop-AI|EC-027-Kids-Toy-Line|EC-028-NFT-Fashion-Licensing|EC-029-Instant-Brand-Generator|EC-030-AI-Product-Photographer|EC-031-Automated-Inventory-Forecaster|EC-032-Dynamic-Pricing-Engine|EC-033-Ad-Optimizer-AI|EC-034-Recommendation-Engine|EC-035-Review-Aggregator-AI|EC-036-Fulfillment-Network-AI|EC-037-Return-Optimization-AI|EC-038-Chatbot-Customer-Service|EC-039-Visual-Search-AI|EC-040-Abandoned-Cart-Recovery|EC-041-Seasonal-Trend-Predictor|EC-042-Influencer-Matchmaker|EC-043-UGC-Content-Aggregator|EC-044-Live-Commerce-Platform|EC-045-AR-Virtual-Fitting-Room|EC-046-3D-Product-Viewer|EC-047-Carbon-Footprint-Tracker|EC-048-Wholesale-Marketplace-AI|EC-049-Rental-Marketplace|EC-050-AI-Product-Descriptions|EC-051-AI-Email-Marketing|EC-052-AI-Product-Bundler|EC-053-AI-Visual-Merchandiser|EC-054-AI-Demand-Forecasting|EC-055-AI-Warehouse-Management|EC-056-AI-Supplier-Matching|EC-057-AI-Quality-Control|EC-058-AI-Packaging-Designer|EC-059-AI-Logistics-Planner|EC-060-AI-Customer-Loyalty|EC-061-AI-Gift-Finder|EC-062-AI-Trend-Hunter|EC-063-AI-Market-Research|EC-064-AI-Competitor-Watcher|EC-065-AI-Product-Development|EC-066-AI-Customer-Journey|EC-067-AI-Payment-Optimization|EC-068-AI-Returns-Management|EC-069-AI-Shipping-Labeler|EC-070-AI-Product-Launch-Coach|EC-071-AI-Vendor-Negotiator|EC-072-AI-Product-Cataloger|EC-073-AI-Order-Prioritizer|EC-074-AI-Customer-Segmentation|EC-075-AI-Pricing-Analyst|EC-076-AI-Sales-Forecasting|EC-077-AI-Inventory-Reordering|EC-078-AI-Product-Comparison|EC-079-AI-Customer-Feedback|EC-080-AI-Product-Updates|EC-081-AI-Cross-Selling|EC-082-AI-Up-Selling|EC-083-AI-Product-Education|EC-084-AI-Purchase-Timing|EC-085-AI-Customer-Support|EC-086-AI-Order-Tracking|EC-087-AI-Product-Reviews|EC-088-AI-Customer-Community|EC-089-AI-Product-Customization|EC-090-AI-Gift-Registry|EC-091-AI-Wedding-Registry|EC-092-AI-Baby-Registry|EC-093-AI-Holiday-Planner|EC-094-AI-Personal-Shopper|EC-095-AI-Color-Match|EC-096-AI-Fabric-Advisor|EC-097-AI-Fit-Recommendation|EC-098-AI-Outfit-Builder|EC-099-AI-Seasonal-Forecast|EC-100-AI-Wardrobe-Planner|EC-101-AI-Accessory-Match|EC-102-AI-Shoe-Match|EC-103-AI-Jewelry-Match|EC-104-AI-Bag-Match|EC-105-AI-Color-Palette|EC-106-AI-Outfit-Recycling|EC-107-AI-Style-Evolution|EC-108-AI-Budget-Stylist|EC-109-AI-Trend-Archive|EC-110-AI-Vintage-Advisor|TECH-001-Quantum-Algorithm-AI|TECH-002-AI-Compliance-Scanner|TECH-003-Cloud-Management-AI|TECH-004-Robotics-Training-AI|TECH-005-Customer-Insights-AI|TECH-006-Voice-Assistant-AI|TECH-007-Blockchain-Verifier-AI|TECH-008-Cybersecurity-Shield|TECH-009-Content-Studio-AI|TECH-010-Smart-Home-AI|TECH-011-Supply-Chain-Optimizer|TECH-012-Data-Visualization-AI|TECH-013-Workflow-Automation|TECH-014-Sentiment-Analyzer|TECH-015-Image-Recognition-AI|TECH-016-Video-Editor-AI|TECH-017-Speech-to-Text-AI|TECH-018-Text-to-Speech-AI|TECH-019-Fraud-Prevention-AI|TECH-020-Recommendation-Engine|TECH-021-Network-Security-AI|TECH-022-Database-Optimizer|TECH-023-AI-Testing-Platform|TECH-024-Virtual-Assistant-Builder|TECH-025-Machine-Learning-Builder|TECH-026-AI-Ethics-Auditor|TECH-027-Predictive-Analytics-AI|TECH-028-AI-Training-Platform|TECH-029-Digital-Twin-AI|TECH-030-AI-Monitoring-System|TECH-031-Edge-Computing-AI|TECH-032-AI-Integration-Hub|TECH-033-Quantum-Algorithm-AI|TECH-034-AI-Compliance-Scanner|TECH-035-Cloud-Management-AI|TECH-036-Robotics-Training-AI|TECH-037-Customer-Insights-AI|TECH-038-Voice-Assistant-AI|TECH-039-Blockchain-Verifier-AI|TECH-040-Cybersecurity-Shield|TECH-041-Content-Studio-AI|TECH-042-Smart-Home-AI|TECH-043-Supply-Chain-Optimizer|TECH-044-Data-Visualization-AI|TECH-045-Workflow-Automation|TECH-046-Sentiment-Analyzer|TECH-047-Image-Recognition-AI|TECH-048-Video-Editor-AI|TECH-049-Speech-to-Text-AI|TECH-050-Text-to-Speech-AI|TECH-051-Fraud-Prevention-AI|TECH-052-Recommendation-Engine|TECH-053-Network-Security-AI|TECH-054-Database-Optimizer|TECH-055-AI-Testing-Platform|TECH-056-Virtual-Assistant-Builder|TECH-057-Machine-Learning-Builder|TECH-058-AI-Ethics-Auditor|TECH-059-Predictive-Analytics-AI|TECH-060-AI-Training-Platform|OPS-001-Fractional-CTO-Agency|OPS-002-Supply-Chain-Optimizer|OPS-003-Event-Planning-AI|OPS-004-Inventory-Management-AI|OPS-005-Project-Management-AI|OPS-006-Document-Automation-AI|OPS-007-Meeting-Assistant-AI|OPS-008-Recruitment-AI|OPS-009-Onboarding-AI|OPS-010-Training-Platform-AI|OPS-011-Performance-Review-AI|OPS-012-IT-Support-AI|OPS-013-Facilities-Management-AI|OPS-014-Travel-Booking-AI|OPS-015-Expense-Management-AI|OPS-016-Contract-Management-AI|OPS-017-Compliance-Monitoring-AI|OPS-018-Quality-Control-AI|OPS-019-Asset-Management-AI|OPS-020-Time-Tracking-AI|OPS-021-Document-Security-AI|OPS-022-Knowledge-Management-AI|OPS-023-Meeting-Transcription-AI|OPS-024-Task-Automation-AI|OPS-025-Resource-Allocation-AI|OPS-026-Budget-Planning-AI|OPS-027-Cost-Optimization-AI|OPS-028-Procurement-AI|OPS-029-Vendor-Management-AI|OPS-030-Contract-Negotiation-AI|OPS-031-Legal-Document-AI|OPS-032-Compliance-Reporting-AI|OPS-033-Training-Content-AI|OPS-034-Employee-Engagement-AI|OPS-035-Succession-Planning-AI|OPS-036-Workspace-Design-AI|OPS-037-Energy-Efficiency-AI|OPS-038-Security-Monitoring-AI|OPS-039-Health-Safety-AI|OPS-040-Disaster-Recovery-AI|OPS-041-IT-Asset-Management|OPS-042-Cloud-Cost-Management|OPS-043-Data-Governance-AI|OPS-044-Network-Monitoring-AI|OPS-045-Software-Licensing-AI|OPS-046-IT-Procurement-AI|OPS-047-System-Integration-AI|OPS-048-Data-Backup-AI|OPS-049-Business-Continuity-AI|OPS-050-Compliance-Audit-AI|OPS-051-Document-Collaboration-AI|OPS-052-Video-Conferencing-AI|OPS-053-Email-Management-AI|OPS-054-Calendar-Optimization-AI|OPS-055-Project-Budget-AI|OPS-056-Resource-Forecasting-AI|OPS-057-Task-Prioritization-AI|OPS-058-Time-Management-AI|OPS-059-Meeting-Minutes-AI|OPS-060-Document-Translation-AI|OPS-061-Form-Automation-AI|OPS-062-Report-Generation-AI|OPS-063-Dashboard-Creation-AI|OPS-064-Analytics-Platform-AI|OPS-065-Data-Cleaning-AI|OPS-066-Workflow-Management-AI|EDU-001-Youth-Entrepreneurship-Curriculum|EDU-002-AI-Literacy-Program|EDU-003-Coding-Mentor-Certification|EDU-004-Real-Estate-Licensing-Prep|EDU-005-Coding-Bootcamp|EDU-006-Homeschooling-Content-AI|EDU-007-AI-Tutoring-Platform|EDU-008-Branding-Templates-Marketplace|EDU-009-Voiceover-Script-Library|EDU-010-Trade-Skills-Bootcamp|EDU-011-Franchise-Blueprint-System|EDU-012-Low-Income-Housing-Blueprint|EDU-013-Automated-Empire-Book|EDU-014-BIPOC-Creator-Incubator|EDU-015-AI-Legal-Doc-Generator|EDU-016-Virtual-Black-Art-Museum|EDU-017-AI-Coding-Tutor|EDU-018-Online-Course-Creator|EDU-019-Executive-Education-Program|EDU-020-Youth-STEM-Program|EDU-021-Remote-Work-Certification|EDU-022-AI-Research-Assistant|EDU-023-Personal-Finance-Coach|EDU-024-Language-Learning-AI|EDU-025-Test-Preparation-AI|EDU-026-Corporate-Training-AI|EDU-027-Medical-Education-AI|EDU-028-Legal-Education-AI|EDU-029-Music-Education-AI|EDU-030-Art-Education-AI|EDU-031-Physical-Education-AI|EDU-032-Environmental-Education-AI|EDU-033-Social-Studies-AI|EDU-034-Math-Education-AI|EDU-035-Science-Education-AI|EDU-036-Reading-Comprehension-AI|EDU-037-Writing-Instruction-AI|EDU-038-Critical-Thinking-AI|EDU-039-Emotional-Intelligence-AI|EDU-040-Time-Management-AI|COMM-001-Luminary-Worldwide-Events|COMM-002-Brotherhood-Coaching-Network|COMM-003-Ace-Senior-Care-Connect|COMM-004-Community-Outreach-Nonprofit|COMM-005-Ace-Food-Security-AI|COMM-006-Community-Technology-Access-AI|COMM-007-Youth-Leadership-AI|COMM-008-Community-Fundraising-AI|COMM-009-Volunteer-Hub-AI|COMM-010-Disaster-Relief-AI|COMM-011-Indigenous-Creator-Hub|COMM-012-Black-Art-Museum-AI|COMM-013-Women-s-Empowerment-Network|COMM-014-Veterans-Support-AI|COMM-015-Youth-Mentorship-Program|COMM-016-Community-Health-AI|COMM-017-Local-Business-Directory|COMM-018-Neighborhood-Watch-AI|COMM-019-Community-Garden-AI|COMM-020-Public-Transportation-AI|COMM-021-Housing-Assistance-AI|COMM-022-Job-Training-Center|COMM-023-Elder-Companion-AI|COMM-024-Youth-Sports-AI|COMM-025-Community-Legal-Aid|COMM-026-Public-Education-AI|COMM-027-Local-Government-AI|COMM-028-Public-Safety-AI|COMM-029-Community-Wellness-AI|COMM-030-Cultural-Exchange-AI|COMM-031-Community-Investment-AI|COMM-032-Public-Health-AI|COMM-033-Youth-Innovation-Hub|COMM-034-Senior-Tech-Support|COMM-035-Community-Arts-AI|COMM-036-Public-Infrastructure-AI|COMM-037-Neighborhood-Development-AI|COMM-038-Community-Policing-AI|COMM-039-Public-Space-AI|COMM-040-Community-Recycling-AI|COMM-041-Public-Wi-Fi-AI|COMM-042-Community-Energy-AI|COMM-043-Local-Food-Network-AI|COMM-044-Community-Volunteering-AI|COMM-045-Public-Childcare-AI|COMM-046-Community-Pet-Care-AI|COMM-047-Public-Fitness-AI|COMM-048-Community-Transportation-AI|COMM-049-Public-Event-AI|COMM-050-Community-Cultural-AI|EM-001-Space-Habitat-AI|EM-002-Fusion-Energy-AI|EM-003-Teleportation-Research-AI|EM-004-Climate-Solutions-AI|EM-005-Holographic-Events-AI|EM-006-Neurofeedback-AI|EM-007-Autonomous-Delivery-AI|EM-008-Gene-Editing-AI|EM-009-Space-Tourism-AI|EM-010-Wearables-AI|EM-011-Metaverse-Hub-AI|EM-012-Energy-Grid-AI|EM-013-Brain-Computer-Interface|EM-014-Ocean-Cleanup-AI|EM-015-Crypto-Trading-AI|EM-016-Synthetic-Media-AI|EM-017-Space-Mining-AI|EM-018-VR-Therapy-AI|EM-019-Weather-Prediction-AI|EM-020-Autonomous-Farming-AI|EM-021-Traffic-Optimizer-AI|EM-022-Smart-Grid-AI|EM-023-Disaster-Prediction-AI|EM-024-Nanotech-AI|EM-025-Personalized-Medicine-AI|EM-026-AI-Diagnostic-Lab|EM-027-Sustainable-Cities-AI|EM-028-Renewable-Energy-AI|EM-029-Climate-Modeling-AI|EM-030-Policy-Advisor-AI|EM-031-Governance-Hub-AI|EM-032-Global-Challenges-AI|EM-033-Space-Exploration-AI|EM-034-Education-Equity-AI|EM-035-Health-Equity-AI|EM-036-Economic-Equity-AI|EM-037-Environmental-Justice-AI|EM-038-Human-Rights-AI|EM-039-Peacebuilding-AI|EM-040-Telemedicine-AI|EM-041-AI-Climate-Adaptation|EM-042-Space-Agriculture-AI|EM-043-Quantum-Communication-AI|EM-044-Robotics-Surgery-AI|EM-045-AI-Disaster-Response|EM-046-Smart-City-Governance|EM-047-AI-Environmental-Monitoring|EM-048-Space-Manufacturing-AI|EM-049-AI-Ocean-Exploration|EM-050-AI-Archaeology|SPEC-001-AI-Auction-House|SPEC-002-Smart-Marina-Management|SPEC-003-AI-Surf-Report|SPEC-004-Private-Chef-AI|SPEC-005-Virtual-Concierge-AI|SPEC-006-Smart-Parking-AI|SPEC-007-AI-Interior-Design|SPEC-008-Personal-Stylist-AI|SPEC-009-Smart-Locker-System|SPEC-010-AI-Fitness-Coach|SPEC-011-Smart-Golf-Caddie|SPEC-012-AI-Nutritionist|SPEC-013-Smart-Hotel-Butler|SPEC-014-AI-Language-Tutor|SPEC-015-Smart-Transportation-AI|SPEC-016-AI-Travel-Planner|SPEC-017-Smart-Agriculture-AI|SPEC-018-AI-Personal-Shopper|SPEC-019-Smart-Home-Security|SPEC-020-AI-Music-Producer|SPEC-021-Smart-Restaurant-AI|SPEC-022-AI-Movie-Critic|SPEC-023-Smart-Museum-Guide|SPEC-024-AI-Sports-Analyst|SPEC-025-Smart-Library-AI|SPEC-026-AI-Art-Curator|SPEC-027-Smart-Fitness-AI|SPEC-028-AI-Poetry-Generator|SPEC-029-Smart-Dating-AI|SPEC-030-AI-Journalism-Tool|SPEC-031-Smart-Legal-AI|SPEC-032-AI-Game-Designer|SPEC-033-Smart-Real-Estate-AI|SPEC-034-AI-Cooking-Assistant|SPEC-035-Smart-Health-AI|SPEC-036-AI-Photography-Tool|SPEC-037-Smart-Writing-AI|SPEC-038-AI-Comedy-Writer|SPEC-039-Smart-Meditation-AI|SPEC-040-AI-Debate-Coach|SPEC-041-Smart-Parenting-AI|SPEC-042-AI-Financial-Advisor|SPEC-043-Smart-Automotive-AI|SPEC-044-AI-Aviation-Planner|SPEC-045-Smart-Maritime-AI|SPEC-046-AI-Weather-Forecast|SPEC-047-Smart-Energy-AI|SPEC-048-AI-Sports-Coach|SPEC-049-Smart-Education-AI|SPEC-050-AI-Language-Translator|FI-dist|FI-node_modules|FI-public|FI-src|FI-supabase|CON-001-ACE-CONSTRUCTION|CON-002-RESIDENTIAL-CONSTRUCTION|CON-003-COMMERCIAL-CONSTRUCTION|CON-004-INDUSTRIAL-CONSTRUCTION|CON-005-CONSTRUCTION-EQUIPMENT-RENTAL|CON-006-CONSTRUCTION-PROJECT-MANAGEMENT|CON-007-GREEN-BUILDING-SERVICES|CON-008-HOME-RENOVATION-SERVICES|CON-009-ROOFING-COMPANY|CON-010-PLUMBING-SERVICES|CON-011-ELECTRICAL-SERVICES|CON-012-HVAC-SERVICES|CON-013-PAINTING-SERVICES|CON-014-FLOORING-SERVICES|CON-015-LANDSCAPING-SERVICES|CON-016-DEMOLITION-SERVICES|CON-017-CONCRETE-SERVICES|CON-018-CARPENTRY-SERVICES|CON-019-WINDOW-INSTALLATION|CON-020-INSULATION-SERVICES|RE-001-PROPERTY-HOLDINGS|OPS-001-VENTURE-STAFFING|PROFILE-001-DIVINE-JOHNS-PORTFOLIO|ET-010-PERSONAL-RESUME|TECH-061-TECH-VENTURES-PORTFOLIO
iza-os-security,,yes,other,COO,COO,tech-team,
iza-os-security-compliance-bot,,yes,shared_services,CFO+COO,CFO+COO,all-sectors,
iza-os-semantic-search,,yes,experimental,POS-TECH-MANAGER,POS-TECH-MANAGER,tech-team,
iza-os-smart-contracts,,yes,experimental,POS-TECH-MANAGER,POS-TECH-MANAGER,tech-team,
iza-os-specs,,yes,other,COO,COO,tech-team,
iza-os-speech-processing,,yes,experimental,POS-TECH-MANAGER,POS-TECH-MANAGER,tech-team,
iza-os-templates,,yes,templates,POS-TECH-MANAGER,POS-TECH-MANAGER,tech-team,
iza-os-tree-of-life,,yes,other,COO,COO,tech-team,
iza-os-web,,yes,other,COO,COO,tech-team,
iza-os-web3-integration,,yes,experimental,POS-TECH-MANAGER,POS-TECH-MANAGER,tech-team,
iza-os-workflow-integration,,yes,infrastructure,POS-TECH-MANAGER,POS-TECH-MANAGER,tech-team,OPS-001-Fractional-CTO-Agency|OPS-002-Supply-Chain-Optimizer|OPS-003-Event-Planning-AI|OPS-004-Inventory-Management-AI|OPS-005-Project-Management-AI|OPS-006-Document-Automation-AI|OPS-007-Meeting-Assistant-AI|OPS-008-Recruitment-AI|OPS-009-Onboarding-AI|OPS-010-Training-Platform-AI|OPS-011-Performance-Review-AI|OPS-012-IT-Support-AI|OPS-013-Facilities-Management-AI|OPS-014-Travel-Booking-AI|OPS-015-Expense-Management-AI|OPS-016-Contract-Management-AI|OPS-017-Compliance-Monitoring-AI|OPS-018-Quality-Control-AI|OPS-019-Asset-Management-AI|OPS-020-Time-Tracking-AI|OPS-021-Document-Security-AI|OPS-022-Knowledge-Management-AI|OPS-023-Meeting-Transcription-AI|OPS-024-Task-Automation-AI|OPS-025-Resource-Allocation-AI|OPS-026-Budget-Planning-AI|OPS-027-Cost-Optimization-AI|OPS-028-Procurement-AI|OPS-029-Vendor-Management-AI|OPS-030-Contract-Negotiation-AI|OPS-031-Legal-Document-AI|OPS-032-Compliance-Reporting-AI|OPS-033-Training-Content-AI|OPS-034-Employee-Engagement-AI|OPS-035-Succession-Planning-AI|OPS-036-Workspace-Design-AI|OPS-037-Energy-Efficiency-AI|OPS-038-Security-Monitoring-AI|OPS-039-Health-Safety-AI|OPS-040-Disaster-Recovery-AI|OPS-041-IT-Asset-Management|OPS-042-Cloud-Cost-Management|OPS-043-Data-Governance-AI|OPS-044-Network-Monitoring-AI|OPS-045-Software-Licensing-AI|OPS-046-IT-Procurement-AI|OPS-047-System-Integration-AI|OPS-048-Data-Backup-AI|OPS-049-Business-Continuity-AI|OPS-050-Compliance-Audit-AI|OPS-051-Document-Collaboration-AI|OPS-052-Video-Conferencing-AI|OPS-053-Email-Management-AI|OPS-054-Calendar-Optimization-AI|OPS-055-Project-Budget-AI|OPS-056-Resource-Forecasting-AI|OPS-057-Task-Prioritization-AI|OPS-058-Time-Management-AI|OPS-059-Meeting-Minutes-AI|OPS-060-Document-Translation-AI|OPS-061-Form-Automation-AI|OPS-062-Report-Generation-AI|OPS-063-Dashboard-Creation-AI|OPS-064-Analytics-Platform-AI|OPS-065-Data-Cleaning-AI|OPS-066-Workflow-Management-AI|EDU-001-Youth-Entrepreneurship-Curriculum|EDU-002-AI-Literacy-Program|EDU-003-Coding-Mentor-Certification|EDU-004-Real-Estate-Licensing-Prep|EDU-005-Coding-Bootcamp|EDU-006-Homeschooling-Content-AI|EDU-007-AI-Tutoring-Platform|EDU-008-Branding-Templates-Marketplace|EDU-009-Voiceover-Script-Library|EDU-010-Trade-Skills-Bootcamp|EDU-011-Franchise-Blueprint-System|EDU-012-Low-Income-Housing-Blueprint|EDU-013-Automated-Empire-Book|EDU-014-BIPOC-Creator-Incubator|EDU-015-AI-Legal-Doc-Generator|EDU-016-Virtual-Black-Art-Museum|EDU-017-AI-Coding-Tutor|EDU-018-Online-Course-Creator|EDU-019-Executive-Education-Program|EDU-020-Youth-STEM-Program|EDU-021-Remote-Work-Certification|EDU-022-AI-Research-Assistant|EDU-023-Personal-Finance-Coach|EDU-024-Language-Learning-AI|EDU-025-Test-Preparation-AI|EDU-026-Corporate-Training-AI|EDU-027-Medical-Education-AI|EDU-028-Legal-Education-AI|EDU-029-Music-Education-AI|EDU-030-Art-Education-AI|EDU-031-Physical-Education-AI|EDU-032-Environmental-Education-AI|EDU-033-Social-Studies-AI|EDU-034-Math-Education-AI|EDU-035-Science-Education-AI|EDU-036-Reading-Comprehension-AI|EDU-037-Writing-Instruction-AI|EDU-038-Critical-Thinking-AI|EDU-039-Emotional-Intelligence-AI|EDU-040-Time-Management-AI|COMM-001-Luminary-Worldwide-Events|COMM-002-Brotherhood-Coaching-Network|COMM-003-Ace-Senior-Care-Connect|COMM-004-Community-Outreach-Nonprofit|COMM-005-Ace-Food-Security-AI|COMM-006-Community-Technology-Access-AI|COMM-007-Youth-Leadership-AI|COMM-008-Community-Fundraising-AI|COMM-009-Volunteer-Hub-AI|COMM-010-Disaster-Relief-AI|COMM-011-Indigenous-Creator-Hub|COMM-012-Black-Art-Museum-AI|COMM-013-Women-s-Empowerment-Network|COMM-014-Veterans-Support-AI|COMM-015-Youth-Mentorship-Program|COMM-016-Community-Health-AI|COMM-017-Local-Business-Directory|COMM-018-Neighborhood-Watch-AI|COMM-019-Community-Garden-AI|COMM-020-Public-Transportation-AI|COMM-021-Housing-Assistance-AI|COMM-022-Job-Training-Center|COMM-023-Elder-Companion-AI|COMM-024-Youth-Sports-AI|COMM-025-Community-Legal-Aid|COMM-026-Public-Education-AI|COMM-027-Local-Government-AI|COMM-028-Public-Safety-AI|COMM-029-Community-Wellness-AI|COMM-030-Cultural-Exchange-AI|COMM-031-Community-Investment-AI|COMM-032-Public-Health-AI|COMM-033-Youth-Innovation-Hub|COMM-034-Senior-Tech-Support|COMM-035-Community-Arts-AI|COMM-036-Public-Infrastructure-AI|COMM-037-Neighborhood-Development-AI|COMM-038-Community-Policing-AI|COMM-039-Public-Space-AI|COMM-040-Community-Recycling-AI|COMM-041-Public-Wi-Fi-AI|COMM-042-Community-Energy-AI|COMM-043-Local-Food-Network-AI|COMM-044-Community-Volunteering-AI|COMM-045-Public-Childcare-AI|COMM-046-Community-Pet-Care-AI|COMM-047-Public-Fitness-AI|COMM-048-Community-Transportation-AI|COMM-049-Public-Event-AI|COMM-050-Community-Cultural-AI|EM-001-Space-Habitat-AI|EM-002-Fusion-Energy-AI|EM-003-Teleportation-Research-AI|EM-004-Climate-Solutions-AI|EM-005-Holographic-Events-AI|EM-006-Neurofeedback-AI|EM-007-Autonomous-Delivery-AI|EM-008-Gene-Editing-AI|EM-009-Space-Tourism-AI|EM-010-Wearables-AI|EM-011-Metaverse-Hub-AI|EM-012-Energy-Grid-AI|EM-013-Brain-Computer-Interface|EM-014-Ocean-Cleanup-AI|EM-015-Crypto-Trading-AI|EM-016-Synthetic-Media-AI|EM-017-Space-Mining-AI|EM-018-VR-Therapy-AI|EM-019-Weather-Prediction-AI|EM-020-Autonomous-Farming-AI|EM-021-Traffic-Optimizer-AI|EM-022-Smart-Grid-AI|EM-023-Disaster-Prediction-AI|EM-024-Nanotech-AI|EM-025-Personalized-Medicine-AI|EM-026-AI-Diagnostic-Lab|EM-027-Sustainable-Cities-AI|EM-028-Renewable-Energy-AI|EM-029-Climate-Modeling-AI|EM-030-Policy-Advisor-AI|EM-031-Governance-Hub-AI|EM-032-Global-Challenges-AI|EM-033-Space-Exploration-AI|EM-034-Education-Equity-AI|EM-035-Health-Equity-AI|EM-036-Economic-Equity-AI|EM-037-Environmental-Justice-AI|EM-038-Human-Rights-AI|EM-039-Peacebuilding-AI|EM-040-Telemedicine-AI|EM-041-AI-Climate-Adaptation|EM-042-Space-Agriculture-AI|EM-043-Quantum-Communication-AI|EM-044-Robotics-Surgery-AI|EM-045-AI-Disaster-Response|EM-046-Smart-City-Governance|EM-047-AI-Environmental-Monitoring|EM-048-Space-Manufacturing-AI|EM-049-AI-Ocean-Exploration|EM-050-AI-Archaeology|SPEC-001-AI-Auction-House|SPEC-002-Smart-Marina-Management|SPEC-003-AI-Surf-Report|SPEC-004-Private-Chef-AI|SPEC-005-Virtual-Concierge-AI|SPEC-006-Smart-Parking-AI|SPEC-007-AI-Interior-Design|SPEC-008-Personal-Stylist-AI|SPEC-009-Smart-Locker-System|SPEC-010-AI-Fitness-Coach|SPEC-011-Smart-Golf-Caddie|SPEC-012-AI-Nutritionist|SPEC-013-Smart-Hotel-Butler|SPEC-014-AI-Language-Tutor|SPEC-015-Smart-Transportation-AI|SPEC-016-AI-Travel-Planner|SPEC-017-Smart-Agriculture-AI|SPEC-018-AI-Personal-Shopper|SPEC-019-Smart-Home-Security|SPEC-020-AI-Music-Producer|SPEC-021-Smart-Restaurant-AI|SPEC-022-AI-Movie-Critic|SPEC-023-Smart-Museum-Guide|SPEC-024-AI-Sports-Analyst|SPEC-025-Smart-Library-AI|SPEC-026-AI-Art-Curator|SPEC-027-Smart-Fitness-AI|SPEC-028-AI-Poetry-Generator|SPEC-029-Smart-Dating-AI|SPEC-030-AI-Journalism-Tool|SPEC-031-Smart-Legal-AI|SPEC-032-AI-Game-Designer|SPEC-033-Smart-Real-Estate-AI|SPEC-034-AI-Cooking-Assistant|SPEC-035-Smart-Health-AI|SPEC-036-AI-Photography-Tool|SPEC-037-Smart-Writing-AI|SPEC-038-AI-Comedy-Writer|SPEC-039-Smart-Meditation-AI|SPEC-040-AI-Debate-Coach|SPEC-041-Smart-Parenting-AI|SPEC-042-AI-Financial-Advisor|SPEC-043-Smart-Automotive-AI|SPEC-044-AI-Aviation-Planner|SPEC-045-Smart-Maritime-AI|SPEC-046-AI-Weather-Forecast|SPEC-047-Smart-Energy-AI|SPEC-048-AI-Sports-Coach|SPEC-049-Smart-Education-AI|SPEC-050-AI-Language-Translator|FI-dist|FI-node_modules|FI-public|FI-src|FI-supabase|CON-001-ACE-CONSTRUCTION|CON-002-RESIDENTIAL-CONSTRUCTION|CON-003-COMMERCIAL-CONSTRUCTION|CON-004-INDUSTRIAL-CONSTRUCTION|CON-005-CONSTRUCTION-EQUIPMENT-RENTAL|CON-006-CONSTRUCTION-PROJECT-MANAGEMENT|CON-007-GREEN-BUILDING-SERVICES|CON-008-HOME-RENOVATION-SERVICES|CON-009-ROOFING-COMPANY|CON-010-PLUMBING-SERVICES|CON-011-ELECTRICAL-SERVICES|CON-012-HVAC-SERVICES|CON-013-PAINTING-SERVICES|CON-014-FLOORING-SERVICES|CON-015-LANDSCAPING-SERVICES|CON-016-DEMOLITION-SERVICES|CON-017-CONCRETE-SERVICES|CON-018-CARPENTRY-SERVICES|CON-019-WINDOW-INSTALLATION|CON-020-INSULATION-SERVICES|RE-001-PROPERTY-HOLDINGS|OPS-001-VENTURE-STAFFING|PROFILE-001-DIVINE-JOHNS-PORTFOLIO|ET-010-PERSONAL-RESUME|TECH-061-TECH-VENTURES-PORTFOLIO
legal-001-ai-boss-holdings,,yes,shared_services,CFO+COO,CFO+COO,all-sectors,
legal-contract-templates,,yes,templates,POS-TECH-MANAGER,POS-TECH-MANAGER,tech-team,
maps,,yes,other,COO,COO,tech-team,
mcp-integration-hub,,yes,infrastructure,POS-TECH-MANAGER,POS-TECH-MANAGER,tech-team,
media-empire-platform,,yes,other,COO,COO,tech-team,
mobile-access-manager,,yes,other,COO,COO,tech-team,
nexus-ai-enterprise-platform,,yes,other,COO,COO,tech-team,
obsidian-vault,,yes,other,COO,COO,tech-team,
op-001-venture-automation-agency,,yes,other,COO,COO,tech-team,
op-002-template-marketplace,,yes,templates,POS-TECH-MANAGER,POS-TECH-MANAGER,tech-team,
op-003-agent-services-hub,,yes,other,COO,COO,tech-team,
partnership-network-management,,yes,other,COO,COO,tech-team,
pitch-kit,,yes,other,COO,COO,tech-team,
quantum-brain-sync-website,,yes,experimental,POS-TECH-MANAGER,POS-TECH-MANAGER,tech-team,
real-estate-empire,,yes,other,COO,COO,tech-team,
repo-template,,yes,templates,POS-TECH-MANAGER,POS-TECH-MANAGER,tech-team,
research-lab-automation,,yes,experimental,POS-TECH-MANAGER,POS-TECH-MANAGER,tech-team,
research-processing-pipeline,,yes,other,COO,COO,tech-team,
Resume,,yes,other,COO,COO,tech-team,
revenue-multiplication-system,,yes,other,COO,COO,tech-team,
shared-kernels,,yes,shared_services,CFO+COO,CFO+COO,all-sectors,FIN-001-GenixBank-Lite|FIN-002-Credit-Repair-Automation|FIN-003-AI-Boss-Hub-Lite|FIN-004-GenixBanks-AI-Treasurer|FIN-005-U-Haul-Rental-Affiliate|FIN-006-Tax-Prep-Filing-Services|FIN-007-Business-Credit-Building|FIN-008-Business-Formation-Services|FIN-009-Crypto-Tax-Optimizer|FIN-010-AI-Powered-Garbage-Collection|FIN-011-Automated-Bookkeeping|FIN-012-Invoice-Factoring-AI|FIN-013-Charity-Donation-AI|FIN-014-Expense-Tracker-AI|FIN-015-Financial-Wellness-Coach|FIN-016-Trade-Finance-AI|FIN-017-Remittance-AI|FIN-018-Wealth-Transfer-AI|FIN-019-Payment-Gateway-AI|FIN-020-Debt-Consolidation-AI|FIN-021-Tax-Deduction-Finder|FIN-022-Budget-Forecasting-AI|FIN-023-Investment-Portfolio-AI|FIN-024-Crowdfunding-AI|FIN-025-Escrow-Automation|FIN-026-Financial-Compliance-Scanner|FIN-027-Patent-Writer-AI|FIN-028-Legal-Analyzer-AI|FIN-029-Compliance-Wallet-SaaS|FIN-030-Local-SEO-Ranker-AI|FIN-031-Investor-Dashboard-Builder|FIN-032-Legal-Toolkit-AI|FIN-033-AI-Tax-Preparation-Service|FIN-034-Payroll-Automation|FIN-035-Insurance-Underwriting-AI|FIN-036-Arbitrage-Nexus-Platform|BW-001-Lash-Extension-Studio|BW-002-Mobile-Lash-Service|BW-003-Luxury-Lash-Bar|BW-004-Lash-Training-Academy|BW-005-Lash-Supply-Company|BW-006-Lash-Glue-Brand|BW-007-Lash-Kits-&-Tools|BW-008-Private-Label-Lashes|BW-009-Franchise-Lash-Salons|BW-010-Online-Lash-Education|BW-011-Nail-Salon|BW-012-Mobile-Nail-Tech|BW-013-Luxury-Nail-Spa|BW-014-Press-On-Nail-Brand|BW-015-Nail-Art-Studio|BW-016-Nail-Polish-Brand|BW-017-Nail-Care-Products|BW-018-Nail-Booking-Marketplace|BW-019-Salon-Management-Software|BW-020-AI-Nail-Design-Generator|BW-021-Hair-Salon|BW-022-Barbershop|BW-023-Mobile-Hairstyling|BW-024-Hair-Braiding-Studio|BW-025-Wig-Installation-Studio|BW-026-Hair-Extension-Salon|BW-027-Hair-Care-Line|BW-028-Wig-Brand|BW-029-Hair-Extensions-Brand|BW-030-Scalp-Treatment-Products|BW-031-Hair-Marketplace|BW-032-Stylist-Booking-Platform|BW-033-AI-Hairstyle-Simulator|BW-034-Salon-Franchise-Chain|BW-035-Makeup-Studio|BW-036-Bridal-Makeup-Service|BW-037-Mobile-Makeup-Artist|BW-038-Photoshoot-Makeup-Team|BW-039-Cosmetics-Brand|BW-040-Beauty-Tools-Brand|FH-001-Personal-Chef-Service|FH-002-Meal-Prep-Delivery|FH-003-Private-Dinner-Experiences|FH-004-Catering-Company|FH-005-Corporate-Lunch-Service|FH-006-Healthy-Meal-Prep-for-Gyms|FH-007-Elderly-Meal-Service|FH-008-Athlete-Nutrition-Service|FH-009-Packaged-Food-Brand|FH-010-Frozen-Meals-Company|FH-011-Sauce-or-Seasoning-Brand|FH-012-Protein-Snacks-Brand|FH-013-Meal-Kit-Company|FH-014-Cloud-Kitchen-|FH-015-AI-Nutrition-Planner|FH-016-Recipe-App|FH-017-Cooking-Content-Brand|FH-018-Food-Influencer-Brand|FH-019-Cooking-Course-Platform|FH-020-Restaurant-POS-System|FH-021-Food-Truck-Business|FH-022-Specialty-Coffee-Shop|FH-023-Bakery-&-Pastry-Shop|FH-024-Juice-Bar|FH-025-Ice-Cream-Shop|FH-026-Gourmet-Food-Market|FH-027-Food-Delivery-Platform|FH-028-Restaurant-Management-SaaS|FH-029-Food-Quality-Testing-Lab|FH-030-Organic-Food-Brand|FH-031-Vegan-Food-Company|FH-032-Keto-Meal-Service|FH-033-Food-Photography-Service|FH-034-Restaurant-Consulting|FH-035-Food-Safety-Training|FS-001-Gym|FS-002-Boutique-Fitness-Studio|FS-003-Personal-Training-Studio|FS-004-Women-Only-Gym|FS-005-Boxing-Gym|FS-006-CrossFit-Gym|FS-007-Luxury-Fitness-Club|FS-008-Online-Coaching|FS-009-Personal-Trainer-Business|FS-010-Transformation-Program|FS-011-Athlete-Training-Company|FS-012-Supplement-Brand|FS-013-Fitness-Apparel|FS-014-Workout-Equipment-Brand|FS-015-Recovery-Products|FS-016-Fitness-App|FS-017-AI-Personal-Trainer|FS-018-Gym-Management-Software|FS-019-Wearable-Analytics-Platform|FS-020-Yoga-Studio|FS-021-Pilates-Studio|FS-022-Dance-Studio|FS-023-Martial-Arts-Dojo|FS-024-Sports-Performance-Center|FS-025-Corporate-Wellness-Program|LT-001-Truck-Dispatch-Company|LT-002-Freight-Brokerage|LT-003-Logistics-Dispatch-Service|LT-004-Last-Mile-Delivery-Dispatch|LT-005-Medical-Courier-Dispatch|LT-006-Amazon|LT-007-Construction-Dispatch|LT-008-Towing-Dispatch|LT-009-HVAC-Technician-Dispatch|LT-010-Field-Service-Dispatch|LT-011-Dispatch-Software|LT-012-Fleet-Tracking-Platform|LT-013-Logistics-Automation-System|LT-014-AI-Route-Optimization|LT-015-Driver-Management-Platform|LT-016-Trucking-Company|LT-017-Courier-Service|LT-018-Local-Delivery-Company|LT-019-Moving-Company|LT-020-Freight-Company|LT-021-Warehouse-Company|LT-022-Fulfillment-Center|LT-023-Storage-Business|LT-024-Distribution-Company|LT-025-Logistics-Marketplace|LT-026-Shipping-Platform|LT-027-Fleet-Management-SaaS|LT-028-Freight-AI-Optimization|LT-029-Supply-Chain-Analytics|LT-030-Cold-Chain-Logistics|PS-001-Business-Consulting|PS-002-Legal-Services|PS-003-Accounting-Services|PS-004-HR-Consulting|PS-005-Marketing-Agency|PS-006-Web-Design-Agency|PS-007-IT-Support-Services|PS-008-Virtual-Assistant-Service|PS-009-Bookkeeping-Service|PS-010-Tax-Preparation-Service|PS-011-Real-Estate-Agency|PS-012-Insurance-Agency|PS-013-Financial-Planning|PS-014-Event-Planning|PS-015-Interior-Design|PS-016-Photography-Service|PS-017-Videography-Service|PS-018-Translation-Services|PS-019-Copywriting-Service|PS-020-Social-Media-Management|PS-021-SEO-Agency|PS-022-PPC-Management|PS-023-PR-Agency|PS-024-Recruiting-Agency|PS-025-Business-Brokerage|MC-001-YouTube-Channel-Network|MC-002-Podcast-Network|MC-003-Blog-Network|MC-004-Influencer-Agency|MC-005-Content-Creation-Studio|MC-006-Video-Production-Company|MC-007-Animation-Studio|MC-008-Music-Production|MC-009-Stock-Photography|MC-010-Stock-Video|MC-011-Online-Magazine|MC-012-News-Website|MC-013-Streaming-Platform|MC-014-Gaming-Channel|MC-015-Esports-Team|MC-016-Virtual-Events-Platform|MC-017-Online-Course-Platform|MC-018-Membership-Site|MC-019-Digital-Download-Store|MC-020-NFT-Marketplace|ET-001-Online-Tutoring-Platform|ET-002-Language-Learning-App|ET-003-Test-Prep-Service|ET-004-Coding-Bootcamp|ET-005-Professional-Certification|ET-006-Corporate-Training|ET-007-Skills-Assessment-Platform|ET-008-Career-Coaching|ET-009-Resume-Writing-Service|ET-010-Interview-Prep-Platform|ET-011-Mentorship-Platform|ET-012-Educational-Content-Library|ET-013-VR-Training-Simulations|ET-014-Gamified-Learning-App|ET-015-Homeschool-Curriculum|ST-001-SaaS-Platform|ST-002-Mobile-App-Development|ST-003-Web-Development-Agency|ST-004-Custom-Software-Development|ST-005-API-Development|ST-006-Cloud-Infrastructure|ST-007-DevOps-Consulting|ST-008-Cybersecurity-Service|ST-009-Data-Analytics-Platform|ST-010-Business-Intelligence-Tool|ST-011-CRM-Platform|ST-012-Project-Management-Tool|ST-013-Communication-Platform|ST-014-Collaboration-Software|ST-015-Automation-Platform|ST-016-AI|ST-017-Chatbot-Builder|ST-018-E-commerce-Platform|ST-019-Payment-Processing|ST-020-Blockchain-Platform|ST-021-IoT-Platform|ST-022-AR|ST-023-Game-Development|ST-024-Marketing-Automation|ST-025-Sales-Automation|ST-026-HR-Tech-Platform|ST-027-Legal-Tech-Platform|ST-028-Health-Tech-Platform|ST-029-EdTech-Platform|ST-030-PropTech-Platform|EC-001-Angels-in-Daylight|EC-002-New-World-Apparel|EC-003-Shopify-Autopilot|EC-004-Shoe-Customizer|EC-005-Sunglasses-AI|EC-006-Dropship-Hub|EC-007-Personal-Shopper-AI|EC-008-Custom-Sneaker-AI|EC-009-Sustainable-Fashion-AI|EC-010-Jewelry-Designer-AI|EC-011-Virtual-Try-On-AI|EC-012-Fashion-Designer-AI|EC-013-Merch-Licensing|EC-014-Subscription-Box-AI|EC-015-Surf-Gear-AI|EC-016-Ski-Gear-AI|EC-017-Golf-Gear-AI|EC-018-Fishing-Gear-AI|EC-019-Yoga-Gear-AI|EC-020-Costume-Shop-AI|EC-021-Luggage-AI|EC-022-Home-Appliance-AI|EC-023-Tool-Shop-AI|EC-024-Garden-Supply-AI|EC-025-Collectible-AI|EC-026-Hobby-Shop-AI|EC-027-Kids-Toy-Line|EC-028-NFT-Fashion-Licensing|EC-029-Instant-Brand-Generator|EC-030-AI-Product-Photographer|EC-031-Automated-Inventory-Forecaster|EC-032-Dynamic-Pricing-Engine|EC-033-Ad-Optimizer-AI|EC-034-Recommendation-Engine|EC-035-Review-Aggregator-AI|EC-036-Fulfillment-Network-AI|EC-037-Return-Optimization-AI|EC-038-Chatbot-Customer-Service|EC-039-Visual-Search-AI|EC-040-Abandoned-Cart-Recovery|EC-041-Seasonal-Trend-Predictor|EC-042-Influencer-Matchmaker|EC-043-UGC-Content-Aggregator|EC-044-Live-Commerce-Platform|EC-045-AR-Virtual-Fitting-Room|EC-046-3D-Product-Viewer|EC-047-Carbon-Footprint-Tracker|EC-048-Wholesale-Marketplace-AI|EC-049-Rental-Marketplace|EC-050-AI-Product-Descriptions|EC-051-AI-Email-Marketing|EC-052-AI-Product-Bundler|EC-053-AI-Visual-Merchandiser|EC-054-AI-Demand-Forecasting|EC-055-AI-Warehouse-Management|EC-056-AI-Supplier-Matching|EC-057-AI-Quality-Control|EC-058-AI-Packaging-Designer|EC-059-AI-Logistics-Planner|EC-060-AI-Customer-Loyalty|EC-061-AI-Gift-Finder|EC-062-AI-Trend-Hunter|EC-063-AI-Market-Research|EC-064-AI-Competitor-Watcher|EC-065-AI-Product-Development|EC-066-AI-Customer-Journey|EC-067-AI-Payment-Optimization|EC-068-AI-Returns-Management|EC-069-AI-Shipping-Labeler|EC-070-AI-Product-Launch-Coach|EC-071-AI-Vendor-Negotiator|EC-072-AI-Product-Cataloger|EC-073-AI-Order-Prioritizer|EC-074-AI-Customer-Segmentation|EC-075-AI-Pricing-Analyst|EC-076-AI-Sales-Forecasting|EC-077-AI-Inventory-Reordering|EC-078-AI-Product-Comparison|EC-079-AI-Customer-Feedback|EC-080-AI-Product-Updates|EC-081-AI-Cross-Selling|EC-082-AI-Up-Selling|EC-083-AI-Product-Education|EC-084-AI-Purchase-Timing|EC-085-AI-Customer-Support|EC-086-AI-Order-Tracking|EC-087-AI-Product-Reviews|EC-088-AI-Customer-Community|EC-089-AI-Product-Customization|EC-090-AI-Gift-Registry|EC-091-AI-Wedding-Registry|EC-092-AI-Baby-Registry|EC-093-AI-Holiday-Planner|EC-094-AI-Personal-Shopper|EC-095-AI-Color-Match|EC-096-AI-Fabric-Advisor|EC-097-AI-Fit-Recommendation|EC-098-AI-Outfit-Builder|EC-099-AI-Seasonal-Forecast|EC-100-AI-Wardrobe-Planner|EC-101-AI-Accessory-Match|EC-102-AI-Shoe-Match|EC-103-AI-Jewelry-Match|EC-104-AI-Bag-Match|EC-105-AI-Color-Palette|EC-106-AI-Outfit-Recycling|EC-107-AI-Style-Evolution|EC-108-AI-Budget-Stylist|EC-109-AI-Trend-Archive|EC-110-AI-Vintage-Advisor|TECH-001-Quantum-Algorithm-AI|TECH-002-AI-Compliance-Scanner|TECH-003-Cloud-Management-AI|TECH-004-Robotics-Training-AI|TECH-005-Customer-Insights-AI|TECH-006-Voice-Assistant-AI|TECH-007-Blockchain-Verifier-AI|TECH-008-Cybersecurity-Shield|TECH-009-Content-Studio-AI|TECH-010-Smart-Home-AI|TECH-011-Supply-Chain-Optimizer|TECH-012-Data-Visualization-AI|TECH-013-Workflow-Automation|TECH-014-Sentiment-Analyzer|TECH-015-Image-Recognition-AI|TECH-016-Video-Editor-AI|TECH-017-Speech-to-Text-AI|TECH-018-Text-to-Speech-AI|TECH-019-Fraud-Prevention-AI|TECH-020-Recommendation-Engine|TECH-021-Network-Security-AI|TECH-022-Database-Optimizer|TECH-023-AI-Testing-Platform|TECH-024-Virtual-Assistant-Builder|TECH-025-Machine-Learning-Builder|TECH-026-AI-Ethics-Auditor|TECH-027-Predictive-Analytics-AI|TECH-028-AI-Training-Platform|TECH-029-Digital-Twin-AI|TECH-030-AI-Monitoring-System|TECH-031-Edge-Computing-AI|TECH-032-AI-Integration-Hub|TECH-033-Quantum-Algorithm-AI|TECH-034-AI-Compliance-Scanner|TECH-035-Cloud-Management-AI|TECH-036-Robotics-Training-AI|TECH-037-Customer-Insights-AI|TECH-038-Voice-Assistant-AI|TECH-039-Blockchain-Verifier-AI|TECH-040-Cybersecurity-Shield|TECH-041-Content-Studio-AI|TECH-042-Smart-Home-AI|TECH-043-Supply-Chain-Optimizer|TECH-044-Data-Visualization-AI|TECH-045-Workflow-Automation|TECH-046-Sentiment-Analyzer|TECH-047-Image-Recognition-AI|TECH-048-Video-Editor-AI|TECH-049-Speech-to-Text-AI|TECH-050-Text-to-Speech-AI|TECH-051-Fraud-Prevention-AI|TECH-052-Recommendation-Engine|TECH-053-Network-Security-AI|TECH-054-Database-Optimizer|TECH-055-AI-Testing-Platform|TECH-056-Virtual-Assistant-Builder|TECH-057-Machine-Learning-Builder|TECH-058-AI-Ethics-Auditor|TECH-059-Predictive-Analytics-AI|TECH-060-AI-Training-Platform|OPS-001-Fractional-CTO-Agency|OPS-002-Supply-Chain-Optimizer|OPS-003-Event-Planning-AI|OPS-004-Inventory-Management-AI|OPS-005-Project-Management-AI|OPS-006-Document-Automation-AI|OPS-007-Meeting-Assistant-AI|OPS-008-Recruitment-AI|OPS-009-Onboarding-AI|OPS-010-Training-Platform-AI|OPS-011-Performance-Review-AI|OPS-012-IT-Support-AI|OPS-013-Facilities-Management-AI|OPS-014-Travel-Booking-AI|OPS-015-Expense-Management-AI|OPS-016-Contract-Management-AI|OPS-017-Compliance-Monitoring-AI|OPS-018-Quality-Control-AI|OPS-019-Asset-Management-AI|OPS-020-Time-Tracking-AI|OPS-021-Document-Security-AI|OPS-022-Knowledge-Management-AI|OPS-023-Meeting-Transcription-AI|OPS-024-Task-Automation-AI|OPS-025-Resource-Allocation-AI|OPS-026-Budget-Planning-AI|OPS-027-Cost-Optimization-AI|OPS-028-Procurement-AI|OPS-029-Vendor-Management-AI|OPS-030-Contract-Negotiation-AI|OPS-031-Legal-Document-AI|OPS-032-Compliance-Reporting-AI|OPS-033-Training-Content-AI|OPS-034-Employee-Engagement-AI|OPS-035-Succession-Planning-AI|OPS-036-Workspace-Design-AI|OPS-037-Energy-Efficiency-AI|OPS-038-Security-Monitoring-AI|OPS-039-Health-Safety-AI|OPS-040-Disaster-Recovery-AI|OPS-041-IT-Asset-Management|OPS-042-Cloud-Cost-Management|OPS-043-Data-Governance-AI|OPS-044-Network-Monitoring-AI|OPS-045-Software-Licensing-AI|OPS-046-IT-Procurement-AI|OPS-047-System-Integration-AI|OPS-048-Data-Backup-AI|OPS-049-Business-Continuity-AI|OPS-050-Compliance-Audit-AI|OPS-051-Document-Collaboration-AI|OPS-052-Video-Conferencing-AI|OPS-053-Email-Management-AI|OPS-054-Calendar-Optimization-AI|OPS-055-Project-Budget-AI|OPS-056-Resource-Forecasting-AI|OPS-057-Task-Prioritization-AI|OPS-058-Time-Management-AI|OPS-059-Meeting-Minutes-AI|OPS-060-Document-Translation-AI|OPS-061-Form-Automation-AI|OPS-062-Report-Generation-AI|OPS-063-Dashboard-Creation-AI|OPS-064-Analytics-Platform-AI|OPS-065-Data-Cleaning-AI|OPS-066-Workflow-Management-AI|EDU-001-Youth-Entrepreneurship-Curriculum|EDU-002-AI-Literacy-Program|EDU-003-Coding-Mentor-Certification|EDU-004-Real-Estate-Licensing-Prep|EDU-005-Coding-Bootcamp|EDU-006-Homeschooling-Content-AI|EDU-007-AI-Tutoring-Platform|EDU-008-Branding-Templates-Marketplace|EDU-009-Voiceover-Script-Library|EDU-010-Trade-Skills-Bootcamp|EDU-011-Franchise-Blueprint-System|EDU-012-Low-Income-Housing-Blueprint|EDU-013-Automated-Empire-Book|EDU-014-BIPOC-Creator-Incubator|EDU-015-AI-Legal-Doc-Generator|EDU-016-Virtual-Black-Art-Museum|EDU-017-AI-Coding-Tutor|EDU-018-Online-Course-Creator|EDU-019-Executive-Education-Program|EDU-020-Youth-STEM-Program|EDU-021-Remote-Work-Certification|EDU-022-AI-Research-Assistant|EDU-023-Personal-Finance-Coach|EDU-024-Language-Learning-AI|EDU-025-Test-Preparation-AI|EDU-026-Corporate-Training-AI|EDU-027-Medical-Education-AI|EDU-028-Legal-Education-AI|EDU-029-Music-Education-AI|EDU-030-Art-Education-AI|EDU-031-Physical-Education-AI|EDU-032-Environmental-Education-AI|EDU-033-Social-Studies-AI|EDU-034-Math-Education-AI|EDU-035-Science-Education-AI|EDU-036-Reading-Comprehension-AI|EDU-037-Writing-Instruction-AI|EDU-038-Critical-Thinking-AI|EDU-039-Emotional-Intelligence-AI|EDU-040-Time-Management-AI|COMM-001-Luminary-Worldwide-Events|COMM-002-Brotherhood-Coaching-Network|COMM-003-Ace-Senior-Care-Connect|COMM-004-Community-Outreach-Nonprofit|COMM-005-Ace-Food-Security-AI|COMM-006-Community-Technology-Access-AI|COMM-007-Youth-Leadership-AI|COMM-008-Community-Fundraising-AI|COMM-009-Volunteer-Hub-AI|COMM-010-Disaster-Relief-AI|COMM-011-Indigenous-Creator-Hub|COMM-012-Black-Art-Museum-AI|COMM-013-Women-s-Empowerment-Network|COMM-014-Veterans-Support-AI|COMM-015-Youth-Mentorship-Program|COMM-016-Community-Health-AI|COMM-017-Local-Business-Directory|COMM-018-Neighborhood-Watch-AI|COMM-019-Community-Garden-AI|COMM-020-Public-Transportation-AI|COMM-021-Housing-Assistance-AI|COMM-022-Job-Training-Center|COMM-023-Elder-Companion-AI|COMM-024-Youth-Sports-AI|COMM-025-Community-Legal-Aid|COMM-026-Public-Education-AI|COMM-027-Local-Government-AI|COMM-028-Public-Safety-AI|COMM-029-Community-Wellness-AI|COMM-030-Cultural-Exchange-AI|COMM-031-Community-Investment-AI|COMM-032-Public-Health-AI|COMM-033-Youth-Innovation-Hub|COMM-034-Senior-Tech-Support|COMM-035-Community-Arts-AI|COMM-036-Public-Infrastructure-AI|COMM-037-Neighborhood-Development-AI|COMM-038-Community-Policing-AI|COMM-039-Public-Space-AI|COMM-040-Community-Recycling-AI|COMM-041-Public-Wi-Fi-AI|COMM-042-Community-Energy-AI|COMM-043-Local-Food-Network-AI|COMM-044-Community-Volunteering-AI|COMM-045-Public-Childcare-AI|COMM-046-Community-Pet-Care-AI|COMM-047-Public-Fitness-AI|COMM-048-Community-Transportation-AI|COMM-049-Public-Event-AI|COMM-050-Community-Cultural-AI|EM-001-Space-Habitat-AI|EM-002-Fusion-Energy-AI|EM-003-Teleportation-Research-AI|EM-004-Climate-Solutions-AI|EM-005-Holographic-Events-AI|EM-006-Neurofeedback-AI|EM-007-Autonomous-Delivery-AI|EM-008-Gene-Editing-AI|EM-009-Space-Tourism-AI|EM-010-Wearables-AI|EM-011-Metaverse-Hub-AI|EM-012-Energy-Grid-AI|EM-013-Brain-Computer-Interface|EM-014-Ocean-Cleanup-AI|EM-015-Crypto-Trading-AI|EM-016-Synthetic-Media-AI|EM-017-Space-Mining-AI|EM-018-VR-Therapy-AI|EM-019-Weather-Prediction-AI|EM-020-Autonomous-Farming-AI|EM-021-Traffic-Optimizer-AI|EM-022-Smart-Grid-AI|EM-023-Disaster-Prediction-AI|EM-024-Nanotech-AI|EM-025-Personalized-Medicine-AI|EM-026-AI-Diagnostic-Lab|EM-027-Sustainable-Cities-AI|EM-028-Renewable-Energy-AI|EM-029-Climate-Modeling-AI|EM-030-Policy-Advisor-AI|EM-031-Governance-Hub-AI|EM-032-Global-Challenges-AI|EM-033-Space-Exploration-AI|EM-034-Education-Equity-AI|EM-035-Health-Equity-AI|EM-036-Economic-Equity-AI|EM-037-Environmental-Justice-AI|EM-038-Human-Rights-AI|EM-039-Peacebuilding-AI|EM-040-Telemedicine-AI|EM-041-AI-Climate-Adaptation|EM-042-Space-Agriculture-AI|EM-043-Quantum-Communication-AI|EM-044-Robotics-Surgery-AI|EM-045-AI-Disaster-Response|EM-046-Smart-City-Governance|EM-047-AI-Environmental-Monitoring|EM-048-Space-Manufacturing-AI|EM-049-AI-Ocean-Exploration|EM-050-AI-Archaeology|SPEC-001-AI-Auction-House|SPEC-002-Smart-Marina-Management|SPEC-003-AI-Surf-Report|SPEC-004-Private-Chef-AI|SPEC-005-Virtual-Concierge-AI|SPEC-006-Smart-Parking-AI|SPEC-007-AI-Interior-Design|SPEC-008-Personal-Stylist-AI|SPEC-009-Smart-Locker-System|SPEC-010-AI-Fitness-Coach|SPEC-011-Smart-Golf-Caddie|SPEC-012-AI-Nutritionist|SPEC-013-Smart-Hotel-Butler|SPEC-014-AI-Language-Tutor|SPEC-015-Smart-Transportation-AI|SPEC-016-AI-Travel-Planner|SPEC-017-Smart-Agriculture-AI|SPEC-018-AI-Personal-Shopper|SPEC-019-Smart-Home-Security|SPEC-020-AI-Music-Producer|SPEC-021-Smart-Restaurant-AI|SPEC-022-AI-Movie-Critic|SPEC-023-Smart-Museum-Guide|SPEC-024-AI-Sports-Analyst|SPEC-025-Smart-Library-AI|SPEC-026-AI-Art-Curator|SPEC-027-Smart-Fitness-AI|SPEC-028-AI-Poetry-Generator|SPEC-029-Smart-Dating-AI|SPEC-030-AI-Journalism-Tool|SPEC-031-Smart-Legal-AI|SPEC-032-AI-Game-Designer|SPEC-033-Smart-Real-Estate-AI|SPEC-034-AI-Cooking-Assistant|SPEC-035-Smart-Health-AI|SPEC-036-AI-Photography-Tool|SPEC-037-Smart-Writing-AI|SPEC-038-AI-Comedy-Writer|SPEC-039-Smart-Meditation-AI|SPEC-040-AI-Debate-Coach|SPEC-041-Smart-Parenting-AI|SPEC-042-AI-Financial-Advisor|SPEC-043-Smart-Automotive-AI|SPEC-044-AI-Aviation-Planner|SPEC-045-Smart-Maritime-AI|SPEC-046-AI-Weather-Forecast|SPEC-047-Smart-Energy-AI|SPEC-048-AI-Sports-Coach|SPEC-049-Smart-Education-AI|SPEC-050-AI-Language-Translator|FI-dist|FI-node_modules|FI-public|FI-src|FI-supabase|CON-001-ACE-CONSTRUCTION|CON-002-RESIDENTIAL-CONSTRUCTION|CON-003-COMMERCIAL-CONSTRUCTION|CON-004-INDUSTRIAL-CONSTRUCTION|CON-005-CONSTRUCTION-EQUIPMENT-RENTAL|CON-006-CONSTRUCTION-PROJECT-MANAGEMENT|CON-007-GREEN-BUILDING-SERVICES|CON-008-HOME-RENOVATION-SERVICES|CON-009-ROOFING-COMPANY|CON-010-PLUMBING-SERVICES|CON-011-ELECTRICAL-SERVICES|CON-012-HVAC-SERVICES|CON-013-PAINTING-SERVICES|CON-014-FLOORING-SERVICES|CON-015-LANDSCAPING-SERVICES|CON-016-DEMOLITION-SERVICES|CON-017-CONCRETE-SERVICES|CON-018-CARPENTRY-SERVICES|CON-019-WINDOW-INSTALLATION|CON-020-INSULATION-SERVICES|RE-001-PROPERTY-HOLDINGS|OPS-001-VENTURE-STAFFING|PROFILE-001-DIVINE-JOHNS-PORTFOLIO|ET-010-PERSONAL-RESUME|TECH-061-TECH-VENTURES-PORTFOLIO
sovereign-life,,yes,other,COO,COO,tech-team,
tax-company-2026,,yes,shared_services,CFO+COO,CFO+COO,all-sectors,
the-office,,yes,other,COO,COO,tech-team,
unified-dashboard-system,,yes,other,COO,COO,tech-team,
up-next-marketplace,,yes,other,COO,COO,tech-team,
venture-contract-engine,,yes,other,COO,COO,tech-team,
venture-factory-core,,yes,other,COO,COO,tech-team,
venture-hub,,yes,other,COO,COO,tech-team,
venture-pipeline,,yes,other,COO,COO,tech-team,
venture-studio-core,,yes,other,COO,COO,tech-team,
ventures,,yes,other,COO,COO,tech-team,
wealth-optimization-platform,,yes,other,COO,COO,tech-team,
Worldwidebro,,yes,other,COO,COO,tech-team,
worldwidebro-holdings,,yes,other,COO,COO,tech-team,
xyops-integration,,yes,other,COO,COO,tech-team,
_master-governance,,yes,shared_services,CFO+COO,CFO+COO,all-sectors,
